<?xml version="1.0" encoding="utf-8"?>
<session sessioncode="8412658291">
 <general>
  <mode>real</mode>
  <gametype>Holdem NL</gametype>
  <tablename>€25 BOUNTY SUPER XL, 1131331136</tablename>
  <tournamentcurrency>1</tournamentcurrency>
  <currency>USD</currency>
  <nickname>Gfs1505</nickname>
  <buyin>€11.37 + €11.38 + €2.25</buyin>
  <totalbuyin>€13.62</totalbuyin>
 </general>
 <game gamecode="11591545765">
  <general>
   <players>
    <player reg_code="" name="MGierse" seat="1" dealer="0" chips="146,543"/>
    <player reg_code="" name="Gomidz1" seat="2" dealer="0" chips="333,714"/>
    <player reg_code="" name="Iia0071" seat="4" dealer="0" chips="119,789"/>
    <player reg_code="" name="Orv391980" seat="5" dealer="0" chips="753,347"/>
    <player reg_code="8412658291" name="Gfs1505" seat="6" dealer="0" chips="199,500"/>
    <player reg_code="" name="BenOlai" seat="7" dealer="0" chips="169,523"/>
    <player reg_code="" name="1spanec1" seat="9" dealer="1" chips="246,154"/>
    <player reg_code="" name="LixoDeQualidade" seat="10" dealer="0" chips="234,770"/>
   </players>
  </general>
  <round no="0">
   <action sum="€600" player="LixoDeQualidade" no="1" type="15"/>
   <action sum="€600" player="MGierse" no="2" type="15"/>
   <action sum="€600" player="Gomidz1" no="3" type="15"/>
   <action sum="€600" player="Iia0071" no="4" type="15"/>
   <action sum="€600" player="Orv391980" no="5" type="15"/>
   <action sum="€600" player="Gfs1505" no="6" type="15"/>
   <action sum="€600" player="BenOlai" no="7" type="15"/>
   <action sum="€600" player="1spanec1" no="8" type="15"/>
   <action sum="€3,000" player="LixoDeQualidade" no="9" type="1"/>
   <action sum="€6,000" player="MGierse" no="10" type="2"/>
  </round>
 </game>
 <game gamecode="11591545778">
  <general>
   <players>
    <player reg_code="" name="MGierse" seat="1" dealer="0" chips="139,943"/>
    <player reg_code="" name="Gomidz1" seat="2" dealer="0" chips="346,914"/>
    <player reg_code="" name="Iia0071" seat="4" dealer="0" chips="119,189"/>
    <player reg_code="" name="Orv391980" seat="5" dealer="0" chips="752,747"/>
    <player reg_code="8412658291" name="Gfs1505" seat="6" dealer="0" chips="198,900"/>
    <player reg_code="" name="BenOlai" seat="7" dealer="0" chips="168,923"/>
    <player reg_code="" name="1spanec1" seat="9" dealer="0" chips="245,554"/>
    <player reg_code="" name="LixoDeQualidade" seat="10" dealer="1" chips="231,170"/>
   </players>
  </general>
  <round no="0">
   <action sum="€600" player="MGierse" no="1" type="15"/>
   <action sum="€600" player="Gomidz1" no="2" type="15"/>
   <action sum="€600" player="Iia0071" no="3" type="15"/>
   <action sum="€600" player="Orv391980" no="4" type="15"/>
   <action sum="€600" player="Gfs1505" no="5" type="15"/>
   <action sum="€600" player="BenOlai" no="6" type="15"/>
   <action sum="€600" player="1spanec1" no="7" type="15"/>
   <action sum="€600" player="LixoDeQualidade" no="8" type="15"/>
   <action sum="€3,000" player="MGierse" no="9" type="1"/>
   <action sum="€6,000" player="Gomidz1" no="10" type="2"/>
  </round>
 </game>
 <game gamecode="11591545801">
  <general>
   <players>
    <player reg_code="" name="MGierse" seat="1" dealer="1" chips="162,143"/>
    <player reg_code="" name="Iia0071" seat="4" dealer="0" chips="118,589"/>
    <player reg_code="" name="Orv391980" seat="5" dealer="0" chips="752,147"/>
    <player reg_code="8412658291" name="Gfs1505" seat="6" dealer="0" chips="198,300"/>
    <player reg_code="" name="BenOlai" seat="7" dealer="0" chips="168,323"/>
    <player reg_code="" name="1spanec1" seat="9" dealer="0" chips="244,954"/>
    <player reg_code="" name="LixoDeQualidade" seat="10" dealer="0" chips="218,570"/>
   </players>
  </general>
  <round no="0">
   <action sum="€600" player="Iia0071" no="1" type="15"/>
   <action sum="€600" player="Orv391980" no="2" type="15"/>
   <action sum="€600" player="Gfs1505" no="3" type="15"/>
   <action sum="€600" player="BenOlai" no="4" type="15"/>
   <action sum="€600" player="1spanec1" no="5" type="15"/>
   <action sum="€600" player="LixoDeQualidade" no="6" type="15"/>
   <action sum="€600" player="MGierse" no="7" type="15"/>
   <action sum="€6,000" player="Iia0071" no="8" type="2"/>
  </round>
 </game>
 <game gamecode="11591545840">
  <general>
   <players>
    <player reg_code="" name="MGierse" seat="1" dealer="0" chips="128,543"/>
    <player reg_code="" name="devilfree199" seat="2" dealer="0" chips="81,513"/>
    <player reg_code="" name="Iia0071" seat="4" dealer="1" chips="111,989"/>
    <player reg_code="" name="Orv391980" seat="5" dealer="0" chips="751,547"/>
    <player reg_code="8412658291" name="Gfs1505" seat="6" dealer="0" chips="197,700"/>
    <player reg_code="" name="BenOlai" seat="7" dealer="0" chips="222,923"/>
    <player reg_code="" name="1spanec1" seat="9" dealer="0" chips="244,354"/>
    <player reg_code="" name="LixoDeQualidade" seat="10" dealer="0" chips="205,970"/>
   </players>
  </general>
  <round no="0">
   <action sum="€600" player="Orv391980" no="1" type="15"/>
   <action sum="€600" player="Gfs1505" no="2" type="15"/>
   <action sum="€600" player="BenOlai" no="3" type="15"/>
   <action sum="€600" player="1spanec1" no="4" type="15"/>
   <action sum="€600" player="LixoDeQualidade" no="5" type="15"/>
   <action sum="€600" player="MGierse" no="6" type="15"/>
   <action sum="€600" player="devilfree199" no="7" type="15"/>
   <action sum="€600" player="Iia0071" no="8" type="15"/>
   <action sum="€3,000" player="Orv391980" no="9" type="1"/>
   <action sum="€6,000" player="Gfs1505" no="10" type="2"/>
  </round>
 </game>
 <game gamecode="11591545872">
  <general>
   <players>
    <player reg_code="" name="MGierse" seat="1" dealer="0" chips="127,943"/>
    <player reg_code="" name="devilfree199" seat="2" dealer="0" chips="80,913"/>
    <player reg_code="" name="Iia0071" seat="4" dealer="0" chips="111,389"/>
    <player reg_code="" name="Orv391980" seat="5" dealer="1" chips="832,547"/>
    <player reg_code="8412658291" name="Gfs1505" seat="6" dealer="0" chips="120,300"/>
    <player reg_code="" name="BenOlai" seat="7" dealer="0" chips="222,323"/>
    <player reg_code="" name="1spanec1" seat="9" dealer="0" chips="243,754"/>
    <player reg_code="" name="LixoDeQualidade" seat="10" dealer="0" chips="205,370"/>
   </players>
  </general>
  <round no="0">
   <action sum="€600" player="Gfs1505" no="1" type="15"/>
   <action sum="€600" player="BenOlai" no="2" type="15"/>
   <action sum="€600" player="1spanec1" no="3" type="15"/>
   <action sum="€600" player="LixoDeQualidade" no="4" type="15"/>
   <action sum="€600" player="MGierse" no="5" type="15"/>
   <action sum="€600" player="devilfree199" no="6" type="15"/>
   <action sum="€600" player="Iia0071" no="7" type="15"/>
   <action sum="€600" player="Orv391980" no="8" type="15"/>
   <action sum="€3,000" player="Gfs1505" no="9" type="1"/>
   <action sum="€6,000" player="BenOlai" no="10" type="2"/>
  </round>
 </game>
 <game gamecode="11591545944">
  <general>
   <players>
    <player reg_code="" name="spoonkey66" seat="1" dealer="0" chips="187,972"/>
    <player reg_code="" name="pokermaniacu" seat="2" dealer="0" chips="89,786"/>
    <player reg_code="" name="Netasek" seat="4" dealer="0" chips="333,742"/>
    <player reg_code="" name="BuhayaSvinya" seat="5" dealer="0" chips="294,713"/>
    <player reg_code="" name="okssssssss" seat="6" dealer="0" chips="241,865"/>
    <player reg_code="" name="TheBoneless88" seat="7" dealer="0" chips="342,355"/>
    <player reg_code="8412658291" name="Gfs1505" seat="9" dealer="0" chips="116,700"/>
    <player reg_code="" name="qzao" seat="10" dealer="1" chips="198,678"/>
   </players>
  </general>
  <round no="0">
   <action sum="€600" player="spoonkey66" no="1" type="15"/>
   <action sum="€600" player="pokermaniacu" no="2" type="15"/>
   <action sum="€600" player="Netasek" no="3" type="15"/>
   <action sum="€600" player="BuhayaSvinya" no="4" type="15"/>
   <action sum="€600" player="okssssssss" no="5" type="15"/>
   <action sum="€600" player="TheBoneless88" no="6" type="15"/>
   <action sum="€600" player="Gfs1505" no="7" type="15"/>
   <action sum="€600" player="qzao" no="8" type="15"/>
   <action sum="€3,000" player="spoonkey66" no="9" type="1"/>
   <action sum="€6,000" player="pokermaniacu" no="10" type="2"/>
  </round>
 </game>
 <game gamecode="11591545987">
  <general>
   <players>
    <player reg_code="" name="spoonkey66" seat="1" dealer="1" chips="184,372"/>
    <player reg_code="" name="pokermaniacu" seat="2" dealer="0" chips="134,306"/>
    <player reg_code="" name="Netasek" seat="4" dealer="0" chips="333,142"/>
    <player reg_code="" name="BuhayaSvinya" seat="5" dealer="0" chips="294,113"/>
    <player reg_code="" name="okssssssss" seat="6" dealer="0" chips="241,265"/>
    <player reg_code="" name="TheBoneless88" seat="7" dealer="0" chips="304,435"/>
    <player reg_code="8412658291" name="Gfs1505" seat="9" dealer="0" chips="116,100"/>
    <player reg_code="" name="qzao" seat="10" dealer="0" chips="198,078"/>
   </players>
  </general>
  <round no="0">
   <action sum="€600" player="pokermaniacu" no="1" type="15"/>
   <action sum="€600" player="Netasek" no="2" type="15"/>
   <action sum="€600" player="BuhayaSvinya" no="3" type="15"/>
   <action sum="€600" player="okssssssss" no="4" type="15"/>
   <action sum="€600" player="TheBoneless88" no="5" type="15"/>
   <action sum="€600" player="Gfs1505" no="6" type="15"/>
   <action sum="€600" player="qzao" no="7" type="15"/>
   <action sum="€600" player="spoonkey66" no="8" type="15"/>
   <action sum="€3,000" player="pokermaniacu" no="9" type="1"/>
   <action sum="€6,000" player="Netasek" no="10" type="2"/>
  </round>
 </game>
 <game gamecode="11591546001">
  <general>
   <players>
    <player reg_code="" name="spoonkey66" seat="1" dealer="0" chips="183,772"/>
    <player reg_code="" name="pokermaniacu" seat="2" dealer="1" chips="130,706"/>
    <player reg_code="" name="Netasek" seat="4" dealer="0" chips="326,542"/>
    <player reg_code="" name="BuhayaSvinya" seat="5" dealer="0" chips="293,513"/>
    <player reg_code="" name="okssssssss" seat="6" dealer="0" chips="254,465"/>
    <player reg_code="" name="TheBoneless88" seat="7" dealer="0" chips="303,835"/>
    <player reg_code="8412658291" name="Gfs1505" seat="9" dealer="0" chips="115,500"/>
    <player reg_code="" name="qzao" seat="10" dealer="0" chips="197,478"/>
   </players>
  </general>
  <round no="0">
   <action sum="€600" player="Netasek" no="1" type="15"/>
   <action sum="€600" player="BuhayaSvinya" no="2" type="15"/>
   <action sum="€600" player="okssssssss" no="3" type="15"/>
   <action sum="€600" player="TheBoneless88" no="4" type="15"/>
   <action sum="€600" player="Gfs1505" no="5" type="15"/>
   <action sum="€600" player="qzao" no="6" type="15"/>
   <action sum="€600" player="spoonkey66" no="7" type="15"/>
   <action sum="€600" player="pokermaniacu" no="8" type="15"/>
   <action sum="€3,000" player="Netasek" no="9" type="1"/>
   <action sum="€6,000" player="BuhayaSvinya" no="10" type="2"/>
  </round>
 </game>
 <game gamecode="11591546061">
  <general>
   <players>
    <player reg_code="" name="spoonkey66" seat="1" dealer="0" chips="159,172"/>
    <player reg_code="" name="pokermaniacu" seat="2" dealer="0" chips="130,106"/>
    <player reg_code="" name="Netasek" seat="4" dealer="1" chips="322,942"/>
    <player reg_code="" name="BuhayaSvinya" seat="5" dealer="0" chips="578,578"/>
    <player reg_code="" name="TheBoneless88" seat="7" dealer="0" chips="303,235"/>
    <player reg_code="8412658291" name="Gfs1505" seat="9" dealer="0" chips="114,900"/>
    <player reg_code="" name="qzao" seat="10" dealer="0" chips="196,878"/>
   </players>
  </general>
  <round no="0">
   <action sum="€600" player="BuhayaSvinya" no="1" type="15"/>
   <action sum="€600" player="TheBoneless88" no="2" type="15"/>
   <action sum="€600" player="Gfs1505" no="3" type="15"/>
   <action sum="€600" player="qzao" no="4" type="15"/>
   <action sum="€600" player="spoonkey66" no="5" type="15"/>
   <action sum="€600" player="pokermaniacu" no="6" type="15"/>
   <action sum="€600" player="Netasek" no="7" type="15"/>
   <action sum="€3,000" player="BuhayaSvinya" no="8" type="1"/>
   <action sum="€6,000" player="TheBoneless88" no="9" type="2"/>
  </round>
 </game>
 <game gamecode="11591546100">
  <general>
   <players>
    <player reg_code="" name="spoonkey66" seat="1" dealer="0" chips="158,572"/>
    <player reg_code="" name="pokermaniacu" seat="2" dealer="0" chips="129,506"/>
    <player reg_code="" name="Netasek" seat="4" dealer="0" chips="322,342"/>
    <player reg_code="" name="BuhayaSvinya" seat="5" dealer="1" chips="463,678"/>
    <player reg_code="" name="TheBoneless88" seat="7" dealer="0" chips="296,635"/>
    <player reg_code="8412658291" name="Gfs1505" seat="9" dealer="0" chips="238,800"/>
    <player reg_code="" name="qzao" seat="10" dealer="0" chips="196,278"/>
   </players>
  </general>
  <round no="0">
   <action sum="€700" player="TheBoneless88" no="1" type="15"/>
   <action sum="€700" player="Gfs1505" no="2" type="15"/>
   <action sum="€700" player="qzao" no="3" type="15"/>
   <action sum="€700" player="spoonkey66" no="4" type="15"/>
   <action sum="€700" player="pokermaniacu" no="5" type="15"/>
   <action sum="€700" player="Netasek" no="6" type="15"/>
   <action sum="€700" player="BuhayaSvinya" no="7" type="15"/>
   <action sum="€3,500" player="TheBoneless88" no="8" type="1"/>
   <action sum="€7,000" player="Gfs1505" no="9" type="2"/>
  </round>
 </game>
 <game gamecode="11591570608">
  <general>
   <players>
    <player reg_code="" name="spoonkey66" seat="1" dealer="0" chips="157,872"/>
    <player reg_code="" name="pokermaniacu" seat="2" dealer="0" chips="128,806"/>
    <player reg_code="" name="Netasek" seat="4" dealer="0" chips="321,642"/>
    <player reg_code="" name="BuhayaSvinya" seat="5" dealer="0" chips="478,378"/>
    <player reg_code="" name="Tattivanukas" seat="6" dealer="0" chips="200,000"/>
    <player reg_code="" name="TheBoneless88" seat="7" dealer="1" chips="292,435"/>
    <player reg_code="8412658291" name="Gfs1505" seat="9" dealer="0" chips="231,100"/>
    <player reg_code="" name="qzao" seat="10" dealer="0" chips="195,578"/>
   </players>
  </general>
  <round no="0">
   <action sum="€700" player="Gfs1505" no="1" type="15"/>
   <action sum="€700" player="qzao" no="2" type="15"/>
   <action sum="€700" player="spoonkey66" no="3" type="15"/>
   <action sum="€700" player="pokermaniacu" no="4" type="15"/>
   <action sum="€700" player="Netasek" no="5" type="15"/>
   <action sum="€700" player="BuhayaSvinya" no="6" type="15"/>
   <action sum="€700" player="Tattivanukas" no="7" type="15"/>
   <action sum="€700" player="TheBoneless88" no="8" type="15"/>
   <action sum="€3,500" player="Gfs1505" no="9" type="1"/>
   <action sum="€7,000" player="qzao" no="10" type="2"/>
  </round>
 </game>
 <game gamecode="11591570653">
  <general>
   <players>
    <player reg_code="" name="spoonkey66" seat="1" dealer="0" chips="150,172"/>
    <player reg_code="" name="pokermaniacu" seat="2" dealer="0" chips="128,106"/>
    <player reg_code="" name="Netasek" seat="4" dealer="0" chips="320,942"/>
    <player reg_code="" name="BuhayaSvinya" seat="5" dealer="0" chips="470,678"/>
    <player reg_code="" name="Tattivanukas" seat="6" dealer="0" chips="199,300"/>
    <player reg_code="" name="TheBoneless88" seat="7" dealer="0" chips="291,735"/>
    <player reg_code="8412658291" name="Gfs1505" seat="9" dealer="1" chips="257,000"/>
    <player reg_code="" name="qzao" seat="10" dealer="0" chips="187,878"/>
   </players>
  </general>
  <round no="0">
   <action sum="€700" player="qzao" no="1" type="15"/>
   <action sum="€700" player="spoonkey66" no="2" type="15"/>
   <action sum="€700" player="pokermaniacu" no="3" type="15"/>
   <action sum="€700" player="Netasek" no="4" type="15"/>
   <action sum="€700" player="BuhayaSvinya" no="5" type="15"/>
   <action sum="€700" player="Tattivanukas" no="6" type="15"/>
   <action sum="€700" player="TheBoneless88" no="7" type="15"/>
   <action sum="€700" player="Gfs1505" no="8" type="15"/>
   <action sum="€3,500" player="qzao" no="9" type="1"/>
   <action sum="€7,000" player="spoonkey66" no="10" type="2"/>
  </round>
 </game>
 <game gamecode="11591570675">
  <general>
   <players>
    <player reg_code="" name="spoonkey66" seat="1" dealer="0" chips="142,472"/>
    <player reg_code="" name="pokermaniacu" seat="2" dealer="0" chips="127,406"/>
    <player reg_code="" name="Netasek" seat="4" dealer="0" chips="320,242"/>
    <player reg_code="" name="BuhayaSvinya" seat="5" dealer="0" chips="455,978"/>
    <player reg_code="" name="Tattivanukas" seat="6" dealer="0" chips="228,700"/>
    <player reg_code="" name="TheBoneless88" seat="7" dealer="0" chips="291,035"/>
    <player reg_code="8412658291" name="Gfs1505" seat="9" dealer="0" chips="256,300"/>
    <player reg_code="" name="qzao" seat="10" dealer="1" chips="183,678"/>
   </players>
  </general>
  <round no="0">
   <action sum="€700" player="spoonkey66" no="1" type="15"/>
   <action sum="€700" player="pokermaniacu" no="2" type="15"/>
   <action sum="€700" player="Netasek" no="3" type="15"/>
   <action sum="€700" player="BuhayaSvinya" no="4" type="15"/>
   <action sum="€700" player="Tattivanukas" no="5" type="15"/>
   <action sum="€700" player="TheBoneless88" no="6" type="15"/>
   <action sum="€700" player="Gfs1505" no="7" type="15"/>
   <action sum="€700" player="qzao" no="8" type="15"/>
   <action sum="€3,500" player="spoonkey66" no="9" type="1"/>
   <action sum="€7,000" player="pokermaniacu" no="10" type="2"/>
  </round>
 </game>
 <game gamecode="11591570728">
  <general>
   <players>
    <player reg_code="" name="spoonkey66" seat="1" dealer="1" chips="138,272"/>
    <player reg_code="" name="pokermaniacu" seat="2" dealer="0" chips="119,706"/>
    <player reg_code="" name="Netasek" seat="4" dealer="0" chips="319,542"/>
    <player reg_code="" name="BuhayaSvinya" seat="5" dealer="0" chips="441,278"/>
    <player reg_code="" name="Tattivanukas" seat="6" dealer="0" chips="228,000"/>
    <player reg_code="" name="TheBoneless88" seat="7" dealer="0" chips="320,435"/>
    <player reg_code="8412658291" name="Gfs1505" seat="9" dealer="0" chips="255,600"/>
    <player reg_code="" name="qzao" seat="10" dealer="0" chips="182,978"/>
   </players>
  </general>
  <round no="0">
   <action sum="€700" player="pokermaniacu" no="1" type="15"/>
   <action sum="€700" player="Netasek" no="2" type="15"/>
   <action sum="€700" player="BuhayaSvinya" no="3" type="15"/>
   <action sum="€700" player="Tattivanukas" no="4" type="15"/>
   <action sum="€700" player="TheBoneless88" no="5" type="15"/>
   <action sum="€700" player="Gfs1505" no="6" type="15"/>
   <action sum="€700" player="qzao" no="7" type="15"/>
   <action sum="€700" player="spoonkey66" no="8" type="15"/>
   <action sum="€3,500" player="pokermaniacu" no="9" type="1"/>
   <action sum="€7,000" player="Netasek" no="10" type="2"/>
  </round>
 </game>
 <game gamecode="11591570744">
  <general>
   <players>
    <player reg_code="" name="spoonkey66" seat="1" dealer="0" chips="153,672"/>
    <player reg_code="" name="pokermaniacu" seat="2" dealer="1" chips="115,506"/>
    <player reg_code="" name="Netasek" seat="4" dealer="0" chips="311,842"/>
    <player reg_code="" name="BuhayaSvinya" seat="5" dealer="0" chips="440,578"/>
    <player reg_code="" name="Tattivanukas" seat="6" dealer="0" chips="227,300"/>
    <player reg_code="" name="TheBoneless88" seat="7" dealer="0" chips="319,735"/>
    <player reg_code="8412658291" name="Gfs1505" seat="9" dealer="0" chips="254,900"/>
    <player reg_code="" name="qzao" seat="10" dealer="0" chips="182,278"/>
   </players>
  </general>
  <round no="0">
   <action sum="€700" player="Netasek" no="1" type="15"/>
   <action sum="€700" player="BuhayaSvinya" no="2" type="15"/>
   <action sum="€700" player="Tattivanukas" no="3" type="15"/>
   <action sum="€700" player="TheBoneless88" no="4" type="15"/>
   <action sum="€700" player="Gfs1505" no="5" type="15"/>
   <action sum="€700" player="qzao" no="6" type="15"/>
   <action sum="€700" player="spoonkey66" no="7" type="15"/>
   <action sum="€700" player="pokermaniacu" no="8" type="15"/>
   <action sum="€3,500" player="Netasek" no="9" type="1"/>
   <action sum="€7,000" player="BuhayaSvinya" no="10" type="2"/>
  </round>
 </game>
 <game gamecode="11591570797">
  <general>
   <players>
    <player reg_code="" name="spoonkey66" seat="1" dealer="0" chips="152,972"/>
    <player reg_code="" name="pokermaniacu" seat="2" dealer="0" chips="114,806"/>
    <player reg_code="" name="Netasek" seat="4" dealer="1" chips="307,642"/>
    <player reg_code="" name="BuhayaSvinya" seat="5" dealer="0" chips="388,078"/>
    <player reg_code="" name="Tattivanukas" seat="6" dealer="0" chips="287,500"/>
    <player reg_code="" name="TheBoneless88" seat="7" dealer="0" chips="319,035"/>
    <player reg_code="8412658291" name="Gfs1505" seat="9" dealer="0" chips="254,200"/>
    <player reg_code="" name="qzao" seat="10" dealer="0" chips="181,578"/>
   </players>
  </general>
  <round no="0">
   <action sum="€700" player="BuhayaSvinya" no="1" type="15"/>
   <action sum="€700" player="Tattivanukas" no="2" type="15"/>
   <action sum="€700" player="TheBoneless88" no="3" type="15"/>
   <action sum="€700" player="Gfs1505" no="4" type="15"/>
   <action sum="€700" player="qzao" no="5" type="15"/>
   <action sum="€700" player="spoonkey66" no="6" type="15"/>
   <action sum="€700" player="pokermaniacu" no="7" type="15"/>
   <action sum="€700" player="Netasek" no="8" type="15"/>
   <action sum="€3,500" player="BuhayaSvinya" no="9" type="1"/>
   <action sum="€7,000" player="Tattivanukas" no="10" type="2"/>
  </round>
 </game>
 <game gamecode="11591570819">
  <general>
   <players>
    <player reg_code="" name="spoonkey66" seat="1" dealer="0" chips="152,272"/>
    <player reg_code="" name="pokermaniacu" seat="2" dealer="0" chips="114,106"/>
    <player reg_code="" name="Netasek" seat="4" dealer="0" chips="306,942"/>
    <player reg_code="" name="BuhayaSvinya" seat="5" dealer="1" chips="383,878"/>
    <player reg_code="" name="Tattivanukas" seat="6" dealer="0" chips="272,800"/>
    <player reg_code="" name="TheBoneless88" seat="7" dealer="0" chips="341,435"/>
    <player reg_code="8412658291" name="Gfs1505" seat="9" dealer="0" chips="253,500"/>
    <player reg_code="" name="qzao" seat="10" dealer="0" chips="180,878"/>
   </players>
  </general>
  <round no="0">
   <action sum="€700" player="Tattivanukas" no="1" type="15"/>
   <action sum="€700" player="TheBoneless88" no="2" type="15"/>
   <action sum="€700" player="Gfs1505" no="3" type="15"/>
   <action sum="€700" player="qzao" no="4" type="15"/>
   <action sum="€700" player="spoonkey66" no="5" type="15"/>
   <action sum="€700" player="pokermaniacu" no="6" type="15"/>
   <action sum="€700" player="Netasek" no="7" type="15"/>
   <action sum="€700" player="BuhayaSvinya" no="8" type="15"/>
   <action sum="€3,500" player="Tattivanukas" no="9" type="1"/>
   <action sum="€7,000" player="TheBoneless88" no="10" type="2"/>
  </round>
 </game>
 <game gamecode="11591570881">
  <general>
   <players>
    <player reg_code="" name="spoonkey66" seat="1" dealer="0" chips="151,572"/>
    <player reg_code="" name="pokermaniacu" seat="2" dealer="0" chips="113,406"/>
    <player reg_code="" name="Netasek" seat="4" dealer="0" chips="306,242"/>
    <player reg_code="" name="BuhayaSvinya" seat="5" dealer="0" chips="383,178"/>
    <player reg_code="" name="TheBoneless88" seat="7" dealer="0" chips="633,835"/>
    <player reg_code="8412658291" name="Gfs1505" seat="9" dealer="0" chips="252,800"/>
    <player reg_code="" name="qzao" seat="10" dealer="0" chips="164,778"/>
   </players>
  </general>
  <round no="0">
   <action sum="€700" player="TheBoneless88" no="1" type="15"/>
   <action sum="€700" player="Gfs1505" no="2" type="15"/>
   <action sum="€700" player="qzao" no="3" type="15"/>
   <action sum="€700" player="spoonkey66" no="4" type="15"/>
   <action sum="€700" player="pokermaniacu" no="5" type="15"/>
   <action sum="€700" player="Netasek" no="6" type="15"/>
   <action sum="€700" player="BuhayaSvinya" no="7" type="15"/>
   <action sum="€3,500" player="TheBoneless88" no="8" type="1"/>
   <action sum="€7,000" player="Gfs1505" no="9" type="2"/>
  </round>
 </game>
 <game gamecode="11591570917">
  <general>
   <players>
    <player reg_code="" name="spoonkey66" seat="1" dealer="0" chips="150,872"/>
    <player reg_code="" name="pokermaniacu" seat="2" dealer="0" chips="112,706"/>
    <player reg_code="" name="Netasek" seat="4" dealer="0" chips="305,542"/>
    <player reg_code="" name="BuhayaSvinya" seat="5" dealer="0" chips="382,478"/>
    <player reg_code="" name="TheBoneless88" seat="7" dealer="1" chips="673,035"/>
    <player reg_code="8412658291" name="Gfs1505" seat="9" dealer="0" chips="245,100"/>
    <player reg_code="" name="qzao" seat="10" dealer="0" chips="136,078"/>
   </players>
  </general>
  <round no="0">
   <action sum="€700" player="Gfs1505" no="1" type="15"/>
   <action sum="€700" player="qzao" no="2" type="15"/>
   <action sum="€700" player="spoonkey66" no="3" type="15"/>
   <action sum="€700" player="pokermaniacu" no="4" type="15"/>
   <action sum="€700" player="Netasek" no="5" type="15"/>
   <action sum="€700" player="BuhayaSvinya" no="6" type="15"/>
   <action sum="€700" player="TheBoneless88" no="7" type="15"/>
   <action sum="€3,500" player="Gfs1505" no="8" type="1"/>
   <action sum="€7,000" player="qzao" no="9" type="2"/>
  </round>
 </game>
 <game gamecode="11591570991">
  <general>
   <players>
    <player reg_code="" name="slaktarnlol" seat="1" dealer="1" chips="200,000"/>
    <player reg_code="" name="kzl83" seat="2" dealer="0" chips="151,100"/>
    <player reg_code="8412658291" name="Gfs1505" seat="4" dealer="0" chips="230,400"/>
    <player reg_code="" name="Bibbanslurpen" seat="5" dealer="0" chips="383,884"/>
    <player reg_code="" name="JonSnyder" seat="6" dealer="0" chips="217,250"/>
    <player reg_code="" name="ThugLife296" seat="7" dealer="0" chips="1,087,482"/>
    <player reg_code="" name="osuflandre" seat="9" dealer="0" chips="450,794"/>
    <player reg_code="" name="ConorMacLeod" seat="10" dealer="0" chips="263,676"/>
   </players>
  </general>
  <round no="0">
   <action sum="€800" player="kzl83" no="1" type="15"/>
   <action sum="€800" player="Gfs1505" no="2" type="15"/>
   <action sum="€800" player="Bibbanslurpen" no="3" type="15"/>
   <action sum="€800" player="JonSnyder" no="4" type="15"/>
   <action sum="€800" player="ThugLife296" no="5" type="15"/>
   <action sum="€800" player="osuflandre" no="6" type="15"/>
   <action sum="€800" player="ConorMacLeod" no="7" type="15"/>
   <action sum="€800" player="slaktarnlol" no="8" type="15"/>
   <action sum="€4,000" player="kzl83" no="9" type="1"/>
   <action sum="€8,000" player="Gfs1505" no="10" type="2"/>
  </round>
 </game>
 <game gamecode="11591608861">
  <general>
   <players>
    <player reg_code="" name="slaktarnlol" seat="1" dealer="0" chips="199,200"/>
    <player reg_code="" name="kzl83" seat="2" dealer="1" chips="142,300"/>
    <player reg_code="8412658291" name="Gfs1505" seat="4" dealer="0" chips="449,200"/>
    <player reg_code="" name="Bibbanslurpen" seat="5" dealer="0" chips="177,884"/>
    <player reg_code="" name="JonSnyder" seat="6" dealer="0" chips="216,450"/>
    <player reg_code="" name="ThugLife296" seat="7" dealer="0" chips="1,086,682"/>
    <player reg_code="" name="osuflandre" seat="9" dealer="0" chips="449,994"/>
    <player reg_code="" name="ConorMacLeod" seat="10" dealer="0" chips="262,876"/>
   </players>
  </general>
  <round no="0">
   <action sum="€800" player="Gfs1505" no="1" type="15"/>
   <action sum="€800" player="Bibbanslurpen" no="2" type="15"/>
   <action sum="€800" player="JonSnyder" no="3" type="15"/>
   <action sum="€800" player="ThugLife296" no="4" type="15"/>
   <action sum="€800" player="osuflandre" no="5" type="15"/>
   <action sum="€800" player="ConorMacLeod" no="6" type="15"/>
   <action sum="€800" player="slaktarnlol" no="7" type="15"/>
   <action sum="€800" player="kzl83" no="8" type="15"/>
   <action sum="€4,000" player="Gfs1505" no="9" type="1"/>
   <action sum="€8,000" player="Bibbanslurpen" no="10" type="2"/>
  </round>
 </game>
 <game gamecode="11591608915">
  <general>
   <players>
    <player reg_code="" name="slaktarnlol" seat="1" dealer="0" chips="600,284"/>
    <player reg_code="" name="kzl83" seat="2" dealer="0" chips="141,500"/>
    <player reg_code="8412658291" name="Gfs1505" seat="4" dealer="1" chips="444,400"/>
    <player reg_code="" name="JonSnyder" seat="6" dealer="0" chips="17,250"/>
    <player reg_code="" name="ThugLife296" seat="7" dealer="0" chips="1,085,882"/>
    <player reg_code="" name="osuflandre" seat="9" dealer="0" chips="449,194"/>
    <player reg_code="" name="ConorMacLeod" seat="10" dealer="0" chips="246,076"/>
   </players>
  </general>
  <round no="0">
   <action sum="€800" player="JonSnyder" no="1" type="15"/>
   <action sum="€800" player="ThugLife296" no="2" type="15"/>
   <action sum="€800" player="osuflandre" no="3" type="15"/>
   <action sum="€800" player="ConorMacLeod" no="4" type="15"/>
   <action sum="€800" player="slaktarnlol" no="5" type="15"/>
   <action sum="€800" player="kzl83" no="6" type="15"/>
   <action sum="€800" player="Gfs1505" no="7" type="15"/>
   <action sum="€8,000" player="JonSnyder" no="8" type="2"/>
  </round>
 </game>
 <game gamecode="11591608961">
  <general>
   <players>
    <player reg_code="" name="slaktarnlol" seat="1" dealer="0" chips="599,484"/>
    <player reg_code="" name="kzl83" seat="2" dealer="0" chips="124,700"/>
    <player reg_code="8412658291" name="Gfs1505" seat="4" dealer="0" chips="497,650"/>
    <player reg_code="" name="flyingwhales" seat="5" dealer="0" chips="240,884"/>
    <player reg_code="" name="ThugLife296" seat="7" dealer="0" chips="1,085,082"/>
    <player reg_code="" name="osuflandre" seat="9" dealer="0" chips="448,394"/>
    <player reg_code="" name="ConorMacLeod" seat="10" dealer="0" chips="229,276"/>
   </players>
  </general>
  <round no="0">
   <action sum="€800" player="ThugLife296" no="1" type="15"/>
   <action sum="€800" player="osuflandre" no="2" type="15"/>
   <action sum="€800" player="ConorMacLeod" no="3" type="15"/>
   <action sum="€800" player="slaktarnlol" no="4" type="15"/>
   <action sum="€800" player="kzl83" no="5" type="15"/>
   <action sum="€800" player="Gfs1505" no="6" type="15"/>
   <action sum="€800" player="flyingwhales" no="7" type="15"/>
   <action sum="€4,000" player="ThugLife296" no="8" type="1"/>
   <action sum="€8,000" player="osuflandre" no="9" type="2"/>
  </round>
 </game>
 <game gamecode="11591608991">
  <general>
   <players>
    <player reg_code="" name="slaktarnlol" seat="1" dealer="0" chips="598,684"/>
    <player reg_code="" name="kzl83" seat="2" dealer="0" chips="141,500"/>
    <player reg_code="8412658291" name="Gfs1505" seat="4" dealer="0" chips="496,850"/>
    <player reg_code="" name="flyingwhales" seat="5" dealer="0" chips="240,084"/>
    <player reg_code="" name="oquesou7" seat="6" dealer="0" chips="659,180"/>
    <player reg_code="" name="ThugLife296" seat="7" dealer="1" chips="1,080,282"/>
    <player reg_code="" name="osuflandre" seat="9" dealer="0" chips="439,594"/>
    <player reg_code="" name="ConorMacLeod" seat="10" dealer="0" chips="228,476"/>
   </players>
  </general>
  <round no="0">
   <action sum="€800" player="osuflandre" no="1" type="15"/>
   <action sum="€800" player="ConorMacLeod" no="2" type="15"/>
   <action sum="€800" player="slaktarnlol" no="3" type="15"/>
   <action sum="€800" player="kzl83" no="4" type="15"/>
   <action sum="€800" player="Gfs1505" no="5" type="15"/>
   <action sum="€800" player="flyingwhales" no="6" type="15"/>
   <action sum="€800" player="oquesou7" no="7" type="15"/>
   <action sum="€800" player="ThugLife296" no="8" type="15"/>
   <action sum="€4,000" player="osuflandre" no="9" type="1"/>
   <action sum="€8,000" player="ConorMacLeod" no="10" type="2"/>
  </round>
 </game>
 <game gamecode="11591609017">
  <general>
   <players>
    <player reg_code="" name="slaktarnlol" seat="1" dealer="0" chips="597,884"/>
    <player reg_code="" name="kzl83" seat="2" dealer="0" chips="140,700"/>
    <player reg_code="8412658291" name="Gfs1505" seat="4" dealer="0" chips="522,450"/>
    <player reg_code="" name="flyingwhales" seat="5" dealer="0" chips="239,284"/>
    <player reg_code="" name="oquesou7" seat="6" dealer="0" chips="658,380"/>
    <player reg_code="" name="ThugLife296" seat="7" dealer="0" chips="1,079,482"/>
    <player reg_code="" name="osuflandre" seat="9" dealer="1" chips="434,794"/>
    <player reg_code="" name="ConorMacLeod" seat="10" dealer="0" chips="211,676"/>
   </players>
  </general>
  <round no="0">
   <action sum="€800" player="ConorMacLeod" no="1" type="15"/>
   <action sum="€800" player="slaktarnlol" no="2" type="15"/>
   <action sum="€800" player="kzl83" no="3" type="15"/>
   <action sum="€800" player="Gfs1505" no="4" type="15"/>
   <action sum="€800" player="flyingwhales" no="5" type="15"/>
   <action sum="€800" player="oquesou7" no="6" type="15"/>
   <action sum="€800" player="ThugLife296" no="7" type="15"/>
   <action sum="€800" player="osuflandre" no="8" type="15"/>
   <action sum="€4,000" player="ConorMacLeod" no="9" type="1"/>
   <action sum="€8,000" player="slaktarnlol" no="10" type="2"/>
  </round>
 </game>
 <game gamecode="11591609058">
  <general>
   <players>
    <player reg_code="" name="kzl83" seat="2" dealer="0" chips="139,900"/>
    <player reg_code="8412658291" name="Gfs1505" seat="4" dealer="0" chips="540,050"/>
    <player reg_code="" name="flyingwhales" seat="5" dealer="0" chips="238,484"/>
    <player reg_code="" name="oquesou7" seat="6" dealer="0" chips="657,580"/>
    <player reg_code="" name="ThugLife296" seat="7" dealer="0" chips="1,078,682"/>
    <player reg_code="" name="osuflandre" seat="9" dealer="0" chips="433,994"/>
    <player reg_code="" name="ConorMacLeod" seat="10" dealer="1" chips="206,876"/>
   </players>
  </general>
  <round no="0">
   <action sum="€800" player="kzl83" no="1" type="15"/>
   <action sum="€800" player="Gfs1505" no="2" type="15"/>
   <action sum="€800" player="flyingwhales" no="3" type="15"/>
   <action sum="€800" player="oquesou7" no="4" type="15"/>
   <action sum="€800" player="ThugLife296" no="5" type="15"/>
   <action sum="€800" player="osuflandre" no="6" type="15"/>
   <action sum="€800" player="ConorMacLeod" no="7" type="15"/>
   <action sum="€8,000" player="kzl83" no="8" type="2"/>
  </round>
 </game>
 <game gamecode="11591609113">
  <general>
   <players>
    <player reg_code="" name="kzl83" seat="2" dealer="0" chips="106,708"/>
    <player reg_code="8412658291" name="Gfs1505" seat="4" dealer="0" chips="539,250"/>
    <player reg_code="" name="flyingwhales" seat="5" dealer="0" chips="237,684"/>
    <player reg_code="" name="oquesou7" seat="6" dealer="0" chips="656,780"/>
    <player reg_code="" name="ThugLife296" seat="7" dealer="0" chips="1,077,882"/>
    <player reg_code="" name="osuflandre" seat="9" dealer="0" chips="471,186"/>
    <player reg_code="" name="ConorMacLeod" seat="10" dealer="0" chips="206,076"/>
   </players>
  </general>
  <round no="0">
   <action sum="€1,000" player="kzl83" no="1" type="15"/>
   <action sum="€1,000" player="Gfs1505" no="2" type="15"/>
   <action sum="€1,000" player="flyingwhales" no="3" type="15"/>
   <action sum="€1,000" player="oquesou7" no="4" type="15"/>
   <action sum="€1,000" player="ThugLife296" no="5" type="15"/>
   <action sum="€1,000" player="osuflandre" no="6" type="15"/>
   <action sum="€1,000" player="ConorMacLeod" no="7" type="15"/>
   <action sum="€5,000" player="kzl83" no="8" type="1"/>
   <action sum="€10,000" player="Gfs1505" no="9" type="2"/>
  </round>
 </game>
 <game gamecode="11591609125">
  <general>
   <players>
    <player reg_code="" name="kzl83" seat="2" dealer="1" chips="100,708"/>
    <player reg_code="8412658291" name="Gfs1505" seat="4" dealer="0" chips="528,250"/>
    <player reg_code="" name="flyingwhales" seat="5" dealer="0" chips="236,684"/>
    <player reg_code="" name="oquesou7" seat="6" dealer="0" chips="655,780"/>
    <player reg_code="" name="ThugLife296" seat="7" dealer="0" chips="1,056,882"/>
    <player reg_code="" name="osuflandre" seat="9" dealer="0" chips="401,186"/>
    <player reg_code="" name="ConorMacLeod" seat="10" dealer="0" chips="316,076"/>
   </players>
  </general>
  <round no="0">
   <action sum="€1,000" player="Gfs1505" no="1" type="15"/>
   <action sum="€1,000" player="flyingwhales" no="2" type="15"/>
   <action sum="€1,000" player="oquesou7" no="3" type="15"/>
   <action sum="€1,000" player="ThugLife296" no="4" type="15"/>
   <action sum="€1,000" player="osuflandre" no="5" type="15"/>
   <action sum="€1,000" player="ConorMacLeod" no="6" type="15"/>
   <action sum="€1,000" player="kzl83" no="7" type="15"/>
   <action sum="€5,000" player="Gfs1505" no="8" type="1"/>
   <action sum="€10,000" player="flyingwhales" no="9" type="2"/>
  </round>
 </game>
 <game gamecode="11591609151">
  <general>
   <players>
    <player reg_code="" name="7Sa1nT7" seat="1" dealer="0" chips="291,452"/>
    <player reg_code="" name="kzl83" seat="2" dealer="0" chips="99,708"/>
    <player reg_code="8412658291" name="Gfs1505" seat="4" dealer="1" chips="522,250"/>
    <player reg_code="" name="flyingwhales" seat="5" dealer="0" chips="225,684"/>
    <player reg_code="" name="oquesou7" seat="6" dealer="0" chips="654,780"/>
    <player reg_code="" name="ThugLife296" seat="7" dealer="0" chips="1,077,882"/>
    <player reg_code="" name="osuflandre" seat="9" dealer="0" chips="400,186"/>
    <player reg_code="" name="ConorMacLeod" seat="10" dealer="0" chips="315,076"/>
   </players>
  </general>
  <round no="0">
   <action sum="€1,000" player="flyingwhales" no="1" type="15"/>
   <action sum="€1,000" player="oquesou7" no="2" type="15"/>
   <action sum="€1,000" player="ThugLife296" no="3" type="15"/>
   <action sum="€1,000" player="osuflandre" no="4" type="15"/>
   <action sum="€1,000" player="ConorMacLeod" no="5" type="15"/>
   <action sum="€1,000" player="7Sa1nT7" no="6" type="15"/>
   <action sum="€1,000" player="kzl83" no="7" type="15"/>
   <action sum="€1,000" player="Gfs1505" no="8" type="15"/>
   <action sum="€5,000" player="flyingwhales" no="9" type="1"/>
   <action sum="€10,000" player="oquesou7" no="10" type="2"/>
  </round>
 </game>
 <game gamecode="11591609200">
  <general>
   <players>
    <player reg_code="" name="LixoDeQualidade" seat="1" dealer="0" chips="128,370"/>
    <player reg_code="" name="Davideriksso" seat="2" dealer="0" chips="638,370"/>
    <player reg_code="" name="PachooHerrera" seat="4" dealer="0" chips="280,136"/>
    <player reg_code="" name="FightThaPower1" seat="5" dealer="0" chips="206,444"/>
    <player reg_code="8412658291" name="Gfs1505" seat="6" dealer="0" chips="521,250"/>
    <player reg_code="" name="VelhoJavali" seat="7" dealer="0" chips="556,242"/>
    <player reg_code="" name="PoxreMan" seat="9" dealer="0" chips="411,528"/>
    <player reg_code="" name="ArturInso" seat="10" dealer="1" chips="1,468,898"/>
   </players>
  </general>
  <round no="0">
   <action sum="€1,000" player="LixoDeQualidade" no="1" type="15"/>
   <action sum="€1,000" player="Davideriksso" no="2" type="15"/>
   <action sum="€1,000" player="PachooHerrera" no="3" type="15"/>
   <action sum="€1,000" player="FightThaPower1" no="4" type="15"/>
   <action sum="€1,000" player="Gfs1505" no="5" type="15"/>
   <action sum="€1,000" player="VelhoJavali" no="6" type="15"/>
   <action sum="€1,000" player="PoxreMan" no="7" type="15"/>
   <action sum="€1,000" player="ArturInso" no="8" type="15"/>
   <action sum="€5,000" player="LixoDeQualidade" no="9" type="1"/>
   <action sum="€10,000" player="Davideriksso" no="10" type="2"/>
  </round>
 </game>
 <game gamecode="11591609247">
  <general>
   <players>
    <player reg_code="" name="LixoDeQualidade" seat="1" dealer="1" chips="122,370"/>
    <player reg_code="" name="Davideriksso" seat="2" dealer="0" chips="557,370"/>
    <player reg_code="" name="PachooHerrera" seat="4" dealer="0" chips="279,136"/>
    <player reg_code="" name="FightThaPower1" seat="5" dealer="0" chips="205,444"/>
    <player reg_code="8412658291" name="Gfs1505" seat="6" dealer="0" chips="520,250"/>
    <player reg_code="" name="VelhoJavali" seat="7" dealer="0" chips="555,242"/>
    <player reg_code="" name="PoxreMan" seat="9" dealer="0" chips="410,528"/>
    <player reg_code="" name="ArturInso" seat="10" dealer="0" chips="1,560,898"/>
   </players>
  </general>
  <round no="0">
   <action sum="€1,000" player="Davideriksso" no="1" type="15"/>
   <action sum="€1,000" player="PachooHerrera" no="2" type="15"/>
   <action sum="€1,000" player="FightThaPower1" no="3" type="15"/>
   <action sum="€1,000" player="Gfs1505" no="4" type="15"/>
   <action sum="€1,000" player="VelhoJavali" no="5" type="15"/>
   <action sum="€1,000" player="PoxreMan" no="6" type="15"/>
   <action sum="€1,000" player="ArturInso" no="7" type="15"/>
   <action sum="€1,000" player="LixoDeQualidade" no="8" type="15"/>
   <action sum="€5,000" player="Davideriksso" no="9" type="1"/>
   <action sum="€10,000" player="PachooHerrera" no="10" type="2"/>
  </round>
 </game>
 <game gamecode="11591638638">
  <general>
   <players>
    <player reg_code="" name="LixoDeQualidade" seat="1" dealer="0" chips="121,370"/>
    <player reg_code="" name="Davideriksso" seat="2" dealer="1" chips="551,370"/>
    <player reg_code="" name="PachooHerrera" seat="4" dealer="0" chips="258,136"/>
    <player reg_code="" name="FightThaPower1" seat="5" dealer="0" chips="204,444"/>
    <player reg_code="8412658291" name="Gfs1505" seat="6" dealer="0" chips="519,250"/>
    <player reg_code="" name="VelhoJavali" seat="7" dealer="0" chips="587,242"/>
    <player reg_code="" name="PoxreMan" seat="9" dealer="0" chips="409,528"/>
    <player reg_code="" name="ArturInso" seat="10" dealer="0" chips="1,559,898"/>
   </players>
  </general>
  <round no="0">
   <action sum="€1,000" player="PachooHerrera" no="1" type="15"/>
   <action sum="€1,000" player="FightThaPower1" no="2" type="15"/>
   <action sum="€1,000" player="Gfs1505" no="3" type="15"/>
   <action sum="€1,000" player="VelhoJavali" no="4" type="15"/>
   <action sum="€1,000" player="PoxreMan" no="5" type="15"/>
   <action sum="€1,000" player="ArturInso" no="6" type="15"/>
   <action sum="€1,000" player="LixoDeQualidade" no="7" type="15"/>
   <action sum="€1,000" player="Davideriksso" no="8" type="15"/>
   <action sum="€5,000" player="PachooHerrera" no="9" type="1"/>
   <action sum="€10,000" player="FightThaPower1" no="10" type="2"/>
  </round>
 </game>
 <game gamecode="11591638698">
  <general>
   <players>
    <player reg_code="" name="LixoDeQualidade" seat="1" dealer="0" chips="120,370"/>
    <player reg_code="" name="Davideriksso" seat="2" dealer="0" chips="639,870"/>
    <player reg_code="" name="PachooHerrera" seat="4" dealer="1" chips="252,136"/>
    <player reg_code="" name="FightThaPower1" seat="5" dealer="0" chips="183,444"/>
    <player reg_code="8412658291" name="Gfs1505" seat="6" dealer="0" chips="518,250"/>
    <player reg_code="" name="VelhoJavali" seat="7" dealer="0" chips="586,242"/>
    <player reg_code="" name="PoxreMan" seat="9" dealer="0" chips="352,028"/>
    <player reg_code="" name="ArturInso" seat="10" dealer="0" chips="1,558,898"/>
   </players>
  </general>
  <round no="0">
   <action sum="€1,000" player="FightThaPower1" no="1" type="15"/>
   <action sum="€1,000" player="Gfs1505" no="2" type="15"/>
   <action sum="€1,000" player="VelhoJavali" no="3" type="15"/>
   <action sum="€1,000" player="PoxreMan" no="4" type="15"/>
   <action sum="€1,000" player="ArturInso" no="5" type="15"/>
   <action sum="€1,000" player="LixoDeQualidade" no="6" type="15"/>
   <action sum="€1,000" player="Davideriksso" no="7" type="15"/>
   <action sum="€1,000" player="PachooHerrera" no="8" type="15"/>
   <action sum="€5,000" player="FightThaPower1" no="9" type="1"/>
   <action sum="€10,000" player="Gfs1505" no="10" type="2"/>
  </round>
 </game>
 <game gamecode="11591638714">
  <general>
   <players>
    <player reg_code="" name="LixoDeQualidade" seat="1" dealer="0" chips="119,370"/>
    <player reg_code="" name="Davideriksso" seat="2" dealer="0" chips="638,870"/>
    <player reg_code="" name="PachooHerrera" seat="4" dealer="0" chips="251,136"/>
    <player reg_code="" name="FightThaPower1" seat="5" dealer="1" chips="177,444"/>
    <player reg_code="8412658291" name="Gfs1505" seat="6" dealer="0" chips="530,250"/>
    <player reg_code="" name="VelhoJavali" seat="7" dealer="0" chips="585,242"/>
    <player reg_code="" name="PoxreMan" seat="9" dealer="0" chips="351,028"/>
    <player reg_code="" name="ArturInso" seat="10" dealer="0" chips="1,557,898"/>
   </players>
  </general>
  <round no="0">
   <action sum="€1,000" player="Gfs1505" no="1" type="15"/>
   <action sum="€1,000" player="VelhoJavali" no="2" type="15"/>
   <action sum="€1,000" player="PoxreMan" no="3" type="15"/>
   <action sum="€1,000" player="ArturInso" no="4" type="15"/>
   <action sum="€1,000" player="LixoDeQualidade" no="5" type="15"/>
   <action sum="€1,000" player="Davideriksso" no="6" type="15"/>
   <action sum="€1,000" player="PachooHerrera" no="7" type="15"/>
   <action sum="€1,000" player="FightThaPower1" no="8" type="15"/>
   <action sum="€5,000" player="Gfs1505" no="9" type="1"/>
   <action sum="€10,000" player="VelhoJavali" no="10" type="2"/>
  </round>
 </game>
 <game gamecode="11591638763">
  <general>
   <players>
    <player reg_code="" name="LixoDeQualidade" seat="1" dealer="0" chips="118,370"/>
    <player reg_code="" name="Davideriksso" seat="2" dealer="0" chips="637,870"/>
    <player reg_code="" name="PachooHerrera" seat="4" dealer="0" chips="250,136"/>
    <player reg_code="" name="FightThaPower1" seat="5" dealer="0" chips="176,444"/>
    <player reg_code="8412658291" name="Gfs1505" seat="6" dealer="1" chips="646,130"/>
    <player reg_code="" name="VelhoJavali" seat="7" dealer="0" chips="475,362"/>
    <player reg_code="" name="PoxreMan" seat="9" dealer="0" chips="350,028"/>
    <player reg_code="" name="ArturInso" seat="10" dealer="0" chips="1,556,898"/>
   </players>
  </general>
  <round no="0">
   <action sum="€1,000" player="VelhoJavali" no="1" type="15"/>
   <action sum="€1,000" player="PoxreMan" no="2" type="15"/>
   <action sum="€1,000" player="ArturInso" no="3" type="15"/>
   <action sum="€1,000" player="LixoDeQualidade" no="4" type="15"/>
   <action sum="€1,000" player="Davideriksso" no="5" type="15"/>
   <action sum="€1,000" player="PachooHerrera" no="6" type="15"/>
   <action sum="€1,000" player="FightThaPower1" no="7" type="15"/>
   <action sum="€1,000" player="Gfs1505" no="8" type="15"/>
   <action sum="€5,000" player="VelhoJavali" no="9" type="1"/>
   <action sum="€10,000" player="PoxreMan" no="10" type="2"/>
  </round>
 </game>
 <game gamecode="11591638814">
  <general>
   <players>
    <player reg_code="" name="LixoDeQualidade" seat="1" dealer="0" chips="117,370"/>
    <player reg_code="" name="Davideriksso" seat="2" dealer="0" chips="636,870"/>
    <player reg_code="" name="PachooHerrera" seat="4" dealer="0" chips="249,136"/>
    <player reg_code="" name="FightThaPower1" seat="5" dealer="0" chips="175,444"/>
    <player reg_code="8412658291" name="Gfs1505" seat="6" dealer="0" chips="645,130"/>
    <player reg_code="" name="VelhoJavali" seat="7" dealer="1" chips="435,222"/>
    <player reg_code="" name="PoxreMan" seat="9" dealer="0" chips="339,028"/>
    <player reg_code="" name="ArturInso" seat="10" dealer="0" chips="1,613,038"/>
   </players>
  </general>
  <round no="0">
   <action sum="€1,200" player="PoxreMan" no="1" type="15"/>
   <action sum="€1,200" player="ArturInso" no="2" type="15"/>
   <action sum="€1,200" player="LixoDeQualidade" no="3" type="15"/>
   <action sum="€1,200" player="Davideriksso" no="4" type="15"/>
   <action sum="€1,200" player="PachooHerrera" no="5" type="15"/>
   <action sum="€1,200" player="FightThaPower1" no="6" type="15"/>
   <action sum="€1,200" player="Gfs1505" no="7" type="15"/>
   <action sum="€1,200" player="VelhoJavali" no="8" type="15"/>
   <action sum="€6,000" player="PoxreMan" no="9" type="1"/>
   <action sum="€12,000" player="ArturInso" no="10" type="2"/>
  </round>
 </game>
 <game gamecode="11591638854">
  <general>
   <players>
    <player reg_code="" name="Davideriksso" seat="2" dealer="0" chips="635,670"/>
    <player reg_code="" name="PachooHerrera" seat="4" dealer="0" chips="247,936"/>
    <player reg_code="" name="FightThaPower1" seat="5" dealer="0" chips="174,244"/>
    <player reg_code="8412658291" name="Gfs1505" seat="6" dealer="0" chips="306,102"/>
    <player reg_code="" name="VelhoJavali" seat="7" dealer="0" chips="434,022"/>
    <player reg_code="" name="PoxreMan" seat="9" dealer="1" chips="813,426"/>
    <player reg_code="" name="ArturInso" seat="10" dealer="0" chips="1,599,838"/>
   </players>
  </general>
  <round no="0">
   <action sum="€1,200" player="ArturInso" no="1" type="15"/>
   <action sum="€1,200" player="Davideriksso" no="2" type="15"/>
   <action sum="€1,200" player="PachooHerrera" no="3" type="15"/>
   <action sum="€1,200" player="FightThaPower1" no="4" type="15"/>
   <action sum="€1,200" player="Gfs1505" no="5" type="15"/>
   <action sum="€1,200" player="VelhoJavali" no="6" type="15"/>
   <action sum="€1,200" player="PoxreMan" no="7" type="15"/>
   <action sum="€6,000" player="ArturInso" no="8" type="1"/>
   <action sum="€12,000" player="Davideriksso" no="9" type="2"/>
  </round>
 </game>
 <game gamecode="11591638876">
  <general>
   <players>
    <player reg_code="" name="Davideriksso" seat="2" dealer="0" chips="622,470"/>
    <player reg_code="" name="PachooHerrera" seat="4" dealer="0" chips="246,736"/>
    <player reg_code="" name="FightThaPower1" seat="5" dealer="0" chips="173,044"/>
    <player reg_code="8412658291" name="Gfs1505" seat="6" dealer="0" chips="397,302"/>
    <player reg_code="" name="VelhoJavali" seat="7" dealer="0" chips="432,822"/>
    <player reg_code="" name="PoxreMan" seat="9" dealer="0" chips="812,226"/>
    <player reg_code="" name="ArturInso" seat="10" dealer="1" chips="1,526,638"/>
   </players>
  </general>
  <round no="0">
   <action sum="€1,200" player="Davideriksso" no="1" type="15"/>
   <action sum="€1,200" player="PachooHerrera" no="2" type="15"/>
   <action sum="€1,200" player="FightThaPower1" no="3" type="15"/>
   <action sum="€1,200" player="Gfs1505" no="4" type="15"/>
   <action sum="€1,200" player="VelhoJavali" no="5" type="15"/>
   <action sum="€1,200" player="PoxreMan" no="6" type="15"/>
   <action sum="€1,200" player="ArturInso" no="7" type="15"/>
   <action sum="€6,000" player="Davideriksso" no="8" type="1"/>
   <action sum="€12,000" player="PachooHerrera" no="9" type="2"/>
  </round>
 </game>
 <game gamecode="11591638905">
  <general>
   <players>
    <player reg_code="" name="Adxxy" seat="1" dealer="0" chips="200,000"/>
    <player reg_code="" name="Davideriksso" seat="2" dealer="1" chips="615,270"/>
    <player reg_code="" name="FightThaPower1" seat="5" dealer="0" chips="171,844"/>
    <player reg_code="8412658291" name="Gfs1505" seat="6" dealer="0" chips="396,102"/>
    <player reg_code="" name="VelhoJavali" seat="7" dealer="0" chips="431,622"/>
    <player reg_code="" name="PoxreMan" seat="9" dealer="0" chips="1,070,962"/>
    <player reg_code="" name="ArturInso" seat="10" dealer="0" chips="1,525,438"/>
   </players>
  </general>
  <round no="0">
   <action sum="€1,200" player="FightThaPower1" no="1" type="15"/>
   <action sum="€1,200" player="Gfs1505" no="2" type="15"/>
   <action sum="€1,200" player="VelhoJavali" no="3" type="15"/>
   <action sum="€1,200" player="PoxreMan" no="4" type="15"/>
   <action sum="€1,200" player="ArturInso" no="5" type="15"/>
   <action sum="€1,200" player="Adxxy" no="6" type="15"/>
   <action sum="€1,200" player="Davideriksso" no="7" type="15"/>
   <action sum="€12,000" player="FightThaPower1" no="8" type="2"/>
  </round>
 </game>
 <game gamecode="11591638924">
  <general>
   <players>
    <player reg_code="" name="Adxxy" seat="1" dealer="0" chips="198,800"/>
    <player reg_code="" name="Davideriksso" seat="2" dealer="0" chips="614,070"/>
    <player reg_code="" name="FightThaPower1" seat="5" dealer="0" chips="179,044"/>
    <player reg_code="8412658291" name="Gfs1505" seat="6" dealer="0" chips="394,902"/>
    <player reg_code="" name="VelhoJavali" seat="7" dealer="0" chips="430,422"/>
    <player reg_code="" name="PoxreMan" seat="9" dealer="0" chips="1,069,762"/>
    <player reg_code="" name="ArturInso" seat="10" dealer="0" chips="1,524,238"/>
   </players>
  </general>
  <round no="0">
   <action sum="€1,200" player="FightThaPower1" no="1" type="15"/>
   <action sum="€1,200" player="Gfs1505" no="2" type="15"/>
   <action sum="€1,200" player="VelhoJavali" no="3" type="15"/>
   <action sum="€1,200" player="PoxreMan" no="4" type="15"/>
   <action sum="€1,200" player="ArturInso" no="5" type="15"/>
   <action sum="€1,200" player="Adxxy" no="6" type="15"/>
   <action sum="€1,200" player="Davideriksso" no="7" type="15"/>
   <action sum="€6,000" player="FightThaPower1" no="8" type="1"/>
   <action sum="€12,000" player="Gfs1505" no="9" type="2"/>
  </round>
 </game>
 <game gamecode="11591638938">
  <general>
   <players>
    <player reg_code="" name="Adxxy" seat="1" dealer="0" chips="197,600"/>
    <player reg_code="" name="Davideriksso" seat="2" dealer="0" chips="639,270"/>
    <player reg_code="" name="FightThaPower1" seat="5" dealer="1" chips="171,844"/>
    <player reg_code="8412658291" name="Gfs1505" seat="6" dealer="0" chips="381,702"/>
    <player reg_code="" name="VelhoJavali" seat="7" dealer="0" chips="429,222"/>
    <player reg_code="" name="PoxreMan" seat="9" dealer="0" chips="1,068,562"/>
    <player reg_code="" name="ArturInso" seat="10" dealer="0" chips="1,523,038"/>
   </players>
  </general>
  <round no="0">
   <action sum="€1,200" player="Gfs1505" no="1" type="15"/>
   <action sum="€1,200" player="VelhoJavali" no="2" type="15"/>
   <action sum="€1,200" player="PoxreMan" no="3" type="15"/>
   <action sum="€1,200" player="ArturInso" no="4" type="15"/>
   <action sum="€1,200" player="Adxxy" no="5" type="15"/>
   <action sum="€1,200" player="Davideriksso" no="6" type="15"/>
   <action sum="€1,200" player="FightThaPower1" no="7" type="15"/>
   <action sum="€6,000" player="Gfs1505" no="8" type="1"/>
   <action sum="€12,000" player="VelhoJavali" no="9" type="2"/>
  </round>
 </game>
 <game gamecode="11591638960">
  <general>
   <players>
    <player reg_code="" name="Adxxy" seat="1" dealer="0" chips="196,400"/>
    <player reg_code="" name="Davideriksso" seat="2" dealer="0" chips="638,070"/>
    <player reg_code="" name="PRizek" seat="4" dealer="0" chips="200,000"/>
    <player reg_code="8412658291" name="Gfs1505" seat="6" dealer="1" chips="374,502"/>
    <player reg_code="" name="VelhoJavali" seat="7" dealer="0" chips="613,066"/>
    <player reg_code="" name="PoxreMan" seat="9" dealer="0" chips="1,067,362"/>
    <player reg_code="" name="ArturInso" seat="10" dealer="0" chips="1,521,838"/>
   </players>
  </general>
  <round no="0">
   <action sum="€1,200" player="VelhoJavali" no="1" type="15"/>
   <action sum="€1,200" player="PoxreMan" no="2" type="15"/>
   <action sum="€1,200" player="ArturInso" no="3" type="15"/>
   <action sum="€1,200" player="Adxxy" no="4" type="15"/>
   <action sum="€1,200" player="Davideriksso" no="5" type="15"/>
   <action sum="€1,200" player="PRizek" no="6" type="15"/>
   <action sum="€1,200" player="Gfs1505" no="7" type="15"/>
   <action sum="€6,000" player="VelhoJavali" no="8" type="1"/>
   <action sum="€12,000" player="PoxreMan" no="9" type="2"/>
  </round>
 </game>
 <game gamecode="11591638979">
  <general>
   <players>
    <player reg_code="" name="Adxxy" seat="1" dealer="0" chips="195,200"/>
    <player reg_code="" name="Davideriksso" seat="2" dealer="0" chips="636,870"/>
    <player reg_code="" name="PRizek" seat="4" dealer="0" chips="237,200"/>
    <player reg_code="" name="hungerartist" seat="5" dealer="0" chips="178,903"/>
    <player reg_code="8412658291" name="Gfs1505" seat="6" dealer="0" chips="373,302"/>
    <player reg_code="" name="VelhoJavali" seat="7" dealer="1" chips="605,866"/>
    <player reg_code="" name="PoxreMan" seat="9" dealer="0" chips="1,042,162"/>
    <player reg_code="" name="ArturInso" seat="10" dealer="0" chips="1,520,638"/>
   </players>
  </general>
  <round no="0">
   <action sum="€1,200" player="PoxreMan" no="1" type="15"/>
   <action sum="€1,200" player="ArturInso" no="2" type="15"/>
   <action sum="€1,200" player="Adxxy" no="3" type="15"/>
   <action sum="€1,200" player="Davideriksso" no="4" type="15"/>
   <action sum="€1,200" player="PRizek" no="5" type="15"/>
   <action sum="€1,200" player="hungerartist" no="6" type="15"/>
   <action sum="€1,200" player="Gfs1505" no="7" type="15"/>
   <action sum="€1,200" player="VelhoJavali" no="8" type="15"/>
   <action sum="€6,000" player="PoxreMan" no="9" type="1"/>
   <action sum="€12,000" player="ArturInso" no="10" type="2"/>
  </round>
 </game>
 <game gamecode="11591639002">
  <general>
   <players>
    <player reg_code="" name="Adxxy" seat="1" dealer="0" chips="194,000"/>
    <player reg_code="" name="Davideriksso" seat="2" dealer="0" chips="635,670"/>
    <player reg_code="" name="PRizek" seat="4" dealer="0" chips="236,000"/>
    <player reg_code="" name="hungerartist" seat="5" dealer="0" chips="177,703"/>
    <player reg_code="8412658291" name="Gfs1505" seat="6" dealer="0" chips="336,102"/>
    <player reg_code="" name="VelhoJavali" seat="7" dealer="0" chips="604,666"/>
    <player reg_code="" name="PoxreMan" seat="9" dealer="1" chips="1,034,962"/>
    <player reg_code="" name="ArturInso" seat="10" dealer="0" chips="1,571,038"/>
   </players>
  </general>
  <round no="0">
   <action sum="€1,200" player="ArturInso" no="1" type="15"/>
   <action sum="€1,200" player="Adxxy" no="2" type="15"/>
   <action sum="€1,200" player="Davideriksso" no="3" type="15"/>
   <action sum="€1,200" player="PRizek" no="4" type="15"/>
   <action sum="€1,200" player="hungerartist" no="5" type="15"/>
   <action sum="€1,200" player="Gfs1505" no="6" type="15"/>
   <action sum="€1,200" player="VelhoJavali" no="7" type="15"/>
   <action sum="€1,200" player="PoxreMan" no="8" type="15"/>
   <action sum="€6,000" player="ArturInso" no="9" type="1"/>
   <action sum="€12,000" player="Adxxy" no="10" type="2"/>
  </round>
 </game>
 <game gamecode="11591670770">
  <general>
   <players>
    <player reg_code="" name="Adxxy" seat="1" dealer="0" chips="446,224"/>
    <player reg_code="" name="Davideriksso" seat="2" dealer="0" chips="634,470"/>
    <player reg_code="" name="PRizek" seat="4" dealer="0" chips="42,000"/>
    <player reg_code="" name="hungerartist" seat="5" dealer="0" chips="176,503"/>
    <player reg_code="8412658291" name="Gfs1505" seat="6" dealer="0" chips="334,902"/>
    <player reg_code="" name="VelhoJavali" seat="7" dealer="0" chips="558,442"/>
    <player reg_code="" name="PoxreMan" seat="9" dealer="0" chips="1,033,762"/>
    <player reg_code="" name="ArturInso" seat="10" dealer="1" chips="1,563,838"/>
   </players>
  </general>
  <round no="0">
   <action sum="€1,600" player="Adxxy" no="1" type="15"/>
   <action sum="€1,600" player="Davideriksso" no="2" type="15"/>
   <action sum="€1,600" player="PRizek" no="3" type="15"/>
   <action sum="€1,600" player="hungerartist" no="4" type="15"/>
   <action sum="€1,600" player="Gfs1505" no="5" type="15"/>
   <action sum="€1,600" player="VelhoJavali" no="6" type="15"/>
   <action sum="€1,600" player="PoxreMan" no="7" type="15"/>
   <action sum="€1,600" player="ArturInso" no="8" type="15"/>
   <action sum="€8,000" player="Adxxy" no="9" type="1"/>
   <action sum="€16,000" player="Davideriksso" no="10" type="2"/>
  </round>
 </game>
 <game gamecode="11591670793">
  <general>
   <players>
    <player reg_code="" name="Adxxy" seat="1" dealer="1" chips="436,624"/>
    <player reg_code="" name="Davideriksso" seat="2" dealer="0" chips="616,870"/>
    <player reg_code="" name="hungerartist" seat="5" dealer="0" chips="427,006"/>
    <player reg_code="8412658291" name="Gfs1505" seat="6" dealer="0" chips="333,302"/>
    <player reg_code="" name="VelhoJavali" seat="7" dealer="0" chips="381,939"/>
    <player reg_code="" name="PoxreMan" seat="9" dealer="0" chips="1,032,162"/>
    <player reg_code="" name="ArturInso" seat="10" dealer="0" chips="1,562,238"/>
   </players>
  </general>
  <round no="0">
   <action sum="€1,600" player="Davideriksso" no="1" type="15"/>
   <action sum="€1,600" player="hungerartist" no="2" type="15"/>
   <action sum="€1,600" player="Gfs1505" no="3" type="15"/>
   <action sum="€1,600" player="VelhoJavali" no="4" type="15"/>
   <action sum="€1,600" player="PoxreMan" no="5" type="15"/>
   <action sum="€1,600" player="ArturInso" no="6" type="15"/>
   <action sum="€1,600" player="Adxxy" no="7" type="15"/>
   <action sum="€8,000" player="Davideriksso" no="8" type="1"/>
   <action sum="€16,000" player="hungerartist" no="9" type="2"/>
  </round>
 </game>
 <game gamecode="11591670826">
  <general>
   <players>
    <player reg_code="" name="Adxxy" seat="1" dealer="0" chips="435,024"/>
    <player reg_code="" name="Davideriksso" seat="2" dealer="1" chips="607,270"/>
    <player reg_code="" name="Decay291" seat="4" dealer="0" chips="200,000"/>
    <player reg_code="" name="hungerartist" seat="5" dealer="0" chips="476,606"/>
    <player reg_code="8412658291" name="Gfs1505" seat="6" dealer="0" chips="331,702"/>
    <player reg_code="" name="VelhoJavali" seat="7" dealer="0" chips="380,339"/>
    <player reg_code="" name="PoxreMan" seat="9" dealer="0" chips="1,030,562"/>
    <player reg_code="" name="ArturInso" seat="10" dealer="0" chips="1,528,638"/>
   </players>
  </general>
  <round no="0">
   <action sum="€1,600" player="hungerartist" no="1" type="15"/>
   <action sum="€1,600" player="Gfs1505" no="2" type="15"/>
   <action sum="€1,600" player="VelhoJavali" no="3" type="15"/>
   <action sum="€1,600" player="PoxreMan" no="4" type="15"/>
   <action sum="€1,600" player="ArturInso" no="5" type="15"/>
   <action sum="€1,600" player="Adxxy" no="6" type="15"/>
   <action sum="€1,600" player="Davideriksso" no="7" type="15"/>
   <action sum="€8,000" player="hungerartist" no="8" type="1"/>
   <action sum="€16,000" player="Gfs1505" no="9" type="2"/>
  </round>
 </game>
 <game gamecode="11591670852">
  <general>
   <players>
    <player reg_code="" name="Adxxy" seat="1" dealer="0" chips="372,624"/>
    <player reg_code="" name="Davideriksso" seat="2" dealer="0" chips="605,670"/>
    <player reg_code="" name="Decay291" seat="4" dealer="0" chips="200,000"/>
    <player reg_code="" name="hungerartist" seat="5" dealer="1" chips="467,006"/>
    <player reg_code="8412658291" name="Gfs1505" seat="6" dealer="0" chips="470,902"/>
    <player reg_code="" name="VelhoJavali" seat="7" dealer="0" chips="378,739"/>
    <player reg_code="" name="PoxreMan" seat="9" dealer="0" chips="1,028,962"/>
    <player reg_code="" name="ArturInso" seat="10" dealer="0" chips="1,466,238"/>
   </players>
  </general>
  <round no="0">
   <action sum="€1,600" player="Gfs1505" no="1" type="15"/>
   <action sum="€1,600" player="VelhoJavali" no="2" type="15"/>
   <action sum="€1,600" player="PoxreMan" no="3" type="15"/>
   <action sum="€1,600" player="ArturInso" no="4" type="15"/>
   <action sum="€1,600" player="Adxxy" no="5" type="15"/>
   <action sum="€1,600" player="Davideriksso" no="6" type="15"/>
   <action sum="€1,600" player="Decay291" no="7" type="15"/>
   <action sum="€1,600" player="hungerartist" no="8" type="15"/>
   <action sum="€8,000" player="Gfs1505" no="9" type="1"/>
   <action sum="€16,000" player="VelhoJavali" no="10" type="2"/>
  </round>
 </game>
</session>
