<?xml version="1.0" encoding="utf-8"?>
<session sessioncode="8412638148">
 <general>
  <mode>real</mode>
  <gametype>Holdem NL</gametype>
  <tablename>€30 WEDNESDAY ELIMINATOR, 1131330505</tablename>
  <tournamentcurrency>1</tournamentcurrency>
  <currency>USD</currency>
  <nickname>Gfs1505</nickname>
  <buyin>€13.65 + €13.65 + €2.70</buyin>
  <totalbuyin>€16.35</totalbuyin>
 </general>
 <game gamecode="11591467847">
  <general>
   <players>
    <player reg_code="" name="minniemon" seat="1" dealer="0" chips="88,467"/>
    <player reg_code="8412638148" name="Gfs1505" seat="2" dealer="0" chips="100,000"/>
    <player reg_code="" name="BigMikeSP" seat="4" dealer="1" chips="68,883"/>
    <player reg_code="" name="n1nord1" seat="5" dealer="0" chips="87,138"/>
    <player reg_code="" name="senovroc" seat="6" dealer="0" chips="86,855"/>
    <player reg_code="" name="Redfish1953" seat="7" dealer="0" chips="152,949"/>
    <player reg_code="" name="megashamas" seat="9" dealer="0" chips="239,674"/>
    <player reg_code="" name="jardis58" seat="10" dealer="0" chips="129,691"/>
   </players>
  </general>
  <round no="0">
   <action sum="€200" player="n1nord1" no="1" type="15"/>
   <action sum="€200" player="senovroc" no="2" type="15"/>
   <action sum="€200" player="Redfish1953" no="3" type="15"/>
   <action sum="€200" player="megashamas" no="4" type="15"/>
   <action sum="€200" player="jardis58" no="5" type="15"/>
   <action sum="€200" player="minniemon" no="6" type="15"/>
   <action sum="€200" player="Gfs1505" no="7" type="15"/>
   <action sum="€200" player="BigMikeSP" no="8" type="15"/>
   <action sum="€700" player="n1nord1" no="9" type="1"/>
   <action sum="€1,400" player="senovroc" no="10" type="2"/>
  </round>
 </game>
 <game gamecode="11591500113">
  <general>
   <players>
    <player reg_code="" name="minniemon" seat="1" dealer="0" chips="88,267"/>
    <player reg_code="8412638148" name="Gfs1505" seat="2" dealer="0" chips="99,800"/>
    <player reg_code="" name="BigMikeSP" seat="4" dealer="0" chips="100,383"/>
    <player reg_code="" name="n1nord1" seat="5" dealer="1" chips="86,238"/>
    <player reg_code="" name="senovroc" seat="6" dealer="0" chips="85,255"/>
    <player reg_code="" name="Redfish1953" seat="7" dealer="0" chips="152,749"/>
    <player reg_code="" name="megashamas" seat="9" dealer="0" chips="239,474"/>
    <player reg_code="" name="jardis58" seat="10" dealer="0" chips="101,491"/>
   </players>
  </general>
  <round no="0">
   <action sum="€200" player="senovroc" no="1" type="15"/>
   <action sum="€200" player="Redfish1953" no="2" type="15"/>
   <action sum="€200" player="megashamas" no="3" type="15"/>
   <action sum="€200" player="jardis58" no="4" type="15"/>
   <action sum="€200" player="minniemon" no="5" type="15"/>
   <action sum="€200" player="Gfs1505" no="6" type="15"/>
   <action sum="€200" player="BigMikeSP" no="7" type="15"/>
   <action sum="€200" player="n1nord1" no="8" type="15"/>
   <action sum="€700" player="senovroc" no="9" type="1"/>
   <action sum="€1,400" player="Redfish1953" no="10" type="2"/>
  </round>
 </game>
 <game gamecode="11591500200">
  <general>
   <players>
    <player reg_code="" name="minniemon" seat="1" dealer="0" chips="88,067"/>
    <player reg_code="8412638148" name="Gfs1505" seat="2" dealer="0" chips="99,600"/>
    <player reg_code="" name="BigMikeSP" seat="4" dealer="0" chips="100,183"/>
    <player reg_code="" name="n1nord1" seat="5" dealer="0" chips="131,262"/>
    <player reg_code="" name="senovroc" seat="6" dealer="1" chips="42,831"/>
    <player reg_code="" name="Redfish1953" seat="7" dealer="0" chips="151,149"/>
    <player reg_code="" name="megashamas" seat="9" dealer="0" chips="239,274"/>
    <player reg_code="" name="jardis58" seat="10" dealer="0" chips="101,291"/>
   </players>
  </general>
  <round no="0">
   <action sum="€200" player="Redfish1953" no="1" type="15"/>
   <action sum="€200" player="megashamas" no="2" type="15"/>
   <action sum="€200" player="jardis58" no="3" type="15"/>
   <action sum="€200" player="minniemon" no="4" type="15"/>
   <action sum="€200" player="Gfs1505" no="5" type="15"/>
   <action sum="€200" player="BigMikeSP" no="6" type="15"/>
   <action sum="€200" player="n1nord1" no="7" type="15"/>
   <action sum="€200" player="senovroc" no="8" type="15"/>
   <action sum="€700" player="Redfish1953" no="9" type="1"/>
   <action sum="€1,400" player="megashamas" no="10" type="2"/>
  </round>
 </game>
 <game gamecode="11591500296">
  <general>
   <players>
    <player reg_code="" name="minniemon" seat="1" dealer="0" chips="87,867"/>
    <player reg_code="8412638148" name="Gfs1505" seat="2" dealer="0" chips="99,400"/>
    <player reg_code="" name="BigMikeSP" seat="4" dealer="0" chips="114,207"/>
    <player reg_code="" name="n1nord1" seat="5" dealer="0" chips="131,062"/>
    <player reg_code="" name="senovroc" seat="6" dealer="0" chips="35,607"/>
    <player reg_code="" name="Redfish1953" seat="7" dealer="1" chips="148,149"/>
    <player reg_code="" name="megashamas" seat="9" dealer="0" chips="236,274"/>
    <player reg_code="" name="jardis58" seat="10" dealer="0" chips="101,091"/>
   </players>
  </general>
  <round no="0">
   <action sum="€200" player="megashamas" no="1" type="15"/>
   <action sum="€200" player="jardis58" no="2" type="15"/>
   <action sum="€200" player="minniemon" no="3" type="15"/>
   <action sum="€200" player="Gfs1505" no="4" type="15"/>
   <action sum="€200" player="BigMikeSP" no="5" type="15"/>
   <action sum="€200" player="n1nord1" no="6" type="15"/>
   <action sum="€200" player="senovroc" no="7" type="15"/>
   <action sum="€200" player="Redfish1953" no="8" type="15"/>
   <action sum="€700" player="megashamas" no="9" type="1"/>
   <action sum="€1,400" player="jardis58" no="10" type="2"/>
  </round>
 </game>
 <game gamecode="11591500321">
  <general>
   <players>
    <player reg_code="" name="minniemon" seat="1" dealer="0" chips="87,667"/>
    <player reg_code="8412638148" name="Gfs1505" seat="2" dealer="0" chips="99,200"/>
    <player reg_code="" name="BigMikeSP" seat="4" dealer="0" chips="114,007"/>
    <player reg_code="" name="n1nord1" seat="5" dealer="0" chips="130,862"/>
    <player reg_code="" name="senovroc" seat="6" dealer="0" chips="39,107"/>
    <player reg_code="" name="Redfish1953" seat="7" dealer="0" chips="147,949"/>
    <player reg_code="" name="megashamas" seat="9" dealer="1" chips="235,374"/>
    <player reg_code="" name="jardis58" seat="10" dealer="0" chips="99,491"/>
   </players>
  </general>
  <round no="0">
   <action sum="€200" player="jardis58" no="1" type="15"/>
   <action sum="€200" player="minniemon" no="2" type="15"/>
   <action sum="€200" player="Gfs1505" no="3" type="15"/>
   <action sum="€200" player="BigMikeSP" no="4" type="15"/>
   <action sum="€200" player="n1nord1" no="5" type="15"/>
   <action sum="€200" player="senovroc" no="6" type="15"/>
   <action sum="€200" player="Redfish1953" no="7" type="15"/>
   <action sum="€200" player="megashamas" no="8" type="15"/>
   <action sum="€700" player="jardis58" no="9" type="1"/>
   <action sum="€1,400" player="minniemon" no="10" type="2"/>
  </round>
 </game>
 <game gamecode="11591500350">
  <general>
   <players>
    <player reg_code="" name="minniemon" seat="1" dealer="0" chips="84,667"/>
    <player reg_code="8412638148" name="Gfs1505" seat="2" dealer="0" chips="104,100"/>
    <player reg_code="" name="BigMikeSP" seat="4" dealer="0" chips="113,807"/>
    <player reg_code="" name="n1nord1" seat="5" dealer="0" chips="130,662"/>
    <player reg_code="" name="senovroc" seat="6" dealer="0" chips="38,907"/>
    <player reg_code="" name="Redfish1953" seat="7" dealer="0" chips="147,749"/>
    <player reg_code="" name="megashamas" seat="9" dealer="0" chips="235,174"/>
    <player reg_code="" name="jardis58" seat="10" dealer="1" chips="98,591"/>
   </players>
  </general>
  <round no="0">
   <action sum="€200" player="minniemon" no="1" type="15"/>
   <action sum="€200" player="Gfs1505" no="2" type="15"/>
   <action sum="€200" player="BigMikeSP" no="3" type="15"/>
   <action sum="€200" player="n1nord1" no="4" type="15"/>
   <action sum="€200" player="senovroc" no="5" type="15"/>
   <action sum="€200" player="Redfish1953" no="6" type="15"/>
   <action sum="€200" player="megashamas" no="7" type="15"/>
   <action sum="€200" player="jardis58" no="8" type="15"/>
   <action sum="€700" player="minniemon" no="9" type="1"/>
   <action sum="€1,400" player="Gfs1505" no="10" type="2"/>
  </round>
 </game>
 <game gamecode="11591500421">
  <general>
   <players>
    <player reg_code="" name="minniemon" seat="1" dealer="1" chips="83,767"/>
    <player reg_code="8412638148" name="Gfs1505" seat="2" dealer="0" chips="116,168"/>
    <player reg_code="" name="BigMikeSP" seat="4" dealer="0" chips="113,607"/>
    <player reg_code="" name="n1nord1" seat="5" dealer="0" chips="123,574"/>
    <player reg_code="" name="senovroc" seat="6" dealer="0" chips="38,707"/>
    <player reg_code="" name="Redfish1953" seat="7" dealer="0" chips="147,549"/>
    <player reg_code="" name="megashamas" seat="9" dealer="0" chips="231,894"/>
    <player reg_code="" name="jardis58" seat="10" dealer="0" chips="98,391"/>
   </players>
  </general>
  <round no="0">
   <action sum="€200" player="Gfs1505" no="1" type="15"/>
   <action sum="€200" player="BigMikeSP" no="2" type="15"/>
   <action sum="€200" player="n1nord1" no="3" type="15"/>
   <action sum="€200" player="senovroc" no="4" type="15"/>
   <action sum="€200" player="Redfish1953" no="5" type="15"/>
   <action sum="€200" player="megashamas" no="6" type="15"/>
   <action sum="€200" player="jardis58" no="7" type="15"/>
   <action sum="€200" player="minniemon" no="8" type="15"/>
   <action sum="€700" player="Gfs1505" no="9" type="1"/>
   <action sum="€1,400" player="BigMikeSP" no="10" type="2"/>
  </round>
 </game>
 <game gamecode="11591500479">
  <general>
   <players>
    <player reg_code="" name="minniemon" seat="1" dealer="0" chips="73,067"/>
    <player reg_code="8412638148" name="Gfs1505" seat="2" dealer="1" chips="115,268"/>
    <player reg_code="" name="BigMikeSP" seat="4" dealer="0" chips="109,907"/>
    <player reg_code="" name="n1nord1" seat="5" dealer="0" chips="123,374"/>
    <player reg_code="" name="senovroc" seat="6" dealer="0" chips="38,507"/>
    <player reg_code="" name="Redfish1953" seat="7" dealer="0" chips="147,349"/>
    <player reg_code="" name="megashamas" seat="9" dealer="0" chips="247,994"/>
    <player reg_code="" name="jardis58" seat="10" dealer="0" chips="98,191"/>
   </players>
  </general>
  <round no="0">
   <action sum="€200" player="BigMikeSP" no="1" type="15"/>
   <action sum="€200" player="n1nord1" no="2" type="15"/>
   <action sum="€200" player="senovroc" no="3" type="15"/>
   <action sum="€200" player="Redfish1953" no="4" type="15"/>
   <action sum="€200" player="megashamas" no="5" type="15"/>
   <action sum="€200" player="jardis58" no="6" type="15"/>
   <action sum="€200" player="minniemon" no="7" type="15"/>
   <action sum="€200" player="Gfs1505" no="8" type="15"/>
   <action sum="€700" player="BigMikeSP" no="9" type="1"/>
   <action sum="€1,400" player="n1nord1" no="10" type="2"/>
  </round>
 </game>
 <game gamecode="11591500519">
  <general>
   <players>
    <player reg_code="" name="minniemon" seat="1" dealer="0" chips="72,867"/>
    <player reg_code="8412638148" name="Gfs1505" seat="2" dealer="0" chips="115,068"/>
    <player reg_code="" name="BigMikeSP" seat="4" dealer="1" chips="109,007"/>
    <player reg_code="" name="n1nord1" seat="5" dealer="0" chips="121,774"/>
    <player reg_code="" name="senovroc" seat="6" dealer="0" chips="35,507"/>
    <player reg_code="" name="Redfish1953" seat="7" dealer="0" chips="153,649"/>
    <player reg_code="" name="megashamas" seat="9" dealer="0" chips="247,794"/>
    <player reg_code="" name="jardis58" seat="10" dealer="0" chips="97,991"/>
   </players>
  </general>
  <round no="0">
   <action sum="€200" player="n1nord1" no="1" type="15"/>
   <action sum="€200" player="senovroc" no="2" type="15"/>
   <action sum="€200" player="Redfish1953" no="3" type="15"/>
   <action sum="€200" player="megashamas" no="4" type="15"/>
   <action sum="€200" player="jardis58" no="5" type="15"/>
   <action sum="€200" player="minniemon" no="6" type="15"/>
   <action sum="€200" player="Gfs1505" no="7" type="15"/>
   <action sum="€200" player="BigMikeSP" no="8" type="15"/>
   <action sum="€700" player="n1nord1" no="9" type="1"/>
   <action sum="€1,400" player="senovroc" no="10" type="2"/>
  </round>
 </game>
 <game gamecode="11591500567">
  <general>
   <players>
    <player reg_code="" name="minniemon" seat="1" dealer="0" chips="72,667"/>
    <player reg_code="8412638148" name="Gfs1505" seat="2" dealer="0" chips="122,068"/>
    <player reg_code="" name="BigMikeSP" seat="4" dealer="0" chips="108,807"/>
    <player reg_code="" name="n1nord1" seat="5" dealer="1" chips="120,874"/>
    <player reg_code="" name="senovroc" seat="6" dealer="0" chips="30,407"/>
    <player reg_code="" name="Redfish1953" seat="7" dealer="0" chips="153,449"/>
    <player reg_code="" name="megashamas" seat="9" dealer="0" chips="247,594"/>
    <player reg_code="" name="jardis58" seat="10" dealer="0" chips="97,791"/>
   </players>
  </general>
  <round no="0">
   <action sum="€250" player="senovroc" no="1" type="15"/>
   <action sum="€250" player="Redfish1953" no="2" type="15"/>
   <action sum="€250" player="megashamas" no="3" type="15"/>
   <action sum="€250" player="jardis58" no="4" type="15"/>
   <action sum="€250" player="minniemon" no="5" type="15"/>
   <action sum="€250" player="Gfs1505" no="6" type="15"/>
   <action sum="€250" player="BigMikeSP" no="7" type="15"/>
   <action sum="€250" player="n1nord1" no="8" type="15"/>
   <action sum="€800" player="senovroc" no="9" type="1"/>
   <action sum="€1,600" player="Redfish1953" no="10" type="2"/>
  </round>
 </game>
 <game gamecode="11591500608">
  <general>
   <players>
    <player reg_code="" name="minniemon" seat="1" dealer="0" chips="69,217"/>
    <player reg_code="8412638148" name="Gfs1505" seat="2" dealer="0" chips="121,818"/>
    <player reg_code="" name="BigMikeSP" seat="4" dealer="0" chips="108,557"/>
    <player reg_code="" name="n1nord1" seat="5" dealer="0" chips="120,624"/>
    <player reg_code="" name="senovroc" seat="6" dealer="1" chips="29,357"/>
    <player reg_code="" name="Redfish1953" seat="7" dealer="0" chips="159,199"/>
    <player reg_code="" name="megashamas" seat="9" dealer="0" chips="247,344"/>
    <player reg_code="" name="jardis58" seat="10" dealer="0" chips="97,541"/>
   </players>
  </general>
  <round no="0">
   <action sum="€250" player="Redfish1953" no="1" type="15"/>
   <action sum="€250" player="megashamas" no="2" type="15"/>
   <action sum="€250" player="jardis58" no="3" type="15"/>
   <action sum="€250" player="minniemon" no="4" type="15"/>
   <action sum="€250" player="Gfs1505" no="5" type="15"/>
   <action sum="€250" player="BigMikeSP" no="6" type="15"/>
   <action sum="€250" player="n1nord1" no="7" type="15"/>
   <action sum="€250" player="senovroc" no="8" type="15"/>
   <action sum="€800" player="Redfish1953" no="9" type="1"/>
   <action sum="€1,600" player="megashamas" no="10" type="2"/>
  </round>
 </game>
 <game gamecode="11591500663">
  <general>
   <players>
    <player reg_code="" name="minniemon" seat="1" dealer="0" chips="141,534"/>
    <player reg_code="8412638148" name="Gfs1505" seat="2" dealer="0" chips="121,568"/>
    <player reg_code="" name="BigMikeSP" seat="4" dealer="0" chips="108,307"/>
    <player reg_code="" name="n1nord1" seat="5" dealer="0" chips="120,374"/>
    <player reg_code="" name="senovroc" seat="6" dealer="0" chips="29,107"/>
    <player reg_code="" name="Redfish1953" seat="7" dealer="1" chips="89,982"/>
    <player reg_code="" name="megashamas" seat="9" dealer="0" chips="245,494"/>
    <player reg_code="" name="jardis58" seat="10" dealer="0" chips="97,291"/>
   </players>
  </general>
  <round no="0">
   <action sum="€250" player="megashamas" no="1" type="15"/>
   <action sum="€250" player="jardis58" no="2" type="15"/>
   <action sum="€250" player="minniemon" no="3" type="15"/>
   <action sum="€250" player="Gfs1505" no="4" type="15"/>
   <action sum="€250" player="BigMikeSP" no="5" type="15"/>
   <action sum="€250" player="n1nord1" no="6" type="15"/>
   <action sum="€250" player="senovroc" no="7" type="15"/>
   <action sum="€250" player="Redfish1953" no="8" type="15"/>
   <action sum="€800" player="megashamas" no="9" type="1"/>
   <action sum="€1,600" player="jardis58" no="10" type="2"/>
  </round>
 </game>
 <game gamecode="11591523662">
  <general>
   <players>
    <player reg_code="" name="minniemon" seat="1" dealer="0" chips="141,284"/>
    <player reg_code="8412638148" name="Gfs1505" seat="2" dealer="0" chips="121,318"/>
    <player reg_code="" name="BigMikeSP" seat="4" dealer="0" chips="108,057"/>
    <player reg_code="" name="n1nord1" seat="5" dealer="0" chips="120,124"/>
    <player reg_code="" name="senovroc" seat="6" dealer="0" chips="28,857"/>
    <player reg_code="" name="Redfish1953" seat="7" dealer="0" chips="58,880"/>
    <player reg_code="" name="megashamas" seat="9" dealer="1" chips="244,444"/>
    <player reg_code="" name="jardis58" seat="10" dealer="0" chips="130,693"/>
   </players>
  </general>
  <round no="0">
   <action sum="€250" player="jardis58" no="1" type="15"/>
   <action sum="€250" player="minniemon" no="2" type="15"/>
   <action sum="€250" player="Gfs1505" no="3" type="15"/>
   <action sum="€250" player="BigMikeSP" no="4" type="15"/>
   <action sum="€250" player="n1nord1" no="5" type="15"/>
   <action sum="€250" player="senovroc" no="6" type="15"/>
   <action sum="€250" player="Redfish1953" no="7" type="15"/>
   <action sum="€250" player="megashamas" no="8" type="15"/>
   <action sum="€800" player="jardis58" no="9" type="1"/>
   <action sum="€1,600" player="minniemon" no="10" type="2"/>
  </round>
 </game>
 <game gamecode="11591523717">
  <general>
   <players>
    <player reg_code="" name="minniemon" seat="1" dealer="0" chips="139,434"/>
    <player reg_code="8412638148" name="Gfs1505" seat="2" dealer="0" chips="121,068"/>
    <player reg_code="" name="BigMikeSP" seat="4" dealer="0" chips="107,807"/>
    <player reg_code="" name="n1nord1" seat="5" dealer="0" chips="119,874"/>
    <player reg_code="" name="senovroc" seat="6" dealer="0" chips="28,607"/>
    <player reg_code="" name="Redfish1953" seat="7" dealer="0" chips="63,030"/>
    <player reg_code="" name="megashamas" seat="9" dealer="0" chips="244,194"/>
    <player reg_code="" name="jardis58" seat="10" dealer="1" chips="129,643"/>
   </players>
  </general>
  <round no="0">
   <action sum="€250" player="minniemon" no="1" type="15"/>
   <action sum="€250" player="Gfs1505" no="2" type="15"/>
   <action sum="€250" player="BigMikeSP" no="3" type="15"/>
   <action sum="€250" player="n1nord1" no="4" type="15"/>
   <action sum="€250" player="senovroc" no="5" type="15"/>
   <action sum="€250" player="Redfish1953" no="6" type="15"/>
   <action sum="€250" player="megashamas" no="7" type="15"/>
   <action sum="€250" player="jardis58" no="8" type="15"/>
   <action sum="€800" player="minniemon" no="9" type="1"/>
   <action sum="€1,600" player="Gfs1505" no="10" type="2"/>
  </round>
 </game>
 <game gamecode="11591523765">
  <general>
   <players>
    <player reg_code="" name="minniemon" seat="1" dealer="1" chips="138,384"/>
    <player reg_code="8412638148" name="Gfs1505" seat="2" dealer="0" chips="126,818"/>
    <player reg_code="" name="BigMikeSP" seat="4" dealer="0" chips="107,557"/>
    <player reg_code="" name="n1nord1" seat="5" dealer="0" chips="119,624"/>
    <player reg_code="" name="senovroc" seat="6" dealer="0" chips="28,357"/>
    <player reg_code="" name="Redfish1953" seat="7" dealer="0" chips="62,780"/>
    <player reg_code="" name="megashamas" seat="9" dealer="0" chips="243,944"/>
    <player reg_code="" name="jardis58" seat="10" dealer="0" chips="126,193"/>
   </players>
  </general>
  <round no="0">
   <action sum="€250" player="Gfs1505" no="1" type="15"/>
   <action sum="€250" player="BigMikeSP" no="2" type="15"/>
   <action sum="€250" player="n1nord1" no="3" type="15"/>
   <action sum="€250" player="senovroc" no="4" type="15"/>
   <action sum="€250" player="Redfish1953" no="5" type="15"/>
   <action sum="€250" player="megashamas" no="6" type="15"/>
   <action sum="€250" player="jardis58" no="7" type="15"/>
   <action sum="€250" player="minniemon" no="8" type="15"/>
   <action sum="€800" player="Gfs1505" no="9" type="1"/>
   <action sum="€1,600" player="BigMikeSP" no="10" type="2"/>
  </round>
 </game>
 <game gamecode="11591523802">
  <general>
   <players>
    <player reg_code="" name="minniemon" seat="1" dealer="0" chips="138,134"/>
    <player reg_code="8412638148" name="Gfs1505" seat="2" dealer="1" chips="130,168"/>
    <player reg_code="" name="BigMikeSP" seat="4" dealer="0" chips="105,707"/>
    <player reg_code="" name="n1nord1" seat="5" dealer="0" chips="119,374"/>
    <player reg_code="" name="senovroc" seat="6" dealer="0" chips="28,107"/>
    <player reg_code="" name="Redfish1953" seat="7" dealer="0" chips="62,530"/>
    <player reg_code="" name="megashamas" seat="9" dealer="0" chips="243,694"/>
    <player reg_code="" name="jardis58" seat="10" dealer="0" chips="125,943"/>
   </players>
  </general>
  <round no="0">
   <action sum="€250" player="BigMikeSP" no="1" type="15"/>
   <action sum="€250" player="n1nord1" no="2" type="15"/>
   <action sum="€250" player="senovroc" no="3" type="15"/>
   <action sum="€250" player="Redfish1953" no="4" type="15"/>
   <action sum="€250" player="megashamas" no="5" type="15"/>
   <action sum="€250" player="jardis58" no="6" type="15"/>
   <action sum="€250" player="minniemon" no="7" type="15"/>
   <action sum="€250" player="Gfs1505" no="8" type="15"/>
   <action sum="€800" player="BigMikeSP" no="9" type="1"/>
   <action sum="€1,600" player="n1nord1" no="10" type="2"/>
  </round>
 </game>
 <game gamecode="11591523902">
  <general>
   <players>
    <player reg_code="" name="minniemon" seat="1" dealer="0" chips="137,884"/>
    <player reg_code="8412638148" name="Gfs1505" seat="2" dealer="0" chips="129,918"/>
    <player reg_code="" name="BigMikeSP" seat="4" dealer="1" chips="93,457"/>
    <player reg_code="" name="n1nord1" seat="5" dealer="0" chips="115,124"/>
    <player reg_code="" name="senovroc" seat="6" dealer="0" chips="27,857"/>
    <player reg_code="" name="Redfish1953" seat="7" dealer="0" chips="62,280"/>
    <player reg_code="" name="megashamas" seat="9" dealer="0" chips="261,444"/>
    <player reg_code="" name="jardis58" seat="10" dealer="0" chips="125,693"/>
   </players>
  </general>
  <round no="0">
   <action sum="€250" player="n1nord1" no="1" type="15"/>
   <action sum="€250" player="senovroc" no="2" type="15"/>
   <action sum="€250" player="Redfish1953" no="3" type="15"/>
   <action sum="€250" player="megashamas" no="4" type="15"/>
   <action sum="€250" player="jardis58" no="5" type="15"/>
   <action sum="€250" player="minniemon" no="6" type="15"/>
   <action sum="€250" player="Gfs1505" no="7" type="15"/>
   <action sum="€250" player="BigMikeSP" no="8" type="15"/>
   <action sum="€800" player="n1nord1" no="9" type="1"/>
   <action sum="€1,600" player="senovroc" no="10" type="2"/>
  </round>
 </game>
 <game gamecode="11591523981">
  <general>
   <players>
    <player reg_code="" name="minniemon" seat="1" dealer="0" chips="137,634"/>
    <player reg_code="8412638148" name="Gfs1505" seat="2" dealer="0" chips="129,668"/>
    <player reg_code="" name="BigMikeSP" seat="4" dealer="0" chips="86,971"/>
    <player reg_code="" name="n1nord1" seat="5" dealer="1" chips="114,074"/>
    <player reg_code="" name="senovroc" seat="6" dealer="0" chips="36,643"/>
    <player reg_code="" name="Redfish1953" seat="7" dealer="0" chips="62,030"/>
    <player reg_code="" name="megashamas" seat="9" dealer="0" chips="261,194"/>
    <player reg_code="" name="jardis58" seat="10" dealer="0" chips="125,443"/>
   </players>
  </general>
  <round no="0">
   <action sum="€250" player="senovroc" no="1" type="15"/>
   <action sum="€250" player="Redfish1953" no="2" type="15"/>
   <action sum="€250" player="megashamas" no="3" type="15"/>
   <action sum="€250" player="jardis58" no="4" type="15"/>
   <action sum="€250" player="minniemon" no="5" type="15"/>
   <action sum="€250" player="Gfs1505" no="6" type="15"/>
   <action sum="€250" player="BigMikeSP" no="7" type="15"/>
   <action sum="€250" player="n1nord1" no="8" type="15"/>
   <action sum="€800" player="senovroc" no="9" type="1"/>
   <action sum="€1,600" player="Redfish1953" no="10" type="2"/>
  </round>
 </game>
 <game gamecode="11591524047">
  <general>
   <players>
    <player reg_code="" name="minniemon" seat="1" dealer="0" chips="137,384"/>
    <player reg_code="8412638148" name="Gfs1505" seat="2" dealer="0" chips="129,418"/>
    <player reg_code="" name="BigMikeSP" seat="4" dealer="0" chips="86,721"/>
    <player reg_code="" name="n1nord1" seat="5" dealer="0" chips="113,824"/>
    <player reg_code="" name="senovroc" seat="6" dealer="1" chips="39,993"/>
    <player reg_code="" name="Redfish1953" seat="7" dealer="0" chips="60,180"/>
    <player reg_code="" name="megashamas" seat="9" dealer="0" chips="260,944"/>
    <player reg_code="" name="jardis58" seat="10" dealer="0" chips="125,193"/>
   </players>
  </general>
  <round no="0">
   <action sum="€250" player="Redfish1953" no="1" type="15"/>
   <action sum="€250" player="megashamas" no="2" type="15"/>
   <action sum="€250" player="jardis58" no="3" type="15"/>
   <action sum="€250" player="minniemon" no="4" type="15"/>
   <action sum="€250" player="Gfs1505" no="5" type="15"/>
   <action sum="€250" player="BigMikeSP" no="6" type="15"/>
   <action sum="€250" player="n1nord1" no="7" type="15"/>
   <action sum="€250" player="senovroc" no="8" type="15"/>
   <action sum="€800" player="Redfish1953" no="9" type="1"/>
   <action sum="€1,600" player="megashamas" no="10" type="2"/>
  </round>
 </game>
 <game gamecode="11591524132">
  <general>
   <players>
    <player reg_code="" name="minniemon" seat="1" dealer="0" chips="146,334"/>
    <player reg_code="8412638148" name="Gfs1505" seat="2" dealer="0" chips="129,168"/>
    <player reg_code="" name="BigMikeSP" seat="4" dealer="0" chips="86,471"/>
    <player reg_code="" name="n1nord1" seat="5" dealer="0" chips="113,574"/>
    <player reg_code="" name="senovroc" seat="6" dealer="0" chips="39,743"/>
    <player reg_code="" name="Redfish1953" seat="7" dealer="1" chips="59,130"/>
    <player reg_code="" name="megashamas" seat="9" dealer="0" chips="257,494"/>
    <player reg_code="" name="jardis58" seat="10" dealer="0" chips="121,743"/>
   </players>
  </general>
  <round no="0">
   <action sum="€250" player="megashamas" no="1" type="15"/>
   <action sum="€250" player="jardis58" no="2" type="15"/>
   <action sum="€250" player="minniemon" no="3" type="15"/>
   <action sum="€250" player="Gfs1505" no="4" type="15"/>
   <action sum="€250" player="BigMikeSP" no="5" type="15"/>
   <action sum="€250" player="n1nord1" no="6" type="15"/>
   <action sum="€250" player="senovroc" no="7" type="15"/>
   <action sum="€250" player="Redfish1953" no="8" type="15"/>
   <action sum="€800" player="megashamas" no="9" type="1"/>
   <action sum="€1,600" player="jardis58" no="10" type="2"/>
  </round>
 </game>
 <game gamecode="11591524205">
  <general>
   <players>
    <player reg_code="" name="minniemon" seat="1" dealer="0" chips="146,084"/>
    <player reg_code="8412638148" name="Gfs1505" seat="2" dealer="0" chips="128,918"/>
    <player reg_code="" name="BigMikeSP" seat="4" dealer="0" chips="88,421"/>
    <player reg_code="" name="n1nord1" seat="5" dealer="0" chips="115,524"/>
    <player reg_code="" name="senovroc" seat="6" dealer="0" chips="39,493"/>
    <player reg_code="" name="Redfish1953" seat="7" dealer="0" chips="58,880"/>
    <player reg_code="" name="megashamas" seat="9" dealer="1" chips="256,444"/>
    <player reg_code="" name="jardis58" seat="10" dealer="0" chips="119,893"/>
   </players>
  </general>
  <round no="0">
   <action sum="€250" player="jardis58" no="1" type="15"/>
   <action sum="€250" player="minniemon" no="2" type="15"/>
   <action sum="€250" player="Gfs1505" no="3" type="15"/>
   <action sum="€250" player="BigMikeSP" no="4" type="15"/>
   <action sum="€250" player="n1nord1" no="5" type="15"/>
   <action sum="€250" player="senovroc" no="6" type="15"/>
   <action sum="€250" player="Redfish1953" no="7" type="15"/>
   <action sum="€250" player="megashamas" no="8" type="15"/>
   <action sum="€800" player="jardis58" no="9" type="1"/>
   <action sum="€1,600" player="minniemon" no="10" type="2"/>
  </round>
 </game>
 <game gamecode="11591524238">
  <general>
   <players>
    <player reg_code="" name="minniemon" seat="1" dealer="0" chips="144,234"/>
    <player reg_code="8412638148" name="Gfs1505" seat="2" dealer="0" chips="133,068"/>
    <player reg_code="" name="BigMikeSP" seat="4" dealer="0" chips="88,171"/>
    <player reg_code="" name="n1nord1" seat="5" dealer="0" chips="115,274"/>
    <player reg_code="" name="senovroc" seat="6" dealer="0" chips="39,243"/>
    <player reg_code="" name="Redfish1953" seat="7" dealer="0" chips="58,630"/>
    <player reg_code="" name="megashamas" seat="9" dealer="0" chips="256,194"/>
    <player reg_code="" name="jardis58" seat="10" dealer="1" chips="118,843"/>
   </players>
  </general>
  <round no="0">
   <action sum="€250" player="minniemon" no="1" type="15"/>
   <action sum="€250" player="Gfs1505" no="2" type="15"/>
   <action sum="€250" player="BigMikeSP" no="3" type="15"/>
   <action sum="€250" player="n1nord1" no="4" type="15"/>
   <action sum="€250" player="senovroc" no="5" type="15"/>
   <action sum="€250" player="Redfish1953" no="6" type="15"/>
   <action sum="€250" player="megashamas" no="7" type="15"/>
   <action sum="€250" player="jardis58" no="8" type="15"/>
   <action sum="€800" player="minniemon" no="9" type="1"/>
   <action sum="€1,600" player="Gfs1505" no="10" type="2"/>
  </round>
 </game>
 <game gamecode="11591546327">
  <general>
   <players>
    <player reg_code="" name="minniemon" seat="1" dealer="1" chips="222,984"/>
    <player reg_code="8412638148" name="Gfs1505" seat="2" dealer="0" chips="55,818"/>
    <player reg_code="" name="BigMikeSP" seat="4" dealer="0" chips="87,921"/>
    <player reg_code="" name="n1nord1" seat="5" dealer="0" chips="115,024"/>
    <player reg_code="" name="senovroc" seat="6" dealer="0" chips="38,993"/>
    <player reg_code="" name="Redfish1953" seat="7" dealer="0" chips="58,380"/>
    <player reg_code="" name="megashamas" seat="9" dealer="0" chips="255,944"/>
    <player reg_code="" name="jardis58" seat="10" dealer="0" chips="118,593"/>
   </players>
  </general>
  <round no="0">
   <action sum="€250" player="Gfs1505" no="1" type="15"/>
   <action sum="€250" player="BigMikeSP" no="2" type="15"/>
   <action sum="€250" player="n1nord1" no="3" type="15"/>
   <action sum="€250" player="senovroc" no="4" type="15"/>
   <action sum="€250" player="Redfish1953" no="5" type="15"/>
   <action sum="€250" player="megashamas" no="6" type="15"/>
   <action sum="€250" player="jardis58" no="7" type="15"/>
   <action sum="€250" player="minniemon" no="8" type="15"/>
   <action sum="€800" player="Gfs1505" no="9" type="1"/>
   <action sum="€1,600" player="BigMikeSP" no="10" type="2"/>
  </round>
 </game>
 <game gamecode="11591546342">
  <general>
   <players>
    <player reg_code="" name="minniemon" seat="1" dealer="0" chips="222,734"/>
    <player reg_code="8412638148" name="Gfs1505" seat="2" dealer="1" chips="54,768"/>
    <player reg_code="" name="BigMikeSP" seat="4" dealer="0" chips="90,471"/>
    <player reg_code="" name="n1nord1" seat="5" dealer="0" chips="114,774"/>
    <player reg_code="" name="senovroc" seat="6" dealer="0" chips="38,743"/>
    <player reg_code="" name="Redfish1953" seat="7" dealer="0" chips="58,130"/>
    <player reg_code="" name="megashamas" seat="9" dealer="0" chips="255,694"/>
    <player reg_code="" name="jardis58" seat="10" dealer="0" chips="118,343"/>
   </players>
  </general>
  <round no="0">
   <action sum="€250" player="BigMikeSP" no="1" type="15"/>
   <action sum="€250" player="n1nord1" no="2" type="15"/>
   <action sum="€250" player="senovroc" no="3" type="15"/>
   <action sum="€250" player="Redfish1953" no="4" type="15"/>
   <action sum="€250" player="megashamas" no="5" type="15"/>
   <action sum="€250" player="jardis58" no="6" type="15"/>
   <action sum="€250" player="minniemon" no="7" type="15"/>
   <action sum="€250" player="Gfs1505" no="8" type="15"/>
   <action sum="€800" player="BigMikeSP" no="9" type="1"/>
   <action sum="€1,600" player="n1nord1" no="10" type="2"/>
  </round>
 </game>
 <game gamecode="11591546366">
  <general>
   <players>
    <player reg_code="" name="minniemon" seat="1" dealer="0" chips="222,484"/>
    <player reg_code="8412638148" name="Gfs1505" seat="2" dealer="0" chips="54,518"/>
    <player reg_code="" name="BigMikeSP" seat="4" dealer="1" chips="93,821"/>
    <player reg_code="" name="n1nord1" seat="5" dealer="0" chips="112,924"/>
    <player reg_code="" name="senovroc" seat="6" dealer="0" chips="38,493"/>
    <player reg_code="" name="Redfish1953" seat="7" dealer="0" chips="57,880"/>
    <player reg_code="" name="megashamas" seat="9" dealer="0" chips="255,444"/>
    <player reg_code="" name="jardis58" seat="10" dealer="0" chips="118,093"/>
   </players>
  </general>
  <round no="0">
   <action sum="€250" player="n1nord1" no="1" type="15"/>
   <action sum="€250" player="senovroc" no="2" type="15"/>
   <action sum="€250" player="Redfish1953" no="3" type="15"/>
   <action sum="€250" player="megashamas" no="4" type="15"/>
   <action sum="€250" player="jardis58" no="5" type="15"/>
   <action sum="€250" player="minniemon" no="6" type="15"/>
   <action sum="€250" player="Gfs1505" no="7" type="15"/>
   <action sum="€250" player="BigMikeSP" no="8" type="15"/>
   <action sum="€800" player="n1nord1" no="9" type="1"/>
   <action sum="€1,600" player="senovroc" no="10" type="2"/>
  </round>
 </game>
 <game gamecode="11591546460">
  <general>
   <players>
    <player reg_code="" name="minniemon" seat="1" dealer="0" chips="222,234"/>
    <player reg_code="8412638148" name="Gfs1505" seat="2" dealer="0" chips="54,268"/>
    <player reg_code="" name="BigMikeSP" seat="4" dealer="0" chips="102,771"/>
    <player reg_code="" name="n1nord1" seat="5" dealer="1" chips="111,874"/>
    <player reg_code="" name="senovroc" seat="6" dealer="0" chips="36,643"/>
    <player reg_code="" name="Redfish1953" seat="7" dealer="0" chips="57,630"/>
    <player reg_code="" name="megashamas" seat="9" dealer="0" chips="250,394"/>
    <player reg_code="" name="jardis58" seat="10" dealer="0" chips="117,843"/>
   </players>
  </general>
  <round no="0">
   <action sum="€275" player="senovroc" no="1" type="15"/>
   <action sum="€275" player="Redfish1953" no="2" type="15"/>
   <action sum="€275" player="megashamas" no="3" type="15"/>
   <action sum="€275" player="jardis58" no="4" type="15"/>
   <action sum="€275" player="minniemon" no="5" type="15"/>
   <action sum="€275" player="Gfs1505" no="6" type="15"/>
   <action sum="€275" player="BigMikeSP" no="7" type="15"/>
   <action sum="€275" player="n1nord1" no="8" type="15"/>
   <action sum="€900" player="senovroc" no="9" type="1"/>
   <action sum="€1,800" player="Redfish1953" no="10" type="2"/>
  </round>
 </game>
 <game gamecode="11591546570">
  <general>
   <players>
    <player reg_code="" name="minniemon" seat="1" dealer="0" chips="232,979"/>
    <player reg_code="8412638148" name="Gfs1505" seat="2" dealer="0" chips="50,033"/>
    <player reg_code="" name="BigMikeSP" seat="4" dealer="0" chips="102,496"/>
    <player reg_code="" name="n1nord1" seat="5" dealer="0" chips="111,599"/>
    <player reg_code="" name="senovroc" seat="6" dealer="1" chips="35,468"/>
    <player reg_code="" name="Redfish1953" seat="7" dealer="0" chips="53,395"/>
    <player reg_code="" name="megashamas" seat="9" dealer="0" chips="250,119"/>
    <player reg_code="" name="jardis58" seat="10" dealer="0" chips="117,568"/>
   </players>
  </general>
  <round no="0">
   <action sum="€275" player="Redfish1953" no="1" type="15"/>
   <action sum="€275" player="megashamas" no="2" type="15"/>
   <action sum="€275" player="jardis58" no="3" type="15"/>
   <action sum="€275" player="minniemon" no="4" type="15"/>
   <action sum="€275" player="Gfs1505" no="5" type="15"/>
   <action sum="€275" player="BigMikeSP" no="6" type="15"/>
   <action sum="€275" player="n1nord1" no="7" type="15"/>
   <action sum="€275" player="senovroc" no="8" type="15"/>
   <action sum="€900" player="Redfish1953" no="9" type="1"/>
   <action sum="€1,800" player="megashamas" no="10" type="2"/>
  </round>
 </game>
 <game gamecode="11591546637">
  <general>
   <players>
    <player reg_code="" name="minniemon" seat="1" dealer="0" chips="211,665"/>
    <player reg_code="8412638148" name="Gfs1505" seat="2" dealer="0" chips="49,758"/>
    <player reg_code="" name="BigMikeSP" seat="4" dealer="0" chips="128,160"/>
    <player reg_code="" name="n1nord1" seat="5" dealer="0" chips="111,324"/>
    <player reg_code="" name="senovroc" seat="6" dealer="0" chips="35,193"/>
    <player reg_code="" name="Redfish1953" seat="7" dealer="1" chips="52,220"/>
    <player reg_code="" name="megashamas" seat="9" dealer="0" chips="248,044"/>
    <player reg_code="" name="jardis58" seat="10" dealer="0" chips="117,293"/>
   </players>
  </general>
  <round no="0">
   <action sum="€275" player="megashamas" no="1" type="15"/>
   <action sum="€275" player="jardis58" no="2" type="15"/>
   <action sum="€275" player="minniemon" no="3" type="15"/>
   <action sum="€275" player="Gfs1505" no="4" type="15"/>
   <action sum="€275" player="BigMikeSP" no="5" type="15"/>
   <action sum="€275" player="n1nord1" no="6" type="15"/>
   <action sum="€275" player="senovroc" no="7" type="15"/>
   <action sum="€275" player="Redfish1953" no="8" type="15"/>
   <action sum="€900" player="megashamas" no="9" type="1"/>
   <action sum="€1,800" player="jardis58" no="10" type="2"/>
  </round>
 </game>
 <game gamecode="11591546683">
  <general>
   <players>
    <player reg_code="" name="minniemon" seat="1" dealer="0" chips="211,390"/>
    <player reg_code="8412638148" name="Gfs1505" seat="2" dealer="0" chips="49,483"/>
    <player reg_code="" name="BigMikeSP" seat="4" dealer="0" chips="127,885"/>
    <player reg_code="" name="n1nord1" seat="5" dealer="0" chips="111,049"/>
    <player reg_code="" name="senovroc" seat="6" dealer="0" chips="34,918"/>
    <player reg_code="" name="Redfish1953" seat="7" dealer="0" chips="56,845"/>
    <player reg_code="" name="jardis58" seat="10" dealer="0" chips="115,218"/>
   </players>
  </general>
  <round no="0">
   <action sum="€275" player="jardis58" no="1" type="15"/>
   <action sum="€275" player="minniemon" no="2" type="15"/>
   <action sum="€275" player="Gfs1505" no="3" type="15"/>
   <action sum="€275" player="BigMikeSP" no="4" type="15"/>
   <action sum="€275" player="n1nord1" no="5" type="15"/>
   <action sum="€275" player="senovroc" no="6" type="15"/>
   <action sum="€275" player="Redfish1953" no="7" type="15"/>
   <action sum="€900" player="jardis58" no="8" type="1"/>
   <action sum="€1,800" player="minniemon" no="9" type="2"/>
  </round>
 </game>
 <game gamecode="11591546775">
  <general>
   <players>
    <player reg_code="" name="minniemon" seat="1" dealer="0" chips="204,408"/>
    <player reg_code="8412638148" name="Gfs1505" seat="2" dealer="0" chips="49,208"/>
    <player reg_code="" name="BigMikeSP" seat="4" dealer="0" chips="127,610"/>
    <player reg_code="" name="n1nord1" seat="5" dealer="0" chips="110,774"/>
    <player reg_code="" name="senovroc" seat="6" dealer="0" chips="34,643"/>
    <player reg_code="" name="Redfish1953" seat="7" dealer="0" chips="66,102"/>
    <player reg_code="" name="ninjaboat559" seat="9" dealer="0" chips="112,401"/>
    <player reg_code="" name="jardis58" seat="10" dealer="1" chips="114,043"/>
   </players>
  </general>
  <round no="0">
   <action sum="€275" player="minniemon" no="1" type="15"/>
   <action sum="€275" player="Gfs1505" no="2" type="15"/>
   <action sum="€275" player="BigMikeSP" no="3" type="15"/>
   <action sum="€275" player="n1nord1" no="4" type="15"/>
   <action sum="€275" player="senovroc" no="5" type="15"/>
   <action sum="€275" player="Redfish1953" no="6" type="15"/>
   <action sum="€275" player="ninjaboat559" no="7" type="15"/>
   <action sum="€275" player="jardis58" no="8" type="15"/>
   <action sum="€900" player="minniemon" no="9" type="1"/>
   <action sum="€1,800" player="Gfs1505" no="10" type="2"/>
  </round>
 </game>
 <game gamecode="11591546810">
  <general>
   <players>
    <player reg_code="" name="minniemon" seat="1" dealer="1" chips="203,233"/>
    <player reg_code="8412638148" name="Gfs1505" seat="2" dealer="0" chips="47,133"/>
    <player reg_code="" name="BigMikeSP" seat="4" dealer="0" chips="127,335"/>
    <player reg_code="" name="n1nord1" seat="5" dealer="0" chips="110,499"/>
    <player reg_code="" name="senovroc" seat="6" dealer="0" chips="34,368"/>
    <player reg_code="" name="Redfish1953" seat="7" dealer="0" chips="62,227"/>
    <player reg_code="" name="ninjaboat559" seat="9" dealer="0" chips="120,626"/>
    <player reg_code="" name="jardis58" seat="10" dealer="0" chips="113,768"/>
   </players>
  </general>
  <round no="0">
   <action sum="€275" player="Gfs1505" no="1" type="15"/>
   <action sum="€275" player="BigMikeSP" no="2" type="15"/>
   <action sum="€275" player="n1nord1" no="3" type="15"/>
   <action sum="€275" player="senovroc" no="4" type="15"/>
   <action sum="€275" player="Redfish1953" no="5" type="15"/>
   <action sum="€275" player="ninjaboat559" no="6" type="15"/>
   <action sum="€275" player="jardis58" no="7" type="15"/>
   <action sum="€275" player="minniemon" no="8" type="15"/>
   <action sum="€900" player="Gfs1505" no="9" type="1"/>
   <action sum="€1,800" player="BigMikeSP" no="10" type="2"/>
  </round>
 </game>
 <game gamecode="11591546844">
  <general>
   <players>
    <player reg_code="" name="minniemon" seat="1" dealer="0" chips="198,998"/>
    <player reg_code="8412638148" name="Gfs1505" seat="2" dealer="1" chips="45,958"/>
    <player reg_code="" name="BigMikeSP" seat="4" dealer="0" chips="134,120"/>
    <player reg_code="" name="n1nord1" seat="5" dealer="0" chips="110,224"/>
    <player reg_code="" name="senovroc" seat="6" dealer="0" chips="34,093"/>
    <player reg_code="" name="Redfish1953" seat="7" dealer="0" chips="61,952"/>
    <player reg_code="" name="ninjaboat559" seat="9" dealer="0" chips="120,351"/>
    <player reg_code="" name="jardis58" seat="10" dealer="0" chips="113,493"/>
   </players>
  </general>
  <round no="0">
   <action sum="€275" player="BigMikeSP" no="1" type="15"/>
   <action sum="€275" player="n1nord1" no="2" type="15"/>
   <action sum="€275" player="senovroc" no="3" type="15"/>
   <action sum="€275" player="Redfish1953" no="4" type="15"/>
   <action sum="€275" player="ninjaboat559" no="5" type="15"/>
   <action sum="€275" player="jardis58" no="6" type="15"/>
   <action sum="€275" player="minniemon" no="7" type="15"/>
   <action sum="€275" player="Gfs1505" no="8" type="15"/>
   <action sum="€900" player="BigMikeSP" no="9" type="1"/>
   <action sum="€1,800" player="n1nord1" no="10" type="2"/>
  </round>
 </game>
 <game gamecode="11591546869">
  <general>
   <players>
    <player reg_code="" name="minniemon" seat="1" dealer="0" chips="198,723"/>
    <player reg_code="8412638148" name="Gfs1505" seat="2" dealer="0" chips="45,683"/>
    <player reg_code="" name="BigMikeSP" seat="4" dealer="1" chips="132,945"/>
    <player reg_code="" name="n1nord1" seat="5" dealer="0" chips="108,149"/>
    <player reg_code="" name="senovroc" seat="6" dealer="0" chips="33,818"/>
    <player reg_code="" name="Redfish1953" seat="7" dealer="0" chips="61,677"/>
    <player reg_code="" name="ninjaboat559" seat="9" dealer="0" chips="124,976"/>
    <player reg_code="" name="jardis58" seat="10" dealer="0" chips="113,218"/>
   </players>
  </general>
  <round no="0">
   <action sum="€275" player="n1nord1" no="1" type="15"/>
   <action sum="€275" player="senovroc" no="2" type="15"/>
   <action sum="€275" player="Redfish1953" no="3" type="15"/>
   <action sum="€275" player="ninjaboat559" no="4" type="15"/>
   <action sum="€275" player="jardis58" no="5" type="15"/>
   <action sum="€275" player="minniemon" no="6" type="15"/>
   <action sum="€275" player="Gfs1505" no="7" type="15"/>
   <action sum="€275" player="BigMikeSP" no="8" type="15"/>
   <action sum="€900" player="n1nord1" no="9" type="1"/>
   <action sum="€1,800" player="senovroc" no="10" type="2"/>
  </round>
 </game>
 <game gamecode="11591546916">
  <general>
   <players>
    <player reg_code="" name="minniemon" seat="1" dealer="0" chips="198,448"/>
    <player reg_code="8412638148" name="Gfs1505" seat="2" dealer="0" chips="95,716"/>
    <player reg_code="" name="BigMikeSP" seat="4" dealer="0" chips="132,670"/>
    <player reg_code="" name="n1nord1" seat="5" dealer="1" chips="106,974"/>
    <player reg_code="" name="senovroc" seat="6" dealer="0" chips="31,743"/>
    <player reg_code="" name="Redfish1953" seat="7" dealer="0" chips="61,402"/>
    <player reg_code="" name="ninjaboat559" seat="9" dealer="0" chips="79,293"/>
    <player reg_code="" name="jardis58" seat="10" dealer="0" chips="112,943"/>
   </players>
  </general>
  <round no="0">
   <action sum="€275" player="senovroc" no="1" type="15"/>
   <action sum="€275" player="Redfish1953" no="2" type="15"/>
   <action sum="€275" player="ninjaboat559" no="3" type="15"/>
   <action sum="€275" player="jardis58" no="4" type="15"/>
   <action sum="€275" player="minniemon" no="5" type="15"/>
   <action sum="€275" player="Gfs1505" no="6" type="15"/>
   <action sum="€275" player="BigMikeSP" no="7" type="15"/>
   <action sum="€275" player="n1nord1" no="8" type="15"/>
   <action sum="€900" player="senovroc" no="9" type="1"/>
   <action sum="€1,800" player="Redfish1953" no="10" type="2"/>
  </round>
 </game>
 <game gamecode="11591567970">
  <general>
   <players>
    <player reg_code="" name="minniemon" seat="1" dealer="0" chips="198,173"/>
    <player reg_code="8412638148" name="Gfs1505" seat="2" dealer="0" chips="95,441"/>
    <player reg_code="" name="BigMikeSP" seat="4" dealer="0" chips="132,395"/>
    <player reg_code="" name="n1nord1" seat="5" dealer="0" chips="106,699"/>
    <player reg_code="" name="senovroc" seat="6" dealer="1" chips="30,568"/>
    <player reg_code="" name="Redfish1953" seat="7" dealer="0" chips="75,027"/>
    <player reg_code="" name="ninjaboat559" seat="9" dealer="0" chips="68,218"/>
    <player reg_code="" name="jardis58" seat="10" dealer="0" chips="112,668"/>
   </players>
  </general>
  <round no="0">
   <action sum="€275" player="Redfish1953" no="1" type="15"/>
   <action sum="€275" player="ninjaboat559" no="2" type="15"/>
   <action sum="€275" player="jardis58" no="3" type="15"/>
   <action sum="€275" player="minniemon" no="4" type="15"/>
   <action sum="€275" player="Gfs1505" no="5" type="15"/>
   <action sum="€275" player="BigMikeSP" no="6" type="15"/>
   <action sum="€275" player="n1nord1" no="7" type="15"/>
   <action sum="€275" player="senovroc" no="8" type="15"/>
   <action sum="€900" player="Redfish1953" no="9" type="1"/>
   <action sum="€1,800" player="ninjaboat559" no="10" type="2"/>
  </round>
 </game>
 <game gamecode="11591568221">
  <general>
   <players>
    <player reg_code="" name="minniemon" seat="1" dealer="0" chips="197,898"/>
    <player reg_code="8412638148" name="Gfs1505" seat="2" dealer="0" chips="95,166"/>
    <player reg_code="" name="BigMikeSP" seat="4" dealer="0" chips="132,120"/>
    <player reg_code="" name="n1nord1" seat="5" dealer="0" chips="106,424"/>
    <player reg_code="" name="senovroc" seat="6" dealer="0" chips="30,293"/>
    <player reg_code="" name="Redfish1953" seat="7" dealer="1" chips="73,852"/>
    <player reg_code="" name="ninjaboat559" seat="9" dealer="0" chips="83,643"/>
    <player reg_code="" name="jardis58" seat="10" dealer="0" chips="99,793"/>
   </players>
  </general>
  <round no="0">
   <action sum="€275" player="ninjaboat559" no="1" type="15"/>
   <action sum="€275" player="jardis58" no="2" type="15"/>
   <action sum="€275" player="minniemon" no="3" type="15"/>
   <action sum="€275" player="Gfs1505" no="4" type="15"/>
   <action sum="€275" player="BigMikeSP" no="5" type="15"/>
   <action sum="€275" player="n1nord1" no="6" type="15"/>
   <action sum="€275" player="senovroc" no="7" type="15"/>
   <action sum="€275" player="Redfish1953" no="8" type="15"/>
   <action sum="€900" player="ninjaboat559" no="9" type="1"/>
   <action sum="€1,800" player="jardis58" no="10" type="2"/>
  </round>
 </game>
 <game gamecode="11591568348">
  <general>
   <players>
    <player reg_code="" name="minniemon" seat="1" dealer="0" chips="284,991"/>
    <player reg_code="8412638148" name="Gfs1505" seat="2" dealer="0" chips="94,891"/>
    <player reg_code="" name="BigMikeSP" seat="4" dealer="0" chips="131,845"/>
    <player reg_code="" name="n1nord1" seat="5" dealer="0" chips="106,149"/>
    <player reg_code="" name="senovroc" seat="6" dealer="0" chips="30,018"/>
    <player reg_code="" name="Redfish1953" seat="7" dealer="0" chips="73,577"/>
    <player reg_code="" name="jardis58" seat="10" dealer="0" chips="97,718"/>
   </players>
  </general>
  <round no="0">
   <action sum="€275" player="jardis58" no="1" type="15"/>
   <action sum="€275" player="minniemon" no="2" type="15"/>
   <action sum="€275" player="Gfs1505" no="3" type="15"/>
   <action sum="€275" player="BigMikeSP" no="4" type="15"/>
   <action sum="€275" player="n1nord1" no="5" type="15"/>
   <action sum="€275" player="senovroc" no="6" type="15"/>
   <action sum="€275" player="Redfish1953" no="7" type="15"/>
   <action sum="€900" player="jardis58" no="8" type="1"/>
   <action sum="€1,800" player="minniemon" no="9" type="2"/>
  </round>
 </game>
 <game gamecode="11591568534">
  <general>
   <players>
    <player reg_code="" name="minniemon" seat="1" dealer="0" chips="281,116"/>
    <player reg_code="8412638148" name="Gfs1505" seat="2" dealer="0" chips="107,341"/>
    <player reg_code="" name="BigMikeSP" seat="4" dealer="0" chips="131,570"/>
    <player reg_code="" name="n1nord1" seat="5" dealer="0" chips="102,274"/>
    <player reg_code="" name="senovroc" seat="6" dealer="0" chips="29,743"/>
    <player reg_code="" name="Redfish1953" seat="7" dealer="0" chips="73,302"/>
    <player reg_code="" name="LexanFV" seat="9" dealer="0" chips="100,000"/>
    <player reg_code="" name="jardis58" seat="10" dealer="1" chips="93,843"/>
   </players>
  </general>
  <round no="0">
   <action sum="€275" player="minniemon" no="1" type="15"/>
   <action sum="€275" player="Gfs1505" no="2" type="15"/>
   <action sum="€275" player="BigMikeSP" no="3" type="15"/>
   <action sum="€275" player="n1nord1" no="4" type="15"/>
   <action sum="€275" player="senovroc" no="5" type="15"/>
   <action sum="€275" player="Redfish1953" no="6" type="15"/>
   <action sum="€275" player="LexanFV" no="7" type="15"/>
   <action sum="€275" player="jardis58" no="8" type="15"/>
   <action sum="€900" player="minniemon" no="9" type="1"/>
   <action sum="€1,800" player="Gfs1505" no="10" type="2"/>
  </round>
 </game>
 <game gamecode="11591589227">
  <general>
   <players>
    <player reg_code="" name="minniemon" seat="1" dealer="1" chips="279,941"/>
    <player reg_code="8412638148" name="Gfs1505" seat="2" dealer="0" chips="13,498"/>
    <player reg_code="" name="BigMikeSP" seat="4" dealer="0" chips="131,295"/>
    <player reg_code="" name="n1nord1" seat="5" dealer="0" chips="101,999"/>
    <player reg_code="" name="senovroc" seat="6" dealer="0" chips="29,468"/>
    <player reg_code="" name="Redfish1953" seat="7" dealer="0" chips="69,427"/>
    <player reg_code="" name="LexanFV" seat="9" dealer="0" chips="99,725"/>
    <player reg_code="" name="jardis58" seat="10" dealer="0" chips="193,836"/>
   </players>
  </general>
  <round no="0">
   <action sum="€275" player="Gfs1505" no="1" type="15"/>
   <action sum="€275" player="BigMikeSP" no="2" type="15"/>
   <action sum="€275" player="n1nord1" no="3" type="15"/>
   <action sum="€275" player="senovroc" no="4" type="15"/>
   <action sum="€275" player="Redfish1953" no="5" type="15"/>
   <action sum="€275" player="LexanFV" no="6" type="15"/>
   <action sum="€275" player="jardis58" no="7" type="15"/>
   <action sum="€275" player="minniemon" no="8" type="15"/>
   <action sum="€900" player="Gfs1505" no="9" type="1"/>
   <action sum="€1,800" player="BigMikeSP" no="10" type="2"/>
  </round>
 </game>
 <game gamecode="11591589353">
  <general>
   <players>
    <player reg_code="" name="minniemon" seat="1" dealer="0" chips="272,070"/>
    <player reg_code="8412638148" name="Gfs1505" seat="2" dealer="1" chips="12,323"/>
    <player reg_code="" name="BigMikeSP" seat="4" dealer="0" chips="141,716"/>
    <player reg_code="" name="n1nord1" seat="5" dealer="0" chips="101,724"/>
    <player reg_code="" name="senovroc" seat="6" dealer="0" chips="29,193"/>
    <player reg_code="" name="Redfish1953" seat="7" dealer="0" chips="69,152"/>
    <player reg_code="" name="LexanFV" seat="9" dealer="0" chips="99,450"/>
    <player reg_code="" name="jardis58" seat="10" dealer="0" chips="193,561"/>
   </players>
  </general>
  <round no="0">
   <action sum="€300" player="BigMikeSP" no="1" type="15"/>
   <action sum="€300" player="n1nord1" no="2" type="15"/>
   <action sum="€300" player="senovroc" no="3" type="15"/>
   <action sum="€300" player="Redfish1953" no="4" type="15"/>
   <action sum="€300" player="LexanFV" no="5" type="15"/>
   <action sum="€300" player="jardis58" no="6" type="15"/>
   <action sum="€300" player="minniemon" no="7" type="15"/>
   <action sum="€300" player="Gfs1505" no="8" type="15"/>
   <action sum="€1,000" player="BigMikeSP" no="9" type="1"/>
   <action sum="€2,000" player="n1nord1" no="10" type="2"/>
  </round>
 </game>
 <game gamecode="11591589489">
  <general>
   <players>
    <player reg_code="" name="minniemon" seat="1" dealer="0" chips="271,770"/>
    <player reg_code="8412638148" name="Gfs1505" seat="2" dealer="0" chips="12,023"/>
    <player reg_code="" name="BigMikeSP" seat="4" dealer="1" chips="174,709"/>
    <player reg_code="" name="n1nord1" seat="5" dealer="0" chips="99,424"/>
    <player reg_code="" name="Redfish1953" seat="7" dealer="0" chips="68,852"/>
    <player reg_code="" name="LexanFV" seat="9" dealer="0" chips="99,150"/>
    <player reg_code="" name="jardis58" seat="10" dealer="0" chips="193,261"/>
   </players>
  </general>
  <round no="0">
   <action sum="€300" player="n1nord1" no="1" type="15"/>
   <action sum="€300" player="Redfish1953" no="2" type="15"/>
   <action sum="€300" player="LexanFV" no="3" type="15"/>
   <action sum="€300" player="jardis58" no="4" type="15"/>
   <action sum="€300" player="minniemon" no="5" type="15"/>
   <action sum="€300" player="Gfs1505" no="6" type="15"/>
   <action sum="€300" player="BigMikeSP" no="7" type="15"/>
   <action sum="€1,000" player="n1nord1" no="8" type="1"/>
   <action sum="€2,000" player="Redfish1953" no="9" type="2"/>
  </round>
 </game>
 <game gamecode="11591589619">
  <general>
   <players>
    <player reg_code="" name="minniemon" seat="1" dealer="0" chips="271,470"/>
    <player reg_code="" name="BigMikeSP" seat="4" dealer="0" chips="162,686"/>
    <player reg_code="" name="n1nord1" seat="5" dealer="1" chips="126,670"/>
    <player reg_code="" name="BROKER2635" seat="6" dealer="0" chips="297,736"/>
    <player reg_code="" name="Redfish1953" seat="7" dealer="0" chips="66,552"/>
    <player reg_code="" name="LexanFV" seat="9" dealer="0" chips="98,850"/>
    <player reg_code="" name="jardis58" seat="10" dealer="0" chips="192,961"/>
   </players>
  </general>
  <round no="0">
   <action sum="€300" player="Redfish1953" no="1" type="15"/>
   <action sum="€300" player="LexanFV" no="2" type="15"/>
   <action sum="€300" player="jardis58" no="3" type="15"/>
   <action sum="€300" player="minniemon" no="4" type="15"/>
   <action sum="€300" player="BigMikeSP" no="5" type="15"/>
   <action sum="€300" player="n1nord1" no="6" type="15"/>
   <action sum="€1,000" player="Redfish1953" no="7" type="1"/>
   <action sum="€2,000" player="LexanFV" no="8" type="2"/>
  </round>
 </game>
</session>
