<?xml version="1.0" encoding="utf-8"?>
<session sessioncode="8408081908">
 <general>
  <mode>real</mode>
  <gametype>Holdem NL</gametype>
  <tablename>€30 THURSDAY ELIMINATOR XL, 1130703075</tablename>
  <tournamentcurrency>1</tournamentcurrency>
  <currency>USD</currency>
  <nickname>Gfs1505</nickname>
  <buyin>€13.65 + €13.65 + €2.70</buyin>
  <totalbuyin>€16.35</totalbuyin>
 </general>
 <game gamecode="11578769782">
  <general>
   <players>
    <player name="Gfs1505" seat="1" chips="100,000" dealer="0" reg_code="8408081908"/>
    <player name="splashbro89" seat="2" chips="108,975" dealer="1" reg_code=""/>
    <player name="felipechester" seat="4" chips="108,335" dealer="0" reg_code=""/>
    <player name="RufusDuSol" seat="5" chips="89,310" dealer="0" reg_code=""/>
    <player name="kobe242407" seat="6" chips="243,059" dealer="0" reg_code=""/>
    <player name="bedmex" seat="7" chips="187,988" dealer="0" reg_code=""/>
    <player name="kitayac" seat="9" chips="293,889" dealer="0" reg_code=""/>
    <player name="wagner9" seat="10" chips="18,190" dealer="0" reg_code=""/>
   </players>
  </general>
  <round no="0">
   <action no="1" player="felipechester" sum="€250" type="15"/>
   <action no="2" player="RufusDuSol" sum="€250" type="15"/>
   <action no="3" player="kobe242407" sum="€250" type="15"/>
   <action no="4" player="bedmex" sum="€250" type="15"/>
   <action no="5" player="kitayac" sum="€250" type="15"/>
   <action no="6" player="wagner9" sum="€250" type="15"/>
   <action no="7" player="Gfs1505" sum="€250" type="15"/>
   <action no="8" player="splashbro89" sum="€250" type="15"/>
   <action no="9" player="felipechester" sum="€800" type="1"/>
   <action no="10" player="RufusDuSol" sum="€1,600" type="2"/>
  </round>
 </game>
 <game gamecode="11578769828">
  <general>
   <players>
    <player name="Gfs1505" seat="1" chips="99,750" dealer="0" reg_code="8408081908"/>
    <player name="splashbro89" seat="2" chips="113,125" dealer="0" reg_code=""/>
    <player name="felipechester" seat="4" chips="107,285" dealer="1" reg_code=""/>
    <player name="RufusDuSol" seat="5" chips="87,460" dealer="0" reg_code=""/>
    <player name="kobe242407" seat="6" chips="242,809" dealer="0" reg_code=""/>
    <player name="bedmex" seat="7" chips="187,738" dealer="0" reg_code=""/>
    <player name="kitayac" seat="9" chips="293,639" dealer="0" reg_code=""/>
    <player name="wagner9" seat="10" chips="17,940" dealer="0" reg_code=""/>
   </players>
  </general>
  <round no="0">
   <action no="1" player="RufusDuSol" sum="€250" type="15"/>
   <action no="2" player="kobe242407" sum="€250" type="15"/>
   <action no="3" player="bedmex" sum="€250" type="15"/>
   <action no="4" player="kitayac" sum="€250" type="15"/>
   <action no="5" player="wagner9" sum="€250" type="15"/>
   <action no="6" player="Gfs1505" sum="€250" type="15"/>
   <action no="7" player="splashbro89" sum="€250" type="15"/>
   <action no="8" player="felipechester" sum="€250" type="15"/>
   <action no="9" player="RufusDuSol" sum="€800" type="1"/>
   <action no="10" player="kobe242407" sum="€1,600" type="2"/>
  </round>
 </game>
 <game gamecode="11578769898">
  <general>
   <players>
    <player name="Gfs1505" seat="1" chips="99,500" dealer="0" reg_code="8408081908"/>
    <player name="splashbro89" seat="2" chips="112,875" dealer="0" reg_code=""/>
    <player name="felipechester" seat="4" chips="107,035" dealer="0" reg_code=""/>
    <player name="RufusDuSol" seat="5" chips="86,410" dealer="1" reg_code=""/>
    <player name="kobe242407" seat="6" chips="263,049" dealer="0" reg_code=""/>
    <player name="bedmex" seat="7" chips="187,488" dealer="0" reg_code=""/>
    <player name="kitayac" seat="9" chips="293,389" dealer="0" reg_code=""/>
   </players>
  </general>
  <round no="0">
   <action no="1" player="kobe242407" sum="€250" type="15"/>
   <action no="2" player="bedmex" sum="€250" type="15"/>
   <action no="3" player="kitayac" sum="€250" type="15"/>
   <action no="4" player="Gfs1505" sum="€250" type="15"/>
   <action no="5" player="splashbro89" sum="€250" type="15"/>
   <action no="6" player="felipechester" sum="€250" type="15"/>
   <action no="7" player="RufusDuSol" sum="€250" type="15"/>
   <action no="8" player="kobe242407" sum="€800" type="1"/>
   <action no="9" player="bedmex" sum="€1,600" type="2"/>
  </round>
 </game>
 <game gamecode="11578769990">
  <general>
   <players>
    <player name="Gfs1505" seat="1" chips="99,250" dealer="0" reg_code="8408081908"/>
    <player name="splashbro89" seat="2" chips="112,625" dealer="0" reg_code=""/>
    <player name="felipechester" seat="4" chips="106,785" dealer="0" reg_code=""/>
    <player name="RufusDuSol" seat="5" chips="175,670" dealer="0" reg_code=""/>
    <player name="kobe242407" seat="6" chips="176,639" dealer="1" reg_code=""/>
    <player name="bedmex" seat="7" chips="185,638" dealer="0" reg_code=""/>
    <player name="kitayac" seat="9" chips="293,139" dealer="0" reg_code=""/>
    <player name="philo1976" seat="10" chips="100,000" dealer="0" reg_code=""/>
   </players>
  </general>
  <round no="0">
   <action no="1" player="bedmex" sum="€250" type="15"/>
   <action no="2" player="kitayac" sum="€250" type="15"/>
   <action no="3" player="philo1976" sum="€250" type="15"/>
   <action no="4" player="Gfs1505" sum="€250" type="15"/>
   <action no="5" player="splashbro89" sum="€250" type="15"/>
   <action no="6" player="felipechester" sum="€250" type="15"/>
   <action no="7" player="RufusDuSol" sum="€250" type="15"/>
   <action no="8" player="kobe242407" sum="€250" type="15"/>
   <action no="9" player="bedmex" sum="€800" type="1"/>
   <action no="10" player="kitayac" sum="€1,600" type="2"/>
  </round>
 </game>
 <game gamecode="11578770083">
  <general>
   <players>
    <player name="Gfs1505" seat="1" chips="99,000" dealer="0" reg_code="8408081908"/>
    <player name="splashbro89" seat="2" chips="112,375" dealer="0" reg_code=""/>
    <player name="felipechester" seat="4" chips="114,835" dealer="0" reg_code=""/>
    <player name="RufusDuSol" seat="5" chips="175,420" dealer="0" reg_code=""/>
    <player name="kobe242407" seat="6" chips="176,389" dealer="0" reg_code=""/>
    <player name="bedmex" seat="7" chips="184,588" dealer="1" reg_code=""/>
    <player name="kitayac" seat="9" chips="287,389" dealer="0" reg_code=""/>
    <player name="philo1976" seat="10" chips="99,750" dealer="0" reg_code=""/>
   </players>
  </general>
  <round no="0">
   <action no="1" player="kitayac" sum="€275" type="15"/>
   <action no="2" player="philo1976" sum="€275" type="15"/>
   <action no="3" player="Gfs1505" sum="€275" type="15"/>
   <action no="4" player="splashbro89" sum="€275" type="15"/>
   <action no="5" player="felipechester" sum="€275" type="15"/>
   <action no="6" player="RufusDuSol" sum="€275" type="15"/>
   <action no="7" player="kobe242407" sum="€275" type="15"/>
   <action no="8" player="bedmex" sum="€275" type="15"/>
   <action no="9" player="kitayac" sum="€900" type="1"/>
   <action no="10" player="philo1976" sum="€1,800" type="2"/>
  </round>
 </game>
 <game gamecode="11578770166">
  <general>
   <players>
    <player name="Gfs1505" seat="1" chips="98,725" dealer="0" reg_code="8408081908"/>
    <player name="splashbro89" seat="2" chips="112,100" dealer="0" reg_code=""/>
    <player name="felipechester" seat="4" chips="114,560" dealer="0" reg_code=""/>
    <player name="RufusDuSol" seat="5" chips="175,145" dealer="0" reg_code=""/>
    <player name="kobe242407" seat="6" chips="190,014" dealer="0" reg_code=""/>
    <player name="bedmex" seat="7" chips="184,313" dealer="0" reg_code=""/>
    <player name="kitayac" seat="9" chips="286,214" dealer="1" reg_code=""/>
    <player name="philo1976" seat="10" chips="88,675" dealer="0" reg_code=""/>
   </players>
  </general>
  <round no="0">
   <action no="1" player="philo1976" sum="€275" type="15"/>
   <action no="2" player="Gfs1505" sum="€275" type="15"/>
   <action no="3" player="splashbro89" sum="€275" type="15"/>
   <action no="4" player="felipechester" sum="€275" type="15"/>
   <action no="5" player="RufusDuSol" sum="€275" type="15"/>
   <action no="6" player="kobe242407" sum="€275" type="15"/>
   <action no="7" player="bedmex" sum="€275" type="15"/>
   <action no="8" player="kitayac" sum="€275" type="15"/>
   <action no="9" player="philo1976" sum="€900" type="1"/>
   <action no="10" player="Gfs1505" sum="€1,800" type="2"/>
  </round>
 </game>
 <game gamecode="11578770229">
  <general>
   <players>
    <player name="Gfs1505" seat="1" chips="94,850" dealer="0" reg_code="8408081908"/>
    <player name="splashbro89" seat="2" chips="111,825" dealer="0" reg_code=""/>
    <player name="felipechester" seat="4" chips="114,285" dealer="0" reg_code=""/>
    <player name="RufusDuSol" seat="5" chips="181,570" dealer="0" reg_code=""/>
    <player name="kobe242407" seat="6" chips="189,739" dealer="0" reg_code=""/>
    <player name="bedmex" seat="7" chips="184,038" dealer="0" reg_code=""/>
    <player name="kitayac" seat="9" chips="285,939" dealer="0" reg_code=""/>
    <player name="philo1976" seat="10" chips="87,500" dealer="1" reg_code=""/>
   </players>
  </general>
  <round no="0">
   <action no="1" player="Gfs1505" sum="€275" type="15"/>
   <action no="2" player="splashbro89" sum="€275" type="15"/>
   <action no="3" player="felipechester" sum="€275" type="15"/>
   <action no="4" player="RufusDuSol" sum="€275" type="15"/>
   <action no="5" player="kobe242407" sum="€275" type="15"/>
   <action no="6" player="bedmex" sum="€275" type="15"/>
   <action no="7" player="kitayac" sum="€275" type="15"/>
   <action no="8" player="philo1976" sum="€275" type="15"/>
   <action no="9" player="Gfs1505" sum="€900" type="1"/>
   <action no="10" player="splashbro89" sum="€1,800" type="2"/>
  </round>
 </game>
 <game gamecode="11578770320">
  <general>
   <players>
    <player name="Gfs1505" seat="1" chips="93,675" dealer="1" reg_code="8408081908"/>
    <player name="splashbro89" seat="2" chips="109,750" dealer="0" reg_code=""/>
    <player name="felipechester" seat="4" chips="114,010" dealer="0" reg_code=""/>
    <player name="RufusDuSol" seat="5" chips="181,295" dealer="0" reg_code=""/>
    <player name="kobe242407" seat="6" chips="102,239" dealer="0" reg_code=""/>
    <player name="bedmex" seat="7" chips="183,763" dealer="0" reg_code=""/>
    <player name="kitayac" seat="9" chips="285,664" dealer="0" reg_code=""/>
    <player name="philo1976" seat="10" chips="179,350" dealer="0" reg_code=""/>
   </players>
  </general>
  <round no="0">
   <action no="1" player="splashbro89" sum="€275" type="15"/>
   <action no="2" player="felipechester" sum="€275" type="15"/>
   <action no="3" player="RufusDuSol" sum="€275" type="15"/>
   <action no="4" player="kobe242407" sum="€275" type="15"/>
   <action no="5" player="bedmex" sum="€275" type="15"/>
   <action no="6" player="kitayac" sum="€275" type="15"/>
   <action no="7" player="philo1976" sum="€275" type="15"/>
   <action no="8" player="Gfs1505" sum="€275" type="15"/>
   <action no="9" player="splashbro89" sum="€900" type="1"/>
   <action no="10" player="felipechester" sum="€1,800" type="2"/>
  </round>
 </game>
 <game gamecode="11578770378">
  <general>
   <players>
    <player name="Gfs1505" seat="1" chips="93,400" dealer="0" reg_code="8408081908"/>
    <player name="splashbro89" seat="2" chips="108,575" dealer="1" reg_code=""/>
    <player name="felipechester" seat="4" chips="111,935" dealer="0" reg_code=""/>
    <player name="RufusDuSol" seat="5" chips="181,020" dealer="0" reg_code=""/>
    <player name="kobe242407" seat="6" chips="101,964" dealer="0" reg_code=""/>
    <player name="bedmex" seat="7" chips="188,388" dealer="0" reg_code=""/>
    <player name="kitayac" seat="9" chips="285,389" dealer="0" reg_code=""/>
    <player name="philo1976" seat="10" chips="179,075" dealer="0" reg_code=""/>
   </players>
  </general>
  <round no="0">
   <action no="1" player="felipechester" sum="€275" type="15"/>
   <action no="2" player="RufusDuSol" sum="€275" type="15"/>
   <action no="3" player="kobe242407" sum="€275" type="15"/>
   <action no="4" player="bedmex" sum="€275" type="15"/>
   <action no="5" player="kitayac" sum="€275" type="15"/>
   <action no="6" player="philo1976" sum="€275" type="15"/>
   <action no="7" player="Gfs1505" sum="€275" type="15"/>
   <action no="8" player="splashbro89" sum="€275" type="15"/>
   <action no="9" player="felipechester" sum="€900" type="1"/>
   <action no="10" player="RufusDuSol" sum="€1,800" type="2"/>
  </round>
 </game>
 <game gamecode="11578788744">
  <general>
   <players>
    <player name="Gfs1505" seat="1" chips="93,125" dealer="0" reg_code="8408081908"/>
    <player name="splashbro89" seat="2" chips="108,300" dealer="0" reg_code=""/>
    <player name="felipechester" seat="4" chips="119,260" dealer="1" reg_code=""/>
    <player name="RufusDuSol" seat="5" chips="178,945" dealer="0" reg_code=""/>
    <player name="kobe242407" seat="6" chips="101,689" dealer="0" reg_code=""/>
    <player name="bedmex" seat="7" chips="188,113" dealer="0" reg_code=""/>
    <player name="kitayac" seat="9" chips="285,114" dealer="0" reg_code=""/>
    <player name="philo1976" seat="10" chips="175,200" dealer="0" reg_code=""/>
   </players>
  </general>
  <round no="0">
   <action no="1" player="RufusDuSol" sum="€275" type="15"/>
   <action no="2" player="kobe242407" sum="€275" type="15"/>
   <action no="3" player="bedmex" sum="€275" type="15"/>
   <action no="4" player="kitayac" sum="€275" type="15"/>
   <action no="5" player="philo1976" sum="€275" type="15"/>
   <action no="6" player="Gfs1505" sum="€275" type="15"/>
   <action no="7" player="splashbro89" sum="€275" type="15"/>
   <action no="8" player="felipechester" sum="€275" type="15"/>
   <action no="9" player="RufusDuSol" sum="€900" type="1"/>
   <action no="10" player="kobe242407" sum="€1,800" type="2"/>
  </round>
 </game>
 <game gamecode="11578788848">
  <general>
   <players>
    <player name="Gfs1505" seat="1" chips="92,850" dealer="0" reg_code="8408081908"/>
    <player name="splashbro89" seat="2" chips="108,025" dealer="0" reg_code=""/>
    <player name="felipechester" seat="4" chips="118,985" dealer="0" reg_code=""/>
    <player name="RufusDuSol" seat="5" chips="177,770" dealer="1" reg_code=""/>
    <player name="kobe242407" seat="6" chips="94,415" dealer="0" reg_code=""/>
    <player name="bedmex" seat="7" chips="187,838" dealer="0" reg_code=""/>
    <player name="kitayac" seat="9" chips="294,938" dealer="0" reg_code=""/>
    <player name="philo1976" seat="10" chips="174,925" dealer="0" reg_code=""/>
   </players>
  </general>
  <round no="0">
   <action no="1" player="kobe242407" sum="€275" type="15"/>
   <action no="2" player="bedmex" sum="€275" type="15"/>
   <action no="3" player="kitayac" sum="€275" type="15"/>
   <action no="4" player="philo1976" sum="€275" type="15"/>
   <action no="5" player="Gfs1505" sum="€275" type="15"/>
   <action no="6" player="splashbro89" sum="€275" type="15"/>
   <action no="7" player="felipechester" sum="€275" type="15"/>
   <action no="8" player="RufusDuSol" sum="€275" type="15"/>
   <action no="9" player="kobe242407" sum="€900" type="1"/>
   <action no="10" player="bedmex" sum="€1,800" type="2"/>
  </round>
 </game>
 <game gamecode="11578788909">
  <general>
   <players>
    <player name="Gfs1505" seat="1" chips="92,575" dealer="0" reg_code="8408081908"/>
    <player name="splashbro89" seat="2" chips="107,750" dealer="0" reg_code=""/>
    <player name="felipechester" seat="4" chips="118,710" dealer="0" reg_code=""/>
    <player name="RufusDuSol" seat="5" chips="177,495" dealer="0" reg_code=""/>
    <player name="kobe242407" seat="6" chips="92,340" dealer="1" reg_code=""/>
    <player name="bedmex" seat="7" chips="191,563" dealer="0" reg_code=""/>
    <player name="kitayac" seat="9" chips="294,663" dealer="0" reg_code=""/>
    <player name="philo1976" seat="10" chips="174,650" dealer="0" reg_code=""/>
   </players>
  </general>
  <round no="0">
   <action no="1" player="bedmex" sum="€275" type="15"/>
   <action no="2" player="kitayac" sum="€275" type="15"/>
   <action no="3" player="philo1976" sum="€275" type="15"/>
   <action no="4" player="Gfs1505" sum="€275" type="15"/>
   <action no="5" player="splashbro89" sum="€275" type="15"/>
   <action no="6" player="felipechester" sum="€275" type="15"/>
   <action no="7" player="RufusDuSol" sum="€275" type="15"/>
   <action no="8" player="kobe242407" sum="€275" type="15"/>
   <action no="9" player="bedmex" sum="€900" type="1"/>
   <action no="10" player="kitayac" sum="€1,800" type="2"/>
  </round>
 </game>
 <game gamecode="11578788999">
  <general>
   <players>
    <player name="Gfs1505" seat="1" chips="92,300" dealer="0" reg_code="8408081908"/>
    <player name="splashbro89" seat="2" chips="107,475" dealer="0" reg_code=""/>
    <player name="felipechester" seat="4" chips="118,435" dealer="0" reg_code=""/>
    <player name="RufusDuSol" seat="5" chips="173,620" dealer="0" reg_code=""/>
    <player name="kobe242407" seat="6" chips="103,265" dealer="0" reg_code=""/>
    <player name="bedmex" seat="7" chips="187,688" dealer="1" reg_code=""/>
    <player name="kitayac" seat="9" chips="292,588" dealer="0" reg_code=""/>
    <player name="philo1976" seat="10" chips="174,375" dealer="0" reg_code=""/>
   </players>
  </general>
  <round no="0">
   <action no="1" player="kitayac" sum="€275" type="15"/>
   <action no="2" player="philo1976" sum="€275" type="15"/>
   <action no="3" player="Gfs1505" sum="€275" type="15"/>
   <action no="4" player="splashbro89" sum="€275" type="15"/>
   <action no="5" player="felipechester" sum="€275" type="15"/>
   <action no="6" player="RufusDuSol" sum="€275" type="15"/>
   <action no="7" player="kobe242407" sum="€275" type="15"/>
   <action no="8" player="bedmex" sum="€275" type="15"/>
   <action no="9" player="kitayac" sum="€900" type="1"/>
   <action no="10" player="philo1976" sum="€1,800" type="2"/>
  </round>
 </game>
 <game gamecode="11578789100">
  <general>
   <players>
    <player name="Gfs1505" seat="1" chips="92,025" dealer="0" reg_code="8408081908"/>
    <player name="splashbro89" seat="2" chips="98,128" dealer="0" reg_code=""/>
    <player name="felipechester" seat="4" chips="118,160" dealer="0" reg_code=""/>
    <player name="RufusDuSol" seat="5" chips="173,345" dealer="0" reg_code=""/>
    <player name="kobe242407" seat="6" chips="102,990" dealer="0" reg_code=""/>
    <player name="bedmex" seat="7" chips="187,413" dealer="0" reg_code=""/>
    <player name="kitayac" seat="9" chips="307,635" dealer="1" reg_code=""/>
    <player name="philo1976" seat="10" chips="170,050" dealer="0" reg_code=""/>
   </players>
  </general>
  <round no="0">
   <action no="1" player="philo1976" sum="€275" type="15"/>
   <action no="2" player="Gfs1505" sum="€275" type="15"/>
   <action no="3" player="splashbro89" sum="€275" type="15"/>
   <action no="4" player="felipechester" sum="€275" type="15"/>
   <action no="5" player="RufusDuSol" sum="€275" type="15"/>
   <action no="6" player="kobe242407" sum="€275" type="15"/>
   <action no="7" player="bedmex" sum="€275" type="15"/>
   <action no="8" player="kitayac" sum="€275" type="15"/>
   <action no="9" player="philo1976" sum="€900" type="1"/>
   <action no="10" player="Gfs1505" sum="€1,800" type="2"/>
  </round>
 </game>
 <game gamecode="11578789158">
  <general>
   <players>
    <player name="Gfs1505" seat="1" chips="89,950" dealer="0" reg_code="8408081908"/>
    <player name="splashbro89" seat="2" chips="97,853" dealer="0" reg_code=""/>
    <player name="felipechester" seat="4" chips="114,285" dealer="0" reg_code=""/>
    <player name="RufusDuSol" seat="5" chips="173,070" dealer="0" reg_code=""/>
    <player name="kobe242407" seat="6" chips="102,715" dealer="0" reg_code=""/>
    <player name="bedmex" seat="7" chips="195,638" dealer="0" reg_code=""/>
    <player name="kitayac" seat="9" chips="307,360" dealer="0" reg_code=""/>
    <player name="philo1976" seat="10" chips="168,875" dealer="1" reg_code=""/>
   </players>
  </general>
  <round no="0">
   <action no="1" player="Gfs1505" sum="€275" type="15"/>
   <action no="2" player="splashbro89" sum="€275" type="15"/>
   <action no="3" player="felipechester" sum="€275" type="15"/>
   <action no="4" player="RufusDuSol" sum="€275" type="15"/>
   <action no="5" player="kobe242407" sum="€275" type="15"/>
   <action no="6" player="bedmex" sum="€275" type="15"/>
   <action no="7" player="kitayac" sum="€275" type="15"/>
   <action no="8" player="philo1976" sum="€275" type="15"/>
   <action no="9" player="Gfs1505" sum="€900" type="1"/>
   <action no="10" player="splashbro89" sum="€1,800" type="2"/>
  </round>
 </game>
 <game gamecode="11578789264">
  <general>
   <players>
    <player name="Gfs1505" seat="1" chips="88,775" dealer="1" reg_code="8408081908"/>
    <player name="splashbro89" seat="2" chips="93,978" dealer="0" reg_code=""/>
    <player name="felipechester" seat="4" chips="120,710" dealer="0" reg_code=""/>
    <player name="RufusDuSol" seat="5" chips="172,795" dealer="0" reg_code=""/>
    <player name="kobe242407" seat="6" chips="102,440" dealer="0" reg_code=""/>
    <player name="bedmex" seat="7" chips="195,363" dealer="0" reg_code=""/>
    <player name="kitayac" seat="9" chips="307,085" dealer="0" reg_code=""/>
    <player name="philo1976" seat="10" chips="168,600" dealer="0" reg_code=""/>
   </players>
  </general>
  <round no="0">
   <action no="1" player="splashbro89" sum="€275" type="15"/>
   <action no="2" player="felipechester" sum="€275" type="15"/>
   <action no="3" player="RufusDuSol" sum="€275" type="15"/>
   <action no="4" player="kobe242407" sum="€275" type="15"/>
   <action no="5" player="bedmex" sum="€275" type="15"/>
   <action no="6" player="kitayac" sum="€275" type="15"/>
   <action no="7" player="philo1976" sum="€275" type="15"/>
   <action no="8" player="Gfs1505" sum="€275" type="15"/>
   <action no="9" player="splashbro89" sum="€900" type="1"/>
   <action no="10" player="felipechester" sum="€1,800" type="2"/>
  </round>
 </game>
 <game gamecode="11578789309">
  <general>
   <players>
    <player name="Gfs1505" seat="1" chips="88,500" dealer="0" reg_code="8408081908"/>
    <player name="splashbro89" seat="2" chips="92,803" dealer="1" reg_code=""/>
    <player name="felipechester" seat="4" chips="118,635" dealer="0" reg_code=""/>
    <player name="RufusDuSol" seat="5" chips="172,520" dealer="0" reg_code=""/>
    <player name="kobe242407" seat="6" chips="110,665" dealer="0" reg_code=""/>
    <player name="bedmex" seat="7" chips="195,088" dealer="0" reg_code=""/>
    <player name="kitayac" seat="9" chips="306,810" dealer="0" reg_code=""/>
    <player name="philo1976" seat="10" chips="164,725" dealer="0" reg_code=""/>
   </players>
  </general>
  <round no="0">
   <action no="1" player="felipechester" sum="€300" type="15"/>
   <action no="2" player="RufusDuSol" sum="€300" type="15"/>
   <action no="3" player="kobe242407" sum="€300" type="15"/>
   <action no="4" player="bedmex" sum="€300" type="15"/>
   <action no="5" player="kitayac" sum="€300" type="15"/>
   <action no="6" player="philo1976" sum="€300" type="15"/>
   <action no="7" player="Gfs1505" sum="€300" type="15"/>
   <action no="8" player="splashbro89" sum="€300" type="15"/>
   <action no="9" player="felipechester" sum="€1,000" type="1"/>
   <action no="10" player="RufusDuSol" sum="€2,000" type="2"/>
  </round>
 </game>
 <game gamecode="11578789377">
  <general>
   <players>
    <player name="Gfs1505" seat="1" chips="88,200" dealer="0" reg_code="8408081908"/>
    <player name="splashbro89" seat="2" chips="92,503" dealer="0" reg_code=""/>
    <player name="felipechester" seat="4" chips="117,335" dealer="1" reg_code=""/>
    <player name="RufusDuSol" seat="5" chips="170,220" dealer="0" reg_code=""/>
    <player name="kobe242407" seat="6" chips="110,365" dealer="0" reg_code=""/>
    <player name="bedmex" seat="7" chips="194,788" dealer="0" reg_code=""/>
    <player name="kitayac" seat="9" chips="302,510" dealer="0" reg_code=""/>
    <player name="philo1976" seat="10" chips="173,825" dealer="0" reg_code=""/>
   </players>
  </general>
  <round no="0">
   <action no="1" player="RufusDuSol" sum="€300" type="15"/>
   <action no="2" player="kobe242407" sum="€300" type="15"/>
   <action no="3" player="bedmex" sum="€300" type="15"/>
   <action no="4" player="kitayac" sum="€300" type="15"/>
   <action no="5" player="philo1976" sum="€300" type="15"/>
   <action no="6" player="Gfs1505" sum="€300" type="15"/>
   <action no="7" player="splashbro89" sum="€300" type="15"/>
   <action no="8" player="felipechester" sum="€300" type="15"/>
   <action no="9" player="RufusDuSol" sum="€1,000" type="1"/>
   <action no="10" player="kobe242407" sum="€2,000" type="2"/>
  </round>
 </game>
 <game gamecode="11578789438">
  <general>
   <players>
    <player name="Gfs1505" seat="1" chips="93,300" dealer="0" reg_code="8408081908"/>
    <player name="splashbro89" seat="2" chips="92,203" dealer="0" reg_code=""/>
    <player name="felipechester" seat="4" chips="117,035" dealer="0" reg_code=""/>
    <player name="RufusDuSol" seat="5" chips="168,920" dealer="1" reg_code=""/>
    <player name="kobe242407" seat="6" chips="108,065" dealer="0" reg_code=""/>
    <player name="bedmex" seat="7" chips="194,488" dealer="0" reg_code=""/>
    <player name="kitayac" seat="9" chips="302,210" dealer="0" reg_code=""/>
    <player name="philo1976" seat="10" chips="173,525" dealer="0" reg_code=""/>
   </players>
  </general>
  <round no="0">
   <action no="1" player="kobe242407" sum="€300" type="15"/>
   <action no="2" player="bedmex" sum="€300" type="15"/>
   <action no="3" player="kitayac" sum="€300" type="15"/>
   <action no="4" player="philo1976" sum="€300" type="15"/>
   <action no="5" player="Gfs1505" sum="€300" type="15"/>
   <action no="6" player="splashbro89" sum="€300" type="15"/>
   <action no="7" player="felipechester" sum="€300" type="15"/>
   <action no="8" player="RufusDuSol" sum="€300" type="15"/>
   <action no="9" player="kobe242407" sum="€1,000" type="1"/>
   <action no="10" player="bedmex" sum="€2,000" type="2"/>
  </round>
 </game>
 <game gamecode="11578789501">
  <general>
   <players>
    <player name="Gfs1505" seat="1" chips="93,000" dealer="0" reg_code="8408081908"/>
    <player name="splashbro89" seat="2" chips="91,903" dealer="0" reg_code=""/>
    <player name="felipechester" seat="4" chips="116,735" dealer="0" reg_code=""/>
    <player name="RufusDuSol" seat="5" chips="168,620" dealer="0" reg_code=""/>
    <player name="kobe242407" seat="6" chips="106,765" dealer="1" reg_code=""/>
    <player name="bedmex" seat="7" chips="190,188" dealer="0" reg_code=""/>
    <player name="kitayac" seat="9" chips="301,910" dealer="0" reg_code=""/>
    <player name="philo1976" seat="10" chips="180,625" dealer="0" reg_code=""/>
   </players>
  </general>
  <round no="0">
   <action no="1" player="bedmex" sum="€300" type="15"/>
   <action no="2" player="kitayac" sum="€300" type="15"/>
   <action no="3" player="philo1976" sum="€300" type="15"/>
   <action no="4" player="Gfs1505" sum="€300" type="15"/>
   <action no="5" player="splashbro89" sum="€300" type="15"/>
   <action no="6" player="felipechester" sum="€300" type="15"/>
   <action no="7" player="RufusDuSol" sum="€300" type="15"/>
   <action no="8" player="kobe242407" sum="€300" type="15"/>
   <action no="9" player="bedmex" sum="€1,000" type="1"/>
   <action no="10" player="kitayac" sum="€2,000" type="2"/>
  </round>
 </game>
 <game gamecode="11578789552">
  <general>
   <players>
    <player name="Gfs1505" seat="1" chips="92,700" dealer="0" reg_code="8408081908"/>
    <player name="splashbro89" seat="2" chips="91,603" dealer="0" reg_code=""/>
    <player name="felipechester" seat="4" chips="116,435" dealer="0" reg_code=""/>
    <player name="RufusDuSol" seat="5" chips="168,320" dealer="0" reg_code=""/>
    <player name="kobe242407" seat="6" chips="106,465" dealer="0" reg_code=""/>
    <player name="bedmex" seat="7" chips="188,888" dealer="1" reg_code=""/>
    <player name="kitayac" seat="9" chips="305,010" dealer="0" reg_code=""/>
    <player name="philo1976" seat="10" chips="180,325" dealer="0" reg_code=""/>
   </players>
  </general>
  <round no="0">
   <action no="1" player="kitayac" sum="€300" type="15"/>
   <action no="2" player="philo1976" sum="€300" type="15"/>
   <action no="3" player="Gfs1505" sum="€300" type="15"/>
   <action no="4" player="splashbro89" sum="€300" type="15"/>
   <action no="5" player="felipechester" sum="€300" type="15"/>
   <action no="6" player="RufusDuSol" sum="€300" type="15"/>
   <action no="7" player="kobe242407" sum="€300" type="15"/>
   <action no="8" player="bedmex" sum="€300" type="15"/>
   <action no="9" player="kitayac" sum="€1,000" type="1"/>
   <action no="10" player="philo1976" sum="€2,000" type="2"/>
  </round>
 </game>
 <game gamecode="11578807065">
  <general>
   <players>
    <player name="Gfs1505" seat="1" chips="92,400" dealer="0" reg_code="8408081908"/>
    <player name="splashbro89" seat="2" chips="91,303" dealer="0" reg_code=""/>
    <player name="felipechester" seat="4" chips="116,135" dealer="0" reg_code=""/>
    <player name="RufusDuSol" seat="5" chips="168,020" dealer="0" reg_code=""/>
    <player name="kobe242407" seat="6" chips="159,765" dealer="0" reg_code=""/>
    <player name="bedmex" seat="7" chips="188,588" dealer="0" reg_code=""/>
    <player name="kitayac" seat="9" chips="257,510" dealer="1" reg_code=""/>
    <player name="philo1976" seat="10" chips="176,025" dealer="0" reg_code=""/>
   </players>
  </general>
  <round no="0">
   <action no="1" player="philo1976" sum="€300" type="15"/>
   <action no="2" player="Gfs1505" sum="€300" type="15"/>
   <action no="3" player="splashbro89" sum="€300" type="15"/>
   <action no="4" player="felipechester" sum="€300" type="15"/>
   <action no="5" player="RufusDuSol" sum="€300" type="15"/>
   <action no="6" player="kobe242407" sum="€300" type="15"/>
   <action no="7" player="bedmex" sum="€300" type="15"/>
   <action no="8" player="kitayac" sum="€300" type="15"/>
   <action no="9" player="philo1976" sum="€1,000" type="1"/>
   <action no="10" player="Gfs1505" sum="€2,000" type="2"/>
  </round>
 </game>
 <game gamecode="11578807241">
  <general>
   <players>
    <player name="Gfs1505" seat="1" chips="90,100" dealer="0" reg_code="8408081908"/>
    <player name="felipechester" seat="4" chips="212,238" dealer="0" reg_code=""/>
    <player name="RufusDuSol" seat="5" chips="167,720" dealer="0" reg_code=""/>
    <player name="kobe242407" seat="6" chips="159,465" dealer="0" reg_code=""/>
    <player name="bedmex" seat="7" chips="188,288" dealer="0" reg_code=""/>
    <player name="kitayac" seat="9" chips="257,210" dealer="0" reg_code=""/>
    <player name="philo1976" seat="10" chips="174,725" dealer="1" reg_code=""/>
   </players>
  </general>
  <round no="0">
   <action no="1" player="Gfs1505" sum="€300" type="15"/>
   <action no="2" player="felipechester" sum="€300" type="15"/>
   <action no="3" player="RufusDuSol" sum="€300" type="15"/>
   <action no="4" player="kobe242407" sum="€300" type="15"/>
   <action no="5" player="bedmex" sum="€300" type="15"/>
   <action no="6" player="kitayac" sum="€300" type="15"/>
   <action no="7" player="philo1976" sum="€300" type="15"/>
   <action no="8" player="Gfs1505" sum="€1,000" type="1"/>
   <action no="9" player="felipechester" sum="€2,000" type="2"/>
  </round>
 </game>
 <game gamecode="11578807286">
  <general>
   <players>
    <player name="Gfs1505" seat="1" chips="93,900" dealer="1" reg_code="8408081908"/>
    <player name="SC4MINCOM1NG" seat="2" chips="100,000" dealer="0" reg_code=""/>
    <player name="felipechester" seat="4" chips="209,938" dealer="0" reg_code=""/>
    <player name="RufusDuSol" seat="5" chips="167,420" dealer="0" reg_code=""/>
    <player name="kobe242407" seat="6" chips="159,165" dealer="0" reg_code=""/>
    <player name="bedmex" seat="7" chips="187,988" dealer="0" reg_code=""/>
    <player name="kitayac" seat="9" chips="256,910" dealer="0" reg_code=""/>
    <player name="philo1976" seat="10" chips="174,425" dealer="0" reg_code=""/>
   </players>
  </general>
  <round no="0">
   <action no="1" player="felipechester" sum="€300" type="15"/>
   <action no="2" player="RufusDuSol" sum="€300" type="15"/>
   <action no="3" player="kobe242407" sum="€300" type="15"/>
   <action no="4" player="bedmex" sum="€300" type="15"/>
   <action no="5" player="kitayac" sum="€300" type="15"/>
   <action no="6" player="philo1976" sum="€300" type="15"/>
   <action no="7" player="Gfs1505" sum="€300" type="15"/>
   <action no="8" player="felipechester" sum="€1,000" type="1"/>
   <action no="9" player="RufusDuSol" sum="€2,000" type="2"/>
  </round>
 </game>
 <game gamecode="11578807392">
  <general>
   <players>
    <player name="Gfs1505" seat="1" chips="93,600" dealer="0" reg_code="8408081908"/>
    <player name="SC4MINCOM1NG" seat="2" chips="100,000" dealer="0" reg_code=""/>
    <player name="felipechester" seat="4" chips="208,638" dealer="1" reg_code=""/>
    <player name="RufusDuSol" seat="5" chips="188,460" dealer="0" reg_code=""/>
    <player name="kobe242407" seat="6" chips="158,865" dealer="0" reg_code=""/>
    <player name="bedmex" seat="7" chips="187,688" dealer="0" reg_code=""/>
    <player name="kitayac" seat="9" chips="238,370" dealer="0" reg_code=""/>
    <player name="philo1976" seat="10" chips="174,125" dealer="0" reg_code=""/>
   </players>
  </general>
  <round no="0">
   <action no="1" player="RufusDuSol" sum="€300" type="15"/>
   <action no="2" player="kobe242407" sum="€300" type="15"/>
   <action no="3" player="bedmex" sum="€300" type="15"/>
   <action no="4" player="kitayac" sum="€300" type="15"/>
   <action no="5" player="philo1976" sum="€300" type="15"/>
   <action no="6" player="Gfs1505" sum="€300" type="15"/>
   <action no="7" player="SC4MINCOM1NG" sum="€300" type="15"/>
   <action no="8" player="felipechester" sum="€300" type="15"/>
   <action no="9" player="RufusDuSol" sum="€1,000" type="1"/>
   <action no="10" player="kobe242407" sum="€2,000" type="2"/>
  </round>
 </game>
 <game gamecode="11578807457">
  <general>
   <players>
    <player name="Gfs1505" seat="1" chips="93,300" dealer="0" reg_code="8408081908"/>
    <player name="SC4MINCOM1NG" seat="2" chips="105,100" dealer="0" reg_code=""/>
    <player name="felipechester" seat="4" chips="208,338" dealer="0" reg_code=""/>
    <player name="RufusDuSol" seat="5" chips="187,160" dealer="1" reg_code=""/>
    <player name="kobe242407" seat="6" chips="156,565" dealer="0" reg_code=""/>
    <player name="bedmex" seat="7" chips="187,388" dealer="0" reg_code=""/>
    <player name="kitayac" seat="9" chips="238,070" dealer="0" reg_code=""/>
    <player name="philo1976" seat="10" chips="173,825" dealer="0" reg_code=""/>
   </players>
  </general>
  <round no="0">
   <action no="1" player="kobe242407" sum="€300" type="15"/>
   <action no="2" player="bedmex" sum="€300" type="15"/>
   <action no="3" player="kitayac" sum="€300" type="15"/>
   <action no="4" player="philo1976" sum="€300" type="15"/>
   <action no="5" player="Gfs1505" sum="€300" type="15"/>
   <action no="6" player="SC4MINCOM1NG" sum="€300" type="15"/>
   <action no="7" player="felipechester" sum="€300" type="15"/>
   <action no="8" player="RufusDuSol" sum="€300" type="15"/>
   <action no="9" player="kobe242407" sum="€1,000" type="1"/>
   <action no="10" player="bedmex" sum="€2,000" type="2"/>
  </round>
 </game>
 <game gamecode="11578807531">
  <general>
   <players>
    <player name="Gfs1505" seat="1" chips="93,000" dealer="0" reg_code="8408081908"/>
    <player name="SC4MINCOM1NG" seat="2" chips="104,800" dealer="0" reg_code=""/>
    <player name="felipechester" seat="4" chips="208,038" dealer="0" reg_code=""/>
    <player name="RufusDuSol" seat="5" chips="186,860" dealer="0" reg_code=""/>
    <player name="kobe242407" seat="6" chips="160,665" dealer="1" reg_code=""/>
    <player name="bedmex" seat="7" chips="185,088" dealer="0" reg_code=""/>
    <player name="kitayac" seat="9" chips="237,770" dealer="0" reg_code=""/>
    <player name="philo1976" seat="10" chips="173,525" dealer="0" reg_code=""/>
   </players>
  </general>
  <round no="0">
   <action no="1" player="bedmex" sum="€300" type="15"/>
   <action no="2" player="kitayac" sum="€300" type="15"/>
   <action no="3" player="philo1976" sum="€300" type="15"/>
   <action no="4" player="Gfs1505" sum="€300" type="15"/>
   <action no="5" player="SC4MINCOM1NG" sum="€300" type="15"/>
   <action no="6" player="felipechester" sum="€300" type="15"/>
   <action no="7" player="RufusDuSol" sum="€300" type="15"/>
   <action no="8" player="kobe242407" sum="€300" type="15"/>
   <action no="9" player="bedmex" sum="€1,000" type="1"/>
   <action no="10" player="kitayac" sum="€2,000" type="2"/>
  </round>
 </game>
 <game gamecode="11578807627">
  <general>
   <players>
    <player name="Gfs1505" seat="1" chips="92,700" dealer="0" reg_code="8408081908"/>
    <player name="SC4MINCOM1NG" seat="2" chips="104,500" dealer="0" reg_code=""/>
    <player name="felipechester" seat="4" chips="207,738" dealer="0" reg_code=""/>
    <player name="RufusDuSol" seat="5" chips="217,960" dealer="0" reg_code=""/>
    <player name="kobe242407" seat="6" chips="156,365" dealer="0" reg_code=""/>
    <player name="bedmex" seat="7" chips="183,788" dealer="1" reg_code=""/>
    <player name="kitayac" seat="9" chips="213,470" dealer="0" reg_code=""/>
    <player name="philo1976" seat="10" chips="173,225" dealer="0" reg_code=""/>
   </players>
  </general>
  <round no="0">
   <action no="1" player="kitayac" sum="€300" type="15"/>
   <action no="2" player="philo1976" sum="€300" type="15"/>
   <action no="3" player="Gfs1505" sum="€300" type="15"/>
   <action no="4" player="SC4MINCOM1NG" sum="€300" type="15"/>
   <action no="5" player="felipechester" sum="€300" type="15"/>
   <action no="6" player="RufusDuSol" sum="€300" type="15"/>
   <action no="7" player="kobe242407" sum="€300" type="15"/>
   <action no="8" player="bedmex" sum="€300" type="15"/>
   <action no="9" player="kitayac" sum="€1,000" type="1"/>
   <action no="10" player="philo1976" sum="€2,000" type="2"/>
  </round>
 </game>
 <game gamecode="11578807759">
  <general>
   <players>
    <player name="Gfs1505" seat="1" chips="98,100" dealer="0" reg_code="8408081908"/>
    <player name="SC4MINCOM1NG" seat="2" chips="104,200" dealer="0" reg_code=""/>
    <player name="felipechester" seat="4" chips="207,438" dealer="0" reg_code=""/>
    <player name="RufusDuSol" seat="5" chips="217,660" dealer="0" reg_code=""/>
    <player name="kobe242407" seat="6" chips="152,065" dealer="0" reg_code=""/>
    <player name="bedmex" seat="7" chips="179,488" dealer="0" reg_code=""/>
    <player name="kitayac" seat="9" chips="212,170" dealer="1" reg_code=""/>
    <player name="philo1976" seat="10" chips="178,625" dealer="0" reg_code=""/>
   </players>
  </general>
  <round no="0">
   <action no="1" player="philo1976" sum="€300" type="15"/>
   <action no="2" player="Gfs1505" sum="€300" type="15"/>
   <action no="3" player="SC4MINCOM1NG" sum="€300" type="15"/>
   <action no="4" player="felipechester" sum="€300" type="15"/>
   <action no="5" player="RufusDuSol" sum="€300" type="15"/>
   <action no="6" player="kobe242407" sum="€300" type="15"/>
   <action no="7" player="bedmex" sum="€300" type="15"/>
   <action no="8" player="kitayac" sum="€300" type="15"/>
   <action no="9" player="philo1976" sum="€1,000" type="1"/>
   <action no="10" player="Gfs1505" sum="€2,000" type="2"/>
  </round>
 </game>
 <game gamecode="11578826160">
  <general>
   <players>
    <player name="TheMakelyyy" seat="1" chips="100,000" dealer="1" reg_code=""/>
    <player name="ArteonR" seat="2" chips="100,000" dealer="0" reg_code=""/>
    <player name="LEEiM" seat="5" chips="237,484" dealer="0" reg_code=""/>
    <player name="owlknew1" seat="6" chips="174,715" dealer="0" reg_code=""/>
    <player name="SanFocus" seat="7" chips="177,025" dealer="0" reg_code=""/>
    <player name="furegui0406" seat="9" chips="57,638" dealer="0" reg_code=""/>
    <player name="Gfs1505" seat="10" chips="95,800" dealer="0" reg_code="8408081908"/>
   </players>
  </general>
  <round no="0">
   <action no="1" player="ArteonR" sum="€350" type="15"/>
   <action no="2" player="LEEiM" sum="€350" type="15"/>
   <action no="3" player="owlknew1" sum="€350" type="15"/>
   <action no="4" player="SanFocus" sum="€350" type="15"/>
   <action no="5" player="furegui0406" sum="€350" type="15"/>
   <action no="6" player="Gfs1505" sum="€350" type="15"/>
   <action no="7" player="TheMakelyyy" sum="€350" type="15"/>
   <action no="8" player="ArteonR" sum="€1,250" type="1"/>
   <action no="9" player="LEEiM" sum="€2,500" type="2"/>
  </round>
 </game>
 <game gamecode="11578826329">
  <general>
   <players>
    <player name="TheMakelyyy" seat="1" chips="94,650" dealer="0" reg_code=""/>
    <player name="ArteonR" seat="2" chips="139,600" dealer="1" reg_code=""/>
    <player name="l4q5l" seat="4" chips="100,000" dealer="0" reg_code=""/>
    <player name="LEEiM" seat="5" chips="209,634" dealer="0" reg_code=""/>
    <player name="owlknew1" seat="6" chips="174,365" dealer="0" reg_code=""/>
    <player name="SanFocus" seat="7" chips="176,675" dealer="0" reg_code=""/>
    <player name="furegui0406" seat="9" chips="57,288" dealer="0" reg_code=""/>
    <player name="Gfs1505" seat="10" chips="90,450" dealer="0" reg_code="8408081908"/>
   </players>
  </general>
  <round no="0">
   <action no="1" player="LEEiM" sum="€350" type="15"/>
   <action no="2" player="owlknew1" sum="€350" type="15"/>
   <action no="3" player="SanFocus" sum="€350" type="15"/>
   <action no="4" player="furegui0406" sum="€350" type="15"/>
   <action no="5" player="Gfs1505" sum="€350" type="15"/>
   <action no="6" player="TheMakelyyy" sum="€350" type="15"/>
   <action no="7" player="ArteonR" sum="€350" type="15"/>
   <action no="8" player="LEEiM" sum="€1,250" type="1"/>
   <action no="9" player="owlknew1" sum="€2,500" type="2"/>
  </round>
 </game>
 <game gamecode="11578826457">
  <general>
   <players>
    <player name="TheMakelyyy" seat="1" chips="94,300" dealer="0" reg_code=""/>
    <player name="ArteonR" seat="2" chips="176,881" dealer="0" reg_code=""/>
    <player name="l4q5l" seat="4" chips="100,000" dealer="0" reg_code=""/>
    <player name="LEEiM" seat="5" chips="208,034" dealer="1" reg_code=""/>
    <player name="owlknew1" seat="6" chips="145,084" dealer="0" reg_code=""/>
    <player name="SanFocus" seat="7" chips="171,325" dealer="0" reg_code=""/>
    <player name="furegui0406" seat="9" chips="56,938" dealer="0" reg_code=""/>
    <player name="Gfs1505" seat="10" chips="90,100" dealer="0" reg_code="8408081908"/>
   </players>
  </general>
  <round no="0">
   <action no="1" player="owlknew1" sum="€350" type="15"/>
   <action no="2" player="SanFocus" sum="€350" type="15"/>
   <action no="3" player="furegui0406" sum="€350" type="15"/>
   <action no="4" player="Gfs1505" sum="€350" type="15"/>
   <action no="5" player="TheMakelyyy" sum="€350" type="15"/>
   <action no="6" player="ArteonR" sum="€350" type="15"/>
   <action no="7" player="l4q5l" sum="€350" type="15"/>
   <action no="8" player="LEEiM" sum="€350" type="15"/>
   <action no="9" player="owlknew1" sum="€1,250" type="1"/>
   <action no="10" player="SanFocus" sum="€2,500" type="2"/>
  </round>
 </game>
 <game gamecode="11578826515">
  <general>
   <players>
    <player name="TheMakelyyy" seat="1" chips="93,950" dealer="0" reg_code=""/>
    <player name="ArteonR" seat="2" chips="176,531" dealer="0" reg_code=""/>
    <player name="l4q5l" seat="4" chips="99,650" dealer="0" reg_code=""/>
    <player name="LEEiM" seat="5" chips="207,684" dealer="0" reg_code=""/>
    <player name="SanFocus" seat="7" chips="168,475" dealer="0" reg_code=""/>
    <player name="furegui0406" seat="9" chips="56,588" dealer="0" reg_code=""/>
    <player name="Gfs1505" seat="10" chips="96,300" dealer="0" reg_code="8408081908"/>
   </players>
  </general>
  <round no="0">
   <action no="1" player="SanFocus" sum="€350" type="15"/>
   <action no="2" player="furegui0406" sum="€350" type="15"/>
   <action no="3" player="Gfs1505" sum="€350" type="15"/>
   <action no="4" player="TheMakelyyy" sum="€350" type="15"/>
   <action no="5" player="ArteonR" sum="€350" type="15"/>
   <action no="6" player="l4q5l" sum="€350" type="15"/>
   <action no="7" player="LEEiM" sum="€350" type="15"/>
   <action no="8" player="SanFocus" sum="€1,250" type="1"/>
   <action no="9" player="furegui0406" sum="€2,500" type="2"/>
  </round>
 </game>
 <game gamecode="11578826560">
  <general>
   <players>
    <player name="TheMakelyyy" seat="1" chips="93,600" dealer="0" reg_code=""/>
    <player name="ArteonR" seat="2" chips="176,181" dealer="0" reg_code=""/>
    <player name="l4q5l" seat="4" chips="105,500" dealer="0" reg_code=""/>
    <player name="LEEiM" seat="5" chips="207,334" dealer="0" reg_code=""/>
    <player name="SanFocus" seat="7" chips="166,875" dealer="1" reg_code=""/>
    <player name="furegui0406" seat="9" chips="53,738" dealer="0" reg_code=""/>
    <player name="Gfs1505" seat="10" chips="95,950" dealer="0" reg_code="8408081908"/>
   </players>
  </general>
  <round no="0">
   <action no="1" player="furegui0406" sum="€350" type="15"/>
   <action no="2" player="Gfs1505" sum="€350" type="15"/>
   <action no="3" player="TheMakelyyy" sum="€350" type="15"/>
   <action no="4" player="ArteonR" sum="€350" type="15"/>
   <action no="5" player="l4q5l" sum="€350" type="15"/>
   <action no="6" player="LEEiM" sum="€350" type="15"/>
   <action no="7" player="SanFocus" sum="€350" type="15"/>
   <action no="8" player="furegui0406" sum="€1,250" type="1"/>
   <action no="9" player="Gfs1505" sum="€2,500" type="2"/>
  </round>
 </game>
 <game gamecode="11578826689">
  <general>
   <players>
    <player name="TheMakelyyy" seat="1" chips="93,250" dealer="0" reg_code=""/>
    <player name="ArteonR" seat="2" chips="148,885" dealer="0" reg_code=""/>
    <player name="l4q5l" seat="4" chips="105,150" dealer="0" reg_code=""/>
    <player name="LEEiM" seat="5" chips="240,130" dealer="0" reg_code=""/>
    <player name="TheComunist" seat="6" chips="100,000" dealer="0" reg_code=""/>
    <player name="SanFocus" seat="7" chips="166,525" dealer="0" reg_code=""/>
    <player name="furegui0406" seat="9" chips="52,138" dealer="1" reg_code=""/>
    <player name="Gfs1505" seat="10" chips="93,100" dealer="0" reg_code="8408081908"/>
   </players>
  </general>
  <round no="0">
   <action no="1" player="Gfs1505" sum="€350" type="15"/>
   <action no="2" player="TheMakelyyy" sum="€350" type="15"/>
   <action no="3" player="ArteonR" sum="€350" type="15"/>
   <action no="4" player="l4q5l" sum="€350" type="15"/>
   <action no="5" player="LEEiM" sum="€350" type="15"/>
   <action no="6" player="TheComunist" sum="€350" type="15"/>
   <action no="7" player="SanFocus" sum="€350" type="15"/>
   <action no="8" player="furegui0406" sum="€350" type="15"/>
   <action no="9" player="Gfs1505" sum="€1,250" type="1"/>
   <action no="10" player="TheMakelyyy" sum="€2,500" type="2"/>
  </round>
 </game>
 <game gamecode="11578826751">
  <general>
   <players>
    <player name="TheMakelyyy" seat="1" chips="96,950" dealer="0" reg_code=""/>
    <player name="ArteonR" seat="2" chips="148,535" dealer="0" reg_code=""/>
    <player name="l4q5l" seat="4" chips="104,800" dealer="0" reg_code=""/>
    <player name="LEEiM" seat="5" chips="239,780" dealer="0" reg_code=""/>
    <player name="TheComunist" seat="6" chips="99,650" dealer="0" reg_code=""/>
    <player name="SanFocus" seat="7" chips="166,175" dealer="0" reg_code=""/>
    <player name="furegui0406" seat="9" chips="51,788" dealer="0" reg_code=""/>
    <player name="Gfs1505" seat="10" chips="91,500" dealer="1" reg_code="8408081908"/>
   </players>
  </general>
  <round no="0">
   <action no="1" player="TheMakelyyy" sum="€350" type="15"/>
   <action no="2" player="ArteonR" sum="€350" type="15"/>
   <action no="3" player="l4q5l" sum="€350" type="15"/>
   <action no="4" player="LEEiM" sum="€350" type="15"/>
   <action no="5" player="TheComunist" sum="€350" type="15"/>
   <action no="6" player="SanFocus" sum="€350" type="15"/>
   <action no="7" player="furegui0406" sum="€350" type="15"/>
   <action no="8" player="Gfs1505" sum="€350" type="15"/>
   <action no="9" player="TheMakelyyy" sum="€1,250" type="1"/>
   <action no="10" player="ArteonR" sum="€2,500" type="2"/>
  </round>
 </game>
 <game gamecode="11578826864">
  <general>
   <players>
    <player name="TheMakelyyy" seat="1" chips="46,594" dealer="1" reg_code=""/>
    <player name="ArteonR" seat="2" chips="200,991" dealer="0" reg_code=""/>
    <player name="l4q5l" seat="4" chips="104,450" dealer="0" reg_code=""/>
    <player name="LEEiM" seat="5" chips="239,430" dealer="0" reg_code=""/>
    <player name="TheComunist" seat="6" chips="99,300" dealer="0" reg_code=""/>
    <player name="SanFocus" seat="7" chips="165,825" dealer="0" reg_code=""/>
    <player name="furegui0406" seat="9" chips="51,438" dealer="0" reg_code=""/>
    <player name="Gfs1505" seat="10" chips="91,150" dealer="0" reg_code="8408081908"/>
   </players>
  </general>
  <round no="0">
   <action no="1" player="ArteonR" sum="€350" type="15"/>
   <action no="2" player="l4q5l" sum="€350" type="15"/>
   <action no="3" player="LEEiM" sum="€350" type="15"/>
   <action no="4" player="TheComunist" sum="€350" type="15"/>
   <action no="5" player="SanFocus" sum="€350" type="15"/>
   <action no="6" player="furegui0406" sum="€350" type="15"/>
   <action no="7" player="Gfs1505" sum="€350" type="15"/>
   <action no="8" player="TheMakelyyy" sum="€350" type="15"/>
   <action no="9" player="ArteonR" sum="€1,250" type="1"/>
   <action no="10" player="l4q5l" sum="€2,500" type="2"/>
  </round>
 </game>
 <game gamecode="11578827019">
  <general>
   <players>
    <player name="TheMakelyyy" seat="1" chips="46,244" dealer="0" reg_code=""/>
    <player name="ArteonR" seat="2" chips="222,341" dealer="1" reg_code=""/>
    <player name="l4q5l" seat="4" chips="99,100" dealer="0" reg_code=""/>
    <player name="LEEiM" seat="5" chips="239,080" dealer="0" reg_code=""/>
    <player name="TheComunist" seat="6" chips="85,050" dealer="0" reg_code=""/>
    <player name="SanFocus" seat="7" chips="165,475" dealer="0" reg_code=""/>
    <player name="furegui0406" seat="9" chips="51,088" dealer="0" reg_code=""/>
    <player name="Gfs1505" seat="10" chips="90,800" dealer="0" reg_code="8408081908"/>
   </players>
  </general>
  <round no="0">
   <action no="1" player="l4q5l" sum="€350" type="15"/>
   <action no="2" player="LEEiM" sum="€350" type="15"/>
   <action no="3" player="TheComunist" sum="€350" type="15"/>
   <action no="4" player="SanFocus" sum="€350" type="15"/>
   <action no="5" player="furegui0406" sum="€350" type="15"/>
   <action no="6" player="Gfs1505" sum="€350" type="15"/>
   <action no="7" player="TheMakelyyy" sum="€350" type="15"/>
   <action no="8" player="ArteonR" sum="€350" type="15"/>
   <action no="9" player="l4q5l" sum="€1,250" type="1"/>
   <action no="10" player="LEEiM" sum="€2,500" type="2"/>
  </round>
 </game>
 <game gamecode="11578843226">
  <general>
   <players>
    <player name="TheMakelyyy" seat="1" chips="45,894" dealer="0" reg_code=""/>
    <player name="ArteonR" seat="2" chips="233,541" dealer="0" reg_code=""/>
    <player name="l4q5l" seat="4" chips="97,500" dealer="1" reg_code=""/>
    <player name="LEEiM" seat="5" chips="236,230" dealer="0" reg_code=""/>
    <player name="TheComunist" seat="6" chips="84,700" dealer="0" reg_code=""/>
    <player name="SanFocus" seat="7" chips="160,125" dealer="0" reg_code=""/>
    <player name="furegui0406" seat="9" chips="50,738" dealer="0" reg_code=""/>
    <player name="Gfs1505" seat="10" chips="90,450" dealer="0" reg_code="8408081908"/>
   </players>
  </general>
  <round no="0">
   <action no="1" player="LEEiM" sum="€350" type="15"/>
   <action no="2" player="TheComunist" sum="€350" type="15"/>
   <action no="3" player="SanFocus" sum="€350" type="15"/>
   <action no="4" player="furegui0406" sum="€350" type="15"/>
   <action no="5" player="Gfs1505" sum="€350" type="15"/>
   <action no="6" player="TheMakelyyy" sum="€350" type="15"/>
   <action no="7" player="ArteonR" sum="€350" type="15"/>
   <action no="8" player="l4q5l" sum="€350" type="15"/>
   <action no="9" player="LEEiM" sum="€1,250" type="1"/>
   <action no="10" player="TheComunist" sum="€2,500" type="2"/>
  </round>
 </game>
 <game gamecode="11578843358">
  <general>
   <players>
    <player name="TheMakelyyy" seat="1" chips="45,544" dealer="0" reg_code=""/>
    <player name="ArteonR" seat="2" chips="233,191" dealer="0" reg_code=""/>
    <player name="l4q5l" seat="4" chips="97,150" dealer="0" reg_code=""/>
    <player name="LEEiM" seat="5" chips="241,180" dealer="1" reg_code=""/>
    <player name="TheComunist" seat="6" chips="81,850" dealer="0" reg_code=""/>
    <player name="SanFocus" seat="7" chips="159,775" dealer="0" reg_code=""/>
    <player name="furegui0406" seat="9" chips="50,388" dealer="0" reg_code=""/>
    <player name="Gfs1505" seat="10" chips="90,100" dealer="0" reg_code="8408081908"/>
   </players>
  </general>
  <round no="0">
   <action no="1" player="TheComunist" sum="€400" type="15"/>
   <action no="2" player="SanFocus" sum="€400" type="15"/>
   <action no="3" player="furegui0406" sum="€400" type="15"/>
   <action no="4" player="Gfs1505" sum="€400" type="15"/>
   <action no="5" player="TheMakelyyy" sum="€400" type="15"/>
   <action no="6" player="ArteonR" sum="€400" type="15"/>
   <action no="7" player="l4q5l" sum="€400" type="15"/>
   <action no="8" player="LEEiM" sum="€400" type="15"/>
   <action no="9" player="TheComunist" sum="€1,500" type="1"/>
   <action no="10" player="SanFocus" sum="€3,000" type="2"/>
  </round>
 </game>
 <game gamecode="11578843474">
  <general>
   <players>
    <player name="TheMakelyyy" seat="1" chips="45,144" dealer="0" reg_code=""/>
    <player name="ArteonR" seat="2" chips="243,491" dealer="0" reg_code=""/>
    <player name="l4q5l" seat="4" chips="96,750" dealer="0" reg_code=""/>
    <player name="LEEiM" seat="5" chips="240,780" dealer="0" reg_code=""/>
    <player name="TheComunist" seat="6" chips="79,950" dealer="1" reg_code=""/>
    <player name="SanFocus" seat="7" chips="153,375" dealer="0" reg_code=""/>
    <player name="furegui0406" seat="9" chips="49,988" dealer="0" reg_code=""/>
    <player name="Gfs1505" seat="10" chips="89,700" dealer="0" reg_code="8408081908"/>
   </players>
  </general>
  <round no="0">
   <action no="1" player="SanFocus" sum="€400" type="15"/>
   <action no="2" player="furegui0406" sum="€400" type="15"/>
   <action no="3" player="Gfs1505" sum="€400" type="15"/>
   <action no="4" player="TheMakelyyy" sum="€400" type="15"/>
   <action no="5" player="ArteonR" sum="€400" type="15"/>
   <action no="6" player="l4q5l" sum="€400" type="15"/>
   <action no="7" player="LEEiM" sum="€400" type="15"/>
   <action no="8" player="TheComunist" sum="€400" type="15"/>
   <action no="9" player="SanFocus" sum="€1,500" type="1"/>
   <action no="10" player="furegui0406" sum="€3,000" type="2"/>
  </round>
 </game>
 <game gamecode="11578843529">
  <general>
   <players>
    <player name="TheMakelyyy" seat="1" chips="52,444" dealer="0" reg_code=""/>
    <player name="ArteonR" seat="2" chips="243,091" dealer="0" reg_code=""/>
    <player name="l4q5l" seat="4" chips="96,350" dealer="0" reg_code=""/>
    <player name="LEEiM" seat="5" chips="240,380" dealer="0" reg_code=""/>
    <player name="TheComunist" seat="6" chips="79,550" dealer="0" reg_code=""/>
    <player name="SanFocus" seat="7" chips="151,475" dealer="1" reg_code=""/>
    <player name="furegui0406" seat="9" chips="46,588" dealer="0" reg_code=""/>
    <player name="Gfs1505" seat="10" chips="89,300" dealer="0" reg_code="8408081908"/>
   </players>
  </general>
  <round no="0">
   <action no="1" player="furegui0406" sum="€400" type="15"/>
   <action no="2" player="Gfs1505" sum="€400" type="15"/>
   <action no="3" player="TheMakelyyy" sum="€400" type="15"/>
   <action no="4" player="ArteonR" sum="€400" type="15"/>
   <action no="5" player="l4q5l" sum="€400" type="15"/>
   <action no="6" player="LEEiM" sum="€400" type="15"/>
   <action no="7" player="TheComunist" sum="€400" type="15"/>
   <action no="8" player="SanFocus" sum="€400" type="15"/>
   <action no="9" player="furegui0406" sum="€1,500" type="1"/>
   <action no="10" player="Gfs1505" sum="€3,000" type="2"/>
  </round>
 </game>
 <game gamecode="11578843655">
  <general>
   <players>
    <player name="TheMakelyyy" seat="1" chips="52,044" dealer="0" reg_code=""/>
    <player name="ArteonR" seat="2" chips="242,691" dealer="0" reg_code=""/>
    <player name="l4q5l" seat="4" chips="103,650" dealer="0" reg_code=""/>
    <player name="LEEiM" seat="5" chips="239,980" dealer="0" reg_code=""/>
    <player name="TheComunist" seat="6" chips="79,150" dealer="0" reg_code=""/>
    <player name="SanFocus" seat="7" chips="151,075" dealer="0" reg_code=""/>
    <player name="furegui0406" seat="9" chips="44,688" dealer="1" reg_code=""/>
    <player name="Gfs1505" seat="10" chips="85,900" dealer="0" reg_code="8408081908"/>
   </players>
  </general>
  <round no="0">
   <action no="1" player="Gfs1505" sum="€400" type="15"/>
   <action no="2" player="TheMakelyyy" sum="€400" type="15"/>
   <action no="3" player="ArteonR" sum="€400" type="15"/>
   <action no="4" player="l4q5l" sum="€400" type="15"/>
   <action no="5" player="LEEiM" sum="€400" type="15"/>
   <action no="6" player="TheComunist" sum="€400" type="15"/>
   <action no="7" player="SanFocus" sum="€400" type="15"/>
   <action no="8" player="furegui0406" sum="€400" type="15"/>
   <action no="9" player="Gfs1505" sum="€1,500" type="1"/>
   <action no="10" player="TheMakelyyy" sum="€3,000" type="2"/>
  </round>
 </game>
 <game gamecode="11578843816">
  <general>
   <players>
    <player name="TheMakelyyy" seat="1" chips="100,632" dealer="0" reg_code=""/>
    <player name="ArteonR" seat="2" chips="242,291" dealer="0" reg_code=""/>
    <player name="l4q5l" seat="4" chips="103,250" dealer="0" reg_code=""/>
    <player name="LEEiM" seat="5" chips="239,580" dealer="0" reg_code=""/>
    <player name="TheComunist" seat="6" chips="78,750" dealer="0" reg_code=""/>
    <player name="SanFocus" seat="7" chips="150,675" dealer="0" reg_code=""/>
    <player name="Gfs1505" seat="10" chips="84,000" dealer="1" reg_code="8408081908"/>
   </players>
  </general>
  <round no="0">
   <action no="1" player="TheMakelyyy" sum="€400" type="15"/>
   <action no="2" player="ArteonR" sum="€400" type="15"/>
   <action no="3" player="l4q5l" sum="€400" type="15"/>
   <action no="4" player="LEEiM" sum="€400" type="15"/>
   <action no="5" player="TheComunist" sum="€400" type="15"/>
   <action no="6" player="SanFocus" sum="€400" type="15"/>
   <action no="7" player="Gfs1505" sum="€400" type="15"/>
   <action no="8" player="TheMakelyyy" sum="€1,500" type="1"/>
   <action no="9" player="ArteonR" sum="€3,000" type="2"/>
  </round>
 </game>
 <game gamecode="11578843948">
  <general>
   <players>
    <player name="TheMakelyyy" seat="1" chips="98,732" dealer="1" reg_code=""/>
    <player name="ArteonR" seat="2" chips="223,891" dealer="0" reg_code=""/>
    <player name="l4q5l" seat="4" chips="102,850" dealer="0" reg_code=""/>
    <player name="LEEiM" seat="5" chips="239,180" dealer="0" reg_code=""/>
    <player name="TheComunist" seat="6" chips="78,350" dealer="0" reg_code=""/>
    <player name="SanFocus" seat="7" chips="172,575" dealer="0" reg_code=""/>
    <player name="necum" seat="9" chips="100,000" dealer="0" reg_code=""/>
    <player name="Gfs1505" seat="10" chips="83,600" dealer="0" reg_code="8408081908"/>
   </players>
  </general>
  <round no="0">
   <action no="1" player="ArteonR" sum="€400" type="15"/>
   <action no="2" player="l4q5l" sum="€400" type="15"/>
   <action no="3" player="LEEiM" sum="€400" type="15"/>
   <action no="4" player="TheComunist" sum="€400" type="15"/>
   <action no="5" player="SanFocus" sum="€400" type="15"/>
   <action no="6" player="necum" sum="€400" type="15"/>
   <action no="7" player="Gfs1505" sum="€400" type="15"/>
   <action no="8" player="TheMakelyyy" sum="€400" type="15"/>
   <action no="9" player="ArteonR" sum="€1,500" type="1"/>
   <action no="10" player="l4q5l" sum="€3,000" type="2"/>
  </round>
 </game>
 <game gamecode="11578844051">
  <general>
   <players>
    <player name="TheMakelyyy" seat="1" chips="98,332" dealer="0" reg_code=""/>
    <player name="ArteonR" seat="2" chips="217,491" dealer="1" reg_code=""/>
    <player name="l4q5l" seat="4" chips="99,450" dealer="0" reg_code=""/>
    <player name="LEEiM" seat="5" chips="238,780" dealer="0" reg_code=""/>
    <player name="TheComunist" seat="6" chips="77,950" dealer="0" reg_code=""/>
    <player name="SanFocus" seat="7" chips="172,175" dealer="0" reg_code=""/>
    <player name="necum" seat="9" chips="111,800" dealer="0" reg_code=""/>
    <player name="Gfs1505" seat="10" chips="83,200" dealer="0" reg_code="8408081908"/>
   </players>
  </general>
  <round no="0">
   <action no="1" player="l4q5l" sum="€400" type="15"/>
   <action no="2" player="LEEiM" sum="€400" type="15"/>
   <action no="3" player="TheComunist" sum="€400" type="15"/>
   <action no="4" player="SanFocus" sum="€400" type="15"/>
   <action no="5" player="necum" sum="€400" type="15"/>
   <action no="6" player="Gfs1505" sum="€400" type="15"/>
   <action no="7" player="TheMakelyyy" sum="€400" type="15"/>
   <action no="8" player="ArteonR" sum="€400" type="15"/>
   <action no="9" player="l4q5l" sum="€1,500" type="1"/>
   <action no="10" player="LEEiM" sum="€3,000" type="2"/>
  </round>
 </game>
 <game gamecode="11578865183">
  <general>
   <players>
    <player name="TheMakelyyy" seat="1" chips="97,932" dealer="0" reg_code=""/>
    <player name="ArteonR" seat="2" chips="217,091" dealer="0" reg_code=""/>
    <player name="l4q5l" seat="4" chips="88,550" dealer="1" reg_code=""/>
    <player name="LEEiM" seat="5" chips="252,080" dealer="0" reg_code=""/>
    <player name="TheComunist" seat="6" chips="77,550" dealer="0" reg_code=""/>
    <player name="SanFocus" seat="7" chips="171,775" dealer="0" reg_code=""/>
    <player name="necum" seat="9" chips="111,400" dealer="0" reg_code=""/>
    <player name="Gfs1505" seat="10" chips="82,800" dealer="0" reg_code="8408081908"/>
   </players>
  </general>
  <round no="0">
   <action no="1" player="LEEiM" sum="€400" type="15"/>
   <action no="2" player="TheComunist" sum="€400" type="15"/>
   <action no="3" player="SanFocus" sum="€400" type="15"/>
   <action no="4" player="necum" sum="€400" type="15"/>
   <action no="5" player="Gfs1505" sum="€400" type="15"/>
   <action no="6" player="TheMakelyyy" sum="€400" type="15"/>
   <action no="7" player="ArteonR" sum="€400" type="15"/>
   <action no="8" player="l4q5l" sum="€400" type="15"/>
   <action no="9" player="LEEiM" sum="€1,500" type="1"/>
   <action no="10" player="TheComunist" sum="€3,000" type="2"/>
  </round>
 </game>
 <game gamecode="11578865278">
  <general>
   <players>
    <player name="TheMakelyyy" seat="1" chips="97,532" dealer="0" reg_code=""/>
    <player name="ArteonR" seat="2" chips="216,691" dealer="0" reg_code=""/>
    <player name="l4q5l" seat="4" chips="88,150" dealer="0" reg_code=""/>
    <player name="LEEiM" seat="5" chips="250,180" dealer="1" reg_code=""/>
    <player name="TheComunist" seat="6" chips="74,150" dealer="0" reg_code=""/>
    <player name="SanFocus" seat="7" chips="261,475" dealer="0" reg_code=""/>
    <player name="necum" seat="9" chips="111,000" dealer="0" reg_code=""/>
   </players>
  </general>
  <round no="0">
   <action no="1" player="TheComunist" sum="€400" type="15"/>
   <action no="2" player="SanFocus" sum="€400" type="15"/>
   <action no="3" player="necum" sum="€400" type="15"/>
   <action no="4" player="TheMakelyyy" sum="€400" type="15"/>
   <action no="5" player="ArteonR" sum="€400" type="15"/>
   <action no="6" player="l4q5l" sum="€400" type="15"/>
   <action no="7" player="LEEiM" sum="€400" type="15"/>
   <action no="8" player="TheComunist" sum="€1,500" type="1"/>
   <action no="9" player="SanFocus" sum="€3,000" type="2"/>
  </round>
 </game>
</session>
