<?xml version="1.0" encoding="utf-8"?>
<session sessioncode="8413383357">
 <general>
  <client_version>25.1.1.9</client_version>
  <mode>real</mode>
  <gametype>Holdem NL</gametype>
  <tablename>€20 MYSTERY KICKOFF, 1131426512</tablename>
  <tournamentcurrency>EUR</tournamentcurrency>
  <duration>00:08:26</duration>
  <gamecount>8</gamecount>
  <startdate>2025-07-24 12:18:38</startdate>
  <currency>USD</currency>
  <nickname>Gfs1505</nickname>
  <bets>290,576</bets>
  <wins>70,800</wins>
  <chipsin>99,400</chipsin>
  <chipsout>0</chipsout>
  <statuspoints>RSP18</statuspoints>
  <awardpoints>RSP18</awardpoints>
  <ipoints>RSP18</ipoints>
  <tablesize>7</tablesize>
  <tournamentcode>1130688208</tournamentcode>
  <tournamentname>€20 MYSTERY KICKOFF</tournamentname>
  <place>79</place>
  <buyin>€9.10 + €9.10 + €1.80</buyin>
  <totalbuyin>€20</totalbuyin>
  <win>0</win>
 </general>
 <game gamecode="11593443642">
  <general>
   <startdate>2025-07-24 12:18:38</startdate>
   <smallblind>3,000</smallblind>
   <bigblind>6,000</bigblind>
   <ante>600</ante>
   <players>
    <player win="0" bet="600" addon="0" rebuy="0" chips="255,472" dealer="0" reg_code="" seat="1" name="callmem8"/>
    <player win="0" bet="600" addon="0" rebuy="0" chips="480,275" dealer="0" reg_code="" seat="3" name="Maugli74"/>
    <player win="0" bet="600" addon="0" rebuy="0" chips="74,520" dealer="0" reg_code="" seat="4" name="pliriow"/>
    <player win="62,400" bet="72,000" addon="0" rebuy="0" chips="118,150" dealer="1" reg_code="" seat="6" name="Lamanch6"/>
    <player win="0" bet="27,000" addon="0" rebuy="0" chips="618,537" dealer="0" reg_code="" seat="9" name="GafffaogTeip"/>
    <player win="0" bet="6,600" addon="0" rebuy="0" chips="192,045" dealer="0" reg_code="" seat="10" name="SUPAHOTFIREE"/>
   </players>
  </general>
  <round no="0">
   <action type="15" sum="600" no="1" player="GafffaogTeip"/>
   <action type="15" sum="600" no="2" player="SUPAHOTFIREE"/>
   <action type="15" sum="600" no="3" player="callmem8"/>
   <action type="15" sum="600" no="4" player="Maugli74"/>
   <action type="15" sum="600" no="5" player="pliriow"/>
   <action type="15" sum="600" no="6" player="Lamanch6"/>
   <action type="1" sum="3,000" no="7" player="GafffaogTeip"/>
   <action type="2" sum="6,000" no="8" player="SUPAHOTFIREE"/>
  </round>
  <round no="1">
   <cards type="Pocket" player="callmem8">X X</cards>
   <action type="0" sum="0" no="9" player="callmem8"/>
   <cards type="Pocket" player="Maugli74">X X</cards>
   <action type="0" sum="0" no="10" player="Maugli74"/>
   <cards type="Pocket" player="pliriow">X X</cards>
   <action type="0" sum="0" no="11" player="pliriow"/>
   <cards type="Pocket" player="Lamanch6">X X</cards>
   <action type="23" sum="12,000" no="12" player="Lamanch6"/>
   <cards type="Pocket" player="GafffaogTeip">X X</cards>
   <action type="3" sum="9,000" no="13" player="GafffaogTeip"/>
   <cards type="Pocket" player="SUPAHOTFIREE">X X</cards>
   <action type="0" sum="0" no="14" player="SUPAHOTFIREE"/>
  </round>
  <round no="2">
   <cards type="Flop">S3 SA C2</cards>
   <action type="4" sum="0" no="15" player="GafffaogTeip"/>
   <action type="5" sum="8,400" no="16" player="Lamanch6"/>
   <action type="3" sum="8,400" no="17" player="GafffaogTeip"/>
  </round>
  <round no="3">
   <cards type="Turn">C5</cards>
   <action type="4" sum="0" no="18" player="GafffaogTeip"/>
   <action type="4" sum="0" no="19" player="Lamanch6"/>
  </round>
  <round no="4">
   <cards type="River">C7</cards>
   <action type="5" sum="6,000" no="20" player="GafffaogTeip"/>
   <action type="23" sum="51,000" no="21" player="Lamanch6"/>
   <action type="0" sum="0" no="22" player="GafffaogTeip"/>
  </round>
 </game>
 <game gamecode="11593443723">
  <general>
   <startdate>2025-07-24 12:20:12</startdate>
   <smallblind>3,000</smallblind>
   <bigblind>6,000</bigblind>
   <ante>600</ante>
   <players>
    <player win="153,240" bet="73,920" addon="0" rebuy="0" chips="254,872" dealer="0" reg_code="" seat="1" name="callmem8"/>
    <player win="0" bet="600" addon="0" rebuy="0" chips="479,675" dealer="0" reg_code="" seat="3" name="Maugli74"/>
    <player win="0" bet="73,320" addon="0" rebuy="0" chips="73,920" dealer="0" reg_code="" seat="4" name="pliriow"/>
    <player win="0" bet="600" addon="0" rebuy="0" chips="153,550" dealer="0" reg_code="" seat="6" name="Lamanch6"/>
    <player win="0" bet="600" addon="0" rebuy="0" chips="100,000" dealer="0" reg_code="8413383357" seat="8" name="Gfs1505"/>
    <player win="0" bet="3,600" addon="0" rebuy="0" chips="185,445" dealer="0" reg_code="" seat="10" name="SUPAHOTFIREE"/>
   </players>
  </general>
  <round no="0">
   <action type="15" sum="600" no="1" player="SUPAHOTFIREE"/>
   <action type="15" sum="600" no="2" player="callmem8"/>
   <action type="15" sum="600" no="3" player="Maugli74"/>
   <action type="15" sum="600" no="4" player="pliriow"/>
   <action type="15" sum="600" no="5" player="Lamanch6"/>
   <action type="15" sum="600" no="6" player="Gfs1505"/>
   <action type="1" sum="3,000" no="7" player="SUPAHOTFIREE"/>
   <action type="2" sum="6,000" no="8" player="callmem8"/>
  </round>
  <round no="1">
   <cards type="Pocket" player="Maugli74">X X</cards>
   <action type="0" sum="0" no="9" player="Maugli74"/>
   <cards type="Pocket" player="pliriow">HA H10</cards>
   <action type="23" sum="73,320" no="10" player="pliriow"/>
   <cards type="Pocket" player="Lamanch6">X X</cards>
   <action type="0" sum="0" no="11" player="Lamanch6"/>
   <cards type="Pocket" player="Gfs1505">H4 D7</cards>
   <action type="0" sum="0" no="12" player="Gfs1505"/>
   <cards type="Pocket" player="SUPAHOTFIREE">X X</cards>
   <action type="0" sum="0" no="13" player="SUPAHOTFIREE"/>
   <cards type="Pocket" player="callmem8">CA SQ</cards>
   <action type="3" sum="67,320" no="14" player="callmem8"/>
  </round>
  <round no="2">
   <cards type="Flop">D6 DQ S3</cards>
  </round>
  <round no="3">
   <cards type="Turn">S9</cards>
  </round>
  <round no="4">
   <cards type="River">S8</cards>
  </round>
 </game>
 <game gamecode="11593443764">
  <general>
   <startdate>2025-07-24 12:20:59</startdate>
   <smallblind>3,000</smallblind>
   <bigblind>6,000</bigblind>
   <ante>600</ante>
   <players>
    <player win="0" bet="3,600" addon="0" rebuy="0" chips="334,192" dealer="0" reg_code="" seat="1" name="callmem8"/>
    <player win="0" bet="6,600" addon="0" rebuy="0" chips="479,075" dealer="0" reg_code="" seat="3" name="Maugli74"/>
    <player win="0" bet="600" addon="0" rebuy="0" chips="152,950" dealer="0" reg_code="" seat="6" name="Lamanch6"/>
    <player win="18,000" bet="98,800" addon="0" rebuy="0" chips="99,400" dealer="0" reg_code="8413383357" seat="8" name="Gfs1505"/>
    <player win="0" bet="600" addon="0" rebuy="0" chips="181,845" dealer="1" reg_code="" seat="10" name="SUPAHOTFIREE"/>
   </players>
  </general>
  <round no="0">
   <action type="15" sum="600" no="1" player="callmem8"/>
   <action type="15" sum="600" no="2" player="Maugli74"/>
   <action type="15" sum="600" no="3" player="Lamanch6"/>
   <action type="15" sum="600" no="4" player="Gfs1505"/>
   <action type="15" sum="600" no="5" player="SUPAHOTFIREE"/>
   <action type="1" sum="3,000" no="6" player="callmem8"/>
   <action type="2" sum="6,000" no="7" player="Maugli74"/>
  </round>
  <round no="1">
   <cards type="Pocket" player="Lamanch6">X X</cards>
   <action type="0" sum="0" no="8" player="Lamanch6"/>
   <cards type="Pocket" player="Gfs1505">S5 H5</cards>
   <action type="23" sum="98,800" no="9" player="Gfs1505"/>
   <cards type="Pocket" player="SUPAHOTFIREE">X X</cards>
   <action type="0" sum="0" no="10" player="SUPAHOTFIREE"/>
   <cards type="Pocket" player="callmem8">X X</cards>
   <action type="0" sum="0" no="11" player="callmem8"/>
   <cards type="Pocket" player="Maugli74">X X</cards>
   <action type="0" sum="0" no="12" player="Maugli74"/>
  </round>
 </game>
 <game gamecode="11593443791">
  <general>
   <startdate>2025-07-24 12:21:35</startdate>
   <smallblind>3,000</smallblind>
   <bigblind>6,000</bigblind>
   <ante>600</ante>
   <players>
    <player win="0" bet="600" addon="0" rebuy="0" chips="330,592" dealer="1" reg_code="" seat="1" name="callmem8"/>
    <player win="0" bet="3,600" addon="0" rebuy="0" chips="472,475" dealer="0" reg_code="" seat="3" name="Maugli74"/>
    <player win="10,200" bet="6,600" addon="0" rebuy="0" chips="100,000" dealer="0" reg_code="" seat="4" name="BenOlai"/>
    <player win="0" bet="600" addon="0" rebuy="0" chips="152,350" dealer="0" reg_code="" seat="6" name="Lamanch6"/>
    <player win="0" bet="600" addon="0" rebuy="0" chips="110,800" dealer="0" reg_code="8413383357" seat="8" name="Gfs1505"/>
    <player win="0" bet="600" addon="0" rebuy="0" chips="266,149" dealer="0" reg_code="" seat="9" name="DBow"/>
    <player win="0" bet="600" addon="0" rebuy="0" chips="181,245" dealer="0" reg_code="" seat="10" name="SUPAHOTFIREE"/>
   </players>
  </general>
  <round no="0">
   <action type="15" sum="600" no="1" player="Maugli74"/>
   <action type="15" sum="600" no="2" player="BenOlai"/>
   <action type="15" sum="600" no="3" player="Lamanch6"/>
   <action type="15" sum="600" no="4" player="Gfs1505"/>
   <action type="15" sum="600" no="5" player="DBow"/>
   <action type="15" sum="600" no="6" player="SUPAHOTFIREE"/>
   <action type="15" sum="600" no="7" player="callmem8"/>
   <action type="1" sum="3,000" no="8" player="Maugli74"/>
   <action type="2" sum="6,000" no="9" player="BenOlai"/>
  </round>
  <round no="1">
   <cards type="Pocket" player="BenOlai">X X</cards>
   <cards type="Pocket" player="Lamanch6">X X</cards>
   <action type="0" sum="0" no="10" player="Lamanch6"/>
   <cards type="Pocket" player="Gfs1505">C7 HJ</cards>
   <action type="0" sum="0" no="11" player="Gfs1505"/>
   <cards type="Pocket" player="DBow">X X</cards>
   <action type="0" sum="0" no="12" player="DBow"/>
   <cards type="Pocket" player="SUPAHOTFIREE">X X</cards>
   <action type="0" sum="0" no="13" player="SUPAHOTFIREE"/>
   <cards type="Pocket" player="callmem8">X X</cards>
   <action type="0" sum="0" no="14" player="callmem8"/>
   <cards type="Pocket" player="Maugli74">X X</cards>
   <action type="0" sum="0" no="15" player="Maugli74"/>
  </round>
 </game>
 <game gamecode="11593443814">
  <general>
   <startdate>2025-07-24 12:21:58</startdate>
   <smallblind>3,000</smallblind>
   <bigblind>6,000</bigblind>
   <ante>600</ante>
   <players>
    <player win="0" bet="600" addon="0" rebuy="0" chips="329,992" dealer="0" reg_code="" seat="1" name="callmem8"/>
    <player win="0" bet="600" addon="0" rebuy="0" chips="468,875" dealer="1" reg_code="" seat="3" name="Maugli74"/>
    <player win="0" bet="3,600" addon="0" rebuy="0" chips="106,600" dealer="0" reg_code="" seat="4" name="BenOlai"/>
    <player win="0" bet="6,600" addon="0" rebuy="0" chips="151,750" dealer="0" reg_code="" seat="6" name="Lamanch6"/>
    <player win="19,200" bet="12,000" addon="0" rebuy="0" chips="110,200" dealer="0" reg_code="8413383357" seat="8" name="Gfs1505"/>
    <player win="0" bet="600" addon="0" rebuy="0" chips="265,549" dealer="0" reg_code="" seat="9" name="DBow"/>
    <player win="0" bet="600" addon="0" rebuy="0" chips="180,645" dealer="0" reg_code="" seat="10" name="SUPAHOTFIREE"/>
   </players>
  </general>
  <round no="0">
   <action type="15" sum="600" no="1" player="BenOlai"/>
   <action type="15" sum="600" no="2" player="Lamanch6"/>
   <action type="15" sum="600" no="3" player="Gfs1505"/>
   <action type="15" sum="600" no="4" player="DBow"/>
   <action type="15" sum="600" no="5" player="SUPAHOTFIREE"/>
   <action type="15" sum="600" no="6" player="callmem8"/>
   <action type="15" sum="600" no="7" player="Maugli74"/>
   <action type="1" sum="3,000" no="8" player="BenOlai"/>
   <action type="2" sum="6,000" no="9" player="Lamanch6"/>
  </round>
  <round no="1">
   <cards type="Pocket" player="Gfs1505">CJ DK</cards>
   <action type="23" sum="12,000" no="10" player="Gfs1505"/>
   <cards type="Pocket" player="DBow">X X</cards>
   <action type="0" sum="0" no="11" player="DBow"/>
   <cards type="Pocket" player="SUPAHOTFIREE">X X</cards>
   <action type="0" sum="0" no="12" player="SUPAHOTFIREE"/>
   <cards type="Pocket" player="callmem8">X X</cards>
   <action type="0" sum="0" no="13" player="callmem8"/>
   <cards type="Pocket" player="Maugli74">X X</cards>
   <action type="0" sum="0" no="14" player="Maugli74"/>
   <cards type="Pocket" player="BenOlai">X X</cards>
   <action type="0" sum="0" no="15" player="BenOlai"/>
   <cards type="Pocket" player="Lamanch6">X X</cards>
   <action type="0" sum="0" no="16" player="Lamanch6"/>
  </round>
 </game>
 <game gamecode="11593462796">
  <general>
   <startdate>2025-07-24 12:22:55</startdate>
   <smallblind>3,000</smallblind>
   <bigblind>6,000</bigblind>
   <ante>600</ante>
   <players>
    <player win="218,000" bet="103,000" addon="0" rebuy="0" chips="329,392" dealer="0" reg_code="" seat="1" name="callmem8"/>
    <player win="0" bet="600" addon="0" rebuy="0" chips="468,275" dealer="0" reg_code="" seat="3" name="Maugli74"/>
    <player win="0" bet="102,400" addon="0" rebuy="0" chips="103,000" dealer="1" reg_code="" seat="4" name="BenOlai"/>
    <player win="0" bet="3,600" addon="0" rebuy="0" chips="145,150" dealer="0" reg_code="" seat="6" name="Lamanch6"/>
    <player win="0" bet="6,600" addon="0" rebuy="0" chips="122,800" dealer="0" reg_code="8413383357" seat="8" name="Gfs1505"/>
    <player win="0" bet="600" addon="0" rebuy="0" chips="264,949" dealer="0" reg_code="" seat="9" name="DBow"/>
    <player win="0" bet="600" addon="0" rebuy="0" chips="180,045" dealer="0" reg_code="" seat="10" name="SUPAHOTFIREE"/>
   </players>
  </general>
  <round no="0">
   <action type="15" sum="600" no="1" player="Lamanch6"/>
   <action type="15" sum="600" no="2" player="Gfs1505"/>
   <action type="15" sum="600" no="3" player="DBow"/>
   <action type="15" sum="600" no="4" player="SUPAHOTFIREE"/>
   <action type="15" sum="600" no="5" player="callmem8"/>
   <action type="15" sum="600" no="6" player="Maugli74"/>
   <action type="15" sum="600" no="7" player="BenOlai"/>
   <action type="1" sum="3,000" no="8" player="Lamanch6"/>
   <action type="2" sum="6,000" no="9" player="Gfs1505"/>
  </round>
  <round no="1">
   <cards type="Pocket" player="DBow">X X</cards>
   <action type="0" sum="0" no="10" player="DBow"/>
   <cards type="Pocket" player="SUPAHOTFIREE">X X</cards>
   <action type="0" sum="0" no="11" player="SUPAHOTFIREE"/>
   <cards type="Pocket" player="callmem8">C4 S4</cards>
   <action type="23" sum="12,000" no="12" player="callmem8"/>
   <cards type="Pocket" player="Maugli74">X X</cards>
   <action type="0" sum="0" no="13" player="Maugli74"/>
   <cards type="Pocket" player="BenOlai">C3 H3</cards>
   <action type="23" sum="102,400" no="14" player="BenOlai"/>
   <cards type="Pocket" player="Lamanch6">X X</cards>
   <action type="0" sum="0" no="15" player="Lamanch6"/>
   <cards type="Pocket" player="Gfs1505">S3 D6</cards>
   <action type="0" sum="0" no="16" player="Gfs1505"/>
   <action type="3" sum="90,400" no="17" player="callmem8"/>
  </round>
  <round no="2">
   <cards type="Flop">H8 HA C9</cards>
  </round>
  <round no="3">
   <cards type="Turn">HK</cards>
  </round>
  <round no="4">
   <cards type="River">DQ</cards>
  </round>
 </game>
 <game gamecode="11593462850">
  <general>
   <startdate>2025-07-24 12:24:01</startdate>
   <smallblind>3,000</smallblind>
   <bigblind>6,000</bigblind>
   <ante>600</ante>
   <players>
    <player win="0" bet="600" addon="0" rebuy="0" chips="444,392" dealer="0" reg_code="" seat="1" name="callmem8"/>
    <player win="0" bet="600" addon="0" rebuy="0" chips="467,675" dealer="0" reg_code="" seat="3" name="Maugli74"/>
    <player win="0" bet="600" addon="0" rebuy="0" chips="141,550" dealer="1" reg_code="" seat="6" name="Lamanch6"/>
    <player win="33,600" bet="37,776" addon="0" rebuy="0" chips="116,200" dealer="0" reg_code="8413383357" seat="8" name="Gfs1505"/>
    <player win="0" bet="15,600" addon="0" rebuy="0" chips="264,349" dealer="0" reg_code="" seat="9" name="DBow"/>
    <player win="0" bet="600" addon="0" rebuy="0" chips="179,445" dealer="0" reg_code="" seat="10" name="SUPAHOTFIREE"/>
   </players>
  </general>
  <round no="0">
   <action type="15" sum="600" no="1" player="Gfs1505"/>
   <action type="15" sum="600" no="2" player="DBow"/>
   <action type="15" sum="600" no="3" player="SUPAHOTFIREE"/>
   <action type="15" sum="600" no="4" player="callmem8"/>
   <action type="15" sum="600" no="5" player="Maugli74"/>
   <action type="15" sum="600" no="6" player="Lamanch6"/>
   <action type="1" sum="3,000" no="7" player="Gfs1505"/>
   <action type="2" sum="6,000" no="8" player="DBow"/>
  </round>
  <round no="1">
   <cards type="Pocket" player="SUPAHOTFIREE">X X</cards>
   <action type="0" sum="0" no="9" player="SUPAHOTFIREE"/>
   <cards type="Pocket" player="callmem8">X X</cards>
   <action type="0" sum="0" no="10" player="callmem8"/>
   <cards type="Pocket" player="Maugli74">X X</cards>
   <action type="0" sum="0" no="11" player="Maugli74"/>
   <cards type="Pocket" player="Lamanch6">X X</cards>
   <action type="0" sum="0" no="12" player="Lamanch6"/>
   <cards type="Pocket" player="Gfs1505">D10 DQ</cards>
   <action type="3" sum="3,000" no="13" player="Gfs1505"/>
   <cards type="Pocket" player="DBow">X X</cards>
   <action type="4" sum="0" no="14" player="DBow"/>
  </round>
  <round no="2">
   <cards type="Flop">C8 S10 D5</cards>
   <action type="5" sum="9,000" no="15" player="Gfs1505"/>
   <action type="3" sum="9,000" no="16" player="DBow"/>
  </round>
  <round no="3">
   <cards type="Turn">S3</cards>
   <action type="5" sum="22,176" no="17" player="Gfs1505"/>
   <action type="0" sum="0" no="18" player="DBow"/>
  </round>
 </game>
 <game gamecode="11593462906">
  <general>
   <startdate>2025-07-24 12:25:13</startdate>
   <smallblind>3,000</smallblind>
   <bigblind>6,000</bigblind>
   <ante>600</ante>
   <players>
    <player win="0" bet="600" addon="0" rebuy="0" chips="443,792" dealer="0" reg_code="" seat="1" name="callmem8"/>
    <player win="0" bet="600" addon="0" rebuy="0" chips="467,075" dealer="0" reg_code="" seat="3" name="Maugli74"/>
    <player win="0" bet="600" addon="0" rebuy="0" chips="140,950" dealer="0" reg_code="" seat="6" name="Lamanch6"/>
    <player win="0" bet="134,200" addon="0" rebuy="0" chips="134,200" dealer="1" reg_code="8413383357" seat="8" name="Gfs1505"/>
    <player win="276,800" bet="134,200" addon="0" rebuy="0" chips="248,749" dealer="0" reg_code="" seat="9" name="DBow"/>
    <player win="0" bet="6,600" addon="0" rebuy="0" chips="178,845" dealer="0" reg_code="" seat="10" name="SUPAHOTFIREE"/>
   </players>
  </general>
  <round no="0">
   <action type="15" sum="600" no="1" player="DBow"/>
   <action type="15" sum="600" no="2" player="SUPAHOTFIREE"/>
   <action type="15" sum="600" no="3" player="callmem8"/>
   <action type="15" sum="600" no="4" player="Maugli74"/>
   <action type="15" sum="600" no="5" player="Lamanch6"/>
   <action type="15" sum="600" no="6" player="Gfs1505"/>
   <action type="1" sum="3,000" no="7" player="DBow"/>
   <action type="2" sum="6,000" no="8" player="SUPAHOTFIREE"/>
  </round>
  <round no="1">
   <cards type="Pocket" player="callmem8">X X</cards>
   <action type="0" sum="0" no="9" player="callmem8"/>
   <cards type="Pocket" player="Maugli74">X X</cards>
   <action type="0" sum="0" no="10" player="Maugli74"/>
   <cards type="Pocket" player="Lamanch6">X X</cards>
   <action type="0" sum="0" no="11" player="Lamanch6"/>
   <cards type="Pocket" player="Gfs1505">C5 C7</cards>
   <action type="23" sum="12,000" no="12" player="Gfs1505"/>
   <cards type="Pocket" player="DBow">S6 SA</cards>
   <action type="3" sum="9,000" no="13" player="DBow"/>
   <cards type="Pocket" player="SUPAHOTFIREE">X X</cards>
   <action type="0" sum="0" no="14" player="SUPAHOTFIREE"/>
  </round>
  <round no="2">
   <cards type="Flop">H9 D10 S4</cards>
   <action type="5" sum="8,000" no="15" player="DBow"/>
   <action type="23" sum="25,000" no="16" player="Gfs1505"/>
   <action type="3" sum="17,000" no="17" player="DBow"/>
  </round>
  <round no="3">
   <cards type="Turn">DA</cards>
   <action type="4" sum="0" no="18" player="DBow"/>
   <action type="4" sum="0" no="19" player="Gfs1505"/>
  </round>
  <round no="4">
   <cards type="River">H6</cards>
   <action type="5" sum="45,000" no="20" player="DBow"/>
   <action type="23" sum="96,600" no="21" player="Gfs1505"/>
   <action type="3" sum="51,600" no="22" player="DBow"/>
  </round>
 </game>
</session>
