<?xml version="1.0" encoding="utf-8"?>
<session sessioncode="8413371034">
 <general>
  <client_version>25.1.1.9</client_version>
  <mode>real</mode>
  <gametype>Holdem NL</gametype>
  <tablename>€30 THURSDAY ELIMINATOR XL, 1131430003</tablename>
  <tournamentcurrency>EUR</tournamentcurrency>
  <duration>00:12:01</duration>
  <gamecount>10</gamecount>
  <startdate>2025-07-24 12:01:50</startdate>
  <currency>USD</currency>
  <nickname>Gfs1505</nickname>
  <bets>261,078</bets>
  <wins>22,710</wins>
  <chipsin>105,240</chipsin>
  <chipsout>0</chipsout>
  <statuspoints>RSP27</statuspoints>
  <awardpoints>RSP27</awardpoints>
  <ipoints>RSP27</ipoints>
  <tablesize>8</tablesize>
  <tournamentcode>1130695979</tournamentcode>
  <tournamentname>€30 THURSDAY ELIMINATOR XL</tournamentname>
  <place>194</place>
  <buyin>€13.65 + €13.65 + €2.70</buyin>
  <totalbuyin>€30</totalbuyin>
  <win>0</win>
 </general>
 <game gamecode="11593379997">
  <general>
   <startdate>2025-07-24 12:01:50</startdate>
   <smallblind>400</smallblind>
   <bigblind>800</bigblind>
   <ante>120</ante>
   <players>
    <player win="0" bet="1,720" addon="0" rebuy="0" chips="100,000" dealer="1" reg_code="" seat="1" name="ShiverMeTimber12"/>
    <player win="0" bet="520" addon="0" rebuy="0" chips="100,000" dealer="0" reg_code="" seat="2" name="drdsp"/>
    <player win="0" bet="920" addon="0" rebuy="0" chips="100,000" dealer="0" reg_code="" seat="4" name="Bladesontop"/>
    <player win="0" bet="120" addon="0" rebuy="0" chips="100,000" dealer="0" reg_code="" seat="5" name="1spanec1"/>
    <player win="0" bet="120" addon="0" rebuy="0" chips="100,000" dealer="0" reg_code="" seat="6" name="TheBoneless88"/>
    <player win="6,960" bet="5,200" addon="0" rebuy="0" chips="100,000" dealer="0" reg_code="8413371034" seat="7" name="Gfs1505"/>
    <player win="0" bet="120" addon="0" rebuy="0" chips="100,000" dealer="0" reg_code="" seat="9" name="AapexX1"/>
    <player win="0" bet="1,720" addon="0" rebuy="0" chips="100,000" dealer="0" reg_code="" seat="10" name="doctorfair862"/>
   </players>
  </general>
  <round no="0">
   <action type="15" sum="120" no="1" player="drdsp"/>
   <action type="15" sum="120" no="2" player="Bladesontop"/>
   <action type="15" sum="120" no="3" player="1spanec1"/>
   <action type="15" sum="120" no="4" player="TheBoneless88"/>
   <action type="15" sum="120" no="5" player="Gfs1505"/>
   <action type="15" sum="120" no="6" player="AapexX1"/>
   <action type="15" sum="120" no="7" player="doctorfair862"/>
   <action type="15" sum="120" no="8" player="ShiverMeTimber12"/>
   <action type="1" sum="400" no="9" player="drdsp"/>
   <action type="2" sum="800" no="10" player="Bladesontop"/>
  </round>
  <round no="1">
   <cards type="Pocket" player="1spanec1">X X</cards>
   <action type="0" sum="0" no="11" player="1spanec1"/>
   <cards type="Pocket" player="TheBoneless88">X X</cards>
   <action type="0" sum="0" no="12" player="TheBoneless88"/>
   <cards type="Pocket" player="Gfs1505">HQ CJ</cards>
   <action type="23" sum="1,600" no="13" player="Gfs1505"/>
   <cards type="Pocket" player="AapexX1">X X</cards>
   <action type="0" sum="0" no="14" player="AapexX1"/>
   <cards type="Pocket" player="doctorfair862">X X</cards>
   <action type="3" sum="1,600" no="15" player="doctorfair862"/>
   <cards type="Pocket" player="ShiverMeTimber12">X X</cards>
   <action type="3" sum="1,600" no="16" player="ShiverMeTimber12"/>
   <cards type="Pocket" player="drdsp">X X</cards>
   <action type="0" sum="0" no="17" player="drdsp"/>
   <cards type="Pocket" player="Bladesontop">X X</cards>
   <action type="0" sum="0" no="18" player="Bladesontop"/>
  </round>
  <round no="2">
   <cards type="Flop">C2 SK C4</cards>
   <action type="4" sum="0" no="19" player="Gfs1505"/>
   <action type="4" sum="0" no="20" player="doctorfair862"/>
   <action type="4" sum="0" no="21" player="ShiverMeTimber12"/>
  </round>
  <round no="3">
   <cards type="Turn">C6</cards>
   <action type="5" sum="3,480" no="22" player="Gfs1505"/>
   <action type="0" sum="0" no="23" player="doctorfair862"/>
   <action type="0" sum="0" no="24" player="ShiverMeTimber12"/>
  </round>
 </game>
 <game gamecode="11593380031">
  <general>
   <startdate>2025-07-24 12:02:42</startdate>
   <smallblind>400</smallblind>
   <bigblind>800</bigblind>
   <ante>120</ante>
   <players>
    <player win="0" bet="120" addon="0" rebuy="0" chips="98,280" dealer="0" reg_code="" seat="1" name="ShiverMeTimber12"/>
    <player win="0" bet="120" addon="0" rebuy="0" chips="99,480" dealer="1" reg_code="" seat="2" name="drdsp"/>
    <player win="0" bet="520" addon="0" rebuy="0" chips="99,080" dealer="0" reg_code="" seat="4" name="Bladesontop"/>
    <player win="13,862" bet="17,460" addon="0" rebuy="0" chips="99,880" dealer="0" reg_code="" seat="5" name="1spanec1"/>
    <player win="0" bet="120" addon="0" rebuy="0" chips="99,880" dealer="0" reg_code="" seat="6" name="TheBoneless88"/>
    <player win="0" bet="6,371" addon="0" rebuy="0" chips="105,240" dealer="0" reg_code="8413371034" seat="7" name="Gfs1505"/>
    <player win="0" bet="120" addon="0" rebuy="0" chips="99,880" dealer="0" reg_code="" seat="9" name="AapexX1"/>
    <player win="0" bet="120" addon="0" rebuy="0" chips="98,280" dealer="0" reg_code="" seat="10" name="doctorfair862"/>
   </players>
  </general>
  <round no="0">
   <action type="15" sum="120" no="1" player="Bladesontop"/>
   <action type="15" sum="120" no="2" player="1spanec1"/>
   <action type="15" sum="120" no="3" player="TheBoneless88"/>
   <action type="15" sum="120" no="4" player="Gfs1505"/>
   <action type="15" sum="120" no="5" player="AapexX1"/>
   <action type="15" sum="120" no="6" player="doctorfair862"/>
   <action type="15" sum="120" no="7" player="ShiverMeTimber12"/>
   <action type="15" sum="120" no="8" player="drdsp"/>
   <action type="1" sum="400" no="9" player="Bladesontop"/>
   <action type="2" sum="800" no="10" player="1spanec1"/>
  </round>
  <round no="1">
   <cards type="Pocket" player="TheBoneless88">X X</cards>
   <action type="0" sum="0" no="11" player="TheBoneless88"/>
   <cards type="Pocket" player="Gfs1505">CA S10</cards>
   <action type="23" sum="1,600" no="12" player="Gfs1505"/>
   <cards type="Pocket" player="AapexX1">X X</cards>
   <action type="0" sum="0" no="13" player="AapexX1"/>
   <cards type="Pocket" player="doctorfair862">X X</cards>
   <action type="0" sum="0" no="14" player="doctorfair862"/>
   <cards type="Pocket" player="ShiverMeTimber12">X X</cards>
   <action type="0" sum="0" no="15" player="ShiverMeTimber12"/>
   <cards type="Pocket" player="drdsp">X X</cards>
   <action type="0" sum="0" no="16" player="drdsp"/>
   <cards type="Pocket" player="Bladesontop">X X</cards>
   <action type="0" sum="0" no="17" player="Bladesontop"/>
   <cards type="Pocket" player="1spanec1">X X</cards>
   <action type="3" sum="800" no="18" player="1spanec1"/>
  </round>
  <round no="2">
   <cards type="Flop">C4 C2 C3</cards>
   <action type="5" sum="1,368" no="19" player="1spanec1"/>
   <action type="3" sum="1,368" no="20" player="Gfs1505"/>
  </round>
  <round no="3">
   <cards type="Turn">D9</cards>
   <action type="5" sum="3,283" no="21" player="1spanec1"/>
   <action type="3" sum="3,283" no="22" player="Gfs1505"/>
  </round>
  <round no="4">
   <cards type="River">S7</cards>
   <action type="5" sum="11,089" no="23" player="1spanec1"/>
   <action type="0" sum="0" no="24" player="Gfs1505"/>
  </round>
 </game>
 <game gamecode="11593380063">
  <general>
   <startdate>2025-07-24 12:03:35</startdate>
   <smallblind>400</smallblind>
   <bigblind>800</bigblind>
   <ante>120</ante>
   <players>
    <player win="0" bet="5,200" addon="0" rebuy="0" chips="98,160" dealer="0" reg_code="" seat="1" name="ShiverMeTimber12"/>
    <player win="0" bet="120" addon="0" rebuy="0" chips="99,360" dealer="0" reg_code="" seat="2" name="drdsp"/>
    <player win="0" bet="1,720" addon="0" rebuy="0" chips="98,560" dealer="1" reg_code="" seat="4" name="Bladesontop"/>
    <player win="0" bet="520" addon="0" rebuy="0" chips="107,371" dealer="0" reg_code="" seat="5" name="1spanec1"/>
    <player win="0" bet="920" addon="0" rebuy="0" chips="99,760" dealer="0" reg_code="" seat="6" name="TheBoneless88"/>
    <player win="0" bet="120" addon="0" rebuy="0" chips="98,869" dealer="0" reg_code="8413371034" seat="7" name="Gfs1505"/>
    <player win="0" bet="120" addon="0" rebuy="0" chips="99,760" dealer="0" reg_code="" seat="9" name="AapexX1"/>
    <player win="13,920" bet="12,160" addon="0" rebuy="0" chips="98,160" dealer="0" reg_code="" seat="10" name="doctorfair862"/>
   </players>
  </general>
  <round no="0">
   <action type="15" sum="120" no="1" player="1spanec1"/>
   <action type="15" sum="120" no="2" player="TheBoneless88"/>
   <action type="15" sum="120" no="3" player="Gfs1505"/>
   <action type="15" sum="120" no="4" player="AapexX1"/>
   <action type="15" sum="120" no="5" player="doctorfair862"/>
   <action type="15" sum="120" no="6" player="ShiverMeTimber12"/>
   <action type="15" sum="120" no="7" player="drdsp"/>
   <action type="15" sum="120" no="8" player="Bladesontop"/>
   <action type="1" sum="400" no="9" player="1spanec1"/>
   <action type="2" sum="800" no="10" player="TheBoneless88"/>
  </round>
  <round no="1">
   <cards type="Pocket" player="Gfs1505">CA D5</cards>
   <action type="0" sum="0" no="11" player="Gfs1505"/>
   <cards type="Pocket" player="AapexX1">X X</cards>
   <action type="0" sum="0" no="12" player="AapexX1"/>
   <cards type="Pocket" player="doctorfair862">X X</cards>
   <action type="23" sum="1,600" no="13" player="doctorfair862"/>
   <cards type="Pocket" player="ShiverMeTimber12">X X</cards>
   <action type="3" sum="1,600" no="14" player="ShiverMeTimber12"/>
   <cards type="Pocket" player="drdsp">X X</cards>
   <action type="0" sum="0" no="15" player="drdsp"/>
   <cards type="Pocket" player="Bladesontop">X X</cards>
   <action type="3" sum="1,600" no="16" player="Bladesontop"/>
   <cards type="Pocket" player="1spanec1">X X</cards>
   <action type="0" sum="0" no="17" player="1spanec1"/>
   <cards type="Pocket" player="TheBoneless88">X X</cards>
   <action type="0" sum="0" no="18" player="TheBoneless88"/>
  </round>
  <round no="2">
   <cards type="Flop">D7 C3 D10</cards>
   <action type="4" sum="0" no="19" player="doctorfair862"/>
   <action type="4" sum="0" no="20" player="ShiverMeTimber12"/>
   <action type="4" sum="0" no="21" player="Bladesontop"/>
  </round>
  <round no="3">
   <cards type="Turn">H10</cards>
   <action type="5" sum="3,480" no="22" player="doctorfair862"/>
   <action type="3" sum="3,480" no="23" player="ShiverMeTimber12"/>
   <action type="0" sum="0" no="24" player="Bladesontop"/>
  </round>
  <round no="4">
   <cards type="River">S7</cards>
   <action type="5" sum="6,960" no="25" player="doctorfair862"/>
   <action type="0" sum="0" no="26" player="ShiverMeTimber12"/>
  </round>
 </game>
 <game gamecode="11593380119">
  <general>
   <startdate>2025-07-24 12:04:49</startdate>
   <smallblind>400</smallblind>
   <bigblind>800</bigblind>
   <ante>120</ante>
   <players>
    <player win="0" bet="120" addon="0" rebuy="0" chips="92,960" dealer="0" reg_code="" seat="1" name="ShiverMeTimber12"/>
    <player win="0" bet="120" addon="0" rebuy="0" chips="99,240" dealer="0" reg_code="" seat="2" name="drdsp"/>
    <player win="0" bet="2,120" addon="0" rebuy="0" chips="96,840" dealer="0" reg_code="" seat="4" name="Bladesontop"/>
    <player win="0" bet="120" addon="0" rebuy="0" chips="106,851" dealer="1" reg_code="" seat="5" name="1spanec1"/>
    <player win="0" bet="520" addon="0" rebuy="0" chips="98,840" dealer="0" reg_code="" seat="6" name="TheBoneless88"/>
    <player win="6,160" bet="98,629" addon="0" rebuy="0" chips="98,749" dealer="0" reg_code="8413371034" seat="7" name="Gfs1505"/>
    <player win="0" bet="120" addon="0" rebuy="0" chips="99,640" dealer="0" reg_code="" seat="9" name="AapexX1"/>
    <player win="0" bet="920" addon="0" rebuy="0" chips="106,880" dealer="0" reg_code="" seat="10" name="doctorfair862"/>
   </players>
  </general>
  <round no="0">
   <action type="15" sum="120" no="1" player="TheBoneless88"/>
   <action type="15" sum="120" no="2" player="Gfs1505"/>
   <action type="15" sum="120" no="3" player="AapexX1"/>
   <action type="15" sum="120" no="4" player="doctorfair862"/>
   <action type="15" sum="120" no="5" player="ShiverMeTimber12"/>
   <action type="15" sum="120" no="6" player="drdsp"/>
   <action type="15" sum="120" no="7" player="Bladesontop"/>
   <action type="15" sum="120" no="8" player="1spanec1"/>
   <action type="1" sum="400" no="9" player="TheBoneless88"/>
   <action type="2" sum="800" no="10" player="Gfs1505"/>
  </round>
  <round no="1">
   <cards type="Pocket" player="AapexX1">X X</cards>
   <action type="0" sum="0" no="11" player="AapexX1"/>
   <cards type="Pocket" player="doctorfair862">X X</cards>
   <action type="3" sum="800" no="12" player="doctorfair862"/>
   <cards type="Pocket" player="ShiverMeTimber12">X X</cards>
   <action type="0" sum="0" no="13" player="ShiverMeTimber12"/>
   <cards type="Pocket" player="drdsp">X X</cards>
   <action type="0" sum="0" no="14" player="drdsp"/>
   <cards type="Pocket" player="Bladesontop">X X</cards>
   <action type="23" sum="2,000" no="15" player="Bladesontop"/>
   <cards type="Pocket" player="1spanec1">X X</cards>
   <action type="0" sum="0" no="16" player="1spanec1"/>
   <cards type="Pocket" player="TheBoneless88">X X</cards>
   <action type="0" sum="0" no="17" player="TheBoneless88"/>
   <cards type="Pocket" player="Gfs1505">C8 SQ</cards>
   <action type="23" sum="98,629" no="18" player="Gfs1505"/>
   <action type="0" sum="0" no="19" player="doctorfair862"/>
   <action type="0" sum="0" no="20" player="Bladesontop"/>
  </round>
 </game>
 <game gamecode="11593380165">
  <general>
   <startdate>2025-07-24 12:05:52</startdate>
   <smallblind>400</smallblind>
   <bigblind>800</bigblind>
   <ante>120</ante>
   <players>
    <player win="0" bet="120" addon="0" rebuy="0" chips="92,840" dealer="0" reg_code="" seat="1" name="ShiverMeTimber12"/>
    <player win="0" bet="120" addon="0" rebuy="0" chips="99,120" dealer="0" reg_code="" seat="2" name="drdsp"/>
    <player win="0" bet="120" addon="0" rebuy="0" chips="94,720" dealer="0" reg_code="" seat="4" name="Bladesontop"/>
    <player win="0" bet="5,416" addon="0" rebuy="0" chips="106,731" dealer="0" reg_code="" seat="5" name="1spanec1"/>
    <player win="17,248" bet="22,664" addon="0" rebuy="0" chips="98,320" dealer="1" reg_code="" seat="6" name="TheBoneless88"/>
    <player win="0" bet="520" addon="0" rebuy="0" chips="102,789" dealer="0" reg_code="8413371034" seat="7" name="Gfs1505"/>
    <player win="0" bet="5,416" addon="0" rebuy="0" chips="99,520" dealer="0" reg_code="" seat="9" name="AapexX1"/>
    <player win="0" bet="120" addon="0" rebuy="0" chips="105,960" dealer="0" reg_code="" seat="10" name="doctorfair862"/>
   </players>
  </general>
  <round no="0">
   <action type="15" sum="120" no="1" player="Gfs1505"/>
   <action type="15" sum="120" no="2" player="AapexX1"/>
   <action type="15" sum="120" no="3" player="doctorfair862"/>
   <action type="15" sum="120" no="4" player="ShiverMeTimber12"/>
   <action type="15" sum="120" no="5" player="drdsp"/>
   <action type="15" sum="120" no="6" player="Bladesontop"/>
   <action type="15" sum="120" no="7" player="1spanec1"/>
   <action type="15" sum="120" no="8" player="TheBoneless88"/>
   <action type="1" sum="400" no="9" player="Gfs1505"/>
   <action type="2" sum="800" no="10" player="AapexX1"/>
  </round>
  <round no="1">
   <cards type="Pocket" player="doctorfair862">X X</cards>
   <action type="0" sum="0" no="11" player="doctorfair862"/>
   <cards type="Pocket" player="ShiverMeTimber12">X X</cards>
   <action type="0" sum="0" no="12" player="ShiverMeTimber12"/>
   <cards type="Pocket" player="drdsp">X X</cards>
   <action type="0" sum="0" no="13" player="drdsp"/>
   <cards type="Pocket" player="Bladesontop">X X</cards>
   <action type="0" sum="0" no="14" player="Bladesontop"/>
   <cards type="Pocket" player="1spanec1">X X</cards>
   <action type="23" sum="1,600" no="15" player="1spanec1"/>
   <cards type="Pocket" player="TheBoneless88">X X</cards>
   <action type="3" sum="1,600" no="16" player="TheBoneless88"/>
   <cards type="Pocket" player="Gfs1505">D4 H6</cards>
   <action type="0" sum="0" no="17" player="Gfs1505"/>
   <cards type="Pocket" player="AapexX1">X X</cards>
   <action type="3" sum="800" no="18" player="AapexX1"/>
  </round>
  <round no="2">
   <cards type="Flop">CQ H4 SA</cards>
   <action type="4" sum="0" no="19" player="AapexX1"/>
   <action type="4" sum="0" no="20" player="1spanec1"/>
   <action type="4" sum="0" no="21" player="TheBoneless88"/>
  </round>
  <round no="3">
   <cards type="Turn">HJ</cards>
   <action type="5" sum="3,696" no="22" player="AapexX1"/>
   <action type="3" sum="3,696" no="23" player="1spanec1"/>
   <action type="3" sum="3,696" no="24" player="TheBoneless88"/>
  </round>
  <round no="4">
   <cards type="River">D9</cards>
   <action type="4" sum="0" no="25" player="AapexX1"/>
   <action type="4" sum="0" no="26" player="1spanec1"/>
   <action type="5" sum="17,248" no="27" player="TheBoneless88"/>
   <action type="0" sum="0" no="28" player="AapexX1"/>
   <action type="0" sum="0" no="29" player="1spanec1"/>
  </round>
 </game>
 <game gamecode="11593419765">
  <general>
   <startdate>2025-07-24 12:08:26</startdate>
   <smallblind>400</smallblind>
   <bigblind>800</bigblind>
   <ante>120</ante>
   <players>
    <player win="0" bet="120" addon="0" rebuy="0" chips="92,720" dealer="0" reg_code="" seat="1" name="ShiverMeTimber12"/>
    <player win="0" bet="120" addon="0" rebuy="0" chips="99,000" dealer="0" reg_code="" seat="2" name="drdsp"/>
    <player win="0" bet="120" addon="0" rebuy="0" chips="94,600" dealer="0" reg_code="" seat="4" name="Bladesontop"/>
    <player win="6,160" bet="3,568" addon="0" rebuy="0" chips="101,315" dealer="0" reg_code="" seat="5" name="1spanec1"/>
    <player win="0" bet="120" addon="0" rebuy="0" chips="110,152" dealer="0" reg_code="" seat="6" name="TheBoneless88"/>
    <player win="0" bet="1,720" addon="0" rebuy="0" chips="102,269" dealer="1" reg_code="8413371034" seat="7" name="Gfs1505"/>
    <player win="0" bet="520" addon="0" rebuy="0" chips="94,104" dealer="0" reg_code="" seat="9" name="AapexX1"/>
    <player win="0" bet="1,720" addon="0" rebuy="0" chips="105,840" dealer="0" reg_code="" seat="10" name="doctorfair862"/>
   </players>
  </general>
  <round no="0">
   <action type="15" sum="120" no="1" player="AapexX1"/>
   <action type="15" sum="120" no="2" player="doctorfair862"/>
   <action type="15" sum="120" no="3" player="ShiverMeTimber12"/>
   <action type="15" sum="120" no="4" player="drdsp"/>
   <action type="15" sum="120" no="5" player="Bladesontop"/>
   <action type="15" sum="120" no="6" player="1spanec1"/>
   <action type="15" sum="120" no="7" player="TheBoneless88"/>
   <action type="15" sum="120" no="8" player="Gfs1505"/>
   <action type="1" sum="400" no="9" player="AapexX1"/>
   <action type="2" sum="800" no="10" player="doctorfair862"/>
  </round>
  <round no="1">
   <cards type="Pocket" player="ShiverMeTimber12">X X</cards>
   <action type="0" sum="0" no="11" player="ShiverMeTimber12"/>
   <cards type="Pocket" player="drdsp">X X</cards>
   <action type="0" sum="0" no="12" player="drdsp"/>
   <cards type="Pocket" player="Bladesontop">X X</cards>
   <action type="0" sum="0" no="13" player="Bladesontop"/>
   <cards type="Pocket" player="1spanec1">X X</cards>
   <action type="23" sum="1,600" no="14" player="1spanec1"/>
   <cards type="Pocket" player="TheBoneless88">X X</cards>
   <action type="0" sum="0" no="15" player="TheBoneless88"/>
   <cards type="Pocket" player="Gfs1505">D4 D6</cards>
   <action type="3" sum="1,600" no="16" player="Gfs1505"/>
   <cards type="Pocket" player="AapexX1">X X</cards>
   <action type="0" sum="0" no="17" player="AapexX1"/>
   <cards type="Pocket" player="doctorfair862">X X</cards>
   <action type="3" sum="800" no="18" player="doctorfair862"/>
  </round>
  <round no="2">
   <cards type="Flop">S3 HA SJ</cards>
   <action type="4" sum="0" no="19" player="doctorfair862"/>
   <action type="5" sum="1,848" no="20" player="1spanec1"/>
   <action type="0" sum="0" no="21" player="Gfs1505"/>
   <action type="0" sum="0" no="22" player="doctorfair862"/>
  </round>
 </game>
 <game gamecode="11593419801">
  <general>
   <startdate>2025-07-24 12:09:17</startdate>
   <smallblind>400</smallblind>
   <bigblind>800</bigblind>
   <ante>120</ante>
   <players>
    <player win="0" bet="920" addon="0" rebuy="0" chips="92,600" dealer="0" reg_code="" seat="1" name="ShiverMeTimber12"/>
    <player win="0" bet="8,120" addon="0" rebuy="0" chips="98,880" dealer="0" reg_code="" seat="2" name="drdsp"/>
    <player win="0" bet="120" addon="0" rebuy="0" chips="94,480" dealer="0" reg_code="" seat="4" name="Bladesontop"/>
    <player win="0" bet="120" addon="0" rebuy="0" chips="105,755" dealer="0" reg_code="" seat="5" name="1spanec1"/>
    <player win="0" bet="8,120" addon="0" rebuy="0" chips="110,032" dealer="0" reg_code="" seat="6" name="TheBoneless88"/>
    <player win="0" bet="58,760" addon="0" rebuy="0" chips="100,549" dealer="0" reg_code="8413371034" seat="7" name="Gfs1505"/>
    <player win="0" bet="120" addon="0" rebuy="0" chips="93,584" dealer="1" reg_code="" seat="9" name="AapexX1"/>
    <player win="135,040" bet="58,760" addon="0" rebuy="0" chips="104,120" dealer="0" reg_code="" seat="10" name="doctorfair862"/>
   </players>
  </general>
  <round no="0">
   <action type="15" sum="120" no="1" player="doctorfair862"/>
   <action type="15" sum="120" no="2" player="ShiverMeTimber12"/>
   <action type="15" sum="120" no="3" player="drdsp"/>
   <action type="15" sum="120" no="4" player="Bladesontop"/>
   <action type="15" sum="120" no="5" player="1spanec1"/>
   <action type="15" sum="120" no="6" player="TheBoneless88"/>
   <action type="15" sum="120" no="7" player="Gfs1505"/>
   <action type="15" sum="120" no="8" player="AapexX1"/>
   <action type="1" sum="400" no="9" player="doctorfair862"/>
   <action type="2" sum="800" no="10" player="ShiverMeTimber12"/>
  </round>
  <round no="1">
   <cards type="Pocket" player="drdsp">X X</cards>
   <action type="23" sum="1,600" no="11" player="drdsp"/>
   <cards type="Pocket" player="Bladesontop">X X</cards>
   <action type="0" sum="0" no="12" player="Bladesontop"/>
   <cards type="Pocket" player="1spanec1">X X</cards>
   <action type="0" sum="0" no="13" player="1spanec1"/>
   <cards type="Pocket" player="TheBoneless88">X X</cards>
   <action type="3" sum="1,600" no="14" player="TheBoneless88"/>
   <cards type="Pocket" player="Gfs1505">SK DA</cards>
   <action type="23" sum="8,000" no="15" player="Gfs1505"/>
   <cards type="Pocket" player="AapexX1">X X</cards>
   <action type="0" sum="0" no="16" player="AapexX1"/>
   <cards type="Pocket" player="doctorfair862">HQ DJ</cards>
   <action type="3" sum="7,600" no="17" player="doctorfair862"/>
   <cards type="Pocket" player="ShiverMeTimber12">X X</cards>
   <action type="0" sum="0" no="18" player="ShiverMeTimber12"/>
   <action type="3" sum="6,400" no="19" player="drdsp"/>
   <action type="3" sum="6,400" no="20" player="TheBoneless88"/>
  </round>
  <round no="2">
   <cards type="Flop">SQ SJ S6</cards>
   <action type="5" sum="16,880" no="21" player="doctorfair862"/>
   <action type="0" sum="0" no="22" player="drdsp"/>
   <action type="0" sum="0" no="23" player="TheBoneless88"/>
   <action type="3" sum="16,880" no="24" player="Gfs1505"/>
  </round>
  <round no="3">
   <cards type="Turn">D4</cards>
   <action type="5" sum="33,760" no="25" player="doctorfair862"/>
   <action type="3" sum="33,760" no="26" player="Gfs1505"/>
  </round>
  <round no="4">
   <cards type="River">C4</cards>
   <action type="4" sum="0" no="27" player="doctorfair862"/>
   <action type="4" sum="0" no="28" player="Gfs1505"/>
  </round>
 </game>
 <game gamecode="11593419852">
  <general>
   <startdate>2025-07-24 12:10:29</startdate>
   <smallblind>450</smallblind>
   <bigblind>900</bigblind>
   <ante>130</ante>
   <players>
    <player win="0" bet="580" addon="0" rebuy="0" chips="91,680" dealer="0" reg_code="" seat="1" name="ShiverMeTimber12"/>
    <player win="0" bet="1,030" addon="0" rebuy="0" chips="90,760" dealer="0" reg_code="" seat="2" name="drdsp"/>
    <player win="0" bet="1,030" addon="0" rebuy="0" chips="94,360" dealer="0" reg_code="" seat="4" name="Bladesontop"/>
    <player win="0" bet="3,280" addon="0" rebuy="0" chips="105,635" dealer="0" reg_code="" seat="5" name="1spanec1"/>
    <player win="0" bet="130" addon="0" rebuy="0" chips="101,912" dealer="0" reg_code="" seat="6" name="TheBoneless88"/>
    <player win="9,590" bet="41,659" addon="0" rebuy="0" chips="41,789" dealer="0" reg_code="8413371034" seat="7" name="Gfs1505"/>
    <player win="0" bet="130" addon="0" rebuy="0" chips="93,464" dealer="0" reg_code="" seat="9" name="AapexX1"/>
    <player win="0" bet="130" addon="0" rebuy="0" chips="180,400" dealer="1" reg_code="" seat="10" name="doctorfair862"/>
   </players>
  </general>
  <round no="0">
   <action type="15" sum="130" no="1" player="ShiverMeTimber12"/>
   <action type="15" sum="130" no="2" player="drdsp"/>
   <action type="15" sum="130" no="3" player="Bladesontop"/>
   <action type="15" sum="130" no="4" player="1spanec1"/>
   <action type="15" sum="130" no="5" player="TheBoneless88"/>
   <action type="15" sum="130" no="6" player="Gfs1505"/>
   <action type="15" sum="130" no="7" player="AapexX1"/>
   <action type="15" sum="130" no="8" player="doctorfair862"/>
   <action type="1" sum="450" no="9" player="ShiverMeTimber12"/>
   <action type="2" sum="900" no="10" player="drdsp"/>
  </round>
  <round no="1">
   <cards type="Pocket" player="Bladesontop">X X</cards>
   <action type="3" sum="900" no="11" player="Bladesontop"/>
   <cards type="Pocket" player="1spanec1">X X</cards>
   <action type="23" sum="3,150" no="12" player="1spanec1"/>
   <cards type="Pocket" player="TheBoneless88">X X</cards>
   <action type="0" sum="0" no="13" player="TheBoneless88"/>
   <cards type="Pocket" player="Gfs1505">SK HA</cards>
   <action type="23" sum="41,659" no="14" player="Gfs1505"/>
   <cards type="Pocket" player="AapexX1">X X</cards>
   <action type="0" sum="0" no="15" player="AapexX1"/>
   <cards type="Pocket" player="doctorfair862">X X</cards>
   <action type="0" sum="0" no="16" player="doctorfair862"/>
   <cards type="Pocket" player="ShiverMeTimber12">X X</cards>
   <action type="0" sum="0" no="17" player="ShiverMeTimber12"/>
   <cards type="Pocket" player="drdsp">X X</cards>
   <action type="0" sum="0" no="18" player="drdsp"/>
   <action type="0" sum="0" no="19" player="Bladesontop"/>
   <action type="0" sum="0" no="20" player="1spanec1"/>
  </round>
 </game>
 <game gamecode="11593419878">
  <general>
   <startdate>2025-07-24 12:11:10</startdate>
   <smallblind>450</smallblind>
   <bigblind>900</bigblind>
   <ante>130</ante>
   <players>
    <player win="0" bet="130" addon="0" rebuy="0" chips="91,100" dealer="1" reg_code="" seat="1" name="ShiverMeTimber12"/>
    <player win="0" bet="1,030" addon="0" rebuy="0" chips="93,330" dealer="0" reg_code="" seat="4" name="Bladesontop"/>
    <player win="0" bet="130" addon="0" rebuy="0" chips="102,355" dealer="0" reg_code="" seat="5" name="1spanec1"/>
    <player win="0" bet="9,130" addon="0" rebuy="0" chips="101,782" dealer="0" reg_code="" seat="6" name="TheBoneless88"/>
    <player win="0" bet="130" addon="0" rebuy="0" chips="48,099" dealer="0" reg_code="8413371034" seat="7" name="Gfs1505"/>
    <player win="19,810" bet="21,016" addon="0" rebuy="0" chips="93,334" dealer="0" reg_code="" seat="9" name="AapexX1"/>
    <player win="0" bet="130" addon="0" rebuy="0" chips="180,270" dealer="0" reg_code="" seat="10" name="doctorfair862"/>
   </players>
  </general>
  <round no="0">
   <action type="15" sum="130" no="1" player="Bladesontop"/>
   <action type="15" sum="130" no="2" player="1spanec1"/>
   <action type="15" sum="130" no="3" player="TheBoneless88"/>
   <action type="15" sum="130" no="4" player="Gfs1505"/>
   <action type="15" sum="130" no="5" player="AapexX1"/>
   <action type="15" sum="130" no="6" player="doctorfair862"/>
   <action type="15" sum="130" no="7" player="ShiverMeTimber12"/>
   <action type="2" sum="900" no="8" player="Bladesontop"/>
  </round>
  <round no="1">
   <cards type="Pocket" player="1spanec1">X X</cards>
   <action type="0" sum="0" no="9" player="1spanec1"/>
   <cards type="Pocket" player="TheBoneless88">X X</cards>
   <action type="23" sum="1,800" no="10" player="TheBoneless88"/>
   <cards type="Pocket" player="Gfs1505">C7 H8</cards>
   <action type="0" sum="0" no="11" player="Gfs1505"/>
   <cards type="Pocket" player="AapexX1">X X</cards>
   <action type="23" sum="9,000" no="12" player="AapexX1"/>
   <cards type="Pocket" player="doctorfair862">X X</cards>
   <action type="0" sum="0" no="13" player="doctorfair862"/>
   <cards type="Pocket" player="ShiverMeTimber12">X X</cards>
   <action type="0" sum="0" no="14" player="ShiverMeTimber12"/>
   <cards type="Pocket" player="Bladesontop">X X</cards>
   <action type="0" sum="0" no="15" player="Bladesontop"/>
   <action type="3" sum="7,200" no="16" player="TheBoneless88"/>
  </round>
  <round no="2">
   <cards type="Flop">D7 D8 C3</cards>
   <action type="4" sum="0" no="17" player="TheBoneless88"/>
   <action type="5" sum="11,886" no="18" player="AapexX1"/>
   <action type="0" sum="0" no="19" player="TheBoneless88"/>
  </round>
 </game>
 <game gamecode="11593419928">
  <general>
   <startdate>2025-07-24 12:12:16</startdate>
   <smallblind>450</smallblind>
   <bigblind>900</bigblind>
   <ante>130</ante>
   <players>
    <player win="122,368" bet="47,969" addon="0" rebuy="0" chips="90,970" dealer="0" reg_code="" seat="1" name="ShiverMeTimber12">
     <knockout kicked="Gfs1505" tobalance="€6.83" tobounty="€6.82"/>
    </player>
    <player win="0" bet="130" addon="0" rebuy="0" chips="100,000" dealer="0" reg_code="" seat="2" name="attitudeeee"/>
    <player win="0" bet="1,930" addon="0" rebuy="0" chips="92,300" dealer="1" reg_code="" seat="4" name="Bladesontop"/>
    <player win="0" bet="23,080" addon="0" rebuy="0" chips="102,225" dealer="0" reg_code="" seat="5" name="1spanec1"/>
    <player win="0" bet="1,030" addon="0" rebuy="0" chips="92,652" dealer="0" reg_code="" seat="6" name="TheBoneless88"/>
    <player win="0" bet="47,969" addon="0" rebuy="0" chips="47,969" dealer="0" reg_code="8413371034" seat="7" name="Gfs1505"/>
    <player win="0" bet="130" addon="0" rebuy="0" chips="104,014" dealer="0" reg_code="" seat="9" name="AapexX1"/>
    <player win="0" bet="130" addon="0" rebuy="0" chips="180,140" dealer="0" reg_code="" seat="10" name="doctorfair862"/>
   </players>
  </general>
  <round no="0">
   <action type="15" sum="130" no="1" player="1spanec1"/>
   <action type="15" sum="130" no="2" player="TheBoneless88"/>
   <action type="15" sum="130" no="3" player="Gfs1505"/>
   <action type="15" sum="130" no="4" player="AapexX1"/>
   <action type="15" sum="130" no="5" player="doctorfair862"/>
   <action type="15" sum="130" no="6" player="ShiverMeTimber12"/>
   <action type="15" sum="130" no="7" player="attitudeeee"/>
   <action type="15" sum="130" no="8" player="Bladesontop"/>
   <action type="1" sum="450" no="9" player="1spanec1"/>
   <action type="2" sum="900" no="10" player="TheBoneless88"/>
  </round>
  <round no="1">
   <cards type="Pocket" player="Gfs1505">C3 S3</cards>
   <action type="23" sum="1,800" no="11" player="Gfs1505"/>
   <cards type="Pocket" player="AapexX1">X X</cards>
   <action type="0" sum="0" no="12" player="AapexX1"/>
   <cards type="Pocket" player="doctorfair862">X X</cards>
   <action type="0" sum="0" no="13" player="doctorfair862"/>
   <cards type="Pocket" player="ShiverMeTimber12">C6 C7</cards>
   <action type="3" sum="1,800" no="14" player="ShiverMeTimber12"/>
   <cards type="Pocket" player="attitudeeee">X X</cards>
   <action type="0" sum="0" no="15" player="attitudeeee"/>
   <cards type="Pocket" player="Bladesontop">X X</cards>
   <action type="3" sum="1,800" no="16" player="Bladesontop"/>
   <cards type="Pocket" player="1spanec1">X X</cards>
   <action type="23" sum="12,150" no="17" player="1spanec1"/>
   <cards type="Pocket" player="TheBoneless88">X X</cards>
   <action type="0" sum="0" no="18" player="TheBoneless88"/>
   <action type="3" sum="10,350" no="19" player="Gfs1505"/>
   <action type="3" sum="10,350" no="20" player="ShiverMeTimber12"/>
   <action type="0" sum="0" no="21" player="Bladesontop"/>
  </round>
  <round no="2">
   <cards type="Flop">D10 S5 S7</cards>
   <action type="5" sum="10,800" no="22" player="1spanec1"/>
   <action type="3" sum="10,800" no="23" player="Gfs1505"/>
   <action type="3" sum="10,800" no="24" player="ShiverMeTimber12"/>
  </round>
  <round no="3">
   <cards type="Turn">S4</cards>
   <action type="4" sum="0" no="25" player="1spanec1"/>
   <action type="5" sum="24,889" no="26" player="Gfs1505"/>
   <action type="3" sum="24,889" no="27" player="ShiverMeTimber12"/>
   <action type="0" sum="0" no="28" player="1spanec1"/>
  </round>
  <round no="4">
   <cards type="River">C2</cards>
  </round>
 </game>
</session>
