<?xml version="1.0" encoding="utf-8"?>
<session sessioncode="8413383253">
 <general>
  <client_version>25.1.1.9</client_version>
  <mode>real</mode>
  <gametype>Holdem NL</gametype>
  <tablename>€30 THURSDAY ELIMINATOR XL, 1131429713</tablename>
  <tournamentcurrency>EUR</tournamentcurrency>
  <duration>00:05:36</duration>
  <gamecount>6</gamecount>
  <startdate>2025-07-24 12:18:42</startdate>
  <currency>USD</currency>
  <nickname>Gfs1505</nickname>
  <bets>99,850</bets>
  <wins>0</wins>
  <chipsin>99,870</chipsin>
  <chipsout>0</chipsout>
  <statuspoints>RSP27</statuspoints>
  <awardpoints>RSP27</awardpoints>
  <ipoints>RSP27</ipoints>
  <tablesize>8</tablesize>
  <tournamentcode>1130695979</tournamentcode>
  <tournamentname>€30 THURSDAY ELIMINATOR XL</tournamentname>
  <place>216</place>
  <buyin>€13.65 + €13.65 + €2.70</buyin>
  <totalbuyin>€30</totalbuyin>
  <win>0</win>
 </general>
 <game gamecode="11593420205">
  <general>
   <startdate>2025-07-24 12:18:42</startdate>
   <smallblind>450</smallblind>
   <bigblind>900</bigblind>
   <ante>130</ante>
   <players>
    <player win="0" bet="130" addon="0" rebuy="0" chips="121,045" dealer="0" reg_code="" seat="2" name="Brazzzil777"/>
    <player win="0" bet="130" addon="0" rebuy="0" chips="97,386" dealer="1" reg_code="" seat="4" name="saturnfalse68"/>
    <player win="0" bet="580" addon="0" rebuy="0" chips="93,270" dealer="0" reg_code="" seat="5" name="RafaBT"/>
    <player win="3,160" bet="1,030" addon="0" rebuy="0" chips="93,873" dealer="0" reg_code="" seat="6" name="EllPas0"/>
    <player win="0" bet="130" addon="0" rebuy="0" chips="98,231" dealer="0" reg_code="" seat="7" name="AlexDu1986"/>
    <player win="0" bet="1,030" addon="0" rebuy="0" chips="135,917" dealer="0" reg_code="" seat="9" name="egerfraslovakiu"/>
    <player win="0" bet="130" addon="0" rebuy="0" chips="177,530" dealer="0" reg_code="" seat="10" name="IsmoloveSeppo"/>
   </players>
  </general>
  <round no="0">
   <action type="15" sum="130" no="1" player="RafaBT"/>
   <action type="15" sum="130" no="2" player="EllPas0"/>
   <action type="15" sum="130" no="3" player="AlexDu1986"/>
   <action type="15" sum="130" no="4" player="egerfraslovakiu"/>
   <action type="15" sum="130" no="5" player="IsmoloveSeppo"/>
   <action type="15" sum="130" no="6" player="Brazzzil777"/>
   <action type="15" sum="130" no="7" player="saturnfalse68"/>
   <action type="1" sum="450" no="8" player="RafaBT"/>
   <action type="2" sum="900" no="9" player="EllPas0"/>
  </round>
  <round no="1">
   <cards type="Pocket" player="AlexDu1986">X X</cards>
   <action type="0" sum="0" no="10" player="AlexDu1986"/>
   <cards type="Pocket" player="egerfraslovakiu">H8 H9</cards>
   <action type="3" sum="900" no="11" player="egerfraslovakiu"/>
   <cards type="Pocket" player="IsmoloveSeppo">X X</cards>
   <action type="0" sum="0" no="12" player="IsmoloveSeppo"/>
   <cards type="Pocket" player="Brazzzil777">X X</cards>
   <action type="0" sum="0" no="13" player="Brazzzil777"/>
   <cards type="Pocket" player="saturnfalse68">X X</cards>
   <action type="0" sum="0" no="14" player="saturnfalse68"/>
   <cards type="Pocket" player="RafaBT">X X</cards>
   <action type="0" sum="0" no="15" player="RafaBT"/>
   <cards type="Pocket" player="EllPas0">D10 CQ</cards>
   <action type="4" sum="0" no="16" player="EllPas0"/>
  </round>
  <round no="2">
   <cards type="Flop">DA D2 HA</cards>
   <action type="4" sum="0" no="17" player="EllPas0"/>
   <action type="4" sum="0" no="18" player="egerfraslovakiu"/>
  </round>
  <round no="3">
   <cards type="Turn">SJ</cards>
   <action type="4" sum="0" no="19" player="EllPas0"/>
   <action type="4" sum="0" no="20" player="egerfraslovakiu"/>
  </round>
  <round no="4">
   <cards type="River">H5</cards>
   <action type="4" sum="0" no="21" player="EllPas0"/>
   <action type="4" sum="0" no="22" player="egerfraslovakiu"/>
  </round>
 </game>
 <game gamecode="11593420245">
  <general>
   <startdate>2025-07-24 12:19:37</startdate>
   <smallblind>450</smallblind>
   <bigblind>900</bigblind>
   <ante>130</ante>
   <players>
    <player win="0" bet="130" addon="0" rebuy="0" chips="100,000" dealer="0" reg_code="8413383253" seat="1" name="Gfs1505"/>
    <player win="0" bet="130" addon="0" rebuy="0" chips="120,915" dealer="0" reg_code="" seat="2" name="Brazzzil777"/>
    <player win="0" bet="130" addon="0" rebuy="0" chips="97,256" dealer="0" reg_code="" seat="4" name="saturnfalse68"/>
    <player win="0" bet="130" addon="0" rebuy="0" chips="92,690" dealer="1" reg_code="" seat="5" name="RafaBT"/>
    <player win="5,900" bet="4,647" addon="0" rebuy="0" chips="96,003" dealer="0" reg_code="" seat="6" name="EllPas0"/>
    <player win="0" bet="1,030" addon="0" rebuy="0" chips="98,101" dealer="0" reg_code="" seat="7" name="AlexDu1986"/>
    <player win="0" bet="130" addon="0" rebuy="0" chips="134,887" dealer="0" reg_code="" seat="9" name="egerfraslovakiu"/>
    <player win="0" bet="2,110" addon="0" rebuy="0" chips="177,400" dealer="0" reg_code="" seat="10" name="IsmoloveSeppo"/>
   </players>
  </general>
  <round no="0">
   <action type="15" sum="130" no="1" player="EllPas0"/>
   <action type="15" sum="130" no="2" player="AlexDu1986"/>
   <action type="15" sum="130" no="3" player="egerfraslovakiu"/>
   <action type="15" sum="130" no="4" player="IsmoloveSeppo"/>
   <action type="15" sum="130" no="5" player="Gfs1505"/>
   <action type="15" sum="130" no="6" player="Brazzzil777"/>
   <action type="15" sum="130" no="7" player="saturnfalse68"/>
   <action type="15" sum="130" no="8" player="RafaBT"/>
   <action type="1" sum="450" no="9" player="EllPas0"/>
   <action type="2" sum="900" no="10" player="AlexDu1986"/>
  </round>
  <round no="1">
   <cards type="Pocket" player="egerfraslovakiu">X X</cards>
   <action type="0" sum="0" no="11" player="egerfraslovakiu"/>
   <cards type="Pocket" player="IsmoloveSeppo">X X</cards>
   <action type="23" sum="1,980" no="12" player="IsmoloveSeppo"/>
   <cards type="Pocket" player="Gfs1505">C4 S2</cards>
   <action type="0" sum="0" no="13" player="Gfs1505"/>
   <cards type="Pocket" player="Brazzzil777">X X</cards>
   <action type="0" sum="0" no="14" player="Brazzzil777"/>
   <cards type="Pocket" player="saturnfalse68">X X</cards>
   <action type="0" sum="0" no="15" player="saturnfalse68"/>
   <cards type="Pocket" player="RafaBT">X X</cards>
   <action type="0" sum="0" no="16" player="RafaBT"/>
   <cards type="Pocket" player="EllPas0">X X</cards>
   <action type="3" sum="1,530" no="17" player="EllPas0"/>
   <cards type="Pocket" player="AlexDu1986">X X</cards>
   <action type="0" sum="0" no="18" player="AlexDu1986"/>
  </round>
  <round no="2">
   <cards type="Flop">S6 S10 C3</cards>
   <action type="4" sum="0" no="19" player="EllPas0"/>
   <action type="4" sum="0" no="20" player="IsmoloveSeppo"/>
  </round>
  <round no="3">
   <cards type="Turn">D3</cards>
   <action type="4" sum="0" no="21" player="EllPas0"/>
   <action type="4" sum="0" no="22" player="IsmoloveSeppo"/>
  </round>
  <round no="4">
   <cards type="River">SA</cards>
   <action type="5" sum="2,537" no="23" player="EllPas0"/>
   <action type="0" sum="0" no="24" player="IsmoloveSeppo"/>
  </round>
 </game>
 <game gamecode="11593420291">
  <general>
   <startdate>2025-07-24 12:20:42</startdate>
   <smallblind>450</smallblind>
   <bigblind>900</bigblind>
   <ante>130</ante>
   <players>
    <player win="0" bet="130" addon="0" rebuy="0" chips="99,870" dealer="0" reg_code="8413383253" seat="1" name="Gfs1505"/>
    <player win="0" bet="130" addon="0" rebuy="0" chips="120,785" dealer="0" reg_code="" seat="2" name="Brazzzil777"/>
    <player win="0" bet="130" addon="0" rebuy="0" chips="97,126" dealer="0" reg_code="" seat="4" name="saturnfalse68"/>
    <player win="3,160" bet="1,800" addon="0" rebuy="0" chips="92,560" dealer="0" reg_code="" seat="5" name="RafaBT"/>
    <player win="0" bet="580" addon="0" rebuy="0" chips="97,071" dealer="0" reg_code="" seat="7" name="AlexDu1986"/>
    <player win="0" bet="1,030" addon="0" rebuy="0" chips="134,757" dealer="0" reg_code="" seat="9" name="egerfraslovakiu"/>
    <player win="0" bet="130" addon="0" rebuy="0" chips="175,290" dealer="0" reg_code="" seat="10" name="IsmoloveSeppo"/>
   </players>
  </general>
  <round no="0">
   <action type="15" sum="130" no="1" player="AlexDu1986"/>
   <action type="15" sum="130" no="2" player="egerfraslovakiu"/>
   <action type="15" sum="130" no="3" player="IsmoloveSeppo"/>
   <action type="15" sum="130" no="4" player="Gfs1505"/>
   <action type="15" sum="130" no="5" player="Brazzzil777"/>
   <action type="15" sum="130" no="6" player="saturnfalse68"/>
   <action type="15" sum="130" no="7" player="RafaBT"/>
   <action type="1" sum="450" no="8" player="AlexDu1986"/>
   <action type="2" sum="900" no="9" player="egerfraslovakiu"/>
  </round>
  <round no="1">
   <cards type="Pocket" player="IsmoloveSeppo">X X</cards>
   <action type="0" sum="0" no="10" player="IsmoloveSeppo"/>
   <cards type="Pocket" player="Gfs1505">DJ D6</cards>
   <action type="0" sum="0" no="11" player="Gfs1505"/>
   <cards type="Pocket" player="Brazzzil777">X X</cards>
   <action type="0" sum="0" no="12" player="Brazzzil777"/>
   <cards type="Pocket" player="saturnfalse68">X X</cards>
   <action type="0" sum="0" no="13" player="saturnfalse68"/>
   <cards type="Pocket" player="RafaBT">X X</cards>
   <action type="23" sum="1,800" no="14" player="RafaBT"/>
   <cards type="Pocket" player="AlexDu1986">X X</cards>
   <action type="0" sum="0" no="15" player="AlexDu1986"/>
   <cards type="Pocket" player="egerfraslovakiu">X X</cards>
   <action type="0" sum="0" no="16" player="egerfraslovakiu"/>
  </round>
 </game>
 <game gamecode="11593420325">
  <general>
   <startdate>2025-07-24 12:21:26</startdate>
   <smallblind>450</smallblind>
   <bigblind>900</bigblind>
   <ante>130</ante>
   <players>
    <player win="0" bet="130" addon="0" rebuy="0" chips="99,740" dealer="0" reg_code="8413383253" seat="1" name="Gfs1505"/>
    <player win="0" bet="130" addon="0" rebuy="0" chips="120,655" dealer="0" reg_code="" seat="2" name="Brazzzil777"/>
    <player win="0" bet="130" addon="0" rebuy="0" chips="96,996" dealer="0" reg_code="" seat="4" name="saturnfalse68"/>
    <player win="0" bet="130" addon="0" rebuy="0" chips="94,690" dealer="0" reg_code="" seat="5" name="RafaBT"/>
    <player win="0" bet="130" addon="0" rebuy="0" chips="96,491" dealer="1" reg_code="" seat="7" name="AlexDu1986"/>
    <player win="0" bet="580" addon="0" rebuy="0" chips="133,727" dealer="0" reg_code="" seat="9" name="egerfraslovakiu"/>
    <player win="1,810" bet="1,030" addon="0" rebuy="0" chips="175,160" dealer="0" reg_code="" seat="10" name="IsmoloveSeppo"/>
   </players>
  </general>
  <round no="0">
   <action type="15" sum="130" no="1" player="egerfraslovakiu"/>
   <action type="15" sum="130" no="2" player="IsmoloveSeppo"/>
   <action type="15" sum="130" no="3" player="Gfs1505"/>
   <action type="15" sum="130" no="4" player="Brazzzil777"/>
   <action type="15" sum="130" no="5" player="saturnfalse68"/>
   <action type="15" sum="130" no="6" player="RafaBT"/>
   <action type="15" sum="130" no="7" player="AlexDu1986"/>
   <action type="1" sum="450" no="8" player="egerfraslovakiu"/>
   <action type="2" sum="900" no="9" player="IsmoloveSeppo"/>
  </round>
  <round no="1">
   <cards type="Pocket" player="IsmoloveSeppo">X X</cards>
   <cards type="Pocket" player="Gfs1505">D5 C9</cards>
   <action type="0" sum="0" no="10" player="Gfs1505"/>
   <cards type="Pocket" player="Brazzzil777">X X</cards>
   <action type="0" sum="0" no="11" player="Brazzzil777"/>
   <cards type="Pocket" player="saturnfalse68">X X</cards>
   <action type="0" sum="0" no="12" player="saturnfalse68"/>
   <cards type="Pocket" player="RafaBT">X X</cards>
   <action type="0" sum="0" no="13" player="RafaBT"/>
   <cards type="Pocket" player="AlexDu1986">X X</cards>
   <action type="0" sum="0" no="14" player="AlexDu1986"/>
   <cards type="Pocket" player="egerfraslovakiu">X X</cards>
   <action type="0" sum="0" no="15" player="egerfraslovakiu"/>
  </round>
 </game>
 <game gamecode="11593451368">
  <general>
   <startdate>2025-07-24 12:22:00</startdate>
   <smallblind>450</smallblind>
   <bigblind>900</bigblind>
   <ante>130</ante>
   <players>
    <player win="0" bet="94,560" addon="0" rebuy="0" chips="99,610" dealer="0" reg_code="8413383253" seat="1" name="Gfs1505"/>
    <player win="0" bet="130" addon="0" rebuy="0" chips="120,525" dealer="0" reg_code="" seat="2" name="Brazzzil777"/>
    <player win="0" bet="130" addon="0" rebuy="0" chips="96,866" dealer="0" reg_code="" seat="4" name="saturnfalse68"/>
    <player win="190,220" bet="94,560" addon="0" rebuy="0" chips="94,560" dealer="0" reg_code="" seat="5" name="RafaBT"/>
    <player win="0" bet="130" addon="0" rebuy="0" chips="96,361" dealer="0" reg_code="" seat="7" name="AlexDu1986"/>
    <player win="0" bet="130" addon="0" rebuy="0" chips="133,147" dealer="1" reg_code="" seat="9" name="egerfraslovakiu"/>
    <player win="0" bet="580" addon="0" rebuy="0" chips="176,390" dealer="0" reg_code="" seat="10" name="IsmoloveSeppo"/>
   </players>
  </general>
  <round no="0">
   <action type="15" sum="130" no="1" player="IsmoloveSeppo"/>
   <action type="15" sum="130" no="2" player="Gfs1505"/>
   <action type="15" sum="130" no="3" player="Brazzzil777"/>
   <action type="15" sum="130" no="4" player="saturnfalse68"/>
   <action type="15" sum="130" no="5" player="RafaBT"/>
   <action type="15" sum="130" no="6" player="AlexDu1986"/>
   <action type="15" sum="130" no="7" player="egerfraslovakiu"/>
   <action type="1" sum="450" no="8" player="IsmoloveSeppo"/>
   <action type="2" sum="900" no="9" player="Gfs1505"/>
  </round>
  <round no="1">
   <cards type="Pocket" player="Brazzzil777">X X</cards>
   <action type="0" sum="0" no="10" player="Brazzzil777"/>
   <cards type="Pocket" player="saturnfalse68">X X</cards>
   <action type="0" sum="0" no="11" player="saturnfalse68"/>
   <cards type="Pocket" player="RafaBT">H7 H5</cards>
   <action type="23" sum="1,800" no="12" player="RafaBT"/>
   <cards type="Pocket" player="AlexDu1986">X X</cards>
   <action type="0" sum="0" no="13" player="AlexDu1986"/>
   <cards type="Pocket" player="egerfraslovakiu">X X</cards>
   <action type="0" sum="0" no="14" player="egerfraslovakiu"/>
   <cards type="Pocket" player="IsmoloveSeppo">X X</cards>
   <action type="0" sum="0" no="15" player="IsmoloveSeppo"/>
   <cards type="Pocket" player="Gfs1505">H2 DA</cards>
   <action type="23" sum="7,650" no="16" player="Gfs1505"/>
   <action type="3" sum="5,850" no="17" player="RafaBT"/>
  </round>
  <round no="2">
   <cards type="Flop">C5 D5 S6</cards>
   <action type="5" sum="5,497" no="18" player="Gfs1505"/>
   <action type="3" sum="5,497" no="19" player="RafaBT"/>
  </round>
  <round no="3">
   <cards type="Turn">C6</cards>
   <action type="5" sum="13,827" no="20" player="Gfs1505"/>
   <action type="3" sum="13,827" no="21" player="RafaBT"/>
  </round>
  <round no="4">
   <cards type="River">C4</cards>
   <action type="5" sum="36,503" no="22" player="Gfs1505"/>
   <action type="7" sum="67,456" no="23" player="RafaBT"/>
   <action type="3" sum="30,953" no="24" player="Gfs1505"/>
  </round>
 </game>
 <game gamecode="11593451435">
  <general>
   <startdate>2025-07-24 12:23:24</startdate>
   <smallblind>500</smallblind>
   <bigblind>1,000</bigblind>
   <ante>150</ante>
   <players>
    <player win="0" bet="4,900" addon="0" rebuy="0" chips="5,050" dealer="0" reg_code="8413383253" seat="1" name="Gfs1505"/>
    <player win="0" bet="5,050" addon="0" rebuy="0" chips="120,395" dealer="0" reg_code="" seat="2" name="Brazzzil777"/>
    <player win="0" bet="150" addon="0" rebuy="0" chips="96,736" dealer="0" reg_code="" seat="4" name="saturnfalse68"/>
    <player win="0" bet="150" addon="0" rebuy="0" chips="190,220" dealer="0" reg_code="" seat="5" name="RafaBT"/>
    <player win="0" bet="150" addon="0" rebuy="0" chips="100,000" dealer="0" reg_code="" seat="6" name="PyRoMaNiaC17"/>
    <player win="0" bet="150" addon="0" rebuy="0" chips="96,231" dealer="0" reg_code="" seat="7" name="AlexDu1986"/>
    <player win="0" bet="150" addon="0" rebuy="0" chips="133,017" dealer="0" reg_code="" seat="9" name="egerfraslovakiu"/>
    <player win="15,900" bet="24,000" addon="0" rebuy="0" chips="175,810" dealer="1" reg_code="" seat="10" name="IsmoloveSeppo">
     <knockout kicked="Gfs1505" tobalance="€6.83" tobounty="€6.82"/>
    </player>
   </players>
  </general>
  <round no="0">
   <action type="15" sum="150" no="1" player="Gfs1505"/>
   <action type="15" sum="150" no="2" player="Brazzzil777"/>
   <action type="15" sum="150" no="3" player="saturnfalse68"/>
   <action type="15" sum="150" no="4" player="RafaBT"/>
   <action type="15" sum="150" no="5" player="PyRoMaNiaC17"/>
   <action type="15" sum="150" no="6" player="AlexDu1986"/>
   <action type="15" sum="150" no="7" player="egerfraslovakiu"/>
   <action type="15" sum="150" no="8" player="IsmoloveSeppo"/>
   <action type="1" sum="500" no="9" player="Gfs1505"/>
   <action type="2" sum="1,000" no="10" player="Brazzzil777"/>
  </round>
  <round no="1">
   <cards type="Pocket" player="saturnfalse68">X X</cards>
   <action type="0" sum="0" no="11" player="saturnfalse68"/>
   <cards type="Pocket" player="RafaBT">X X</cards>
   <action type="0" sum="0" no="12" player="RafaBT"/>
   <cards type="Pocket" player="PyRoMaNiaC17">X X</cards>
   <action type="0" sum="0" no="13" player="PyRoMaNiaC17"/>
   <cards type="Pocket" player="AlexDu1986">X X</cards>
   <action type="0" sum="0" no="14" player="AlexDu1986"/>
   <cards type="Pocket" player="egerfraslovakiu">X X</cards>
   <action type="0" sum="0" no="15" player="egerfraslovakiu"/>
   <cards type="Pocket" player="IsmoloveSeppo">DK DA</cards>
   <action type="3" sum="1,000" no="16" player="IsmoloveSeppo"/>
   <cards type="Pocket" player="Gfs1505">H4 HK</cards>
   <action type="23" sum="4,900" no="17" player="Gfs1505"/>
   <cards type="Pocket" player="Brazzzil777">X X</cards>
   <action type="3" sum="3,900" no="18" player="Brazzzil777"/>
   <action type="23" sum="24,000" no="19" player="IsmoloveSeppo"/>
   <action type="0" sum="0" no="20" player="Brazzzil777"/>
  </round>
  <round no="2">
   <cards type="Flop">H8 SK C3</cards>
  </round>
  <round no="3">
   <cards type="Turn">HA</cards>
  </round>
  <round no="4">
   <cards type="River">D4</cards>
  </round>
 </game>
</session>
