<?xml version="1.0" encoding="utf-8"?>
<session sessioncode="8413371034">
 <general>
  <mode>real</mode>
  <gametype>Holdem NL</gametype>
  <tablename>€30 THURSDAY ELIMINATOR XL, 1131430003</tablename>
  <tournamentcurrency>1</tournamentcurrency>
  <currency>USD</currency>
  <nickname>Gfs1505</nickname>
  <buyin>€13.65 + €13.65 + €2.70</buyin>
  <totalbuyin>€16.35</totalbuyin>
 </general>
 <game gamecode="11593379997">
  <general>
   <players>
    <player chips="100,000" dealer="1" reg_code="" seat="1" name="ShiverMeTimber12"/>
    <player chips="100,000" dealer="0" reg_code="" seat="2" name="drdsp"/>
    <player chips="100,000" dealer="0" reg_code="" seat="4" name="Bladesontop"/>
    <player chips="100,000" dealer="0" reg_code="" seat="5" name="1spanec1"/>
    <player chips="100,000" dealer="0" reg_code="" seat="6" name="TheBoneless88"/>
    <player chips="100,000" dealer="0" reg_code="8413371034" seat="7" name="Gfs1505"/>
    <player chips="100,000" dealer="0" reg_code="" seat="9" name="AapexX1"/>
    <player chips="100,000" dealer="0" reg_code="" seat="10" name="doctorfair862"/>
   </players>
  </general>
  <round no="0">
   <action type="15" sum="€120" no="1" player="drdsp"/>
   <action type="15" sum="€120" no="2" player="Bladesontop"/>
   <action type="15" sum="€120" no="3" player="1spanec1"/>
   <action type="15" sum="€120" no="4" player="TheBoneless88"/>
   <action type="15" sum="€120" no="5" player="Gfs1505"/>
   <action type="15" sum="€120" no="6" player="AapexX1"/>
   <action type="15" sum="€120" no="7" player="doctorfair862"/>
   <action type="15" sum="€120" no="8" player="ShiverMeTimber12"/>
   <action type="1" sum="€400" no="9" player="drdsp"/>
   <action type="2" sum="€800" no="10" player="Bladesontop"/>
  </round>
 </game>
 <game gamecode="11593380031">
  <general>
   <players>
    <player chips="98,280" dealer="0" reg_code="" seat="1" name="ShiverMeTimber12"/>
    <player chips="99,480" dealer="1" reg_code="" seat="2" name="drdsp"/>
    <player chips="99,080" dealer="0" reg_code="" seat="4" name="Bladesontop"/>
    <player chips="99,880" dealer="0" reg_code="" seat="5" name="1spanec1"/>
    <player chips="99,880" dealer="0" reg_code="" seat="6" name="TheBoneless88"/>
    <player chips="105,240" dealer="0" reg_code="8413371034" seat="7" name="Gfs1505"/>
    <player chips="99,880" dealer="0" reg_code="" seat="9" name="AapexX1"/>
    <player chips="98,280" dealer="0" reg_code="" seat="10" name="doctorfair862"/>
   </players>
  </general>
  <round no="0">
   <action type="15" sum="€120" no="1" player="Bladesontop"/>
   <action type="15" sum="€120" no="2" player="1spanec1"/>
   <action type="15" sum="€120" no="3" player="TheBoneless88"/>
   <action type="15" sum="€120" no="4" player="Gfs1505"/>
   <action type="15" sum="€120" no="5" player="AapexX1"/>
   <action type="15" sum="€120" no="6" player="doctorfair862"/>
   <action type="15" sum="€120" no="7" player="ShiverMeTimber12"/>
   <action type="15" sum="€120" no="8" player="drdsp"/>
   <action type="1" sum="€400" no="9" player="Bladesontop"/>
   <action type="2" sum="€800" no="10" player="1spanec1"/>
  </round>
 </game>
 <game gamecode="11593380063">
  <general>
   <players>
    <player chips="98,160" dealer="0" reg_code="" seat="1" name="ShiverMeTimber12"/>
    <player chips="99,360" dealer="0" reg_code="" seat="2" name="drdsp"/>
    <player chips="98,560" dealer="1" reg_code="" seat="4" name="Bladesontop"/>
    <player chips="107,371" dealer="0" reg_code="" seat="5" name="1spanec1"/>
    <player chips="99,760" dealer="0" reg_code="" seat="6" name="TheBoneless88"/>
    <player chips="98,869" dealer="0" reg_code="8413371034" seat="7" name="Gfs1505"/>
    <player chips="99,760" dealer="0" reg_code="" seat="9" name="AapexX1"/>
    <player chips="98,160" dealer="0" reg_code="" seat="10" name="doctorfair862"/>
   </players>
  </general>
  <round no="0">
   <action type="15" sum="€120" no="1" player="1spanec1"/>
   <action type="15" sum="€120" no="2" player="TheBoneless88"/>
   <action type="15" sum="€120" no="3" player="Gfs1505"/>
   <action type="15" sum="€120" no="4" player="AapexX1"/>
   <action type="15" sum="€120" no="5" player="doctorfair862"/>
   <action type="15" sum="€120" no="6" player="ShiverMeTimber12"/>
   <action type="15" sum="€120" no="7" player="drdsp"/>
   <action type="15" sum="€120" no="8" player="Bladesontop"/>
   <action type="1" sum="€400" no="9" player="1spanec1"/>
   <action type="2" sum="€800" no="10" player="TheBoneless88"/>
  </round>
 </game>
 <game gamecode="11593380119">
  <general>
   <players>
    <player chips="92,960" dealer="0" reg_code="" seat="1" name="ShiverMeTimber12"/>
    <player chips="99,240" dealer="0" reg_code="" seat="2" name="drdsp"/>
    <player chips="96,840" dealer="0" reg_code="" seat="4" name="Bladesontop"/>
    <player chips="106,851" dealer="1" reg_code="" seat="5" name="1spanec1"/>
    <player chips="98,840" dealer="0" reg_code="" seat="6" name="TheBoneless88"/>
    <player chips="98,749" dealer="0" reg_code="8413371034" seat="7" name="Gfs1505"/>
    <player chips="99,640" dealer="0" reg_code="" seat="9" name="AapexX1"/>
    <player chips="106,880" dealer="0" reg_code="" seat="10" name="doctorfair862"/>
   </players>
  </general>
  <round no="0">
   <action type="15" sum="€120" no="1" player="TheBoneless88"/>
   <action type="15" sum="€120" no="2" player="Gfs1505"/>
   <action type="15" sum="€120" no="3" player="AapexX1"/>
   <action type="15" sum="€120" no="4" player="doctorfair862"/>
   <action type="15" sum="€120" no="5" player="ShiverMeTimber12"/>
   <action type="15" sum="€120" no="6" player="drdsp"/>
   <action type="15" sum="€120" no="7" player="Bladesontop"/>
   <action type="15" sum="€120" no="8" player="1spanec1"/>
   <action type="1" sum="€400" no="9" player="TheBoneless88"/>
   <action type="2" sum="€800" no="10" player="Gfs1505"/>
  </round>
 </game>
 <game gamecode="11593380165">
  <general>
   <players>
    <player chips="92,840" dealer="0" reg_code="" seat="1" name="ShiverMeTimber12"/>
    <player chips="99,120" dealer="0" reg_code="" seat="2" name="drdsp"/>
    <player chips="94,720" dealer="0" reg_code="" seat="4" name="Bladesontop"/>
    <player chips="106,731" dealer="0" reg_code="" seat="5" name="1spanec1"/>
    <player chips="98,320" dealer="1" reg_code="" seat="6" name="TheBoneless88"/>
    <player chips="102,789" dealer="0" reg_code="8413371034" seat="7" name="Gfs1505"/>
    <player chips="99,520" dealer="0" reg_code="" seat="9" name="AapexX1"/>
    <player chips="105,960" dealer="0" reg_code="" seat="10" name="doctorfair862"/>
   </players>
  </general>
  <round no="0">
   <action type="15" sum="€120" no="1" player="Gfs1505"/>
   <action type="15" sum="€120" no="2" player="AapexX1"/>
   <action type="15" sum="€120" no="3" player="doctorfair862"/>
   <action type="15" sum="€120" no="4" player="ShiverMeTimber12"/>
   <action type="15" sum="€120" no="5" player="drdsp"/>
   <action type="15" sum="€120" no="6" player="Bladesontop"/>
   <action type="15" sum="€120" no="7" player="1spanec1"/>
   <action type="15" sum="€120" no="8" player="TheBoneless88"/>
   <action type="1" sum="€400" no="9" player="Gfs1505"/>
   <action type="2" sum="€800" no="10" player="AapexX1"/>
  </round>
 </game>
 <game gamecode="11593419765">
  <general>
   <players>
    <player chips="92,720" dealer="0" reg_code="" seat="1" name="ShiverMeTimber12"/>
    <player chips="99,000" dealer="0" reg_code="" seat="2" name="drdsp"/>
    <player chips="94,600" dealer="0" reg_code="" seat="4" name="Bladesontop"/>
    <player chips="101,315" dealer="0" reg_code="" seat="5" name="1spanec1"/>
    <player chips="110,152" dealer="0" reg_code="" seat="6" name="TheBoneless88"/>
    <player chips="102,269" dealer="1" reg_code="8413371034" seat="7" name="Gfs1505"/>
    <player chips="94,104" dealer="0" reg_code="" seat="9" name="AapexX1"/>
    <player chips="105,840" dealer="0" reg_code="" seat="10" name="doctorfair862"/>
   </players>
  </general>
  <round no="0">
   <action type="15" sum="€120" no="1" player="AapexX1"/>
   <action type="15" sum="€120" no="2" player="doctorfair862"/>
   <action type="15" sum="€120" no="3" player="ShiverMeTimber12"/>
   <action type="15" sum="€120" no="4" player="drdsp"/>
   <action type="15" sum="€120" no="5" player="Bladesontop"/>
   <action type="15" sum="€120" no="6" player="1spanec1"/>
   <action type="15" sum="€120" no="7" player="TheBoneless88"/>
   <action type="15" sum="€120" no="8" player="Gfs1505"/>
   <action type="1" sum="€400" no="9" player="AapexX1"/>
   <action type="2" sum="€800" no="10" player="doctorfair862"/>
  </round>
 </game>
 <game gamecode="11593419801">
  <general>
   <players>
    <player chips="92,600" dealer="0" reg_code="" seat="1" name="ShiverMeTimber12"/>
    <player chips="98,880" dealer="0" reg_code="" seat="2" name="drdsp"/>
    <player chips="94,480" dealer="0" reg_code="" seat="4" name="Bladesontop"/>
    <player chips="105,755" dealer="0" reg_code="" seat="5" name="1spanec1"/>
    <player chips="110,032" dealer="0" reg_code="" seat="6" name="TheBoneless88"/>
    <player chips="100,549" dealer="0" reg_code="8413371034" seat="7" name="Gfs1505"/>
    <player chips="93,584" dealer="1" reg_code="" seat="9" name="AapexX1"/>
    <player chips="104,120" dealer="0" reg_code="" seat="10" name="doctorfair862"/>
   </players>
  </general>
  <round no="0">
   <action type="15" sum="€120" no="1" player="doctorfair862"/>
   <action type="15" sum="€120" no="2" player="ShiverMeTimber12"/>
   <action type="15" sum="€120" no="3" player="drdsp"/>
   <action type="15" sum="€120" no="4" player="Bladesontop"/>
   <action type="15" sum="€120" no="5" player="1spanec1"/>
   <action type="15" sum="€120" no="6" player="TheBoneless88"/>
   <action type="15" sum="€120" no="7" player="Gfs1505"/>
   <action type="15" sum="€120" no="8" player="AapexX1"/>
   <action type="1" sum="€400" no="9" player="doctorfair862"/>
   <action type="2" sum="€800" no="10" player="ShiverMeTimber12"/>
  </round>
 </game>
 <game gamecode="11593419852">
  <general>
   <players>
    <player chips="91,680" dealer="0" reg_code="" seat="1" name="ShiverMeTimber12"/>
    <player chips="90,760" dealer="0" reg_code="" seat="2" name="drdsp"/>
    <player chips="94,360" dealer="0" reg_code="" seat="4" name="Bladesontop"/>
    <player chips="105,635" dealer="0" reg_code="" seat="5" name="1spanec1"/>
    <player chips="101,912" dealer="0" reg_code="" seat="6" name="TheBoneless88"/>
    <player chips="41,789" dealer="0" reg_code="8413371034" seat="7" name="Gfs1505"/>
    <player chips="93,464" dealer="0" reg_code="" seat="9" name="AapexX1"/>
    <player chips="180,400" dealer="1" reg_code="" seat="10" name="doctorfair862"/>
   </players>
  </general>
  <round no="0">
   <action type="15" sum="€130" no="1" player="ShiverMeTimber12"/>
   <action type="15" sum="€130" no="2" player="drdsp"/>
   <action type="15" sum="€130" no="3" player="Bladesontop"/>
   <action type="15" sum="€130" no="4" player="1spanec1"/>
   <action type="15" sum="€130" no="5" player="TheBoneless88"/>
   <action type="15" sum="€130" no="6" player="Gfs1505"/>
   <action type="15" sum="€130" no="7" player="AapexX1"/>
   <action type="15" sum="€130" no="8" player="doctorfair862"/>
   <action type="1" sum="€450" no="9" player="ShiverMeTimber12"/>
   <action type="2" sum="€900" no="10" player="drdsp"/>
  </round>
 </game>
 <game gamecode="11593419878">
  <general>
   <players>
    <player chips="91,100" dealer="1" reg_code="" seat="1" name="ShiverMeTimber12"/>
    <player chips="93,330" dealer="0" reg_code="" seat="4" name="Bladesontop"/>
    <player chips="102,355" dealer="0" reg_code="" seat="5" name="1spanec1"/>
    <player chips="101,782" dealer="0" reg_code="" seat="6" name="TheBoneless88"/>
    <player chips="48,099" dealer="0" reg_code="8413371034" seat="7" name="Gfs1505"/>
    <player chips="93,334" dealer="0" reg_code="" seat="9" name="AapexX1"/>
    <player chips="180,270" dealer="0" reg_code="" seat="10" name="doctorfair862"/>
   </players>
  </general>
  <round no="0">
   <action type="15" sum="€130" no="1" player="Bladesontop"/>
   <action type="15" sum="€130" no="2" player="1spanec1"/>
   <action type="15" sum="€130" no="3" player="TheBoneless88"/>
   <action type="15" sum="€130" no="4" player="Gfs1505"/>
   <action type="15" sum="€130" no="5" player="AapexX1"/>
   <action type="15" sum="€130" no="6" player="doctorfair862"/>
   <action type="15" sum="€130" no="7" player="ShiverMeTimber12"/>
   <action type="2" sum="€900" no="8" player="Bladesontop"/>
  </round>
 </game>
 <game gamecode="11593419928">
  <general>
   <players>
    <player chips="90,970" dealer="0" reg_code="" seat="1" name="ShiverMeTimber12"/>
    <player chips="100,000" dealer="0" reg_code="" seat="2" name="attitudeeee"/>
    <player chips="92,300" dealer="1" reg_code="" seat="4" name="Bladesontop"/>
    <player chips="102,225" dealer="0" reg_code="" seat="5" name="1spanec1"/>
    <player chips="92,652" dealer="0" reg_code="" seat="6" name="TheBoneless88"/>
    <player chips="47,969" dealer="0" reg_code="8413371034" seat="7" name="Gfs1505"/>
    <player chips="104,014" dealer="0" reg_code="" seat="9" name="AapexX1"/>
    <player chips="180,140" dealer="0" reg_code="" seat="10" name="doctorfair862"/>
   </players>
  </general>
  <round no="0">
   <action type="15" sum="€130" no="1" player="1spanec1"/>
   <action type="15" sum="€130" no="2" player="TheBoneless88"/>
   <action type="15" sum="€130" no="3" player="Gfs1505"/>
   <action type="15" sum="€130" no="4" player="AapexX1"/>
   <action type="15" sum="€130" no="5" player="doctorfair862"/>
   <action type="15" sum="€130" no="6" player="ShiverMeTimber12"/>
   <action type="15" sum="€130" no="7" player="attitudeeee"/>
   <action type="15" sum="€130" no="8" player="Bladesontop"/>
   <action type="1" sum="€450" no="9" player="1spanec1"/>
   <action type="2" sum="€900" no="10" player="TheBoneless88"/>
  </round>
 </game>
 <game gamecode="11593419995">
  <general>
   <players>
    <player chips="165,369" dealer="0" reg_code="" seat="1" name="ShiverMeTimber12"/>
    <player chips="99,870" dealer="0" reg_code="" seat="2" name="attitudeeee"/>
    <player chips="90,370" dealer="0" reg_code="" seat="4" name="Bladesontop"/>
    <player chips="79,145" dealer="1" reg_code="" seat="5" name="1spanec1"/>
    <player chips="91,622" dealer="0" reg_code="" seat="6" name="TheBoneless88"/>
    <player chips="103,884" dealer="0" reg_code="" seat="9" name="AapexX1"/>
    <player chips="180,010" dealer="0" reg_code="" seat="10" name="doctorfair862"/>
   </players>
  </general>
  <round no="0">
   <action type="15" sum="€130" no="1" player="TheBoneless88"/>
   <action type="15" sum="€130" no="2" player="AapexX1"/>
   <action type="15" sum="€130" no="3" player="doctorfair862"/>
   <action type="15" sum="€130" no="4" player="ShiverMeTimber12"/>
   <action type="15" sum="€130" no="5" player="attitudeeee"/>
   <action type="15" sum="€130" no="6" player="Bladesontop"/>
   <action type="15" sum="€130" no="7" player="1spanec1"/>
   <action type="1" sum="€450" no="8" player="TheBoneless88"/>
   <action type="2" sum="€900" no="9" player="AapexX1"/>
  </round>
 </game>
 <game gamecode="11593451502">
  <general>
   <players>
    <player chips="114,695" dealer="1" reg_code="" seat="2" name="Brazzzil777"/>
    <player chips="97,986" dealer="0" reg_code="" seat="4" name="saturnfalse68"/>
    <player chips="189,920" dealer="0" reg_code="" seat="5" name="RafaBT"/>
    <player chips="99,700" dealer="0" reg_code="" seat="6" name="PyRoMaNiaC17"/>
    <player chips="95,931" dealer="0" reg_code="" seat="7" name="AlexDu1986"/>
    <player chips="132,717" dealer="0" reg_code="" seat="9" name="egerfraslovakiu"/>
    <player chips="186,510" dealer="0" reg_code="" seat="10" name="IsmoloveSeppo"/>
   </players>
  </general>
  <round no="0">
   <action type="15" sum="€150" no="1" player="saturnfalse68"/>
   <action type="15" sum="€150" no="2" player="RafaBT"/>
   <action type="15" sum="€150" no="3" player="PyRoMaNiaC17"/>
   <action type="15" sum="€150" no="4" player="AlexDu1986"/>
   <action type="15" sum="€150" no="5" player="egerfraslovakiu"/>
   <action type="15" sum="€150" no="6" player="IsmoloveSeppo"/>
   <action type="15" sum="€150" no="7" player="Brazzzil777"/>
   <action type="1" sum="€500" no="8" player="saturnfalse68"/>
   <action type="2" sum="€1,000" no="9" player="RafaBT"/>
  </round>
 </game>
</session>
