<?xml version="1.0" encoding="utf-8"?>
<session sessioncode="8413383253">
 <general>
  <mode>real</mode>
  <gametype>Holdem NL</gametype>
  <tablename>€30 THURSDAY ELIMINATOR XL, 1131429713</tablename>
  <tournamentcurrency>1</tournamentcurrency>
  <currency>USD</currency>
  <nickname>Gfs1505</nickname>
  <buyin>€13.65 + €13.65 + €2.70</buyin>
  <totalbuyin>€16.35</totalbuyin>
 </general>
 <game gamecode="11593420245">
  <general>
   <players>
    <player chips="100,000" dealer="0" reg_code="8413383253" seat="1" name="Gfs1505"/>
    <player chips="120,915" dealer="0" reg_code="" seat="2" name="Brazzzil777"/>
    <player chips="97,256" dealer="0" reg_code="" seat="4" name="saturnfalse68"/>
    <player chips="92,690" dealer="1" reg_code="" seat="5" name="RafaBT"/>
    <player chips="96,003" dealer="0" reg_code="" seat="6" name="EllPas0"/>
    <player chips="98,101" dealer="0" reg_code="" seat="7" name="AlexDu1986"/>
    <player chips="134,887" dealer="0" reg_code="" seat="9" name="egerfraslovakiu"/>
    <player chips="177,400" dealer="0" reg_code="" seat="10" name="IsmoloveSeppo"/>
   </players>
  </general>
  <round no="0">
   <action type="15" sum="€130" no="1" player="EllPas0"/>
   <action type="15" sum="€130" no="2" player="AlexDu1986"/>
   <action type="15" sum="€130" no="3" player="egerfraslovakiu"/>
   <action type="15" sum="€130" no="4" player="IsmoloveSeppo"/>
   <action type="15" sum="€130" no="5" player="Gfs1505"/>
   <action type="15" sum="€130" no="6" player="Brazzzil777"/>
   <action type="15" sum="€130" no="7" player="saturnfalse68"/>
   <action type="15" sum="€130" no="8" player="RafaBT"/>
   <action type="1" sum="€450" no="9" player="EllPas0"/>
   <action type="2" sum="€900" no="10" player="AlexDu1986"/>
  </round>
 </game>
 <game gamecode="11593420291">
  <general>
   <players>
    <player chips="99,870" dealer="0" reg_code="8413383253" seat="1" name="Gfs1505"/>
    <player chips="120,785" dealer="0" reg_code="" seat="2" name="Brazzzil777"/>
    <player chips="97,126" dealer="0" reg_code="" seat="4" name="saturnfalse68"/>
    <player chips="92,560" dealer="0" reg_code="" seat="5" name="RafaBT"/>
    <player chips="97,071" dealer="0" reg_code="" seat="7" name="AlexDu1986"/>
    <player chips="134,757" dealer="0" reg_code="" seat="9" name="egerfraslovakiu"/>
    <player chips="175,290" dealer="0" reg_code="" seat="10" name="IsmoloveSeppo"/>
   </players>
  </general>
  <round no="0">
   <action type="15" sum="€130" no="1" player="AlexDu1986"/>
   <action type="15" sum="€130" no="2" player="egerfraslovakiu"/>
   <action type="15" sum="€130" no="3" player="IsmoloveSeppo"/>
   <action type="15" sum="€130" no="4" player="Gfs1505"/>
   <action type="15" sum="€130" no="5" player="Brazzzil777"/>
   <action type="15" sum="€130" no="6" player="saturnfalse68"/>
   <action type="15" sum="€130" no="7" player="RafaBT"/>
   <action type="1" sum="€450" no="8" player="AlexDu1986"/>
   <action type="2" sum="€900" no="9" player="egerfraslovakiu"/>
  </round>
 </game>
 <game gamecode="11593420325">
  <general>
   <players>
    <player chips="99,740" dealer="0" reg_code="8413383253" seat="1" name="Gfs1505"/>
    <player chips="120,655" dealer="0" reg_code="" seat="2" name="Brazzzil777"/>
    <player chips="96,996" dealer="0" reg_code="" seat="4" name="saturnfalse68"/>
    <player chips="94,690" dealer="0" reg_code="" seat="5" name="RafaBT"/>
    <player chips="96,491" dealer="1" reg_code="" seat="7" name="AlexDu1986"/>
    <player chips="133,727" dealer="0" reg_code="" seat="9" name="egerfraslovakiu"/>
    <player chips="175,160" dealer="0" reg_code="" seat="10" name="IsmoloveSeppo"/>
   </players>
  </general>
  <round no="0">
   <action type="15" sum="€130" no="1" player="egerfraslovakiu"/>
   <action type="15" sum="€130" no="2" player="IsmoloveSeppo"/>
   <action type="15" sum="€130" no="3" player="Gfs1505"/>
   <action type="15" sum="€130" no="4" player="Brazzzil777"/>
   <action type="15" sum="€130" no="5" player="saturnfalse68"/>
   <action type="15" sum="€130" no="6" player="RafaBT"/>
   <action type="15" sum="€130" no="7" player="AlexDu1986"/>
   <action type="1" sum="€450" no="8" player="egerfraslovakiu"/>
   <action type="2" sum="€900" no="9" player="IsmoloveSeppo"/>
  </round>
 </game>
 <game gamecode="11593451368">
  <general>
   <players>
    <player chips="99,610" dealer="0" reg_code="8413383253" seat="1" name="Gfs1505"/>
    <player chips="120,525" dealer="0" reg_code="" seat="2" name="Brazzzil777"/>
    <player chips="96,866" dealer="0" reg_code="" seat="4" name="saturnfalse68"/>
    <player chips="94,560" dealer="0" reg_code="" seat="5" name="RafaBT"/>
    <player chips="96,361" dealer="0" reg_code="" seat="7" name="AlexDu1986"/>
    <player chips="133,147" dealer="1" reg_code="" seat="9" name="egerfraslovakiu"/>
    <player chips="176,390" dealer="0" reg_code="" seat="10" name="IsmoloveSeppo"/>
   </players>
  </general>
  <round no="0">
   <action type="15" sum="€130" no="1" player="IsmoloveSeppo"/>
   <action type="15" sum="€130" no="2" player="Gfs1505"/>
   <action type="15" sum="€130" no="3" player="Brazzzil777"/>
   <action type="15" sum="€130" no="4" player="saturnfalse68"/>
   <action type="15" sum="€130" no="5" player="RafaBT"/>
   <action type="15" sum="€130" no="6" player="AlexDu1986"/>
   <action type="15" sum="€130" no="7" player="egerfraslovakiu"/>
   <action type="1" sum="€450" no="8" player="IsmoloveSeppo"/>
   <action type="2" sum="€900" no="9" player="Gfs1505"/>
  </round>
 </game>
 <game gamecode="11593451435">
  <general>
   <players>
    <player chips="5,050" dealer="0" reg_code="8413383253" seat="1" name="Gfs1505"/>
    <player chips="120,395" dealer="0" reg_code="" seat="2" name="Brazzzil777"/>
    <player chips="96,736" dealer="0" reg_code="" seat="4" name="saturnfalse68"/>
    <player chips="190,220" dealer="0" reg_code="" seat="5" name="RafaBT"/>
    <player chips="100,000" dealer="0" reg_code="" seat="6" name="PyRoMaNiaC17"/>
    <player chips="96,231" dealer="0" reg_code="" seat="7" name="AlexDu1986"/>
    <player chips="133,017" dealer="0" reg_code="" seat="9" name="egerfraslovakiu"/>
    <player chips="175,810" dealer="1" reg_code="" seat="10" name="IsmoloveSeppo"/>
   </players>
  </general>
  <round no="0">
   <action type="15" sum="€150" no="1" player="Gfs1505"/>
   <action type="15" sum="€150" no="2" player="Brazzzil777"/>
   <action type="15" sum="€150" no="3" player="saturnfalse68"/>
   <action type="15" sum="€150" no="4" player="RafaBT"/>
   <action type="15" sum="€150" no="5" player="PyRoMaNiaC17"/>
   <action type="15" sum="€150" no="6" player="AlexDu1986"/>
   <action type="15" sum="€150" no="7" player="egerfraslovakiu"/>
   <action type="15" sum="€150" no="8" player="IsmoloveSeppo"/>
   <action type="1" sum="€500" no="9" player="Gfs1505"/>
   <action type="2" sum="€1,000" no="10" player="Brazzzil777"/>
  </round>
 </game>
 <game gamecode="11593451485">
  <general>
   <players>
    <player chips="115,345" dealer="0" reg_code="" seat="2" name="Brazzzil777"/>
    <player chips="96,586" dealer="0" reg_code="" seat="4" name="saturnfalse68"/>
    <player chips="190,070" dealer="0" reg_code="" seat="5" name="RafaBT"/>
    <player chips="99,850" dealer="0" reg_code="" seat="6" name="PyRoMaNiaC17"/>
    <player chips="96,081" dealer="0" reg_code="" seat="7" name="AlexDu1986"/>
    <player chips="132,867" dealer="0" reg_code="" seat="9" name="egerfraslovakiu"/>
    <player chips="186,660" dealer="0" reg_code="" seat="10" name="IsmoloveSeppo"/>
   </players>
  </general>
  <round no="0">
   <action type="15" sum="€150" no="1" player="Brazzzil777"/>
   <action type="15" sum="€150" no="2" player="saturnfalse68"/>
   <action type="15" sum="€150" no="3" player="RafaBT"/>
   <action type="15" sum="€150" no="4" player="PyRoMaNiaC17"/>
   <action type="15" sum="€150" no="5" player="AlexDu1986"/>
   <action type="15" sum="€150" no="6" player="egerfraslovakiu"/>
   <action type="15" sum="€150" no="7" player="IsmoloveSeppo"/>
   <action type="1" sum="€500" no="8" player="Brazzzil777"/>
   <action type="2" sum="€1,000" no="9" player="saturnfalse68"/>
  </round>
 </game>
</session>
