<?xml version="1.0" encoding="utf-8"?>
<session sessioncode="8413389655">
 <general>
  <client_version>25.1.1.9</client_version>
  <mode>real</mode>
  <gametype>Holdem NL</gametype>
  <tablename>€20 MYSTERY KICKOFF, 1131432314</tablename>
  <tournamentcurrency>EUR</tournamentcurrency>
  <duration>00:00:57</duration>
  <gamecount>1</gamecount>
  <startdate>2025-07-24 12:27:54</startdate>
  <currency>USD</currency>
  <nickname>Gfs1505</nickname>
  <bets>99,400</bets>
  <wins>0</wins>
  <chipsin>0</chipsin>
  <chipsout>0</chipsout>
  <statuspoints>RSP18</statuspoints>
  <awardpoints>RSP18</awardpoints>
  <ipoints>RSP18</ipoints>
  <tablesize>7</tablesize>
  <tournamentcode>1130688208</tournamentcode>
  <tournamentname>€20 MYSTERY KICKOFF</tournamentname>
  <place>78</place>
  <buyin>€9.10 + €9.10 + €1.80</buyin>
  <totalbuyin>€20</totalbuyin>
  <win>0</win>
 </general>
 <game gamecode="11593463034">
  <general>
   <startdate>2025-07-24 12:27:54</startdate>
   <smallblind>3,000</smallblind>
   <bigblind>6,000</bigblind>
   <ante>600</ante>
   <players>
    <player win="0" bet="99,400" addon="0" rebuy="0" chips="100,000" dealer="1" reg_code="8413389655" seat="1" name="Gfs1505"/>
    <player win="0" bet="3,600" addon="0" rebuy="0" chips="125,759" dealer="0" reg_code="" seat="4" name="Whaleshark21"/>
    <player win="0" bet="6,600" addon="0" rebuy="0" chips="146,056" dealer="0" reg_code="" seat="6" name="GazetaFRIKIRIKI"/>
    <player win="211,400" bet="100,000" addon="0" rebuy="0" chips="249,062" dealer="0" reg_code="" seat="8" name="UvaNordestina"/>
    <player win="0" bet="600" addon="0" rebuy="0" chips="207,590" dealer="0" reg_code="" seat="9" name="PukanUragan1"/>
    <player win="0" bet="600" addon="0" rebuy="0" chips="465,875" dealer="0" reg_code="" seat="10" name="Maugli74"/>
   </players>
  </general>
  <round no="0">
   <action type="15" sum="600" no="1" player="Whaleshark21"/>
   <action type="15" sum="600" no="2" player="GazetaFRIKIRIKI"/>
   <action type="15" sum="600" no="3" player="UvaNordestina"/>
   <action type="15" sum="600" no="4" player="PukanUragan1"/>
   <action type="15" sum="600" no="5" player="Maugli74"/>
   <action type="15" sum="600" no="6" player="Gfs1505"/>
   <action type="1" sum="3,000" no="7" player="Whaleshark21"/>
   <action type="2" sum="6,000" no="8" player="GazetaFRIKIRIKI"/>
  </round>
  <round no="1">
   <cards type="Pocket" player="UvaNordestina">CA HQ</cards>
   <action type="23" sum="12,000" no="9" player="UvaNordestina"/>
   <cards type="Pocket" player="PukanUragan1">X X</cards>
   <action type="0" sum="0" no="10" player="PukanUragan1"/>
   <cards type="Pocket" player="Maugli74">X X</cards>
   <action type="0" sum="0" no="11" player="Maugli74"/>
   <cards type="Pocket" player="Gfs1505">SA C10</cards>
   <action type="23" sum="99,400" no="12" player="Gfs1505"/>
   <cards type="Pocket" player="Whaleshark21">X X</cards>
   <action type="0" sum="0" no="13" player="Whaleshark21"/>
   <cards type="Pocket" player="GazetaFRIKIRIKI">X X</cards>
   <action type="0" sum="0" no="14" player="GazetaFRIKIRIKI"/>
   <action type="3" sum="87,400" no="15" player="UvaNordestina"/>
  </round>
  <round no="2">
   <cards type="Flop">SJ C5 HK</cards>
  </round>
  <round no="3">
   <cards type="Turn">HJ</cards>
  </round>
  <round no="4">
   <cards type="River">S6</cards>
  </round>
 </game>
</session>
