<?xml version="1.0" encoding="utf-8"?>
<session sessioncode="8413389655">
 <general>
  <mode>real</mode>
  <gametype>Holdem NL</gametype>
  <tablename>€20 MYSTERY KICKOFF, 1131432314</tablename>
  <tournamentcurrency>1</tournamentcurrency>
  <currency>USD</currency>
  <nickname>Gfs1505</nickname>
  <buyin>€9.10 + €9.10 + €1.80</buyin>
  <totalbuyin>€10.90</totalbuyin>
 </general>
 <game gamecode="11593463034">
  <general>
   <players>
    <player chips="100,000" dealer="1" reg_code="8413389655" seat="1" name="Gfs1505"/>
    <player chips="125,759" dealer="0" reg_code="" seat="4" name="Whaleshark21"/>
    <player chips="146,056" dealer="0" reg_code="" seat="6" name="GazetaFRIKIRIKI"/>
    <player chips="249,062" dealer="0" reg_code="" seat="8" name="UvaNordestina"/>
    <player chips="207,590" dealer="0" reg_code="" seat="9" name="PukanUragan1"/>
    <player chips="465,875" dealer="0" reg_code="" seat="10" name="Maugli74"/>
   </players>
  </general>
  <round no="0">
   <action type="15" sum="€600" no="1" player="Whaleshark21"/>
   <action type="15" sum="€600" no="2" player="GazetaFRIKIRIKI"/>
   <action type="15" sum="€600" no="3" player="UvaNordestina"/>
   <action type="15" sum="€600" no="4" player="PukanUragan1"/>
   <action type="15" sum="€600" no="5" player="Maugli74"/>
   <action type="15" sum="€600" no="6" player="Gfs1505"/>
   <action type="1" sum="€3,000" no="7" player="Whaleshark21"/>
   <action type="2" sum="€6,000" no="8" player="GazetaFRIKIRIKI"/>
  </round>
 </game>
 <game gamecode="11593463079">
  <general>
   <players>
    <player chips="122,159" dealer="1" reg_code="" seat="4" name="Whaleshark21"/>
    <player chips="139,456" dealer="0" reg_code="" seat="6" name="GazetaFRIKIRIKI"/>
    <player chips="360,462" dealer="0" reg_code="" seat="8" name="UvaNordestina"/>
    <player chips="206,990" dealer="0" reg_code="" seat="9" name="PukanUragan1"/>
    <player chips="465,275" dealer="0" reg_code="" seat="10" name="Maugli74"/>
   </players>
  </general>
  <round no="0">
   <action type="15" sum="€700" no="1" player="GazetaFRIKIRIKI"/>
   <action type="15" sum="€700" no="2" player="UvaNordestina"/>
   <action type="15" sum="€700" no="3" player="PukanUragan1"/>
   <action type="15" sum="€700" no="4" player="Maugli74"/>
   <action type="15" sum="€700" no="5" player="Whaleshark21"/>
   <action type="1" sum="€3,500" no="6" player="GazetaFRIKIRIKI"/>
   <action type="2" sum="€7,000" no="7" player="UvaNordestina"/>
  </round>
 </game>
</session>
