<?xml version="1.0" encoding="utf-8"?>
<session sessioncode="8413383357">
 <general>
  <mode>real</mode>
  <gametype>Holdem NL</gametype>
  <tablename>€20 MYSTERY KICKOFF, 1131426512</tablename>
  <tournamentcurrency>1</tournamentcurrency>
  <currency>USD</currency>
  <nickname>Gfs1505</nickname>
  <buyin>€9.10 + €9.10 + €1.80</buyin>
  <totalbuyin>€10.90</totalbuyin>
 </general>
 <game gamecode="11593443723">
  <general>
   <players>
    <player chips="254,872" dealer="0" reg_code="" seat="1" name="callmem8"/>
    <player chips="479,675" dealer="0" reg_code="" seat="3" name="Maugli74"/>
    <player chips="73,920" dealer="0" reg_code="" seat="4" name="pliriow"/>
    <player chips="153,550" dealer="0" reg_code="" seat="6" name="Lamanch6"/>
    <player chips="100,000" dealer="0" reg_code="8413383357" seat="8" name="Gfs1505"/>
    <player chips="185,445" dealer="0" reg_code="" seat="10" name="SUPAHOTFIREE"/>
   </players>
  </general>
  <round no="0">
   <action type="15" sum="€600" no="1" player="SUPAHOTFIREE"/>
   <action type="15" sum="€600" no="2" player="callmem8"/>
   <action type="15" sum="€600" no="3" player="Maugli74"/>
   <action type="15" sum="€600" no="4" player="pliriow"/>
   <action type="15" sum="€600" no="5" player="Lamanch6"/>
   <action type="15" sum="€600" no="6" player="Gfs1505"/>
   <action type="1" sum="€3,000" no="7" player="SUPAHOTFIREE"/>
   <action type="2" sum="€6,000" no="8" player="callmem8"/>
  </round>
 </game>
 <game gamecode="11593443764">
  <general>
   <players>
    <player chips="334,192" dealer="0" reg_code="" seat="1" name="callmem8"/>
    <player chips="479,075" dealer="0" reg_code="" seat="3" name="Maugli74"/>
    <player chips="152,950" dealer="0" reg_code="" seat="6" name="Lamanch6"/>
    <player chips="99,400" dealer="0" reg_code="8413383357" seat="8" name="Gfs1505"/>
    <player chips="181,845" dealer="1" reg_code="" seat="10" name="SUPAHOTFIREE"/>
   </players>
  </general>
  <round no="0">
   <action type="15" sum="€600" no="1" player="callmem8"/>
   <action type="15" sum="€600" no="2" player="Maugli74"/>
   <action type="15" sum="€600" no="3" player="Lamanch6"/>
   <action type="15" sum="€600" no="4" player="Gfs1505"/>
   <action type="15" sum="€600" no="5" player="SUPAHOTFIREE"/>
   <action type="1" sum="€3,000" no="6" player="callmem8"/>
   <action type="2" sum="€6,000" no="7" player="Maugli74"/>
  </round>
 </game>
 <game gamecode="11593443791">
  <general>
   <players>
    <player chips="330,592" dealer="1" reg_code="" seat="1" name="callmem8"/>
    <player chips="472,475" dealer="0" reg_code="" seat="3" name="Maugli74"/>
    <player chips="100,000" dealer="0" reg_code="" seat="4" name="BenOlai"/>
    <player chips="152,350" dealer="0" reg_code="" seat="6" name="Lamanch6"/>
    <player chips="110,800" dealer="0" reg_code="8413383357" seat="8" name="Gfs1505"/>
    <player chips="266,149" dealer="0" reg_code="" seat="9" name="DBow"/>
    <player chips="181,245" dealer="0" reg_code="" seat="10" name="SUPAHOTFIREE"/>
   </players>
  </general>
  <round no="0">
   <action type="15" sum="€600" no="1" player="Maugli74"/>
   <action type="15" sum="€600" no="2" player="BenOlai"/>
   <action type="15" sum="€600" no="3" player="Lamanch6"/>
   <action type="15" sum="€600" no="4" player="Gfs1505"/>
   <action type="15" sum="€600" no="5" player="DBow"/>
   <action type="15" sum="€600" no="6" player="SUPAHOTFIREE"/>
   <action type="15" sum="€600" no="7" player="callmem8"/>
   <action type="1" sum="€3,000" no="8" player="Maugli74"/>
   <action type="2" sum="€6,000" no="9" player="BenOlai"/>
  </round>
 </game>
 <game gamecode="11593443814">
  <general>
   <players>
    <player chips="329,992" dealer="0" reg_code="" seat="1" name="callmem8"/>
    <player chips="468,875" dealer="1" reg_code="" seat="3" name="Maugli74"/>
    <player chips="106,600" dealer="0" reg_code="" seat="4" name="BenOlai"/>
    <player chips="151,750" dealer="0" reg_code="" seat="6" name="Lamanch6"/>
    <player chips="110,200" dealer="0" reg_code="8413383357" seat="8" name="Gfs1505"/>
    <player chips="265,549" dealer="0" reg_code="" seat="9" name="DBow"/>
    <player chips="180,645" dealer="0" reg_code="" seat="10" name="SUPAHOTFIREE"/>
   </players>
  </general>
  <round no="0">
   <action type="15" sum="€600" no="1" player="BenOlai"/>
   <action type="15" sum="€600" no="2" player="Lamanch6"/>
   <action type="15" sum="€600" no="3" player="Gfs1505"/>
   <action type="15" sum="€600" no="4" player="DBow"/>
   <action type="15" sum="€600" no="5" player="SUPAHOTFIREE"/>
   <action type="15" sum="€600" no="6" player="callmem8"/>
   <action type="15" sum="€600" no="7" player="Maugli74"/>
   <action type="1" sum="€3,000" no="8" player="BenOlai"/>
   <action type="2" sum="€6,000" no="9" player="Lamanch6"/>
  </round>
 </game>
 <game gamecode="11593462796">
  <general>
   <players>
    <player chips="329,392" dealer="0" reg_code="" seat="1" name="callmem8"/>
    <player chips="468,275" dealer="0" reg_code="" seat="3" name="Maugli74"/>
    <player chips="103,000" dealer="1" reg_code="" seat="4" name="BenOlai"/>
    <player chips="145,150" dealer="0" reg_code="" seat="6" name="Lamanch6"/>
    <player chips="122,800" dealer="0" reg_code="8413383357" seat="8" name="Gfs1505"/>
    <player chips="264,949" dealer="0" reg_code="" seat="9" name="DBow"/>
    <player chips="180,045" dealer="0" reg_code="" seat="10" name="SUPAHOTFIREE"/>
   </players>
  </general>
  <round no="0">
   <action type="15" sum="€600" no="1" player="Lamanch6"/>
   <action type="15" sum="€600" no="2" player="Gfs1505"/>
   <action type="15" sum="€600" no="3" player="DBow"/>
   <action type="15" sum="€600" no="4" player="SUPAHOTFIREE"/>
   <action type="15" sum="€600" no="5" player="callmem8"/>
   <action type="15" sum="€600" no="6" player="Maugli74"/>
   <action type="15" sum="€600" no="7" player="BenOlai"/>
   <action type="1" sum="€3,000" no="8" player="Lamanch6"/>
   <action type="2" sum="€6,000" no="9" player="Gfs1505"/>
  </round>
 </game>
 <game gamecode="11593462850">
  <general>
   <players>
    <player chips="444,392" dealer="0" reg_code="" seat="1" name="callmem8"/>
    <player chips="467,675" dealer="0" reg_code="" seat="3" name="Maugli74"/>
    <player chips="141,550" dealer="1" reg_code="" seat="6" name="Lamanch6"/>
    <player chips="116,200" dealer="0" reg_code="8413383357" seat="8" name="Gfs1505"/>
    <player chips="264,349" dealer="0" reg_code="" seat="9" name="DBow"/>
    <player chips="179,445" dealer="0" reg_code="" seat="10" name="SUPAHOTFIREE"/>
   </players>
  </general>
  <round no="0">
   <action type="15" sum="€600" no="1" player="Gfs1505"/>
   <action type="15" sum="€600" no="2" player="DBow"/>
   <action type="15" sum="€600" no="3" player="SUPAHOTFIREE"/>
   <action type="15" sum="€600" no="4" player="callmem8"/>
   <action type="15" sum="€600" no="5" player="Maugli74"/>
   <action type="15" sum="€600" no="6" player="Lamanch6"/>
   <action type="1" sum="€3,000" no="7" player="Gfs1505"/>
   <action type="2" sum="€6,000" no="8" player="DBow"/>
  </round>
 </game>
 <game gamecode="11593462906">
  <general>
   <players>
    <player chips="443,792" dealer="0" reg_code="" seat="1" name="callmem8"/>
    <player chips="467,075" dealer="0" reg_code="" seat="3" name="Maugli74"/>
    <player chips="140,950" dealer="0" reg_code="" seat="6" name="Lamanch6"/>
    <player chips="134,200" dealer="1" reg_code="8413383357" seat="8" name="Gfs1505"/>
    <player chips="248,749" dealer="0" reg_code="" seat="9" name="DBow"/>
    <player chips="178,845" dealer="0" reg_code="" seat="10" name="SUPAHOTFIREE"/>
   </players>
  </general>
  <round no="0">
   <action type="15" sum="€600" no="1" player="DBow"/>
   <action type="15" sum="€600" no="2" player="SUPAHOTFIREE"/>
   <action type="15" sum="€600" no="3" player="callmem8"/>
   <action type="15" sum="€600" no="4" player="Maugli74"/>
   <action type="15" sum="€600" no="5" player="Lamanch6"/>
   <action type="15" sum="€600" no="6" player="Gfs1505"/>
   <action type="1" sum="€3,000" no="7" player="DBow"/>
   <action type="2" sum="€6,000" no="8" player="SUPAHOTFIREE"/>
  </round>
 </game>
 <game gamecode="11593462997">
  <general>
   <players>
    <player chips="443,192" dealer="0" reg_code="" seat="1" name="callmem8"/>
    <player chips="466,475" dealer="0" reg_code="" seat="3" name="Maugli74"/>
    <player chips="140,350" dealer="0" reg_code="" seat="6" name="Lamanch6"/>
    <player chips="391,349" dealer="1" reg_code="" seat="9" name="DBow"/>
    <player chips="172,245" dealer="0" reg_code="" seat="10" name="SUPAHOTFIREE"/>
   </players>
  </general>
  <round no="0">
   <action type="15" sum="€600" no="1" player="SUPAHOTFIREE"/>
   <action type="15" sum="€600" no="2" player="callmem8"/>
   <action type="15" sum="€600" no="3" player="Maugli74"/>
   <action type="15" sum="€600" no="4" player="Lamanch6"/>
   <action type="15" sum="€600" no="5" player="DBow"/>
   <action type="1" sum="€3,000" no="6" player="SUPAHOTFIREE"/>
   <action type="2" sum="€6,000" no="7" player="callmem8"/>
  </round>
 </game>
</session>
