<?xml version="1.0" encoding="utf-8"?>
<session sessioncode="8413387622">
 <general>
  <mode>real</mode>
  <gametype>Holdem NL</gametype>
  <tablename>€30 THURSDAY ELIMINATOR XL, 1131429713</tablename>
  <tournamentcurrency>1</tournamentcurrency>
  <currency>USD</currency>
  <nickname>Gfs1505</nickname>
  <buyin>€13.65 + €13.65 + €2.70</buyin>
  <totalbuyin>€16.35</totalbuyin>
 </general>
 <game gamecode="11593451520">
  <general>
   <players>
    <player chips="100,000" dealer="0" reg_code="8413387622" seat="1" name="Gfs1505"/>
    <player chips="114,545" dealer="0" reg_code="" seat="2" name="Brazzzil777"/>
    <player chips="97,336" dealer="1" reg_code="" seat="4" name="saturnfalse68"/>
    <player chips="191,320" dealer="0" reg_code="" seat="5" name="RafaBT"/>
    <player chips="99,550" dealer="0" reg_code="" seat="6" name="PyRoMaNiaC17"/>
    <player chips="95,781" dealer="0" reg_code="" seat="7" name="AlexDu1986"/>
    <player chips="132,567" dealer="0" reg_code="" seat="9" name="egerfraslovakiu"/>
    <player chips="186,360" dealer="0" reg_code="" seat="10" name="IsmoloveSeppo"/>
   </players>
  </general>
  <round no="0">
   <action type="15" sum="€150" no="1" player="RafaBT"/>
   <action type="15" sum="€150" no="2" player="PyRoMaNiaC17"/>
   <action type="15" sum="€150" no="3" player="AlexDu1986"/>
   <action type="15" sum="€150" no="4" player="egerfraslovakiu"/>
   <action type="15" sum="€150" no="5" player="IsmoloveSeppo"/>
   <action type="15" sum="€150" no="6" player="Gfs1505"/>
   <action type="15" sum="€150" no="7" player="Brazzzil777"/>
   <action type="15" sum="€150" no="8" player="saturnfalse68"/>
   <action type="1" sum="€500" no="9" player="RafaBT"/>
   <action type="2" sum="€1,000" no="10" player="PyRoMaNiaC17"/>
  </round>
 </game>
 <game gamecode="11593451597">
  <general>
   <players>
    <player chips="101,200" dealer="0" reg_code="8413387622" seat="1" name="Gfs1505"/>
    <player chips="115,745" dealer="0" reg_code="" seat="2" name="Brazzzil777"/>
    <player chips="97,186" dealer="0" reg_code="" seat="4" name="saturnfalse68"/>
    <player chips="190,670" dealer="1" reg_code="" seat="5" name="RafaBT"/>
    <player chips="98,400" dealer="0" reg_code="" seat="6" name="PyRoMaNiaC17"/>
    <player chips="95,631" dealer="0" reg_code="" seat="7" name="AlexDu1986"/>
    <player chips="132,417" dealer="0" reg_code="" seat="9" name="egerfraslovakiu"/>
    <player chips="186,210" dealer="0" reg_code="" seat="10" name="IsmoloveSeppo"/>
   </players>
  </general>
  <round no="0">
   <action type="15" sum="€150" no="1" player="PyRoMaNiaC17"/>
   <action type="15" sum="€150" no="2" player="AlexDu1986"/>
   <action type="15" sum="€150" no="3" player="egerfraslovakiu"/>
   <action type="15" sum="€150" no="4" player="IsmoloveSeppo"/>
   <action type="15" sum="€150" no="5" player="Gfs1505"/>
   <action type="15" sum="€150" no="6" player="Brazzzil777"/>
   <action type="15" sum="€150" no="7" player="saturnfalse68"/>
   <action type="15" sum="€150" no="8" player="RafaBT"/>
   <action type="1" sum="€500" no="9" player="PyRoMaNiaC17"/>
   <action type="2" sum="€1,000" no="10" player="AlexDu1986"/>
  </round>
 </game>
 <game gamecode="11593451672">
  <general>
   <players>
    <player chips="101,050" dealer="0" reg_code="8413387622" seat="1" name="Gfs1505"/>
    <player chips="115,595" dealer="0" reg_code="" seat="2" name="Brazzzil777"/>
    <player chips="94,036" dealer="0" reg_code="" seat="4" name="saturnfalse68"/>
    <player chips="190,520" dealer="0" reg_code="" seat="5" name="RafaBT"/>
    <player chips="97,750" dealer="1" reg_code="" seat="6" name="PyRoMaNiaC17"/>
    <player chips="88,481" dealer="0" reg_code="" seat="7" name="AlexDu1986"/>
    <player chips="143,967" dealer="0" reg_code="" seat="9" name="egerfraslovakiu"/>
    <player chips="186,060" dealer="0" reg_code="" seat="10" name="IsmoloveSeppo"/>
   </players>
  </general>
  <round no="0">
   <action type="15" sum="€150" no="1" player="AlexDu1986"/>
   <action type="15" sum="€150" no="2" player="egerfraslovakiu"/>
   <action type="15" sum="€150" no="3" player="IsmoloveSeppo"/>
   <action type="15" sum="€150" no="4" player="Gfs1505"/>
   <action type="15" sum="€150" no="5" player="Brazzzil777"/>
   <action type="15" sum="€150" no="6" player="saturnfalse68"/>
   <action type="15" sum="€150" no="7" player="RafaBT"/>
   <action type="15" sum="€150" no="8" player="PyRoMaNiaC17"/>
   <action type="1" sum="€500" no="9" player="AlexDu1986"/>
   <action type="2" sum="€1,000" no="10" player="egerfraslovakiu"/>
  </round>
 </game>
 <game gamecode="11593451739">
  <general>
   <players>
    <player chips="100,900" dealer="0" reg_code="8413387622" seat="1" name="Gfs1505"/>
    <player chips="115,445" dealer="0" reg_code="" seat="2" name="Brazzzil777"/>
    <player chips="93,886" dealer="0" reg_code="" seat="4" name="saturnfalse68"/>
    <player chips="196,570" dealer="0" reg_code="" seat="5" name="RafaBT"/>
    <player chips="97,600" dealer="0" reg_code="" seat="6" name="PyRoMaNiaC17"/>
    <player chips="87,831" dealer="1" reg_code="" seat="7" name="AlexDu1986"/>
    <player chips="139,317" dealer="0" reg_code="" seat="9" name="egerfraslovakiu"/>
    <player chips="185,910" dealer="0" reg_code="" seat="10" name="IsmoloveSeppo"/>
   </players>
  </general>
  <round no="0">
   <action type="15" sum="€150" no="1" player="egerfraslovakiu"/>
   <action type="15" sum="€150" no="2" player="IsmoloveSeppo"/>
   <action type="15" sum="€150" no="3" player="Gfs1505"/>
   <action type="15" sum="€150" no="4" player="Brazzzil777"/>
   <action type="15" sum="€150" no="5" player="saturnfalse68"/>
   <action type="15" sum="€150" no="6" player="RafaBT"/>
   <action type="15" sum="€150" no="7" player="PyRoMaNiaC17"/>
   <action type="15" sum="€150" no="8" player="AlexDu1986"/>
   <action type="1" sum="€500" no="9" player="egerfraslovakiu"/>
   <action type="2" sum="€1,000" no="10" player="IsmoloveSeppo"/>
  </round>
 </game>
 <game gamecode="11593451769">
  <general>
   <players>
    <player chips="100,750" dealer="0" reg_code="8413387622" seat="1" name="Gfs1505"/>
    <player chips="115,295" dealer="0" reg_code="" seat="2" name="Brazzzil777"/>
    <player chips="93,736" dealer="0" reg_code="" seat="4" name="saturnfalse68"/>
    <player chips="199,120" dealer="0" reg_code="" seat="5" name="RafaBT"/>
    <player chips="97,450" dealer="0" reg_code="" seat="6" name="PyRoMaNiaC17"/>
    <player chips="87,681" dealer="0" reg_code="" seat="7" name="AlexDu1986"/>
    <player chips="138,667" dealer="1" reg_code="" seat="9" name="egerfraslovakiu"/>
    <player chips="184,760" dealer="0" reg_code="" seat="10" name="IsmoloveSeppo"/>
   </players>
  </general>
  <round no="0">
   <action type="15" sum="€150" no="1" player="IsmoloveSeppo"/>
   <action type="15" sum="€150" no="2" player="Gfs1505"/>
   <action type="15" sum="€150" no="3" player="Brazzzil777"/>
   <action type="15" sum="€150" no="4" player="saturnfalse68"/>
   <action type="15" sum="€150" no="5" player="RafaBT"/>
   <action type="15" sum="€150" no="6" player="PyRoMaNiaC17"/>
   <action type="15" sum="€150" no="7" player="AlexDu1986"/>
   <action type="15" sum="€150" no="8" player="egerfraslovakiu"/>
   <action type="1" sum="€500" no="9" player="IsmoloveSeppo"/>
   <action type="2" sum="€1,000" no="10" player="Gfs1505"/>
  </round>
 </game>
 <game gamecode="11593451904">
  <general>
   <players>
    <player chips="99,600" dealer="0" reg_code="8413387622" seat="1" name="Gfs1505"/>
    <player chips="97,782" dealer="0" reg_code="" seat="2" name="Brazzzil777"/>
    <player chips="93,586" dealer="0" reg_code="" seat="4" name="saturnfalse68"/>
    <player chips="219,033" dealer="0" reg_code="" seat="5" name="RafaBT"/>
    <player chips="97,300" dealer="0" reg_code="" seat="6" name="PyRoMaNiaC17"/>
    <player chips="87,531" dealer="0" reg_code="" seat="7" name="AlexDu1986"/>
    <player chips="138,517" dealer="0" reg_code="" seat="9" name="egerfraslovakiu"/>
    <player chips="184,110" dealer="1" reg_code="" seat="10" name="IsmoloveSeppo"/>
   </players>
  </general>
  <round no="0">
   <action type="15" sum="€150" no="1" player="Gfs1505"/>
   <action type="15" sum="€150" no="2" player="Brazzzil777"/>
   <action type="15" sum="€150" no="3" player="saturnfalse68"/>
   <action type="15" sum="€150" no="4" player="RafaBT"/>
   <action type="15" sum="€150" no="5" player="PyRoMaNiaC17"/>
   <action type="15" sum="€150" no="6" player="AlexDu1986"/>
   <action type="15" sum="€150" no="7" player="egerfraslovakiu"/>
   <action type="15" sum="€150" no="8" player="IsmoloveSeppo"/>
   <action type="1" sum="€500" no="9" player="Gfs1505"/>
   <action type="2" sum="€1,000" no="10" player="Brazzzil777"/>
  </round>
 </game>
 <game gamecode="11593451978">
  <general>
   <players>
    <player chips="105,650" dealer="1" reg_code="8413387622" seat="1" name="Gfs1505"/>
    <player chips="96,632" dealer="0" reg_code="" seat="2" name="Brazzzil777"/>
    <player chips="93,436" dealer="0" reg_code="" seat="4" name="saturnfalse68"/>
    <player chips="218,883" dealer="0" reg_code="" seat="5" name="RafaBT"/>
    <player chips="97,150" dealer="0" reg_code="" seat="6" name="PyRoMaNiaC17"/>
    <player chips="87,381" dealer="0" reg_code="" seat="7" name="AlexDu1986"/>
    <player chips="136,367" dealer="0" reg_code="" seat="9" name="egerfraslovakiu"/>
    <player chips="181,960" dealer="0" reg_code="" seat="10" name="IsmoloveSeppo"/>
   </players>
  </general>
  <round no="0">
   <action type="15" sum="€150" no="1" player="Brazzzil777"/>
   <action type="15" sum="€150" no="2" player="saturnfalse68"/>
   <action type="15" sum="€150" no="3" player="RafaBT"/>
   <action type="15" sum="€150" no="4" player="PyRoMaNiaC17"/>
   <action type="15" sum="€150" no="5" player="AlexDu1986"/>
   <action type="15" sum="€150" no="6" player="egerfraslovakiu"/>
   <action type="15" sum="€150" no="7" player="IsmoloveSeppo"/>
   <action type="15" sum="€150" no="8" player="Gfs1505"/>
   <action type="1" sum="€500" no="9" player="Brazzzil777"/>
   <action type="2" sum="€1,000" no="10" player="saturnfalse68"/>
  </round>
 </game>
 <game gamecode="11593480639">
  <general>
   <players>
    <player chips="105,500" dealer="0" reg_code="8413387622" seat="1" name="Gfs1505"/>
    <player chips="95,982" dealer="1" reg_code="" seat="2" name="Brazzzil777"/>
    <player chips="90,786" dealer="0" reg_code="" seat="4" name="saturnfalse68"/>
    <player chips="213,565" dealer="0" reg_code="" seat="5" name="RafaBT"/>
    <player chips="97,000" dealer="0" reg_code="" seat="6" name="PyRoMaNiaC17"/>
    <player chips="87,231" dealer="0" reg_code="" seat="7" name="AlexDu1986"/>
    <player chips="136,217" dealer="0" reg_code="" seat="9" name="egerfraslovakiu"/>
    <player chips="191,178" dealer="0" reg_code="" seat="10" name="IsmoloveSeppo"/>
   </players>
  </general>
  <round no="0">
   <action type="15" sum="€150" no="1" player="saturnfalse68"/>
   <action type="15" sum="€150" no="2" player="RafaBT"/>
   <action type="15" sum="€150" no="3" player="PyRoMaNiaC17"/>
   <action type="15" sum="€150" no="4" player="AlexDu1986"/>
   <action type="15" sum="€150" no="5" player="egerfraslovakiu"/>
   <action type="15" sum="€150" no="6" player="IsmoloveSeppo"/>
   <action type="15" sum="€150" no="7" player="Gfs1505"/>
   <action type="15" sum="€150" no="8" player="Brazzzil777"/>
   <action type="1" sum="€500" no="9" player="saturnfalse68"/>
   <action type="2" sum="€1,000" no="10" player="RafaBT"/>
  </round>
 </game>
 <game gamecode="11593480738">
  <general>
   <players>
    <player chips="105,350" dealer="0" reg_code="8413387622" seat="1" name="Gfs1505"/>
    <player chips="95,832" dealer="0" reg_code="" seat="2" name="Brazzzil777"/>
    <player chips="90,136" dealer="1" reg_code="" seat="4" name="saturnfalse68"/>
    <player chips="199,575" dealer="0" reg_code="" seat="5" name="RafaBT"/>
    <player chips="96,850" dealer="0" reg_code="" seat="6" name="PyRoMaNiaC17"/>
    <player chips="87,081" dealer="0" reg_code="" seat="7" name="AlexDu1986"/>
    <player chips="151,607" dealer="0" reg_code="" seat="9" name="egerfraslovakiu"/>
    <player chips="191,028" dealer="0" reg_code="" seat="10" name="IsmoloveSeppo"/>
   </players>
  </general>
  <round no="0">
   <action type="15" sum="€180" no="1" player="RafaBT"/>
   <action type="15" sum="€180" no="2" player="PyRoMaNiaC17"/>
   <action type="15" sum="€180" no="3" player="AlexDu1986"/>
   <action type="15" sum="€180" no="4" player="egerfraslovakiu"/>
   <action type="15" sum="€180" no="5" player="IsmoloveSeppo"/>
   <action type="15" sum="€180" no="6" player="Gfs1505"/>
   <action type="15" sum="€180" no="7" player="Brazzzil777"/>
   <action type="15" sum="€180" no="8" player="saturnfalse68"/>
   <action type="1" sum="€600" no="9" player="RafaBT"/>
   <action type="2" sum="€1,200" no="10" player="PyRoMaNiaC17"/>
  </round>
 </game>
 <game gamecode="11593480834">
  <general>
   <players>
    <player chips="105,170" dealer="0" reg_code="8413387622" seat="1" name="Gfs1505"/>
    <player chips="91,452" dealer="0" reg_code="" seat="2" name="Brazzzil777"/>
    <player chips="98,596" dealer="0" reg_code="" seat="4" name="saturnfalse68"/>
    <player chips="198,795" dealer="1" reg_code="" seat="5" name="RafaBT"/>
    <player chips="95,470" dealer="0" reg_code="" seat="6" name="PyRoMaNiaC17"/>
    <player chips="86,901" dealer="0" reg_code="" seat="7" name="AlexDu1986"/>
    <player chips="150,227" dealer="0" reg_code="" seat="9" name="egerfraslovakiu"/>
    <player chips="190,848" dealer="0" reg_code="" seat="10" name="IsmoloveSeppo"/>
   </players>
  </general>
  <round no="0">
   <action type="15" sum="€180" no="1" player="PyRoMaNiaC17"/>
   <action type="15" sum="€180" no="2" player="AlexDu1986"/>
   <action type="15" sum="€180" no="3" player="egerfraslovakiu"/>
   <action type="15" sum="€180" no="4" player="IsmoloveSeppo"/>
   <action type="15" sum="€180" no="5" player="Gfs1505"/>
   <action type="15" sum="€180" no="6" player="Brazzzil777"/>
   <action type="15" sum="€180" no="7" player="saturnfalse68"/>
   <action type="15" sum="€180" no="8" player="RafaBT"/>
   <action type="1" sum="€600" no="9" player="PyRoMaNiaC17"/>
   <action type="2" sum="€1,200" no="10" player="AlexDu1986"/>
  </round>
 </game>
 <game gamecode="11593480982">
  <general>
   <players>
    <player chips="104,990" dealer="0" reg_code="8413387622" seat="1" name="Gfs1505"/>
    <player chips="91,272" dealer="0" reg_code="" seat="2" name="Brazzzil777"/>
    <player chips="98,416" dealer="0" reg_code="" seat="4" name="saturnfalse68"/>
    <player chips="208,425" dealer="0" reg_code="" seat="5" name="RafaBT"/>
    <player chips="94,690" dealer="1" reg_code="" seat="6" name="PyRoMaNiaC17"/>
    <player chips="84,081" dealer="0" reg_code="" seat="7" name="AlexDu1986"/>
    <player chips="150,047" dealer="0" reg_code="" seat="9" name="egerfraslovakiu"/>
    <player chips="185,538" dealer="0" reg_code="" seat="10" name="IsmoloveSeppo"/>
   </players>
  </general>
  <round no="0">
   <action type="15" sum="€180" no="1" player="AlexDu1986"/>
   <action type="15" sum="€180" no="2" player="egerfraslovakiu"/>
   <action type="15" sum="€180" no="3" player="IsmoloveSeppo"/>
   <action type="15" sum="€180" no="4" player="Gfs1505"/>
   <action type="15" sum="€180" no="5" player="Brazzzil777"/>
   <action type="15" sum="€180" no="6" player="saturnfalse68"/>
   <action type="15" sum="€180" no="7" player="RafaBT"/>
   <action type="15" sum="€180" no="8" player="PyRoMaNiaC17"/>
   <action type="1" sum="€600" no="9" player="AlexDu1986"/>
   <action type="2" sum="€1,200" no="10" player="egerfraslovakiu"/>
  </round>
 </game>
 <game gamecode="11593481041">
  <general>
   <players>
    <player chips="104,810" dealer="0" reg_code="8413387622" seat="1" name="Gfs1505"/>
    <player chips="91,092" dealer="0" reg_code="" seat="2" name="Brazzzil777"/>
    <player chips="98,236" dealer="0" reg_code="" seat="4" name="saturnfalse68"/>
    <player chips="208,245" dealer="0" reg_code="" seat="5" name="RafaBT"/>
    <player chips="91,870" dealer="0" reg_code="" seat="6" name="PyRoMaNiaC17"/>
    <player chips="89,181" dealer="1" reg_code="" seat="7" name="AlexDu1986"/>
    <player chips="148,667" dealer="0" reg_code="" seat="9" name="egerfraslovakiu"/>
    <player chips="185,358" dealer="0" reg_code="" seat="10" name="IsmoloveSeppo"/>
   </players>
  </general>
  <round no="0">
   <action type="15" sum="€180" no="1" player="egerfraslovakiu"/>
   <action type="15" sum="€180" no="2" player="IsmoloveSeppo"/>
   <action type="15" sum="€180" no="3" player="Gfs1505"/>
   <action type="15" sum="€180" no="4" player="Brazzzil777"/>
   <action type="15" sum="€180" no="5" player="saturnfalse68"/>
   <action type="15" sum="€180" no="6" player="RafaBT"/>
   <action type="15" sum="€180" no="7" player="PyRoMaNiaC17"/>
   <action type="15" sum="€180" no="8" player="AlexDu1986"/>
   <action type="1" sum="€600" no="9" player="egerfraslovakiu"/>
   <action type="2" sum="€1,200" no="10" player="IsmoloveSeppo"/>
  </round>
 </game>
 <game gamecode="11593481166">
  <general>
   <players>
    <player chips="104,630" dealer="0" reg_code="8413387622" seat="1" name="Gfs1505"/>
    <player chips="90,912" dealer="0" reg_code="" seat="2" name="Brazzzil777"/>
    <player chips="98,056" dealer="0" reg_code="" seat="4" name="saturnfalse68"/>
    <player chips="208,065" dealer="0" reg_code="" seat="5" name="RafaBT"/>
    <player chips="91,690" dealer="0" reg_code="" seat="6" name="PyRoMaNiaC17"/>
    <player chips="89,001" dealer="0" reg_code="" seat="7" name="AlexDu1986"/>
    <player chips="298,414" dealer="1" reg_code="" seat="9" name="egerfraslovakiu"/>
    <player chips="36,691" dealer="0" reg_code="" seat="10" name="IsmoloveSeppo"/>
   </players>
  </general>
  <round no="0">
   <action type="15" sum="€180" no="1" player="IsmoloveSeppo"/>
   <action type="15" sum="€180" no="2" player="Gfs1505"/>
   <action type="15" sum="€180" no="3" player="Brazzzil777"/>
   <action type="15" sum="€180" no="4" player="saturnfalse68"/>
   <action type="15" sum="€180" no="5" player="RafaBT"/>
   <action type="15" sum="€180" no="6" player="PyRoMaNiaC17"/>
   <action type="15" sum="€180" no="7" player="AlexDu1986"/>
   <action type="15" sum="€180" no="8" player="egerfraslovakiu"/>
   <action type="1" sum="€600" no="9" player="IsmoloveSeppo"/>
   <action type="2" sum="€1,200" no="10" player="Gfs1505"/>
  </round>
 </game>
 <game gamecode="11593481243">
  <general>
   <players>
    <player chips="103,250" dealer="0" reg_code="8413387622" seat="1" name="Gfs1505"/>
    <player chips="90,732" dealer="0" reg_code="" seat="2" name="Brazzzil777"/>
    <player chips="97,876" dealer="0" reg_code="" seat="4" name="saturnfalse68"/>
    <player chips="207,885" dealer="0" reg_code="" seat="5" name="RafaBT"/>
    <player chips="88,870" dealer="0" reg_code="" seat="6" name="PyRoMaNiaC17"/>
    <player chips="94,701" dealer="0" reg_code="" seat="7" name="AlexDu1986"/>
    <player chips="298,234" dealer="0" reg_code="" seat="9" name="egerfraslovakiu"/>
    <player chips="35,911" dealer="1" reg_code="" seat="10" name="IsmoloveSeppo"/>
   </players>
  </general>
  <round no="0">
   <action type="15" sum="€180" no="1" player="Gfs1505"/>
   <action type="15" sum="€180" no="2" player="Brazzzil777"/>
   <action type="15" sum="€180" no="3" player="saturnfalse68"/>
   <action type="15" sum="€180" no="4" player="RafaBT"/>
   <action type="15" sum="€180" no="5" player="PyRoMaNiaC17"/>
   <action type="15" sum="€180" no="6" player="AlexDu1986"/>
   <action type="15" sum="€180" no="7" player="egerfraslovakiu"/>
   <action type="15" sum="€180" no="8" player="IsmoloveSeppo"/>
   <action type="1" sum="€600" no="9" player="Gfs1505"/>
   <action type="2" sum="€1,200" no="10" player="Brazzzil777"/>
  </round>
 </game>
 <game gamecode="11593481303">
  <general>
   <players>
    <player chips="105,710" dealer="1" reg_code="8413387622" seat="1" name="Gfs1505"/>
    <player chips="89,352" dealer="0" reg_code="" seat="2" name="Brazzzil777"/>
    <player chips="97,696" dealer="0" reg_code="" seat="4" name="saturnfalse68"/>
    <player chips="207,705" dealer="0" reg_code="" seat="5" name="RafaBT"/>
    <player chips="88,690" dealer="0" reg_code="" seat="6" name="PyRoMaNiaC17"/>
    <player chips="94,521" dealer="0" reg_code="" seat="7" name="AlexDu1986"/>
    <player chips="298,054" dealer="0" reg_code="" seat="9" name="egerfraslovakiu"/>
    <player chips="35,731" dealer="0" reg_code="" seat="10" name="IsmoloveSeppo"/>
   </players>
  </general>
  <round no="0">
   <action type="15" sum="€180" no="1" player="Brazzzil777"/>
   <action type="15" sum="€180" no="2" player="saturnfalse68"/>
   <action type="15" sum="€180" no="3" player="RafaBT"/>
   <action type="15" sum="€180" no="4" player="PyRoMaNiaC17"/>
   <action type="15" sum="€180" no="5" player="AlexDu1986"/>
   <action type="15" sum="€180" no="6" player="egerfraslovakiu"/>
   <action type="15" sum="€180" no="7" player="IsmoloveSeppo"/>
   <action type="15" sum="€180" no="8" player="Gfs1505"/>
   <action type="1" sum="€600" no="9" player="Brazzzil777"/>
   <action type="2" sum="€1,200" no="10" player="saturnfalse68"/>
  </round>
 </game>
 <game gamecode="11593502367">
  <general>
   <players>
    <player chips="105,530" dealer="0" reg_code="8413387622" seat="1" name="Gfs1505"/>
    <player chips="87,972" dealer="1" reg_code="" seat="2" name="Brazzzil777"/>
    <player chips="96,316" dealer="0" reg_code="" seat="4" name="saturnfalse68"/>
    <player chips="207,525" dealer="0" reg_code="" seat="5" name="RafaBT"/>
    <player chips="88,510" dealer="0" reg_code="" seat="6" name="PyRoMaNiaC17"/>
    <player chips="94,341" dealer="0" reg_code="" seat="7" name="AlexDu1986"/>
    <player chips="301,714" dealer="0" reg_code="" seat="9" name="egerfraslovakiu"/>
    <player chips="35,551" dealer="0" reg_code="" seat="10" name="IsmoloveSeppo"/>
   </players>
  </general>
  <round no="0">
   <action type="15" sum="€180" no="1" player="saturnfalse68"/>
   <action type="15" sum="€180" no="2" player="RafaBT"/>
   <action type="15" sum="€180" no="3" player="PyRoMaNiaC17"/>
   <action type="15" sum="€180" no="4" player="AlexDu1986"/>
   <action type="15" sum="€180" no="5" player="egerfraslovakiu"/>
   <action type="15" sum="€180" no="6" player="IsmoloveSeppo"/>
   <action type="15" sum="€180" no="7" player="Gfs1505"/>
   <action type="15" sum="€180" no="8" player="Brazzzil777"/>
   <action type="1" sum="€600" no="9" player="saturnfalse68"/>
   <action type="2" sum="€1,200" no="10" player="RafaBT"/>
  </round>
 </game>
 <game gamecode="11593502453">
  <general>
   <players>
    <player chips="112,190" dealer="0" reg_code="8413387622" seat="1" name="Gfs1505"/>
    <player chips="87,792" dealer="0" reg_code="" seat="2" name="Brazzzil777"/>
    <player chips="95,536" dealer="1" reg_code="" seat="4" name="saturnfalse68"/>
    <player chips="204,945" dealer="0" reg_code="" seat="5" name="RafaBT"/>
    <player chips="85,930" dealer="0" reg_code="" seat="6" name="PyRoMaNiaC17"/>
    <player chips="94,161" dealer="0" reg_code="" seat="7" name="AlexDu1986"/>
    <player chips="301,534" dealer="0" reg_code="" seat="9" name="egerfraslovakiu"/>
    <player chips="35,371" dealer="0" reg_code="" seat="10" name="IsmoloveSeppo"/>
   </players>
  </general>
  <round no="0">
   <action type="15" sum="€180" no="1" player="RafaBT"/>
   <action type="15" sum="€180" no="2" player="PyRoMaNiaC17"/>
   <action type="15" sum="€180" no="3" player="AlexDu1986"/>
   <action type="15" sum="€180" no="4" player="egerfraslovakiu"/>
   <action type="15" sum="€180" no="5" player="IsmoloveSeppo"/>
   <action type="15" sum="€180" no="6" player="Gfs1505"/>
   <action type="15" sum="€180" no="7" player="Brazzzil777"/>
   <action type="15" sum="€180" no="8" player="saturnfalse68"/>
   <action type="1" sum="€600" no="9" player="RafaBT"/>
   <action type="2" sum="€1,200" no="10" player="PyRoMaNiaC17"/>
  </round>
 </game>
 <game gamecode="11593502536">
  <general>
   <players>
    <player chips="112,010" dealer="0" reg_code="8413387622" seat="1" name="Gfs1505"/>
    <player chips="87,612" dealer="0" reg_code="" seat="2" name="Brazzzil777"/>
    <player chips="95,356" dealer="0" reg_code="" seat="4" name="saturnfalse68"/>
    <player chips="204,165" dealer="1" reg_code="" seat="5" name="RafaBT"/>
    <player chips="94,990" dealer="0" reg_code="" seat="6" name="PyRoMaNiaC17"/>
    <player chips="93,981" dealer="0" reg_code="" seat="7" name="AlexDu1986"/>
    <player chips="294,154" dealer="0" reg_code="" seat="9" name="egerfraslovakiu"/>
    <player chips="35,191" dealer="0" reg_code="" seat="10" name="IsmoloveSeppo"/>
   </players>
  </general>
  <round no="0">
   <action type="15" sum="€180" no="1" player="PyRoMaNiaC17"/>
   <action type="15" sum="€180" no="2" player="AlexDu1986"/>
   <action type="15" sum="€180" no="3" player="egerfraslovakiu"/>
   <action type="15" sum="€180" no="4" player="IsmoloveSeppo"/>
   <action type="15" sum="€180" no="5" player="Gfs1505"/>
   <action type="15" sum="€180" no="6" player="Brazzzil777"/>
   <action type="15" sum="€180" no="7" player="saturnfalse68"/>
   <action type="15" sum="€180" no="8" player="RafaBT"/>
   <action type="1" sum="€600" no="9" player="PyRoMaNiaC17"/>
   <action type="2" sum="€1,200" no="10" player="AlexDu1986"/>
  </round>
 </game>
 <game gamecode="11593502588">
  <general>
   <players>
    <player chips="111,830" dealer="0" reg_code="8413387622" seat="1" name="Gfs1505"/>
    <player chips="90,672" dealer="0" reg_code="" seat="2" name="Brazzzil777"/>
    <player chips="95,176" dealer="0" reg_code="" seat="4" name="saturnfalse68"/>
    <player chips="203,985" dealer="0" reg_code="" seat="5" name="RafaBT"/>
    <player chips="94,210" dealer="1" reg_code="" seat="6" name="PyRoMaNiaC17"/>
    <player chips="92,601" dealer="0" reg_code="" seat="7" name="AlexDu1986"/>
    <player chips="293,974" dealer="0" reg_code="" seat="9" name="egerfraslovakiu"/>
    <player chips="35,011" dealer="0" reg_code="" seat="10" name="IsmoloveSeppo"/>
   </players>
  </general>
  <round no="0">
   <action type="15" sum="€180" no="1" player="AlexDu1986"/>
   <action type="15" sum="€180" no="2" player="egerfraslovakiu"/>
   <action type="15" sum="€180" no="3" player="IsmoloveSeppo"/>
   <action type="15" sum="€180" no="4" player="Gfs1505"/>
   <action type="15" sum="€180" no="5" player="Brazzzil777"/>
   <action type="15" sum="€180" no="6" player="saturnfalse68"/>
   <action type="15" sum="€180" no="7" player="RafaBT"/>
   <action type="15" sum="€180" no="8" player="PyRoMaNiaC17"/>
   <action type="1" sum="€600" no="9" player="AlexDu1986"/>
   <action type="2" sum="€1,200" no="10" player="egerfraslovakiu"/>
  </round>
 </game>
 <game gamecode="11593502671">
  <general>
   <players>
    <player chips="111,650" dealer="0" reg_code="8413387622" seat="1" name="Gfs1505"/>
    <player chips="93,732" dealer="0" reg_code="" seat="2" name="Brazzzil777"/>
    <player chips="94,996" dealer="0" reg_code="" seat="4" name="saturnfalse68"/>
    <player chips="203,805" dealer="0" reg_code="" seat="5" name="RafaBT"/>
    <player chips="94,030" dealer="0" reg_code="" seat="6" name="PyRoMaNiaC17"/>
    <player chips="91,821" dealer="1" reg_code="" seat="7" name="AlexDu1986"/>
    <player chips="292,594" dealer="0" reg_code="" seat="9" name="egerfraslovakiu"/>
    <player chips="34,831" dealer="0" reg_code="" seat="10" name="IsmoloveSeppo"/>
   </players>
  </general>
  <round no="0">
   <action type="15" sum="€180" no="1" player="egerfraslovakiu"/>
   <action type="15" sum="€180" no="2" player="IsmoloveSeppo"/>
   <action type="15" sum="€180" no="3" player="Gfs1505"/>
   <action type="15" sum="€180" no="4" player="Brazzzil777"/>
   <action type="15" sum="€180" no="5" player="saturnfalse68"/>
   <action type="15" sum="€180" no="6" player="RafaBT"/>
   <action type="15" sum="€180" no="7" player="PyRoMaNiaC17"/>
   <action type="15" sum="€180" no="8" player="AlexDu1986"/>
   <action type="1" sum="€600" no="9" player="egerfraslovakiu"/>
   <action type="2" sum="€1,200" no="10" player="IsmoloveSeppo"/>
  </round>
 </game>
 <game gamecode="11593502720">
  <general>
   <players>
    <player chips="114,710" dealer="0" reg_code="8413387622" seat="1" name="Gfs1505"/>
    <player chips="93,552" dealer="0" reg_code="" seat="2" name="Brazzzil777"/>
    <player chips="94,816" dealer="0" reg_code="" seat="4" name="saturnfalse68"/>
    <player chips="203,625" dealer="0" reg_code="" seat="5" name="RafaBT"/>
    <player chips="93,850" dealer="0" reg_code="" seat="6" name="PyRoMaNiaC17"/>
    <player chips="91,641" dealer="0" reg_code="" seat="7" name="AlexDu1986"/>
    <player chips="291,814" dealer="1" reg_code="" seat="9" name="egerfraslovakiu"/>
    <player chips="33,451" dealer="0" reg_code="" seat="10" name="IsmoloveSeppo"/>
   </players>
  </general>
  <round no="0">
   <action type="15" sum="€180" no="1" player="IsmoloveSeppo"/>
   <action type="15" sum="€180" no="2" player="Gfs1505"/>
   <action type="15" sum="€180" no="3" player="Brazzzil777"/>
   <action type="15" sum="€180" no="4" player="saturnfalse68"/>
   <action type="15" sum="€180" no="5" player="RafaBT"/>
   <action type="15" sum="€180" no="6" player="PyRoMaNiaC17"/>
   <action type="15" sum="€180" no="7" player="AlexDu1986"/>
   <action type="15" sum="€180" no="8" player="egerfraslovakiu"/>
   <action type="1" sum="€600" no="9" player="IsmoloveSeppo"/>
   <action type="2" sum="€1,200" no="10" player="Gfs1505"/>
  </round>
 </game>
 <game gamecode="11593502847">
  <general>
   <players>
    <player chips="112,130" dealer="0" reg_code="8413387622" seat="1" name="Gfs1505"/>
    <player chips="85,336" dealer="0" reg_code="" seat="2" name="Brazzzil777"/>
    <player chips="94,636" dealer="0" reg_code="" seat="4" name="saturnfalse68"/>
    <player chips="203,445" dealer="0" reg_code="" seat="5" name="RafaBT"/>
    <player chips="93,670" dealer="0" reg_code="" seat="6" name="PyRoMaNiaC17"/>
    <player chips="103,937" dealer="0" reg_code="" seat="7" name="AlexDu1986"/>
    <player chips="291,634" dealer="0" reg_code="" seat="9" name="egerfraslovakiu"/>
    <player chips="32,671" dealer="1" reg_code="" seat="10" name="IsmoloveSeppo"/>
   </players>
  </general>
  <round no="0">
   <action type="15" sum="€200" no="1" player="Gfs1505"/>
   <action type="15" sum="€200" no="2" player="Brazzzil777"/>
   <action type="15" sum="€200" no="3" player="saturnfalse68"/>
   <action type="15" sum="€200" no="4" player="RafaBT"/>
   <action type="15" sum="€200" no="5" player="PyRoMaNiaC17"/>
   <action type="15" sum="€200" no="6" player="AlexDu1986"/>
   <action type="15" sum="€200" no="7" player="egerfraslovakiu"/>
   <action type="15" sum="€200" no="8" player="IsmoloveSeppo"/>
   <action type="1" sum="€700" no="9" player="Gfs1505"/>
   <action type="2" sum="€1,400" no="10" player="Brazzzil777"/>
  </round>
 </game>
 <game gamecode="11593502947">
  <general>
   <players>
    <player chips="111,230" dealer="1" reg_code="8413387622" seat="1" name="Gfs1505"/>
    <player chips="94,436" dealer="0" reg_code="" seat="4" name="saturnfalse68"/>
    <player chips="203,245" dealer="0" reg_code="" seat="5" name="RafaBT"/>
    <player chips="93,470" dealer="0" reg_code="" seat="6" name="PyRoMaNiaC17"/>
    <player chips="103,737" dealer="0" reg_code="" seat="7" name="AlexDu1986"/>
    <player chips="295,134" dealer="0" reg_code="" seat="9" name="egerfraslovakiu"/>
    <player chips="32,471" dealer="0" reg_code="" seat="10" name="IsmoloveSeppo"/>
   </players>
  </general>
  <round no="0">
   <action type="15" sum="€200" no="1" player="saturnfalse68"/>
   <action type="15" sum="€200" no="2" player="RafaBT"/>
   <action type="15" sum="€200" no="3" player="PyRoMaNiaC17"/>
   <action type="15" sum="€200" no="4" player="AlexDu1986"/>
   <action type="15" sum="€200" no="5" player="egerfraslovakiu"/>
   <action type="15" sum="€200" no="6" player="IsmoloveSeppo"/>
   <action type="15" sum="€200" no="7" player="Gfs1505"/>
   <action type="2" sum="€1,400" no="8" player="saturnfalse68"/>
  </round>
 </game>
 <game gamecode="11593518928">
  <general>
   <players>
    <player chips="100,000" dealer="1" reg_code="" seat="1" name="30StephCurry30"/>
    <player chips="100,000" dealer="0" reg_code="" seat="2" name="Renight93"/>
    <player chips="116,415" dealer="0" reg_code="" seat="5" name="patofish"/>
    <player chips="94,860" dealer="0" reg_code="" seat="6" name="jasso11"/>
    <player chips="73,362" dealer="0" reg_code="" seat="7" name="TheBoneless88"/>
    <player chips="129,230" dealer="0" reg_code="8413387622" seat="9" name="Gfs1505"/>
    <player chips="378,816" dealer="0" reg_code="" seat="10" name="monetizando"/>
   </players>
  </general>
  <round no="0">
   <action type="15" sum="€200" no="1" player="Renight93"/>
   <action type="15" sum="€200" no="2" player="patofish"/>
   <action type="15" sum="€200" no="3" player="jasso11"/>
   <action type="15" sum="€200" no="4" player="TheBoneless88"/>
   <action type="15" sum="€200" no="5" player="Gfs1505"/>
   <action type="15" sum="€200" no="6" player="monetizando"/>
   <action type="15" sum="€200" no="7" player="30StephCurry30"/>
   <action type="1" sum="€700" no="8" player="Renight93"/>
   <action type="2" sum="€1,400" no="9" player="patofish"/>
  </round>
 </game>
 <game gamecode="11593519034">
  <general>
   <players>
    <player chips="97,000" dealer="0" reg_code="" seat="1" name="30StephCurry30"/>
    <player chips="99,100" dealer="1" reg_code="" seat="2" name="Renight93"/>
    <player chips="98,467" dealer="0" reg_code="" seat="4" name="Patientflame67"/>
    <player chips="126,715" dealer="0" reg_code="" seat="5" name="patofish"/>
    <player chips="91,860" dealer="0" reg_code="" seat="6" name="jasso11"/>
    <player chips="73,162" dealer="0" reg_code="" seat="7" name="TheBoneless88"/>
    <player chips="129,030" dealer="0" reg_code="8413387622" seat="9" name="Gfs1505"/>
    <player chips="375,816" dealer="0" reg_code="" seat="10" name="monetizando"/>
   </players>
  </general>
  <round no="0">
   <action type="15" sum="€200" no="1" player="patofish"/>
   <action type="15" sum="€200" no="2" player="jasso11"/>
   <action type="15" sum="€200" no="3" player="TheBoneless88"/>
   <action type="15" sum="€200" no="4" player="Gfs1505"/>
   <action type="15" sum="€200" no="5" player="monetizando"/>
   <action type="15" sum="€200" no="6" player="30StephCurry30"/>
   <action type="15" sum="€200" no="7" player="Renight93"/>
   <action type="1" sum="€700" no="8" player="patofish"/>
   <action type="2" sum="€1,400" no="9" player="jasso11"/>
  </round>
 </game>
 <game gamecode="11593519098">
  <general>
   <players>
    <player chips="96,800" dealer="0" reg_code="" seat="1" name="30StephCurry30"/>
    <player chips="98,900" dealer="0" reg_code="" seat="2" name="Renight93"/>
    <player chips="98,467" dealer="0" reg_code="" seat="4" name="Patientflame67"/>
    <player chips="125,815" dealer="1" reg_code="" seat="5" name="patofish"/>
    <player chips="90,260" dealer="0" reg_code="" seat="6" name="jasso11"/>
    <player chips="72,962" dealer="0" reg_code="" seat="7" name="TheBoneless88"/>
    <player chips="128,830" dealer="0" reg_code="8413387622" seat="9" name="Gfs1505"/>
    <player chips="379,116" dealer="0" reg_code="" seat="10" name="monetizando"/>
   </players>
  </general>
  <round no="0">
   <action type="15" sum="€200" no="1" player="jasso11"/>
   <action type="15" sum="€200" no="2" player="TheBoneless88"/>
   <action type="15" sum="€200" no="3" player="Gfs1505"/>
   <action type="15" sum="€200" no="4" player="monetizando"/>
   <action type="15" sum="€200" no="5" player="30StephCurry30"/>
   <action type="15" sum="€200" no="6" player="Renight93"/>
   <action type="15" sum="€200" no="7" player="Patientflame67"/>
   <action type="15" sum="€200" no="8" player="patofish"/>
   <action type="1" sum="€700" no="9" player="jasso11"/>
   <action type="2" sum="€1,400" no="10" player="TheBoneless88"/>
  </round>
 </game>
 <game gamecode="11593519195">
  <general>
   <players>
    <player chips="96,600" dealer="0" reg_code="" seat="1" name="30StephCurry30"/>
    <player chips="98,700" dealer="0" reg_code="" seat="2" name="Renight93"/>
    <player chips="110,087" dealer="0" reg_code="" seat="4" name="Patientflame67"/>
    <player chips="125,615" dealer="0" reg_code="" seat="5" name="patofish"/>
    <player chips="89,360" dealer="1" reg_code="" seat="6" name="jasso11"/>
    <player chips="71,362" dealer="0" reg_code="" seat="7" name="TheBoneless88"/>
    <player chips="128,630" dealer="0" reg_code="8413387622" seat="9" name="Gfs1505"/>
    <player chips="370,796" dealer="0" reg_code="" seat="10" name="monetizando"/>
   </players>
  </general>
  <round no="0">
   <action type="15" sum="€200" no="1" player="TheBoneless88"/>
   <action type="15" sum="€200" no="2" player="Gfs1505"/>
   <action type="15" sum="€200" no="3" player="monetizando"/>
   <action type="15" sum="€200" no="4" player="30StephCurry30"/>
   <action type="15" sum="€200" no="5" player="Renight93"/>
   <action type="15" sum="€200" no="6" player="Patientflame67"/>
   <action type="15" sum="€200" no="7" player="patofish"/>
   <action type="15" sum="€200" no="8" player="jasso11"/>
   <action type="1" sum="€700" no="9" player="TheBoneless88"/>
   <action type="2" sum="€1,400" no="10" player="Gfs1505"/>
  </round>
 </game>
 <game gamecode="11593519338">
  <general>
   <players>
    <player chips="96,400" dealer="0" reg_code="" seat="1" name="30StephCurry30"/>
    <player chips="116,900" dealer="0" reg_code="" seat="2" name="Renight93"/>
    <player chips="109,887" dealer="0" reg_code="" seat="4" name="Patientflame67"/>
    <player chips="125,415" dealer="0" reg_code="" seat="5" name="patofish"/>
    <player chips="86,360" dealer="0" reg_code="" seat="6" name="jasso11"/>
    <player chips="58,562" dealer="1" reg_code="" seat="7" name="TheBoneless88"/>
    <player chips="127,030" dealer="0" reg_code="8413387622" seat="9" name="Gfs1505"/>
    <player chips="370,596" dealer="0" reg_code="" seat="10" name="monetizando"/>
   </players>
  </general>
  <round no="0">
   <action type="15" sum="€200" no="1" player="Gfs1505"/>
   <action type="15" sum="€200" no="2" player="monetizando"/>
   <action type="15" sum="€200" no="3" player="30StephCurry30"/>
   <action type="15" sum="€200" no="4" player="Renight93"/>
   <action type="15" sum="€200" no="5" player="Patientflame67"/>
   <action type="15" sum="€200" no="6" player="patofish"/>
   <action type="15" sum="€200" no="7" player="jasso11"/>
   <action type="15" sum="€200" no="8" player="TheBoneless88"/>
   <action type="1" sum="€700" no="9" player="Gfs1505"/>
   <action type="2" sum="€1,400" no="10" player="monetizando"/>
  </round>
 </game>
 <game gamecode="11593519469">
  <general>
   <players>
    <player chips="96,200" dealer="0" reg_code="" seat="1" name="30StephCurry30"/>
    <player chips="113,900" dealer="0" reg_code="" seat="2" name="Renight93"/>
    <player chips="109,687" dealer="0" reg_code="" seat="4" name="Patientflame67"/>
    <player chips="125,215" dealer="0" reg_code="" seat="5" name="patofish"/>
    <player chips="86,160" dealer="0" reg_code="" seat="6" name="jasso11"/>
    <player chips="64,862" dealer="0" reg_code="" seat="7" name="TheBoneless88"/>
    <player chips="126,130" dealer="1" reg_code="8413387622" seat="9" name="Gfs1505"/>
    <player chips="368,996" dealer="0" reg_code="" seat="10" name="monetizando"/>
   </players>
  </general>
  <round no="0">
   <action type="15" sum="€200" no="1" player="monetizando"/>
   <action type="15" sum="€200" no="2" player="30StephCurry30"/>
   <action type="15" sum="€200" no="3" player="Renight93"/>
   <action type="15" sum="€200" no="4" player="Patientflame67"/>
   <action type="15" sum="€200" no="5" player="patofish"/>
   <action type="15" sum="€200" no="6" player="jasso11"/>
   <action type="15" sum="€200" no="7" player="TheBoneless88"/>
   <action type="15" sum="€200" no="8" player="Gfs1505"/>
   <action type="1" sum="€700" no="9" player="monetizando"/>
   <action type="2" sum="€1,400" no="10" player="30StephCurry30"/>
  </round>
 </game>
 <game gamecode="11593519603">
  <general>
   <players>
    <player chips="94,600" dealer="0" reg_code="" seat="1" name="30StephCurry30"/>
    <player chips="113,700" dealer="0" reg_code="" seat="2" name="Renight93"/>
    <player chips="109,487" dealer="0" reg_code="" seat="4" name="Patientflame67"/>
    <player chips="125,015" dealer="0" reg_code="" seat="5" name="patofish"/>
    <player chips="92,460" dealer="0" reg_code="" seat="6" name="jasso11"/>
    <player chips="64,662" dealer="0" reg_code="" seat="7" name="TheBoneless88"/>
    <player chips="123,130" dealer="0" reg_code="8413387622" seat="9" name="Gfs1505"/>
    <player chips="368,096" dealer="1" reg_code="" seat="10" name="monetizando"/>
   </players>
  </general>
  <round no="0">
   <action type="15" sum="€200" no="1" player="30StephCurry30"/>
   <action type="15" sum="€200" no="2" player="Renight93"/>
   <action type="15" sum="€200" no="3" player="Patientflame67"/>
   <action type="15" sum="€200" no="4" player="patofish"/>
   <action type="15" sum="€200" no="5" player="jasso11"/>
   <action type="15" sum="€200" no="6" player="TheBoneless88"/>
   <action type="15" sum="€200" no="7" player="Gfs1505"/>
   <action type="15" sum="€200" no="8" player="monetizando"/>
   <action type="1" sum="€700" no="9" player="30StephCurry30"/>
   <action type="2" sum="€1,400" no="10" player="Renight93"/>
  </round>
 </game>
 <game gamecode="11593531734">
  <general>
   <players>
    <player chips="93,700" dealer="1" reg_code="" seat="1" name="30StephCurry30"/>
    <player chips="112,100" dealer="0" reg_code="" seat="2" name="Renight93"/>
    <player chips="109,287" dealer="0" reg_code="" seat="4" name="Patientflame67"/>
    <player chips="124,815" dealer="0" reg_code="" seat="5" name="patofish"/>
    <player chips="92,260" dealer="0" reg_code="" seat="6" name="jasso11"/>
    <player chips="64,462" dealer="0" reg_code="" seat="7" name="TheBoneless88"/>
    <player chips="126,630" dealer="0" reg_code="8413387622" seat="9" name="Gfs1505"/>
    <player chips="367,896" dealer="0" reg_code="" seat="10" name="monetizando"/>
   </players>
  </general>
  <round no="0">
   <action type="15" sum="€200" no="1" player="Renight93"/>
   <action type="15" sum="€200" no="2" player="Patientflame67"/>
   <action type="15" sum="€200" no="3" player="patofish"/>
   <action type="15" sum="€200" no="4" player="jasso11"/>
   <action type="15" sum="€200" no="5" player="TheBoneless88"/>
   <action type="15" sum="€200" no="6" player="Gfs1505"/>
   <action type="15" sum="€200" no="7" player="monetizando"/>
   <action type="15" sum="€200" no="8" player="30StephCurry30"/>
   <action type="1" sum="€700" no="9" player="Renight93"/>
   <action type="2" sum="€1,400" no="10" player="Patientflame67"/>
  </round>
 </game>
 <game gamecode="11593531911">
  <general>
   <players>
    <player chips="93,500" dealer="0" reg_code="" seat="1" name="30StephCurry30"/>
    <player chips="111,200" dealer="1" reg_code="" seat="2" name="Renight93"/>
    <player chips="123,351" dealer="0" reg_code="" seat="4" name="Patientflame67"/>
    <player chips="124,615" dealer="0" reg_code="" seat="5" name="patofish"/>
    <player chips="92,060" dealer="0" reg_code="" seat="6" name="jasso11"/>
    <player chips="64,262" dealer="0" reg_code="" seat="7" name="TheBoneless88"/>
    <player chips="126,430" dealer="0" reg_code="8413387622" seat="9" name="Gfs1505"/>
    <player chips="355,732" dealer="0" reg_code="" seat="10" name="monetizando"/>
   </players>
  </general>
  <round no="0">
   <action type="15" sum="€250" no="1" player="Patientflame67"/>
   <action type="15" sum="€250" no="2" player="patofish"/>
   <action type="15" sum="€250" no="3" player="jasso11"/>
   <action type="15" sum="€250" no="4" player="TheBoneless88"/>
   <action type="15" sum="€250" no="5" player="Gfs1505"/>
   <action type="15" sum="€250" no="6" player="monetizando"/>
   <action type="15" sum="€250" no="7" player="30StephCurry30"/>
   <action type="15" sum="€250" no="8" player="Renight93"/>
   <action type="1" sum="€800" no="9" player="Patientflame67"/>
   <action type="2" sum="€1,600" no="10" player="patofish"/>
  </round>
 </game>
 <game gamecode="11593532103">
  <general>
   <players>
    <player chips="90,050" dealer="0" reg_code="" seat="1" name="30StephCurry30"/>
    <player chips="110,950" dealer="0" reg_code="" seat="2" name="Renight93"/>
    <player chips="119,901" dealer="1" reg_code="" seat="4" name="Patientflame67"/>
    <player chips="116,725" dealer="0" reg_code="" seat="5" name="patofish"/>
    <player chips="91,810" dealer="0" reg_code="" seat="6" name="jasso11"/>
    <player chips="80,052" dealer="0" reg_code="" seat="7" name="TheBoneless88"/>
    <player chips="126,180" dealer="0" reg_code="8413387622" seat="9" name="Gfs1505"/>
    <player chips="355,482" dealer="0" reg_code="" seat="10" name="monetizando"/>
   </players>
  </general>
  <round no="0">
   <action type="15" sum="€250" no="1" player="patofish"/>
   <action type="15" sum="€250" no="2" player="jasso11"/>
   <action type="15" sum="€250" no="3" player="TheBoneless88"/>
   <action type="15" sum="€250" no="4" player="Gfs1505"/>
   <action type="15" sum="€250" no="5" player="monetizando"/>
   <action type="15" sum="€250" no="6" player="30StephCurry30"/>
   <action type="15" sum="€250" no="7" player="Renight93"/>
   <action type="15" sum="€250" no="8" player="Patientflame67"/>
   <action type="1" sum="€800" no="9" player="patofish"/>
   <action type="2" sum="€1,600" no="10" player="jasso11"/>
  </round>
 </game>
 <game gamecode="11593532276">
  <general>
   <players>
    <player chips="81,100" dealer="0" reg_code="" seat="1" name="30StephCurry30"/>
    <player chips="110,700" dealer="0" reg_code="" seat="2" name="Renight93"/>
    <player chips="159,651" dealer="0" reg_code="" seat="4" name="Patientflame67"/>
    <player chips="115,675" dealer="1" reg_code="" seat="5" name="patofish"/>
    <player chips="71,760" dealer="0" reg_code="" seat="6" name="jasso11"/>
    <player chips="79,802" dealer="0" reg_code="" seat="7" name="TheBoneless88"/>
    <player chips="125,930" dealer="0" reg_code="8413387622" seat="9" name="Gfs1505"/>
    <player chips="346,532" dealer="0" reg_code="" seat="10" name="monetizando"/>
   </players>
  </general>
  <round no="0">
   <action type="15" sum="€250" no="1" player="jasso11"/>
   <action type="15" sum="€250" no="2" player="TheBoneless88"/>
   <action type="15" sum="€250" no="3" player="Gfs1505"/>
   <action type="15" sum="€250" no="4" player="monetizando"/>
   <action type="15" sum="€250" no="5" player="30StephCurry30"/>
   <action type="15" sum="€250" no="6" player="Renight93"/>
   <action type="15" sum="€250" no="7" player="Patientflame67"/>
   <action type="15" sum="€250" no="8" player="patofish"/>
   <action type="1" sum="€800" no="9" player="jasso11"/>
   <action type="2" sum="€1,600" no="10" player="TheBoneless88"/>
  </round>
 </game>
 <game gamecode="11593532461">
  <general>
   <players>
    <player chips="80,850" dealer="0" reg_code="" seat="1" name="30StephCurry30"/>
    <player chips="110,450" dealer="0" reg_code="" seat="2" name="Renight93"/>
    <player chips="159,401" dealer="0" reg_code="" seat="4" name="Patientflame67"/>
    <player chips="100,825" dealer="0" reg_code="" seat="5" name="patofish"/>
    <player chips="89,710" dealer="1" reg_code="" seat="6" name="jasso11"/>
    <player chips="77,952" dealer="0" reg_code="" seat="7" name="TheBoneless88"/>
    <player chips="125,680" dealer="0" reg_code="8413387622" seat="9" name="Gfs1505"/>
    <player chips="346,282" dealer="0" reg_code="" seat="10" name="monetizando"/>
   </players>
  </general>
  <round no="0">
   <action type="15" sum="€250" no="1" player="TheBoneless88"/>
   <action type="15" sum="€250" no="2" player="Gfs1505"/>
   <action type="15" sum="€250" no="3" player="monetizando"/>
   <action type="15" sum="€250" no="4" player="30StephCurry30"/>
   <action type="15" sum="€250" no="5" player="Renight93"/>
   <action type="15" sum="€250" no="6" player="Patientflame67"/>
   <action type="15" sum="€250" no="7" player="patofish"/>
   <action type="15" sum="€250" no="8" player="jasso11"/>
   <action type="1" sum="€800" no="9" player="TheBoneless88"/>
   <action type="2" sum="€1,600" no="10" player="Gfs1505"/>
  </round>
 </game>
 <game gamecode="11593555638">
  <general>
   <players>
    <player chips="80,600" dealer="0" reg_code="" seat="1" name="30StephCurry30"/>
    <player chips="118,040" dealer="0" reg_code="" seat="2" name="Renight93"/>
    <player chips="159,151" dealer="0" reg_code="" seat="4" name="Patientflame67"/>
    <player chips="100,575" dealer="0" reg_code="" seat="5" name="patofish"/>
    <player chips="89,460" dealer="0" reg_code="" seat="6" name="jasso11"/>
    <player chips="120,390" dealer="0" reg_code="8413387622" seat="9" name="Gfs1505"/>
    <player chips="346,032" dealer="0" reg_code="" seat="10" name="monetizando"/>
   </players>
  </general>
  <round no="0">
   <action type="15" sum="€250" no="1" player="Gfs1505"/>
   <action type="15" sum="€250" no="2" player="monetizando"/>
   <action type="15" sum="€250" no="3" player="30StephCurry30"/>
   <action type="15" sum="€250" no="4" player="Renight93"/>
   <action type="15" sum="€250" no="5" player="Patientflame67"/>
   <action type="15" sum="€250" no="6" player="patofish"/>
   <action type="15" sum="€250" no="7" player="jasso11"/>
   <action type="1" sum="€800" no="8" player="Gfs1505"/>
   <action type="2" sum="€1,600" no="9" player="monetizando"/>
  </round>
 </game>
 <game gamecode="11593555713">
  <general>
   <players>
    <player chips="80,350" dealer="0" reg_code="" seat="1" name="30StephCurry30"/>
    <player chips="117,790" dealer="0" reg_code="" seat="2" name="Renight93"/>
    <player chips="153,301" dealer="0" reg_code="" seat="4" name="Patientflame67"/>
    <player chips="110,075" dealer="0" reg_code="" seat="5" name="patofish"/>
    <player chips="89,210" dealer="0" reg_code="" seat="6" name="jasso11"/>
    <player chips="100,000" dealer="0" reg_code="" seat="7" name="dannutzzz23"/>
    <player chips="119,340" dealer="1" reg_code="8413387622" seat="9" name="Gfs1505"/>
    <player chips="344,182" dealer="0" reg_code="" seat="10" name="monetizando"/>
   </players>
  </general>
  <round no="0">
   <action type="15" sum="€250" no="1" player="monetizando"/>
   <action type="15" sum="€250" no="2" player="30StephCurry30"/>
   <action type="15" sum="€250" no="3" player="Renight93"/>
   <action type="15" sum="€250" no="4" player="Patientflame67"/>
   <action type="15" sum="€250" no="5" player="patofish"/>
   <action type="15" sum="€250" no="6" player="jasso11"/>
   <action type="15" sum="€250" no="7" player="dannutzzz23"/>
   <action type="15" sum="€250" no="8" player="Gfs1505"/>
   <action type="1" sum="€800" no="9" player="monetizando"/>
   <action type="2" sum="€1,600" no="10" player="30StephCurry30"/>
  </round>
 </game>
 <game gamecode="11593555839">
  <general>
   <players>
    <player chips="78,500" dealer="0" reg_code="" seat="1" name="30StephCurry30"/>
    <player chips="124,340" dealer="0" reg_code="" seat="2" name="Renight93"/>
    <player chips="153,051" dealer="0" reg_code="" seat="4" name="Patientflame67"/>
    <player chips="109,825" dealer="0" reg_code="" seat="5" name="patofish"/>
    <player chips="88,960" dealer="0" reg_code="" seat="6" name="jasso11"/>
    <player chips="99,750" dealer="0" reg_code="" seat="7" name="dannutzzz23"/>
    <player chips="119,090" dealer="0" reg_code="8413387622" seat="9" name="Gfs1505"/>
    <player chips="340,732" dealer="1" reg_code="" seat="10" name="monetizando"/>
   </players>
  </general>
  <round no="0">
   <action type="15" sum="€250" no="1" player="30StephCurry30"/>
   <action type="15" sum="€250" no="2" player="Renight93"/>
   <action type="15" sum="€250" no="3" player="Patientflame67"/>
   <action type="15" sum="€250" no="4" player="patofish"/>
   <action type="15" sum="€250" no="5" player="jasso11"/>
   <action type="15" sum="€250" no="6" player="dannutzzz23"/>
   <action type="15" sum="€250" no="7" player="Gfs1505"/>
   <action type="15" sum="€250" no="8" player="monetizando"/>
   <action type="1" sum="€800" no="9" player="30StephCurry30"/>
   <action type="2" sum="€1,600" no="10" player="Renight93"/>
  </round>
 </game>
 <game gamecode="11593555913">
  <general>
   <players>
    <player chips="77,450" dealer="1" reg_code="" seat="1" name="30StephCurry30"/>
    <player chips="122,490" dealer="0" reg_code="" seat="2" name="Renight93"/>
    <player chips="151,201" dealer="0" reg_code="" seat="4" name="Patientflame67"/>
    <player chips="109,575" dealer="0" reg_code="" seat="5" name="patofish"/>
    <player chips="88,710" dealer="0" reg_code="" seat="6" name="jasso11"/>
    <player chips="105,500" dealer="0" reg_code="" seat="7" name="dannutzzz23"/>
    <player chips="118,840" dealer="0" reg_code="8413387622" seat="9" name="Gfs1505"/>
    <player chips="340,482" dealer="0" reg_code="" seat="10" name="monetizando"/>
   </players>
  </general>
  <round no="0">
   <action type="15" sum="€250" no="1" player="Renight93"/>
   <action type="15" sum="€250" no="2" player="Patientflame67"/>
   <action type="15" sum="€250" no="3" player="patofish"/>
   <action type="15" sum="€250" no="4" player="jasso11"/>
   <action type="15" sum="€250" no="5" player="dannutzzz23"/>
   <action type="15" sum="€250" no="6" player="Gfs1505"/>
   <action type="15" sum="€250" no="7" player="monetizando"/>
   <action type="15" sum="€250" no="8" player="30StephCurry30"/>
   <action type="1" sum="€800" no="9" player="Renight93"/>
   <action type="2" sum="€1,600" no="10" player="Patientflame67"/>
  </round>
 </game>
 <game gamecode="11593556240">
  <general>
   <players>
    <player chips="77,200" dealer="0" reg_code="" seat="1" name="30StephCurry30"/>
    <player chips="121,440" dealer="1" reg_code="" seat="2" name="Renight93"/>
    <player chips="93,325" dealer="0" reg_code="" seat="5" name="patofish"/>
    <player chips="88,460" dealer="0" reg_code="" seat="6" name="jasso11"/>
    <player chips="105,250" dealer="0" reg_code="" seat="7" name="dannutzzz23"/>
    <player chips="118,590" dealer="0" reg_code="8413387622" seat="9" name="Gfs1505"/>
    <player chips="509,983" dealer="0" reg_code="" seat="10" name="monetizando"/>
   </players>
  </general>
  <round no="0">
   <action type="15" sum="€250" no="1" player="patofish"/>
   <action type="15" sum="€250" no="2" player="jasso11"/>
   <action type="15" sum="€250" no="3" player="dannutzzz23"/>
   <action type="15" sum="€250" no="4" player="Gfs1505"/>
   <action type="15" sum="€250" no="5" player="monetizando"/>
   <action type="15" sum="€250" no="6" player="30StephCurry30"/>
   <action type="15" sum="€250" no="7" player="Renight93"/>
   <action type="2" sum="€1,600" no="8" player="patofish"/>
  </round>
 </game>
 <game gamecode="11593556363">
  <general>
   <players>
    <player chips="84,589" dealer="0" reg_code="" seat="1" name="30StephCurry30"/>
    <player chips="100,000" dealer="0" reg_code="" seat="4" name="Vcribs"/>
    <player chips="87,186" dealer="1" reg_code="" seat="5" name="patofish"/>
    <player chips="88,210" dealer="0" reg_code="" seat="6" name="jasso11"/>
    <player chips="105,000" dealer="0" reg_code="" seat="7" name="dannutzzz23"/>
    <player chips="118,340" dealer="0" reg_code="8413387622" seat="9" name="Gfs1505"/>
    <player chips="509,733" dealer="0" reg_code="" seat="10" name="monetizando"/>
   </players>
  </general>
  <round no="0">
   <action type="15" sum="€275" no="1" player="jasso11"/>
   <action type="15" sum="€275" no="2" player="dannutzzz23"/>
   <action type="15" sum="€275" no="3" player="Gfs1505"/>
   <action type="15" sum="€275" no="4" player="monetizando"/>
   <action type="15" sum="€275" no="5" player="30StephCurry30"/>
   <action type="15" sum="€275" no="6" player="Vcribs"/>
   <action type="15" sum="€275" no="7" player="patofish"/>
   <action type="1" sum="€900" no="8" player="jasso11"/>
   <action type="2" sum="€1,800" no="9" player="dannutzzz23"/>
  </round>
 </game>
 <game gamecode="11593556456">
  <general>
   <players>
    <player chips="84,314" dealer="0" reg_code="" seat="1" name="30StephCurry30"/>
    <player chips="100,000" dealer="0" reg_code="" seat="2" name="Cheshire"/>
    <player chips="107,950" dealer="0" reg_code="" seat="4" name="Vcribs"/>
    <player chips="86,911" dealer="0" reg_code="" seat="5" name="patofish"/>
    <player chips="102,925" dealer="0" reg_code="" seat="7" name="dannutzzz23"/>
    <player chips="118,065" dealer="0" reg_code="8413387622" seat="9" name="Gfs1505"/>
    <player chips="505,858" dealer="0" reg_code="" seat="10" name="monetizando"/>
   </players>
  </general>
  <round no="0">
   <action type="15" sum="€275" no="1" player="dannutzzz23"/>
   <action type="15" sum="€275" no="2" player="Gfs1505"/>
   <action type="15" sum="€275" no="3" player="monetizando"/>
   <action type="15" sum="€275" no="4" player="30StephCurry30"/>
   <action type="15" sum="€275" no="5" player="Cheshire"/>
   <action type="15" sum="€275" no="6" player="Vcribs"/>
   <action type="15" sum="€275" no="7" player="patofish"/>
   <action type="1" sum="€900" no="8" player="dannutzzz23"/>
   <action type="2" sum="€1,800" no="9" player="Gfs1505"/>
  </round>
 </game>
 <game gamecode="11593556529">
  <general>
   <players>
    <player chips="84,039" dealer="0" reg_code="" seat="1" name="30StephCurry30"/>
    <player chips="104,350" dealer="0" reg_code="" seat="2" name="Cheshire"/>
    <player chips="107,675" dealer="0" reg_code="" seat="4" name="Vcribs"/>
    <player chips="86,636" dealer="0" reg_code="" seat="5" name="patofish"/>
    <player chips="101,750" dealer="1" reg_code="" seat="7" name="dannutzzz23"/>
    <player chips="115,990" dealer="0" reg_code="8413387622" seat="9" name="Gfs1505"/>
    <player chips="505,583" dealer="0" reg_code="" seat="10" name="monetizando"/>
   </players>
  </general>
  <round no="0">
   <action type="15" sum="€275" no="1" player="Gfs1505"/>
   <action type="15" sum="€275" no="2" player="monetizando"/>
   <action type="15" sum="€275" no="3" player="30StephCurry30"/>
   <action type="15" sum="€275" no="4" player="Cheshire"/>
   <action type="15" sum="€275" no="5" player="Vcribs"/>
   <action type="15" sum="€275" no="6" player="patofish"/>
   <action type="15" sum="€275" no="7" player="dannutzzz23"/>
   <action type="1" sum="€900" no="8" player="Gfs1505"/>
   <action type="2" sum="€1,800" no="9" player="monetizando"/>
  </round>
 </game>
 <game gamecode="11593571790">
  <general>
   <players>
    <player chips="83,764" dealer="0" reg_code="" seat="1" name="30StephCurry30"/>
    <player chips="104,075" dealer="0" reg_code="" seat="2" name="Cheshire"/>
    <player chips="103,800" dealer="0" reg_code="" seat="4" name="Vcribs"/>
    <player chips="82,761" dealer="0" reg_code="" seat="5" name="patofish"/>
    <player chips="101,475" dealer="0" reg_code="" seat="7" name="dannutzzz23"/>
    <player chips="126,640" dealer="1" reg_code="8413387622" seat="9" name="Gfs1505"/>
    <player chips="503,508" dealer="0" reg_code="" seat="10" name="monetizando"/>
   </players>
  </general>
  <round no="0">
   <action type="15" sum="€275" no="1" player="monetizando"/>
   <action type="15" sum="€275" no="2" player="30StephCurry30"/>
   <action type="15" sum="€275" no="3" player="Cheshire"/>
   <action type="15" sum="€275" no="4" player="Vcribs"/>
   <action type="15" sum="€275" no="5" player="patofish"/>
   <action type="15" sum="€275" no="6" player="dannutzzz23"/>
   <action type="15" sum="€275" no="7" player="Gfs1505"/>
   <action type="1" sum="€900" no="8" player="monetizando"/>
   <action type="2" sum="€1,800" no="9" player="30StephCurry30"/>
  </round>
 </game>
 <game gamecode="11593571953">
  <general>
   <players>
    <player chips="72,330" dealer="0" reg_code="" seat="1" name="30StephCurry30"/>
    <player chips="103,800" dealer="0" reg_code="" seat="2" name="Cheshire"/>
    <player chips="103,525" dealer="0" reg_code="" seat="4" name="Vcribs"/>
    <player chips="82,486" dealer="0" reg_code="" seat="5" name="patofish"/>
    <player chips="100,000" dealer="0" reg_code="" seat="6" name="Vendy046"/>
    <player chips="115,184" dealer="0" reg_code="" seat="7" name="dannutzzz23"/>
    <player chips="126,365" dealer="0" reg_code="8413387622" seat="9" name="Gfs1505"/>
    <player chips="502,333" dealer="1" reg_code="" seat="10" name="monetizando"/>
   </players>
  </general>
  <round no="0">
   <action type="15" sum="€275" no="1" player="30StephCurry30"/>
   <action type="15" sum="€275" no="2" player="Cheshire"/>
   <action type="15" sum="€275" no="3" player="Vcribs"/>
   <action type="15" sum="€275" no="4" player="patofish"/>
   <action type="15" sum="€275" no="5" player="Vendy046"/>
   <action type="15" sum="€275" no="6" player="dannutzzz23"/>
   <action type="15" sum="€275" no="7" player="Gfs1505"/>
   <action type="15" sum="€275" no="8" player="monetizando"/>
   <action type="1" sum="€900" no="9" player="30StephCurry30"/>
   <action type="2" sum="€1,800" no="10" player="Cheshire"/>
  </round>
 </game>
 <game gamecode="11593572113">
  <general>
   <players>
    <player chips="71,155" dealer="1" reg_code="" seat="1" name="30StephCurry30"/>
    <player chips="99,025" dealer="0" reg_code="" seat="2" name="Cheshire"/>
    <player chips="103,250" dealer="0" reg_code="" seat="4" name="Vcribs"/>
    <player chips="82,211" dealer="0" reg_code="" seat="5" name="patofish"/>
    <player chips="127,325" dealer="0" reg_code="" seat="6" name="Vendy046"/>
    <player chips="110,409" dealer="0" reg_code="" seat="7" name="dannutzzz23"/>
    <player chips="126,090" dealer="0" reg_code="8413387622" seat="9" name="Gfs1505"/>
    <player chips="486,558" dealer="0" reg_code="" seat="10" name="monetizando"/>
   </players>
  </general>
  <round no="0">
   <action type="15" sum="€275" no="1" player="Cheshire"/>
   <action type="15" sum="€275" no="2" player="Vcribs"/>
   <action type="15" sum="€275" no="3" player="patofish"/>
   <action type="15" sum="€275" no="4" player="Vendy046"/>
   <action type="15" sum="€275" no="5" player="dannutzzz23"/>
   <action type="15" sum="€275" no="6" player="Gfs1505"/>
   <action type="15" sum="€275" no="7" player="monetizando"/>
   <action type="15" sum="€275" no="8" player="30StephCurry30"/>
   <action type="1" sum="€900" no="9" player="Cheshire"/>
   <action type="2" sum="€1,800" no="10" player="Vcribs"/>
  </round>
 </game>
 <game gamecode="11593572244">
  <general>
   <players>
    <player chips="70,880" dealer="0" reg_code="" seat="1" name="30StephCurry30"/>
    <player chips="97,850" dealer="1" reg_code="" seat="2" name="Cheshire"/>
    <player chips="99,375" dealer="0" reg_code="" seat="4" name="Vcribs"/>
    <player chips="81,936" dealer="0" reg_code="" seat="5" name="patofish"/>
    <player chips="127,050" dealer="0" reg_code="" seat="6" name="Vendy046"/>
    <player chips="110,134" dealer="0" reg_code="" seat="7" name="dannutzzz23"/>
    <player chips="132,515" dealer="0" reg_code="8413387622" seat="9" name="Gfs1505"/>
    <player chips="486,283" dealer="0" reg_code="" seat="10" name="monetizando"/>
   </players>
  </general>
  <round no="0">
   <action type="15" sum="€275" no="1" player="Vcribs"/>
   <action type="15" sum="€275" no="2" player="patofish"/>
   <action type="15" sum="€275" no="3" player="Vendy046"/>
   <action type="15" sum="€275" no="4" player="dannutzzz23"/>
   <action type="15" sum="€275" no="5" player="Gfs1505"/>
   <action type="15" sum="€275" no="6" player="monetizando"/>
   <action type="15" sum="€275" no="7" player="30StephCurry30"/>
   <action type="15" sum="€275" no="8" player="Cheshire"/>
   <action type="1" sum="€900" no="9" player="Vcribs"/>
   <action type="2" sum="€1,800" no="10" player="patofish"/>
  </round>
 </game>
 <game gamecode="11593572316">
  <general>
   <players>
    <player chips="75,505" dealer="0" reg_code="" seat="1" name="30StephCurry30"/>
    <player chips="97,575" dealer="0" reg_code="" seat="2" name="Cheshire"/>
    <player chips="98,200" dealer="1" reg_code="" seat="4" name="Vcribs"/>
    <player chips="79,861" dealer="0" reg_code="" seat="5" name="patofish"/>
    <player chips="126,775" dealer="0" reg_code="" seat="6" name="Vendy046"/>
    <player chips="109,859" dealer="0" reg_code="" seat="7" name="dannutzzz23"/>
    <player chips="132,240" dealer="0" reg_code="8413387622" seat="9" name="Gfs1505"/>
    <player chips="486,008" dealer="0" reg_code="" seat="10" name="monetizando"/>
   </players>
  </general>
  <round no="0">
   <action type="15" sum="€275" no="1" player="patofish"/>
   <action type="15" sum="€275" no="2" player="Vendy046"/>
   <action type="15" sum="€275" no="3" player="dannutzzz23"/>
   <action type="15" sum="€275" no="4" player="Gfs1505"/>
   <action type="15" sum="€275" no="5" player="monetizando"/>
   <action type="15" sum="€275" no="6" player="30StephCurry30"/>
   <action type="15" sum="€275" no="7" player="Cheshire"/>
   <action type="15" sum="€275" no="8" player="Vcribs"/>
   <action type="1" sum="€900" no="9" player="patofish"/>
   <action type="2" sum="€1,800" no="10" player="Vendy046"/>
  </round>
 </game>
 <game gamecode="11593572398">
  <general>
   <players>
    <player chips="75,230" dealer="0" reg_code="" seat="1" name="30StephCurry30"/>
    <player chips="104,540" dealer="0" reg_code="" seat="2" name="Cheshire"/>
    <player chips="97,925" dealer="0" reg_code="" seat="4" name="Vcribs"/>
    <player chips="122,360" dealer="0" reg_code="" seat="6" name="Vendy046"/>
    <player chips="109,584" dealer="0" reg_code="" seat="7" name="dannutzzz23"/>
    <player chips="131,965" dealer="0" reg_code="8413387622" seat="9" name="Gfs1505"/>
    <player chips="485,733" dealer="0" reg_code="" seat="10" name="monetizando"/>
   </players>
  </general>
  <round no="0">
   <action type="15" sum="€275" no="1" player="Vendy046"/>
   <action type="15" sum="€275" no="2" player="dannutzzz23"/>
   <action type="15" sum="€275" no="3" player="Gfs1505"/>
   <action type="15" sum="€275" no="4" player="monetizando"/>
   <action type="15" sum="€275" no="5" player="30StephCurry30"/>
   <action type="15" sum="€275" no="6" player="Cheshire"/>
   <action type="15" sum="€275" no="7" player="Vcribs"/>
   <action type="1" sum="€900" no="8" player="Vendy046"/>
   <action type="2" sum="€1,800" no="9" player="dannutzzz23"/>
  </round>
 </game>
 <game gamecode="11593572547">
  <general>
   <players>
    <player chips="74,955" dealer="0" reg_code="" seat="1" name="30StephCurry30"/>
    <player chips="104,265" dealer="0" reg_code="" seat="2" name="Cheshire"/>
    <player chips="90,270" dealer="0" reg_code="" seat="4" name="Vcribs"/>
    <player chips="214,011" dealer="0" reg_code="" seat="5" name="Patologen"/>
    <player chips="121,185" dealer="1" reg_code="" seat="6" name="Vendy046"/>
    <player chips="119,514" dealer="0" reg_code="" seat="7" name="dannutzzz23"/>
    <player chips="131,690" dealer="0" reg_code="8413387622" seat="9" name="Gfs1505"/>
    <player chips="485,458" dealer="0" reg_code="" seat="10" name="monetizando"/>
   </players>
  </general>
  <round no="0">
   <action type="15" sum="€275" no="1" player="dannutzzz23"/>
   <action type="15" sum="€275" no="2" player="Gfs1505"/>
   <action type="15" sum="€275" no="3" player="monetizando"/>
   <action type="15" sum="€275" no="4" player="30StephCurry30"/>
   <action type="15" sum="€275" no="5" player="Cheshire"/>
   <action type="15" sum="€275" no="6" player="Vcribs"/>
   <action type="15" sum="€275" no="7" player="Patologen"/>
   <action type="15" sum="€275" no="8" player="Vendy046"/>
   <action type="1" sum="€900" no="9" player="dannutzzz23"/>
   <action type="2" sum="€1,800" no="10" player="Gfs1505"/>
  </round>
 </game>
 <game gamecode="11593572700">
  <general>
   <players>
    <player chips="71,080" dealer="0" reg_code="" seat="1" name="30StephCurry30"/>
    <player chips="103,990" dealer="0" reg_code="" seat="2" name="Cheshire"/>
    <player chips="89,995" dealer="0" reg_code="" seat="4" name="Vcribs"/>
    <player chips="213,736" dealer="0" reg_code="" seat="5" name="Patologen"/>
    <player chips="120,910" dealer="0" reg_code="" seat="6" name="Vendy046"/>
    <player chips="118,339" dealer="1" reg_code="" seat="7" name="dannutzzz23"/>
    <player chips="138,115" dealer="0" reg_code="8413387622" seat="9" name="Gfs1505"/>
    <player chips="485,183" dealer="0" reg_code="" seat="10" name="monetizando"/>
   </players>
  </general>
  <round no="0">
   <action type="15" sum="€275" no="1" player="Gfs1505"/>
   <action type="15" sum="€275" no="2" player="monetizando"/>
   <action type="15" sum="€275" no="3" player="30StephCurry30"/>
   <action type="15" sum="€275" no="4" player="Cheshire"/>
   <action type="15" sum="€275" no="5" player="Vcribs"/>
   <action type="15" sum="€275" no="6" player="Patologen"/>
   <action type="15" sum="€275" no="7" player="Vendy046"/>
   <action type="15" sum="€275" no="8" player="dannutzzz23"/>
   <action type="1" sum="€900" no="9" player="Gfs1505"/>
   <action type="2" sum="€1,800" no="10" player="monetizando"/>
  </round>
 </game>
 <game gamecode="11593572776">
  <general>
   <players>
    <player chips="100,000" dealer="1" reg_code="" seat="1" name="velkykopec"/>
    <player chips="100,000" dealer="0" reg_code="" seat="2" name="POWERofNOOBS"/>
    <player chips="97,301" dealer="0" reg_code="" seat="5" name="VictorWembanyama"/>
    <player chips="136,940" dealer="0" reg_code="8413387622" seat="6" name="Gfs1505"/>
    <player chips="99,419" dealer="0" reg_code="" seat="7" name="GodOgFull"/>
    <player chips="80,200" dealer="0" reg_code="" seat="9" name="thegambit99"/>
    <player chips="148,134" dealer="0" reg_code="" seat="10" name="setoKaiba2"/>
   </players>
  </general>
  <round no="0">
   <action type="15" sum="€275" no="1" player="POWERofNOOBS"/>
   <action type="15" sum="€275" no="2" player="VictorWembanyama"/>
   <action type="15" sum="€275" no="3" player="Gfs1505"/>
   <action type="15" sum="€275" no="4" player="GodOgFull"/>
   <action type="15" sum="€275" no="5" player="thegambit99"/>
   <action type="15" sum="€275" no="6" player="setoKaiba2"/>
   <action type="15" sum="€275" no="7" player="velkykopec"/>
   <action type="1" sum="€900" no="8" player="POWERofNOOBS"/>
   <action type="2" sum="€1,800" no="9" player="VictorWembanyama"/>
  </round>
 </game>
 <game gamecode="11593590543">
  <general>
   <players>
    <player chips="99,725" dealer="0" reg_code="" seat="1" name="velkykopec"/>
    <player chips="581" dealer="1" reg_code="" seat="2" name="POWERofNOOBS"/>
    <player chips="100,000" dealer="0" reg_code="" seat="4" name="Iosephus"/>
    <player chips="95,226" dealer="0" reg_code="" seat="5" name="VictorWembanyama"/>
    <player chips="136,665" dealer="0" reg_code="8413387622" seat="6" name="Gfs1505"/>
    <player chips="202,013" dealer="0" reg_code="" seat="7" name="GodOgFull"/>
    <player chips="79,925" dealer="0" reg_code="" seat="9" name="thegambit99"/>
    <player chips="147,859" dealer="0" reg_code="" seat="10" name="setoKaiba2"/>
   </players>
  </general>
  <round no="0">
   <action type="15" sum="€300" no="1" player="VictorWembanyama"/>
   <action type="15" sum="€300" no="2" player="Gfs1505"/>
   <action type="15" sum="€300" no="3" player="GodOgFull"/>
   <action type="15" sum="€300" no="4" player="thegambit99"/>
   <action type="15" sum="€300" no="5" player="setoKaiba2"/>
   <action type="15" sum="€300" no="6" player="velkykopec"/>
   <action type="15" sum="€300" no="7" player="POWERofNOOBS"/>
   <action type="1" sum="€1,000" no="8" player="VictorWembanyama"/>
   <action type="2" sum="€2,000" no="9" player="Gfs1505"/>
  </round>
 </game>
 <game gamecode="11593590673">
  <general>
   <players>
    <player chips="99,425" dealer="0" reg_code="" seat="1" name="velkykopec"/>
    <player chips="3,505" dealer="0" reg_code="" seat="2" name="POWERofNOOBS"/>
    <player chips="100,000" dealer="0" reg_code="" seat="4" name="Iosephus"/>
    <player chips="103,802" dealer="1" reg_code="" seat="5" name="VictorWembanyama"/>
    <player chips="134,365" dealer="0" reg_code="8413387622" seat="6" name="Gfs1505"/>
    <player chips="197,713" dealer="0" reg_code="" seat="7" name="GodOgFull"/>
    <player chips="79,625" dealer="0" reg_code="" seat="9" name="thegambit99"/>
    <player chips="143,559" dealer="0" reg_code="" seat="10" name="setoKaiba2"/>
   </players>
  </general>
  <round no="0">
   <action type="15" sum="€300" no="1" player="Gfs1505"/>
   <action type="15" sum="€300" no="2" player="GodOgFull"/>
   <action type="15" sum="€300" no="3" player="thegambit99"/>
   <action type="15" sum="€300" no="4" player="setoKaiba2"/>
   <action type="15" sum="€300" no="5" player="velkykopec"/>
   <action type="15" sum="€300" no="6" player="POWERofNOOBS"/>
   <action type="15" sum="€300" no="7" player="Iosephus"/>
   <action type="15" sum="€300" no="8" player="VictorWembanyama"/>
   <action type="1" sum="€1,000" no="9" player="Gfs1505"/>
   <action type="2" sum="€2,000" no="10" player="GodOgFull"/>
  </round>
 </game>
</session>
