<?xml version="1.0" encoding="utf-8"?>
<session sessioncode="0">
 <general>
  <mode>real</mode>
  <gametype>Holdem NL</gametype>
  <tablename>€30 TUESDAY ELIMINATOR, 1131228913</tablename>
  <tournamentcurrency>1</tournamentcurrency>
  <currency>USD</currency>
  <nickname>Gfs1505</nickname>
  <buyin>€13.65 + €13.65 + €2.70</buyin>
  <totalbuyin>€16.35</totalbuyin>
 </general>
 <game gamecode="11589885477">
  <general>
   <players>
    <player name="starboy88" chips="97,300" dealer="0" seat="1" reg_code=""/>
    <player name="1nflation" chips="215,627" dealer="0" seat="2" reg_code=""/>
    <player name="pokermaniacu" chips="212,699" dealer="0" seat="4" reg_code=""/>
    <player name="dilelen1" chips="301,845" dealer="0" seat="5" reg_code=""/>
    <player name="Wyzzo" chips="301,093" dealer="1" seat="6" reg_code=""/>
    <player name="PRizek" chips="254,002" dealer="0" seat="7" reg_code=""/>
    <player name="TomSawyer33" chips="432,725" dealer="0" seat="9" reg_code=""/>
    <player name="Bigbarrel74r" chips="1,703,967" dealer="0" seat="10" reg_code=""/>
   </players>
  </general>
  <round no="0">
   <action player="PRizek" sum="€900" type="15" no="1"/>
   <action player="TomSawyer33" sum="€900" type="15" no="2"/>
   <action player="Bigbarrel74r" sum="€900" type="15" no="3"/>
   <action player="starboy88" sum="€900" type="15" no="4"/>
   <action player="1nflation" sum="€900" type="15" no="5"/>
   <action player="pokermaniacu" sum="€900" type="15" no="6"/>
   <action player="dilelen1" sum="€900" type="15" no="7"/>
   <action player="Wyzzo" sum="€900" type="15" no="8"/>
   <action player="PRizek" sum="€4,500" type="1" no="9"/>
   <action player="TomSawyer33" sum="€9,000" type="2" no="10"/>
  </round>
 </game>
 <game gamecode="11589885525">
  <general>
   <players>
    <player name="starboy88" chips="117,100" dealer="0" seat="1" reg_code=""/>
    <player name="1nflation" chips="214,727" dealer="0" seat="2" reg_code=""/>
    <player name="pokermaniacu" chips="211,799" dealer="0" seat="4" reg_code=""/>
    <player name="dilelen1" chips="300,945" dealer="0" seat="5" reg_code=""/>
    <player name="Wyzzo" chips="300,193" dealer="0" seat="6" reg_code=""/>
    <player name="PRizek" chips="248,602" dealer="1" seat="7" reg_code=""/>
    <player name="TomSawyer33" chips="422,825" dealer="0" seat="9" reg_code=""/>
    <player name="Bigbarrel74r" chips="1,703,067" dealer="0" seat="10" reg_code=""/>
   </players>
  </general>
  <round no="0">
   <action player="TomSawyer33" sum="€900" type="15" no="1"/>
   <action player="Bigbarrel74r" sum="€900" type="15" no="2"/>
   <action player="starboy88" sum="€900" type="15" no="3"/>
   <action player="1nflation" sum="€900" type="15" no="4"/>
   <action player="pokermaniacu" sum="€900" type="15" no="5"/>
   <action player="dilelen1" sum="€900" type="15" no="6"/>
   <action player="Wyzzo" sum="€900" type="15" no="7"/>
   <action player="PRizek" sum="€900" type="15" no="8"/>
   <action player="TomSawyer33" sum="€4,500" type="1" no="9"/>
   <action player="Bigbarrel74r" sum="€9,000" type="2" no="10"/>
  </round>
 </game>
 <game gamecode="11589885661">
  <general>
   <players>
    <player name="starboy88" chips="116,200" dealer="0" seat="1" reg_code=""/>
    <player name="1nflation" chips="213,827" dealer="0" seat="2" reg_code=""/>
    <player name="pokermaniacu" chips="210,899" dealer="0" seat="4" reg_code=""/>
    <player name="dilelen1" chips="300,045" dealer="0" seat="5" reg_code=""/>
    <player name="Wyzzo" chips="505,551" dealer="0" seat="6" reg_code=""/>
    <player name="PRizek" chips="195,702" dealer="0" seat="7" reg_code=""/>
    <player name="TomSawyer33" chips="417,425" dealer="1" seat="9" reg_code=""/>
    <player name="Bigbarrel74r" chips="1,559,609" dealer="0" seat="10" reg_code=""/>
   </players>
  </general>
  <round no="0">
   <action player="Bigbarrel74r" sum="€900" type="15" no="1"/>
   <action player="starboy88" sum="€900" type="15" no="2"/>
   <action player="1nflation" sum="€900" type="15" no="3"/>
   <action player="pokermaniacu" sum="€900" type="15" no="4"/>
   <action player="dilelen1" sum="€900" type="15" no="5"/>
   <action player="Wyzzo" sum="€900" type="15" no="6"/>
   <action player="PRizek" sum="€900" type="15" no="7"/>
   <action player="TomSawyer33" sum="€900" type="15" no="8"/>
   <action player="Bigbarrel74r" sum="€4,500" type="1" no="9"/>
   <action player="starboy88" sum="€9,000" type="2" no="10"/>
  </round>
 </game>
 <game gamecode="11589908617">
  <general>
   <players>
    <player name="starboy88" chips="106,300" dealer="0" seat="1" reg_code=""/>
    <player name="1nflation" chips="212,927" dealer="0" seat="2" reg_code=""/>
    <player name="pokermaniacu" chips="209,999" dealer="0" seat="4" reg_code=""/>
    <player name="dilelen1" chips="299,145" dealer="0" seat="5" reg_code=""/>
    <player name="Wyzzo" chips="569,351" dealer="0" seat="6" reg_code=""/>
    <player name="PRizek" chips="150,802" dealer="0" seat="7" reg_code=""/>
    <player name="TomSawyer33" chips="416,525" dealer="0" seat="9" reg_code=""/>
    <player name="Bigbarrel74r" chips="1,554,209" dealer="1" seat="10" reg_code=""/>
   </players>
  </general>
  <round no="0">
   <action player="starboy88" sum="€900" type="15" no="1"/>
   <action player="1nflation" sum="€900" type="15" no="2"/>
   <action player="pokermaniacu" sum="€900" type="15" no="3"/>
   <action player="dilelen1" sum="€900" type="15" no="4"/>
   <action player="Wyzzo" sum="€900" type="15" no="5"/>
   <action player="PRizek" sum="€900" type="15" no="6"/>
   <action player="TomSawyer33" sum="€900" type="15" no="7"/>
   <action player="Bigbarrel74r" sum="€900" type="15" no="8"/>
   <action player="starboy88" sum="€4,500" type="1" no="9"/>
   <action player="1nflation" sum="€9,000" type="2" no="10"/>
  </round>
 </game>
 <game gamecode="11589908677">
  <general>
   <players>
    <player name="starboy88" chips="100,900" dealer="1" seat="1" reg_code=""/>
    <player name="1nflation" chips="203,027" dealer="0" seat="2" reg_code=""/>
    <player name="pokermaniacu" chips="209,099" dealer="0" seat="4" reg_code=""/>
    <player name="dilelen1" chips="298,245" dealer="0" seat="5" reg_code=""/>
    <player name="Wyzzo" chips="568,451" dealer="0" seat="6" reg_code=""/>
    <player name="PRizek" chips="104,902" dealer="0" seat="7" reg_code=""/>
    <player name="TomSawyer33" chips="481,325" dealer="0" seat="9" reg_code=""/>
    <player name="Bigbarrel74r" chips="1,553,309" dealer="0" seat="10" reg_code=""/>
   </players>
  </general>
  <round no="0">
   <action player="1nflation" sum="€900" type="15" no="1"/>
   <action player="pokermaniacu" sum="€900" type="15" no="2"/>
   <action player="dilelen1" sum="€900" type="15" no="3"/>
   <action player="Wyzzo" sum="€900" type="15" no="4"/>
   <action player="PRizek" sum="€900" type="15" no="5"/>
   <action player="TomSawyer33" sum="€900" type="15" no="6"/>
   <action player="Bigbarrel74r" sum="€900" type="15" no="7"/>
   <action player="starboy88" sum="€900" type="15" no="8"/>
   <action player="1nflation" sum="€4,500" type="1" no="9"/>
   <action player="pokermaniacu" sum="€9,000" type="2" no="10"/>
  </round>
 </game>
 <game gamecode="11589908735">
  <general>
   <players>
    <player name="starboy88" chips="100,000" dealer="0" seat="1" reg_code=""/>
    <player name="pokermaniacu" chips="199,199" dealer="0" seat="4" reg_code=""/>
    <player name="dilelen1" chips="297,345" dealer="0" seat="5" reg_code=""/>
    <player name="Wyzzo" chips="889,880" dealer="0" seat="6" reg_code=""/>
    <player name="TomSawyer33" chips="480,425" dealer="0" seat="9" reg_code=""/>
    <player name="Bigbarrel74r" chips="1,552,409" dealer="0" seat="10" reg_code=""/>
   </players>
  </general>
  <round no="0">
   <action player="pokermaniacu" sum="€900" type="15" no="1"/>
   <action player="dilelen1" sum="€900" type="15" no="2"/>
   <action player="Wyzzo" sum="€900" type="15" no="3"/>
   <action player="TomSawyer33" sum="€900" type="15" no="4"/>
   <action player="Bigbarrel74r" sum="€900" type="15" no="5"/>
   <action player="starboy88" sum="€900" type="15" no="6"/>
   <action player="pokermaniacu" sum="€4,500" type="1" no="7"/>
   <action player="dilelen1" sum="€9,000" type="2" no="8"/>
  </round>
 </game>
 <game gamecode="11589908780">
  <general>
   <players>
    <player name="starboy88" chips="136,000" dealer="0" seat="1" reg_code=""/>
    <player name="Devman123" chips="89,200" dealer="0" seat="2" reg_code=""/>
    <player name="pokermaniacu" chips="193,799" dealer="1" seat="4" reg_code=""/>
    <player name="dilelen1" chips="287,445" dealer="0" seat="5" reg_code=""/>
    <player name="Wyzzo" chips="870,980" dealer="0" seat="6" reg_code=""/>
    <player name="6y6HuJlka" chips="239,284" dealer="0" seat="7" reg_code=""/>
    <player name="TomSawyer33" chips="479,525" dealer="0" seat="9" reg_code=""/>
    <player name="Bigbarrel74r" chips="1,551,509" dealer="0" seat="10" reg_code=""/>
   </players>
  </general>
  <round no="0">
   <action player="dilelen1" sum="€900" type="15" no="1"/>
   <action player="Wyzzo" sum="€900" type="15" no="2"/>
   <action player="6y6HuJlka" sum="€900" type="15" no="3"/>
   <action player="TomSawyer33" sum="€900" type="15" no="4"/>
   <action player="Bigbarrel74r" sum="€900" type="15" no="5"/>
   <action player="starboy88" sum="€900" type="15" no="6"/>
   <action player="Devman123" sum="€900" type="15" no="7"/>
   <action player="pokermaniacu" sum="€900" type="15" no="8"/>
   <action player="dilelen1" sum="€4,500" type="1" no="9"/>
   <action player="Wyzzo" sum="€9,000" type="2" no="10"/>
  </round>
 </game>
 <game gamecode="11589908866">
  <general>
   <players>
    <player name="starboy88" chips="135,100" dealer="0" seat="1" reg_code=""/>
    <player name="pokermaniacu" chips="512,798" dealer="0" seat="4" reg_code=""/>
    <player name="dilelen1" chips="282,045" dealer="1" seat="5" reg_code=""/>
    <player name="Wyzzo" chips="861,080" dealer="0" seat="6" reg_code=""/>
    <player name="6y6HuJlka" chips="238,384" dealer="0" seat="7" reg_code=""/>
    <player name="TomSawyer33" chips="285,726" dealer="0" seat="9" reg_code=""/>
    <player name="Bigbarrel74r" chips="1,532,609" dealer="0" seat="10" reg_code=""/>
   </players>
  </general>
  <round no="0">
   <action player="Wyzzo" sum="€900" type="15" no="1"/>
   <action player="6y6HuJlka" sum="€900" type="15" no="2"/>
   <action player="TomSawyer33" sum="€900" type="15" no="3"/>
   <action player="Bigbarrel74r" sum="€900" type="15" no="4"/>
   <action player="starboy88" sum="€900" type="15" no="5"/>
   <action player="pokermaniacu" sum="€900" type="15" no="6"/>
   <action player="dilelen1" sum="€900" type="15" no="7"/>
   <action player="Wyzzo" sum="€4,500" type="1" no="8"/>
   <action player="6y6HuJlka" sum="€9,000" type="2" no="9"/>
  </round>
 </game>
 <game gamecode="11589908901">
  <general>
   <players>
    <player name="starboy88" chips="134,200" dealer="0" seat="1" reg_code=""/>
    <player name="Believeee" chips="100,000" dealer="0" seat="2" reg_code=""/>
    <player name="pokermaniacu" chips="493,898" dealer="0" seat="4" reg_code=""/>
    <player name="dilelen1" chips="281,145" dealer="0" seat="5" reg_code=""/>
    <player name="Wyzzo" chips="855,680" dealer="1" seat="6" reg_code=""/>
    <player name="6y6HuJlka" chips="266,284" dealer="0" seat="7" reg_code=""/>
    <player name="TomSawyer33" chips="284,826" dealer="0" seat="9" reg_code=""/>
    <player name="Bigbarrel74r" chips="1,531,709" dealer="0" seat="10" reg_code=""/>
   </players>
  </general>
  <round no="0">
   <action player="6y6HuJlka" sum="€900" type="15" no="1"/>
   <action player="TomSawyer33" sum="€900" type="15" no="2"/>
   <action player="Bigbarrel74r" sum="€900" type="15" no="3"/>
   <action player="starboy88" sum="€900" type="15" no="4"/>
   <action player="Believeee" sum="€900" type="15" no="5"/>
   <action player="pokermaniacu" sum="€900" type="15" no="6"/>
   <action player="dilelen1" sum="€900" type="15" no="7"/>
   <action player="Wyzzo" sum="€900" type="15" no="8"/>
   <action player="6y6HuJlka" sum="€4,500" type="1" no="9"/>
   <action player="TomSawyer33" sum="€9,000" type="2" no="10"/>
  </round>
 </game>
</session>
