<?xml version="1.0" encoding="utf-8"?>
<session sessioncode="0">
 <general>
  <mode>real</mode>
  <gametype>Holdem NL</gametype>
  <tablename>€0.5 BOUNTY HUNTER, 1131246667</tablename>
  <tournamentcurrency>1</tournamentcurrency>
  <currency>USD</currency>
  <nickname>Gfs1505</nickname>
  <buyin>€0.12 + €0.35 + €0.03</buyin>
  <totalbuyin>€0.15</totalbuyin>
 </general>
 <game gamecode="11589933696">
  <general>
   <players>
    <player name="ayv2022" chips="130,436" dealer="0" seat="1" reg_code=""/>
    <player name="mcfc3cupssky" chips="503,600" dealer="0" seat="4" reg_code=""/>
    <player name="nunu1958" chips="234,072" dealer="0" seat="5" reg_code=""/>
    <player name="Prochy1212" chips="1,438,476" dealer="0" seat="6" reg_code=""/>
    <player name="Vitalya1963" chips="196,100" dealer="1" seat="7" reg_code=""/>
    <player name="saturnhoney333" chips="85,200" dealer="0" seat="9" reg_code=""/>
    <player name="DoloresDelirio" chips="385,074" dealer="0" seat="10" reg_code=""/>
   </players>
  </general>
  <round no="0">
   <action player="saturnhoney333" sum="€1,000" type="15" no="1"/>
   <action player="DoloresDelirio" sum="€1,000" type="15" no="2"/>
   <action player="ayv2022" sum="€1,000" type="15" no="3"/>
   <action player="mcfc3cupssky" sum="€1,000" type="15" no="4"/>
   <action player="nunu1958" sum="€1,000" type="15" no="5"/>
   <action player="Prochy1212" sum="€1,000" type="15" no="6"/>
   <action player="Vitalya1963" sum="€1,000" type="15" no="7"/>
   <action player="saturnhoney333" sum="€5,000" type="1" no="8"/>
   <action player="DoloresDelirio" sum="€10,000" type="2" no="9"/>
  </round>
 </game>
 <game gamecode="11589933905">
  <general>
   <players>
    <player name="joe79" chips="100,000" dealer="0" seat="2" reg_code=""/>
    <player name="mcfc3cupssky" chips="502,600" dealer="0" seat="4" reg_code=""/>
    <player name="nunu1958" chips="233,072" dealer="0" seat="5" reg_code=""/>
    <player name="Prochy1212" chips="1,188,040" dealer="0" seat="6" reg_code=""/>
    <player name="Vitalya1963" chips="195,100" dealer="0" seat="7" reg_code=""/>
    <player name="saturnhoney333" chips="79,200" dealer="1" seat="9" reg_code=""/>
    <player name="DoloresDelirio" chips="774,946" dealer="0" seat="10" reg_code=""/>
   </players>
  </general>
  <round no="0">
   <action player="DoloresDelirio" sum="€1,000" type="15" no="1"/>
   <action player="joe79" sum="€1,000" type="15" no="2"/>
   <action player="mcfc3cupssky" sum="€1,000" type="15" no="3"/>
   <action player="nunu1958" sum="€1,000" type="15" no="4"/>
   <action player="Prochy1212" sum="€1,000" type="15" no="5"/>
   <action player="Vitalya1963" sum="€1,000" type="15" no="6"/>
   <action player="saturnhoney333" sum="€1,000" type="15" no="7"/>
   <action player="DoloresDelirio" sum="€5,000" type="1" no="8"/>
   <action player="joe79" sum="€10,000" type="2" no="9"/>
  </round>
 </game>
 <game gamecode="11589934042">
  <general>
   <players>
    <player name="panbalu" chips="100,000" dealer="0" seat="1" reg_code=""/>
    <player name="joe79" chips="89,000" dealer="0" seat="2" reg_code=""/>
    <player name="mcfc3cupssky" chips="523,600" dealer="0" seat="4" reg_code=""/>
    <player name="nunu1958" chips="232,072" dealer="0" seat="5" reg_code=""/>
    <player name="Prochy1212" chips="1,187,040" dealer="0" seat="6" reg_code=""/>
    <player name="Vitalya1963" chips="194,100" dealer="0" seat="7" reg_code=""/>
    <player name="saturnhoney333" chips="78,200" dealer="0" seat="9" reg_code=""/>
    <player name="DoloresDelirio" chips="768,946" dealer="1" seat="10" reg_code=""/>
   </players>
  </general>
  <round no="0">
   <action player="joe79" sum="€1,000" type="15" no="1"/>
   <action player="mcfc3cupssky" sum="€1,000" type="15" no="2"/>
   <action player="nunu1958" sum="€1,000" type="15" no="3"/>
   <action player="Prochy1212" sum="€1,000" type="15" no="4"/>
   <action player="Vitalya1963" sum="€1,000" type="15" no="5"/>
   <action player="saturnhoney333" sum="€1,000" type="15" no="6"/>
   <action player="DoloresDelirio" sum="€1,000" type="15" no="7"/>
   <action player="joe79" sum="€5,000" type="1" no="8"/>
   <action player="mcfc3cupssky" sum="€10,000" type="2" no="9"/>
  </round>
 </game>
 <game gamecode="11589934273">
  <general>
   <players>
    <player name="panbalu" chips="100,000" dealer="0" seat="1" reg_code=""/>
    <player name="joe79" chips="83,000" dealer="1" seat="2" reg_code=""/>
    <player name="mcfc3cupssky" chips="512,600" dealer="0" seat="4" reg_code=""/>
    <player name="nunu1958" chips="150,072" dealer="0" seat="5" reg_code=""/>
    <player name="Prochy1212" chips="1,186,040" dealer="0" seat="6" reg_code=""/>
    <player name="Vitalya1963" chips="193,100" dealer="0" seat="7" reg_code=""/>
    <player name="saturnhoney333" chips="77,200" dealer="0" seat="9" reg_code=""/>
    <player name="DoloresDelirio" chips="870,946" dealer="0" seat="10" reg_code=""/>
   </players>
  </general>
  <round no="0">
   <action player="mcfc3cupssky" sum="€1,000" type="15" no="1"/>
   <action player="nunu1958" sum="€1,000" type="15" no="2"/>
   <action player="Prochy1212" sum="€1,000" type="15" no="3"/>
   <action player="Vitalya1963" sum="€1,000" type="15" no="4"/>
   <action player="saturnhoney333" sum="€1,000" type="15" no="5"/>
   <action player="DoloresDelirio" sum="€1,000" type="15" no="6"/>
   <action player="panbalu" sum="€1,000" type="15" no="7"/>
   <action player="joe79" sum="€1,000" type="15" no="8"/>
   <action player="mcfc3cupssky" sum="€5,000" type="1" no="9"/>
   <action player="nunu1958" sum="€10,000" type="2" no="10"/>
  </round>
 </game>
 <game gamecode="11589934521">
  <general>
   <players>
    <player name="panbalu" chips="99,000" dealer="0" seat="1" reg_code=""/>
    <player name="joe79" chips="62,000" dealer="0" seat="2" reg_code=""/>
    <player name="mcfc3cupssky" chips="506,600" dealer="1" seat="4" reg_code=""/>
    <player name="nunu1958" chips="109,072" dealer="0" seat="5" reg_code=""/>
    <player name="Prochy1212" chips="1,155,040" dealer="0" seat="6" reg_code=""/>
    <player name="Vitalya1963" chips="192,100" dealer="0" seat="7" reg_code=""/>
    <player name="saturnhoney333" chips="76,200" dealer="0" seat="9" reg_code=""/>
    <player name="DoloresDelirio" chips="972,946" dealer="0" seat="10" reg_code=""/>
   </players>
  </general>
  <round no="0">
   <action player="nunu1958" sum="€1,200" type="15" no="1"/>
   <action player="Prochy1212" sum="€1,200" type="15" no="2"/>
   <action player="Vitalya1963" sum="€1,200" type="15" no="3"/>
   <action player="saturnhoney333" sum="€1,200" type="15" no="4"/>
   <action player="DoloresDelirio" sum="€1,200" type="15" no="5"/>
   <action player="panbalu" sum="€1,200" type="15" no="6"/>
   <action player="joe79" sum="€1,200" type="15" no="7"/>
   <action player="mcfc3cupssky" sum="€1,200" type="15" no="8"/>
   <action player="nunu1958" sum="€6,000" type="1" no="9"/>
   <action player="Prochy1212" sum="€12,000" type="2" no="10"/>
  </round>
 </game>
 <game gamecode="11589934633">
  <general>
   <players>
    <player name="panbalu" chips="97,800" dealer="0" seat="1" reg_code=""/>
    <player name="joe79" chips="60,800" dealer="0" seat="2" reg_code=""/>
    <player name="mcfc3cupssky" chips="505,400" dealer="0" seat="4" reg_code=""/>
    <player name="Prochy1212" chips="182,094" dealer="0" seat="6" reg_code=""/>
    <player name="Vitalya1963" chips="190,900" dealer="0" seat="7" reg_code=""/>
    <player name="saturnhoney333" chips="75,000" dealer="0" seat="9" reg_code=""/>
    <player name="DoloresDelirio" chips="2,060,964" dealer="0" seat="10" reg_code=""/>
   </players>
  </general>
  <round no="0">
   <action player="Prochy1212" sum="€1,200" type="15" no="1"/>
   <action player="Vitalya1963" sum="€1,200" type="15" no="2"/>
   <action player="saturnhoney333" sum="€1,200" type="15" no="3"/>
   <action player="DoloresDelirio" sum="€1,200" type="15" no="4"/>
   <action player="panbalu" sum="€1,200" type="15" no="5"/>
   <action player="joe79" sum="€1,200" type="15" no="6"/>
   <action player="mcfc3cupssky" sum="€1,200" type="15" no="7"/>
   <action player="Prochy1212" sum="€6,000" type="1" no="8"/>
   <action player="Vitalya1963" sum="€12,000" type="2" no="9"/>
  </round>
 </game>
 <game gamecode="11589961755">
  <general>
   <players>
    <player name="panbalu" chips="96,600" dealer="0" seat="1" reg_code=""/>
    <player name="joe79" chips="59,600" dealer="0" seat="2" reg_code=""/>
    <player name="mcfc3cupssky" chips="504,200" dealer="0" seat="4" reg_code=""/>
    <player name="MartySmith24" chips="97,600" dealer="0" seat="5" reg_code=""/>
    <player name="Prochy1212" chips="382,188" dealer="1" seat="6" reg_code=""/>
    <player name="Vitalya1963" chips="177,700" dealer="0" seat="7" reg_code=""/>
    <player name="saturnhoney333" chips="73,800" dealer="0" seat="9" reg_code=""/>
    <player name="DoloresDelirio" chips="1,878,870" dealer="0" seat="10" reg_code=""/>
   </players>
  </general>
  <round no="0">
   <action player="Vitalya1963" sum="€1,200" type="15" no="1"/>
   <action player="saturnhoney333" sum="€1,200" type="15" no="2"/>
   <action player="DoloresDelirio" sum="€1,200" type="15" no="3"/>
   <action player="panbalu" sum="€1,200" type="15" no="4"/>
   <action player="joe79" sum="€1,200" type="15" no="5"/>
   <action player="mcfc3cupssky" sum="€1,200" type="15" no="6"/>
   <action player="MartySmith24" sum="€1,200" type="15" no="7"/>
   <action player="Prochy1212" sum="€1,200" type="15" no="8"/>
   <action player="Vitalya1963" sum="€6,000" type="1" no="9"/>
   <action player="saturnhoney333" sum="€12,000" type="2" no="10"/>
  </round>
 </game>
 <game gamecode="11589961826">
  <general>
   <players>
    <player name="panbalu" chips="83,400" dealer="0" seat="1" reg_code=""/>
    <player name="joe79" chips="58,400" dealer="0" seat="2" reg_code=""/>
    <player name="mcfc3cupssky" chips="503,000" dealer="0" seat="4" reg_code=""/>
    <player name="MartySmith24" chips="96,400" dealer="0" seat="5" reg_code=""/>
    <player name="Prochy1212" chips="420,588" dealer="0" seat="6" reg_code=""/>
    <player name="Vitalya1963" chips="170,500" dealer="1" seat="7" reg_code=""/>
    <player name="saturnhoney333" chips="60,600" dealer="0" seat="9" reg_code=""/>
    <player name="DoloresDelirio" chips="1,877,670" dealer="0" seat="10" reg_code=""/>
   </players>
  </general>
  <round no="0">
   <action player="saturnhoney333" sum="€1,200" type="15" no="1"/>
   <action player="DoloresDelirio" sum="€1,200" type="15" no="2"/>
   <action player="panbalu" sum="€1,200" type="15" no="3"/>
   <action player="joe79" sum="€1,200" type="15" no="4"/>
   <action player="mcfc3cupssky" sum="€1,200" type="15" no="5"/>
   <action player="MartySmith24" sum="€1,200" type="15" no="6"/>
   <action player="Prochy1212" sum="€1,200" type="15" no="7"/>
   <action player="Vitalya1963" sum="€1,200" type="15" no="8"/>
   <action player="saturnhoney333" sum="€6,000" type="1" no="9"/>
   <action player="DoloresDelirio" sum="€12,000" type="2" no="10"/>
  </round>
 </game>
 <game gamecode="11589961940">
  <general>
   <players>
    <player name="panbalu" chips="82,200" dealer="0" seat="1" reg_code=""/>
    <player name="mcfc3cupssky" chips="501,800" dealer="0" seat="4" reg_code=""/>
    <player name="MartySmith24" chips="95,200" dealer="0" seat="5" reg_code=""/>
    <player name="Prochy1212" chips="419,388" dealer="0" seat="6" reg_code=""/>
    <player name="Vitalya1963" chips="169,300" dealer="0" seat="7" reg_code=""/>
    <player name="saturnhoney333" chips="53,400" dealer="1" seat="9" reg_code=""/>
    <player name="DoloresDelirio" chips="1,949,270" dealer="0" seat="10" reg_code=""/>
   </players>
  </general>
  <round no="0">
   <action player="DoloresDelirio" sum="€1,200" type="15" no="1"/>
   <action player="panbalu" sum="€1,200" type="15" no="2"/>
   <action player="mcfc3cupssky" sum="€1,200" type="15" no="3"/>
   <action player="MartySmith24" sum="€1,200" type="15" no="4"/>
   <action player="Prochy1212" sum="€1,200" type="15" no="5"/>
   <action player="Vitalya1963" sum="€1,200" type="15" no="6"/>
   <action player="saturnhoney333" sum="€1,200" type="15" no="7"/>
   <action player="DoloresDelirio" sum="€6,000" type="1" no="8"/>
   <action player="panbalu" sum="€12,000" type="2" no="9"/>
  </round>
 </game>
 <game gamecode="11589962046">
  <general>
   <players>
    <player name="mcfc3cupssky" chips="500,600" dealer="0" seat="4" reg_code=""/>
    <player name="MartySmith24" chips="94,000" dealer="0" seat="5" reg_code=""/>
    <player name="Prochy1212" chips="418,188" dealer="0" seat="6" reg_code=""/>
    <player name="Vitalya1963" chips="156,100" dealer="0" seat="7" reg_code=""/>
    <player name="saturnhoney333" chips="52,200" dealer="0" seat="9" reg_code=""/>
    <player name="DoloresDelirio" chips="2,049,470" dealer="1" seat="10" reg_code=""/>
   </players>
  </general>
  <round no="0">
   <action player="mcfc3cupssky" sum="€1,200" type="15" no="1"/>
   <action player="MartySmith24" sum="€1,200" type="15" no="2"/>
   <action player="Prochy1212" sum="€1,200" type="15" no="3"/>
   <action player="Vitalya1963" sum="€1,200" type="15" no="4"/>
   <action player="saturnhoney333" sum="€1,200" type="15" no="5"/>
   <action player="DoloresDelirio" sum="€1,200" type="15" no="6"/>
   <action player="mcfc3cupssky" sum="€12,000" type="2" no="7"/>
  </round>
 </game>
 <game gamecode="11589962150">
  <general>
   <players>
    <player name="hammer53sky" chips="172,848" dealer="0" seat="1" reg_code=""/>
    <player name="lionfunny589" chips="151,600" dealer="0" seat="2" reg_code=""/>
    <player name="mcfc3cupssky" chips="487,400" dealer="1" seat="4" reg_code=""/>
    <player name="MartySmith24" chips="92,800" dealer="0" seat="5" reg_code=""/>
    <player name="Prochy1212" chips="416,988" dealer="0" seat="6" reg_code=""/>
    <player name="Vitalya1963" chips="329,000" dealer="0" seat="7" reg_code=""/>
    <player name="saturnhoney333" chips="51,000" dealer="0" seat="9" reg_code=""/>
    <player name="DoloresDelirio" chips="1,893,370" dealer="0" seat="10" reg_code=""/>
   </players>
  </general>
  <round no="0">
   <action player="MartySmith24" sum="€1,200" type="15" no="1"/>
   <action player="Prochy1212" sum="€1,200" type="15" no="2"/>
   <action player="Vitalya1963" sum="€1,200" type="15" no="3"/>
   <action player="saturnhoney333" sum="€1,200" type="15" no="4"/>
   <action player="DoloresDelirio" sum="€1,200" type="15" no="5"/>
   <action player="hammer53sky" sum="€1,200" type="15" no="6"/>
   <action player="lionfunny589" sum="€1,200" type="15" no="7"/>
   <action player="mcfc3cupssky" sum="€1,200" type="15" no="8"/>
   <action player="MartySmith24" sum="€6,000" type="1" no="9"/>
   <action player="Prochy1212" sum="€12,000" type="2" no="10"/>
  </round>
 </game>
 <game gamecode="11589962257">
  <general>
   <players>
    <player name="hammer53sky" chips="171,648" dealer="0" seat="1" reg_code=""/>
    <player name="lionfunny589" chips="150,400" dealer="0" seat="2" reg_code=""/>
    <player name="mcfc3cupssky" chips="486,200" dealer="0" seat="4" reg_code=""/>
    <player name="MartySmith24" chips="85,600" dealer="1" seat="5" reg_code=""/>
    <player name="Prochy1212" chips="847,176" dealer="0" seat="6" reg_code=""/>
    <player name="Vitalya1963" chips="327,800" dealer="0" seat="7" reg_code=""/>
    <player name="saturnhoney333" chips="49,800" dealer="0" seat="9" reg_code=""/>
    <player name="DoloresDelirio" chips="1,476,382" dealer="0" seat="10" reg_code=""/>
   </players>
  </general>
  <round no="0">
   <action player="Prochy1212" sum="€1,200" type="15" no="1"/>
   <action player="Vitalya1963" sum="€1,200" type="15" no="2"/>
   <action player="saturnhoney333" sum="€1,200" type="15" no="3"/>
   <action player="DoloresDelirio" sum="€1,200" type="15" no="4"/>
   <action player="hammer53sky" sum="€1,200" type="15" no="5"/>
   <action player="lionfunny589" sum="€1,200" type="15" no="6"/>
   <action player="mcfc3cupssky" sum="€1,200" type="15" no="7"/>
   <action player="MartySmith24" sum="€1,200" type="15" no="8"/>
   <action player="Prochy1212" sum="€6,000" type="1" no="9"/>
   <action player="Vitalya1963" sum="€12,000" type="2" no="10"/>
  </round>
 </game>
</session>
