<?xml version="1.0" encoding="utf-8"?>
<session sessioncode="8412012496">
 <general>
  <mode>real</mode>
  <gametype>Holdem NL</gametype>
  <tablename>€0.5 BOUNTY HUNTER, 1131248473</tablename>
  <tournamentcurrency>1</tournamentcurrency>
  <currency>USD</currency>
  <nickname>Gfs1505</nickname>
  <buyin>€0.12 + €0.35 + €0.03</buyin>
  <totalbuyin>€0.15</totalbuyin>
 </general>
 <game gamecode="11589875137">
  <general>
   <players>
    <player name="bugjolly2437" chips="154,857" dealer="0" seat="1" reg_code=""/>
    <player name="Gfs1505" chips="100,000" dealer="0" seat="2" reg_code="8412012496"/>
    <player name="MontyyN" chips="248,740" dealer="1" seat="4" reg_code=""/>
    <player name="wayne100" chips="735,056" dealer="0" seat="5" reg_code=""/>
    <player name="Rabbbbsky" chips="201,100" dealer="0" seat="6" reg_code=""/>
    <player name="ravenroyal28" chips="222,700" dealer="0" seat="7" reg_code=""/>
    <player name="nunu1958" chips="253,290" dealer="0" seat="9" reg_code=""/>
    <player name="quizwarrior" chips="156,250" dealer="0" seat="10" reg_code=""/>
   </players>
  </general>
  <round no="0">
   <action player="wayne100" sum="€800" type="15" no="1"/>
   <action player="Rabbbbsky" sum="€800" type="15" no="2"/>
   <action player="ravenroyal28" sum="€800" type="15" no="3"/>
   <action player="nunu1958" sum="€800" type="15" no="4"/>
   <action player="quizwarrior" sum="€800" type="15" no="5"/>
   <action player="bugjolly2437" sum="€800" type="15" no="6"/>
   <action player="Gfs1505" sum="€800" type="15" no="7"/>
   <action player="MontyyN" sum="€800" type="15" no="8"/>
   <action player="wayne100" sum="€4,000" type="1" no="9"/>
   <action player="Rabbbbsky" sum="€8,000" type="2" no="10"/>
  </round>
 </game>
 <game gamecode="11589875338">
  <general>
   <players>
    <player name="bugjolly2437" chips="154,057" dealer="0" seat="1" reg_code=""/>
    <player name="Gfs1505" chips="99,200" dealer="0" seat="2" reg_code="8412012496"/>
    <player name="MontyyN" chips="191,940" dealer="0" seat="4" reg_code=""/>
    <player name="Rabbbbsky" chips="168,300" dealer="0" seat="6" reg_code=""/>
    <player name="ravenroyal28" chips="221,900" dealer="0" seat="7" reg_code=""/>
    <player name="nunu1958" chips="244,490" dealer="0" seat="9" reg_code=""/>
    <player name="quizwarrior" chips="155,450" dealer="0" seat="10" reg_code=""/>
   </players>
  </general>
  <round no="0">
   <action player="Rabbbbsky" sum="€800" type="15" no="1"/>
   <action player="ravenroyal28" sum="€800" type="15" no="2"/>
   <action player="nunu1958" sum="€800" type="15" no="3"/>
   <action player="quizwarrior" sum="€800" type="15" no="4"/>
   <action player="bugjolly2437" sum="€800" type="15" no="5"/>
   <action player="Gfs1505" sum="€800" type="15" no="6"/>
   <action player="MontyyN" sum="€800" type="15" no="7"/>
   <action player="Rabbbbsky" sum="€4,000" type="1" no="8"/>
   <action player="ravenroyal28" sum="€8,000" type="2" no="9"/>
  </round>
 </game>
 <game gamecode="11589904744">
  <general>
   <players>
    <player name="bugjolly2437" chips="153,257" dealer="0" seat="1" reg_code=""/>
    <player name="Gfs1505" chips="98,400" dealer="0" seat="2" reg_code="8412012496"/>
    <player name="MontyyN" chips="183,140" dealer="0" seat="4" reg_code=""/>
    <player name="fighterred625" chips="100,000" dealer="0" seat="5" reg_code=""/>
    <player name="Rabbbbsky" chips="163,500" dealer="1" seat="6" reg_code=""/>
    <player name="ravenroyal28" chips="205,100" dealer="0" seat="7" reg_code=""/>
    <player name="nunu1958" chips="277,290" dealer="0" seat="9" reg_code=""/>
    <player name="quizwarrior" chips="154,650" dealer="0" seat="10" reg_code=""/>
   </players>
  </general>
  <round no="0">
   <action player="ravenroyal28" sum="€800" type="15" no="1"/>
   <action player="nunu1958" sum="€800" type="15" no="2"/>
   <action player="quizwarrior" sum="€800" type="15" no="3"/>
   <action player="bugjolly2437" sum="€800" type="15" no="4"/>
   <action player="Gfs1505" sum="€800" type="15" no="5"/>
   <action player="MontyyN" sum="€800" type="15" no="6"/>
   <action player="fighterred625" sum="€800" type="15" no="7"/>
   <action player="Rabbbbsky" sum="€800" type="15" no="8"/>
   <action player="ravenroyal28" sum="€4,000" type="1" no="9"/>
   <action player="nunu1958" sum="€8,000" type="2" no="10"/>
  </round>
 </game>
 <game gamecode="11589905148">
  <general>
   <players>
    <player name="Gfs1505" chips="97,600" dealer="0" seat="1" reg_code="8412012496"/>
    <player name="Ralfsj" chips="166,340" dealer="0" seat="2" reg_code=""/>
    <player name="dragonglad54" chips="197,972" dealer="1" seat="4" reg_code=""/>
    <player name="vitaminka63" chips="650,856" dealer="0" seat="5" reg_code=""/>
    <player name="xxMONSTER" chips="70,300" dealer="0" seat="6" reg_code=""/>
    <player name="Dewi1981" chips="869,867" dealer="0" seat="7" reg_code=""/>
    <player name="colonelhard414" chips="328,700" dealer="0" seat="9" reg_code=""/>
    <player name="fmaciell007" chips="79,934" dealer="0" seat="10" reg_code=""/>
   </players>
  </general>
  <round no="0">
   <action player="vitaminka63" sum="€900" type="15" no="1"/>
   <action player="xxMONSTER" sum="€900" type="15" no="2"/>
   <action player="Dewi1981" sum="€900" type="15" no="3"/>
   <action player="colonelhard414" sum="€900" type="15" no="4"/>
   <action player="fmaciell007" sum="€900" type="15" no="5"/>
   <action player="Gfs1505" sum="€900" type="15" no="6"/>
   <action player="Ralfsj" sum="€900" type="15" no="7"/>
   <action player="dragonglad54" sum="€900" type="15" no="8"/>
   <action player="vitaminka63" sum="€4,500" type="1" no="9"/>
   <action player="xxMONSTER" sum="€9,000" type="2" no="10"/>
  </round>
 </game>
 <game gamecode="11589905329">
  <general>
   <players>
    <player name="Gfs1505" chips="96,700" dealer="0" seat="1" reg_code="8412012496"/>
    <player name="Ralfsj" chips="165,440" dealer="0" seat="2" reg_code=""/>
    <player name="dragonglad54" chips="197,072" dealer="0" seat="4" reg_code=""/>
    <player name="vitaminka63" chips="645,456" dealer="1" seat="5" reg_code=""/>
    <player name="xxMONSTER" chips="60,400" dealer="0" seat="6" reg_code=""/>
    <player name="Dewi1981" chips="859,967" dealer="0" seat="7" reg_code=""/>
    <player name="colonelhard414" chips="248,766" dealer="0" seat="9" reg_code=""/>
    <player name="fmaciell007" chips="187,768" dealer="0" seat="10" reg_code=""/>
   </players>
  </general>
  <round no="0">
   <action player="xxMONSTER" sum="€900" type="15" no="1"/>
   <action player="Dewi1981" sum="€900" type="15" no="2"/>
   <action player="colonelhard414" sum="€900" type="15" no="3"/>
   <action player="fmaciell007" sum="€900" type="15" no="4"/>
   <action player="Gfs1505" sum="€900" type="15" no="5"/>
   <action player="Ralfsj" sum="€900" type="15" no="6"/>
   <action player="dragonglad54" sum="€900" type="15" no="7"/>
   <action player="vitaminka63" sum="€900" type="15" no="8"/>
   <action player="xxMONSTER" sum="€4,500" type="1" no="9"/>
   <action player="Dewi1981" sum="€9,000" type="2" no="10"/>
  </round>
 </game>
 <game gamecode="11589905448">
  <general>
   <players>
    <player name="Gfs1505" chips="95,800" dealer="0" seat="1" reg_code="8412012496"/>
    <player name="Ralfsj" chips="164,540" dealer="0" seat="2" reg_code=""/>
    <player name="dragonglad54" chips="196,172" dealer="0" seat="4" reg_code=""/>
    <player name="vitaminka63" chips="644,556" dealer="0" seat="5" reg_code=""/>
    <player name="xxMONSTER" chips="50,500" dealer="1" seat="6" reg_code=""/>
    <player name="Dewi1981" chips="875,267" dealer="0" seat="7" reg_code=""/>
    <player name="colonelhard414" chips="247,866" dealer="0" seat="9" reg_code=""/>
    <player name="fmaciell007" chips="186,868" dealer="0" seat="10" reg_code=""/>
   </players>
  </general>
  <round no="0">
   <action player="Dewi1981" sum="€900" type="15" no="1"/>
   <action player="colonelhard414" sum="€900" type="15" no="2"/>
   <action player="fmaciell007" sum="€900" type="15" no="3"/>
   <action player="Gfs1505" sum="€900" type="15" no="4"/>
   <action player="Ralfsj" sum="€900" type="15" no="5"/>
   <action player="dragonglad54" sum="€900" type="15" no="6"/>
   <action player="vitaminka63" sum="€900" type="15" no="7"/>
   <action player="xxMONSTER" sum="€900" type="15" no="8"/>
   <action player="Dewi1981" sum="€4,500" type="1" no="9"/>
   <action player="colonelhard414" sum="€9,000" type="2" no="10"/>
  </round>
 </game>
 <game gamecode="11589905611">
  <general>
   <players>
    <player name="Gfs1505" chips="94,900" dealer="0" seat="1" reg_code="8412012496"/>
    <player name="Ralfsj" chips="163,640" dealer="0" seat="2" reg_code=""/>
    <player name="dragonglad54" chips="132,272" dealer="0" seat="4" reg_code=""/>
    <player name="vitaminka63" chips="776,956" dealer="0" seat="5" reg_code=""/>
    <player name="Dewi1981" chips="869,867" dealer="1" seat="7" reg_code=""/>
    <player name="colonelhard414" chips="237,966" dealer="0" seat="9" reg_code=""/>
    <player name="fmaciell007" chips="185,968" dealer="0" seat="10" reg_code=""/>
   </players>
  </general>
  <round no="0">
   <action player="colonelhard414" sum="€900" type="15" no="1"/>
   <action player="fmaciell007" sum="€900" type="15" no="2"/>
   <action player="Gfs1505" sum="€900" type="15" no="3"/>
   <action player="Ralfsj" sum="€900" type="15" no="4"/>
   <action player="dragonglad54" sum="€900" type="15" no="5"/>
   <action player="vitaminka63" sum="€900" type="15" no="6"/>
   <action player="Dewi1981" sum="€900" type="15" no="7"/>
   <action player="colonelhard414" sum="€4,500" type="1" no="8"/>
   <action player="fmaciell007" sum="€9,000" type="2" no="9"/>
  </round>
 </game>
</session>
