<?xml version="1.0" encoding="utf-8"?>
<session sessioncode="8412012496">
 <general>
  <client_version>25.1.1.9</client_version>
  <mode>real</mode>
  <gametype>Holdem NL</gametype>
  <tablename>€0.5 BOUNTY HUNTER, 1131248473</tablename>
  <tournamentcurrency>EUR</tournamentcurrency>
  <duration>00:10:23</duration>
  <gamecount>8</gamecount>
  <startdate>2025-07-22 16:23:02</startdate>
  <currency>USD</currency>
  <nickname>Gfs1505</nickname>
  <bets>5,100</bets>
  <wins>0</wins>
  <chipsin>99,200</chipsin>
  <chipsout>94,900</chipsout>
  <statuspoints>0.00</statuspoints>
  <awardpoints>0.00</awardpoints>
  <ipoints>0.00</ipoints>
  <tablesize>8</tablesize>
  <tournamentcode>1130503313</tournamentcode>
  <tournamentname>€0.5 BOUNTY HUNTER</tournamentname>
  <place>N/A</place>
  <buyin>€0.12 + €0.35 + €0.03</buyin>
  <totalbuyin>€0.50</totalbuyin>
  <win>N/A</win>
 </general>
 <game gamecode="11589874906">
  <general>
   <startdate>2025-07-22 16:23:02</startdate>
   <smallblind>4,000</smallblind>
   <bigblind>8,000</bigblind>
   <ante>800</ante>
   <players>
    <player name="bugjolly2437" chips="155,657" dealer="0" bet="800" addon="0" rebuy="0" win="0" seat="1" reg_code=""/>
    <player name="MontyyN" chips="257,540" dealer="0" bet="8,800" addon="0" rebuy="0" win="0" seat="4" reg_code=""/>
    <player name="wayne100" chips="743,856" dealer="0" bet="8,800" addon="0" rebuy="0" win="0" seat="5" reg_code=""/>
    <player name="Rabbbbsky" chips="201,900" dealer="0" bet="800" addon="0" rebuy="0" win="0" seat="6" reg_code=""/>
    <player name="ravenroyal28" chips="231,500" dealer="0" bet="8,800" addon="0" rebuy="0" win="0" seat="7" reg_code=""/>
    <player name="nunu1958" chips="224,490" dealer="0" bet="16,800" addon="0" rebuy="0" win="37,600" seat="9" reg_code=""/>
    <player name="quizwarrior" chips="157,050" dealer="0" bet="800" addon="0" rebuy="0" win="0" seat="10" reg_code=""/>
   </players>
  </general>
  <round no="0">
   <action player="MontyyN" sum="800" type="15" no="1"/>
   <action player="wayne100" sum="800" type="15" no="2"/>
   <action player="Rabbbbsky" sum="800" type="15" no="3"/>
   <action player="ravenroyal28" sum="800" type="15" no="4"/>
   <action player="nunu1958" sum="800" type="15" no="5"/>
   <action player="quizwarrior" sum="800" type="15" no="6"/>
   <action player="bugjolly2437" sum="800" type="15" no="7"/>
   <action player="MontyyN" sum="4,000" type="1" no="8"/>
   <action player="wayne100" sum="8,000" type="2" no="9"/>
  </round>
  <round no="1">
   <cards player="Rabbbbsky" type="Pocket">X X</cards>
   <action player="Rabbbbsky" sum="0" type="0" no="10"/>
   <cards player="ravenroyal28" type="Pocket">X X</cards>
   <action player="ravenroyal28" sum="8,000" type="3" no="11"/>
   <cards player="nunu1958" type="Pocket">X X</cards>
   <action player="nunu1958" sum="8,000" type="3" no="12"/>
   <cards player="quizwarrior" type="Pocket">X X</cards>
   <action player="quizwarrior" sum="0" type="0" no="13"/>
   <cards player="bugjolly2437" type="Pocket">X X</cards>
   <action player="bugjolly2437" sum="0" type="0" no="14"/>
   <cards player="MontyyN" type="Pocket">X X</cards>
   <action player="MontyyN" sum="4,000" type="3" no="15"/>
   <cards player="wayne100" type="Pocket">X X</cards>
   <action player="wayne100" sum="0" type="4" no="16"/>
  </round>
  <round no="2">
   <cards type="Flop">CQ S6 SQ</cards>
   <action player="MontyyN" sum="0" type="4" no="17"/>
   <action player="wayne100" sum="0" type="4" no="18"/>
   <action player="ravenroyal28" sum="0" type="4" no="19"/>
   <action player="nunu1958" sum="0" type="4" no="20"/>
  </round>
  <round no="3">
   <cards type="Turn">C3</cards>
   <action player="MontyyN" sum="0" type="4" no="21"/>
   <action player="wayne100" sum="0" type="4" no="22"/>
   <action player="ravenroyal28" sum="0" type="4" no="23"/>
   <action player="nunu1958" sum="0" type="4" no="24"/>
  </round>
  <round no="4">
   <cards type="River">D6</cards>
   <action player="MontyyN" sum="0" type="4" no="25"/>
   <action player="wayne100" sum="0" type="4" no="26"/>
   <action player="ravenroyal28" sum="0" type="4" no="27"/>
   <action player="nunu1958" sum="8,000" type="5" no="28"/>
   <action player="MontyyN" sum="0" type="0" no="29"/>
   <action player="wayne100" sum="0" type="0" no="30"/>
   <action player="ravenroyal28" sum="0" type="0" no="31"/>
  </round>
 </game>
 <game gamecode="11589875137">
  <general>
   <startdate>2025-07-22 16:24:40</startdate>
   <smallblind>4,000</smallblind>
   <bigblind>8,000</bigblind>
   <ante>800</ante>
   <players>
    <player name="bugjolly2437" chips="154,857" dealer="0" bet="800" addon="0" rebuy="0" win="0" seat="1" reg_code=""/>
    <player name="Gfs1505" chips="100,000" dealer="0" bet="800" addon="0" rebuy="0" win="0" seat="2" reg_code="8412012496"/>
    <player name="MontyyN" chips="248,740" dealer="1" bet="56,800" addon="0" rebuy="0" win="0" seat="4" reg_code=""/>
    <player name="wayne100" chips="735,056" dealer="0" bet="56,800" addon="0" rebuy="0" win="158,400" seat="5" reg_code=""/>
    <player name="Rabbbbsky" chips="201,100" dealer="0" bet="32,800" addon="0" rebuy="0" win="0" seat="6" reg_code=""/>
    <player name="ravenroyal28" chips="222,700" dealer="0" bet="800" addon="0" rebuy="0" win="0" seat="7" reg_code=""/>
    <player name="nunu1958" chips="253,290" dealer="0" bet="8,800" addon="0" rebuy="0" win="0" seat="9" reg_code=""/>
    <player name="quizwarrior" chips="156,250" dealer="0" bet="800" addon="0" rebuy="0" win="0" seat="10" reg_code=""/>
   </players>
  </general>
  <round no="0">
   <action player="wayne100" sum="800" type="15" no="1"/>
   <action player="Rabbbbsky" sum="800" type="15" no="2"/>
   <action player="ravenroyal28" sum="800" type="15" no="3"/>
   <action player="nunu1958" sum="800" type="15" no="4"/>
   <action player="quizwarrior" sum="800" type="15" no="5"/>
   <action player="bugjolly2437" sum="800" type="15" no="6"/>
   <action player="Gfs1505" sum="800" type="15" no="7"/>
   <action player="MontyyN" sum="800" type="15" no="8"/>
   <action player="wayne100" sum="4,000" type="1" no="9"/>
   <action player="Rabbbbsky" sum="8,000" type="2" no="10"/>
  </round>
  <round no="1">
   <cards player="ravenroyal28" type="Pocket">X X</cards>
   <action player="ravenroyal28" sum="0" type="0" no="11"/>
   <cards player="nunu1958" type="Pocket">X X</cards>
   <action player="nunu1958" sum="8,000" type="3" no="12"/>
   <cards player="quizwarrior" type="Pocket">X X</cards>
   <action player="quizwarrior" sum="0" type="0" no="13"/>
   <cards player="bugjolly2437" type="Pocket">X X</cards>
   <action player="bugjolly2437" sum="0" type="0" no="14"/>
   <cards player="Gfs1505" type="Pocket">H8 C3</cards>
   <action player="Gfs1505" sum="0" type="0" no="15"/>
   <cards player="MontyyN" type="Pocket">D10 C9</cards>
   <action player="MontyyN" sum="8,000" type="3" no="16"/>
   <cards player="wayne100" type="Pocket">S6 D4</cards>
   <action player="wayne100" sum="4,000" type="3" no="17"/>
   <cards player="Rabbbbsky" type="Pocket">X X</cards>
   <action player="Rabbbbsky" sum="0" type="4" no="18"/>
  </round>
  <round no="2">
   <cards type="Flop">C2 S4 C8</cards>
   <action player="wayne100" sum="0" type="4" no="19"/>
   <action player="Rabbbbsky" sum="8,000" type="5" no="20"/>
   <action player="nunu1958" sum="0" type="0" no="21"/>
   <action player="MontyyN" sum="8,000" type="3" no="22"/>
   <action player="wayne100" sum="8,000" type="3" no="23"/>
  </round>
  <round no="3">
   <cards type="Turn">S10</cards>
   <action player="wayne100" sum="0" type="4" no="24"/>
   <action player="Rabbbbsky" sum="8,000" type="5" no="25"/>
   <action player="MontyyN" sum="8,000" type="3" no="26"/>
   <action player="wayne100" sum="8,000" type="3" no="27"/>
  </round>
  <round no="4">
   <cards type="River">C4</cards>
   <action player="wayne100" sum="0" type="4" no="28"/>
   <action player="Rabbbbsky" sum="8,000" type="5" no="29"/>
   <action player="MontyyN" sum="8,000" type="3" no="30"/>
   <action player="wayne100" sum="32,000" type="23" no="31"/>
   <action player="Rabbbbsky" sum="0" type="0" no="32"/>
   <action player="MontyyN" sum="24,000" type="3" no="33"/>
  </round>
 </game>
 <game gamecode="11589875338">
  <general>
   <startdate>2025-07-22 16:26:11</startdate>
   <smallblind>4,000</smallblind>
   <bigblind>8,000</bigblind>
   <ante>800</ante>
   <players>
    <player name="bugjolly2437" chips="154,057" dealer="0" bet="800" addon="0" rebuy="0" win="0" seat="1" reg_code=""/>
    <player name="Gfs1505" chips="99,200" dealer="0" bet="800" addon="0" rebuy="0" win="0" seat="2" reg_code="8412012496"/>
    <player name="MontyyN" chips="191,940" dealer="0" bet="8,800" addon="0" rebuy="0" win="0" seat="4" reg_code=""/>
    <player name="Rabbbbsky" chips="168,300" dealer="0" bet="4,800" addon="0" rebuy="0" win="0" seat="6" reg_code=""/>
    <player name="ravenroyal28" chips="221,900" dealer="0" bet="16,800" addon="0" rebuy="0" win="0" seat="7" reg_code=""/>
    <player name="nunu1958" chips="244,490" dealer="0" bet="16,800" addon="0" rebuy="0" win="49,600" seat="9" reg_code=""/>
    <player name="quizwarrior" chips="155,450" dealer="0" bet="800" addon="0" rebuy="0" win="0" seat="10" reg_code=""/>
   </players>
  </general>
  <round no="0">
   <action player="Rabbbbsky" sum="800" type="15" no="1"/>
   <action player="ravenroyal28" sum="800" type="15" no="2"/>
   <action player="nunu1958" sum="800" type="15" no="3"/>
   <action player="quizwarrior" sum="800" type="15" no="4"/>
   <action player="bugjolly2437" sum="800" type="15" no="5"/>
   <action player="Gfs1505" sum="800" type="15" no="6"/>
   <action player="MontyyN" sum="800" type="15" no="7"/>
   <action player="Rabbbbsky" sum="4,000" type="1" no="8"/>
   <action player="ravenroyal28" sum="8,000" type="2" no="9"/>
  </round>
  <round no="1">
   <cards player="nunu1958" type="Pocket">SA DK</cards>
   <action player="nunu1958" sum="8,000" type="3" no="10"/>
   <cards player="quizwarrior" type="Pocket">X X</cards>
   <action player="quizwarrior" sum="0" type="0" no="11"/>
   <cards player="bugjolly2437" type="Pocket">X X</cards>
   <action player="bugjolly2437" sum="0" type="0" no="12"/>
   <cards player="Gfs1505" type="Pocket">S2 CQ</cards>
   <action player="Gfs1505" sum="0" type="0" no="13"/>
   <cards player="MontyyN" type="Pocket">X X</cards>
   <action player="MontyyN" sum="8,000" type="3" no="14"/>
   <cards player="Rabbbbsky" type="Pocket">X X</cards>
   <action player="Rabbbbsky" sum="0" type="0" no="15"/>
   <cards player="ravenroyal28" type="Pocket">DA S9</cards>
   <action player="ravenroyal28" sum="0" type="4" no="16"/>
  </round>
  <round no="2">
   <cards type="Flop">D10 S3 D8</cards>
   <action player="ravenroyal28" sum="0" type="4" no="17"/>
   <action player="nunu1958" sum="0" type="4" no="18"/>
   <action player="MontyyN" sum="0" type="4" no="19"/>
  </round>
  <round no="3">
   <cards type="Turn">S4</cards>
   <action player="ravenroyal28" sum="0" type="4" no="20"/>
   <action player="nunu1958" sum="0" type="4" no="21"/>
   <action player="MontyyN" sum="0" type="4" no="22"/>
  </round>
  <round no="4">
   <cards type="River">C4</cards>
   <action player="ravenroyal28" sum="0" type="4" no="23"/>
   <action player="nunu1958" sum="8,000" type="5" no="24"/>
   <action player="MontyyN" sum="0" type="0" no="25"/>
   <action player="ravenroyal28" sum="8,000" type="3" no="26"/>
  </round>
 </game>
 <game gamecode="11589904744">
  <general>
   <startdate>2025-07-22 16:27:18</startdate>
   <smallblind>4,000</smallblind>
   <bigblind>8,000</bigblind>
   <ante>800</ante>
   <players>
    <player name="bugjolly2437" chips="153,257" dealer="0" bet="800" addon="0" rebuy="0" win="0" seat="1" reg_code=""/>
    <player name="Gfs1505" chips="98,400" dealer="0" bet="800" addon="0" rebuy="0" win="0" seat="2" reg_code="8412012496"/>
    <player name="MontyyN" chips="183,140" dealer="0" bet="16,800" addon="0" rebuy="0" win="0" seat="4" reg_code=""/>
    <player name="fighterred625" chips="100,000" dealer="0" bet="100,000" addon="0" rebuy="0" win="0" seat="5" reg_code=""/>
    <player name="Rabbbbsky" chips="163,500" dealer="1" bet="800" addon="0" rebuy="0" win="0" seat="6" reg_code=""/>
    <player name="ravenroyal28" chips="205,100" dealer="0" bet="96,000" addon="0" rebuy="0" win="0" seat="7" reg_code=""/>
    <player name="nunu1958" chips="277,290" dealer="0" bet="168,000" addon="0" rebuy="0" win="316,000" seat="9" reg_code="">
     <knockout tobalance="€0.18" kicked="fighterred625" tobounty="€0.17"/>
    </player>
    <player name="quizwarrior" chips="154,650" dealer="0" bet="800" addon="0" rebuy="0" win="0" seat="10" reg_code=""/>
   </players>
  </general>
  <round no="0">
   <action player="ravenroyal28" sum="800" type="15" no="1"/>
   <action player="nunu1958" sum="800" type="15" no="2"/>
   <action player="quizwarrior" sum="800" type="15" no="3"/>
   <action player="bugjolly2437" sum="800" type="15" no="4"/>
   <action player="Gfs1505" sum="800" type="15" no="5"/>
   <action player="MontyyN" sum="800" type="15" no="6"/>
   <action player="fighterred625" sum="800" type="15" no="7"/>
   <action player="Rabbbbsky" sum="800" type="15" no="8"/>
   <action player="ravenroyal28" sum="4,000" type="1" no="9"/>
   <action player="nunu1958" sum="8,000" type="2" no="10"/>
  </round>
  <round no="1">
   <cards player="quizwarrior" type="Pocket">X X</cards>
   <action player="quizwarrior" sum="0" type="0" no="11"/>
   <cards player="bugjolly2437" type="Pocket">X X</cards>
   <action player="bugjolly2437" sum="0" type="0" no="12"/>
   <cards player="Gfs1505" type="Pocket">D4 H6</cards>
   <action player="Gfs1505" sum="0" type="0" no="13"/>
   <cards player="MontyyN" type="Pocket">X X</cards>
   <action player="MontyyN" sum="8,000" type="3" no="14"/>
   <cards player="fighterred625" type="Pocket">S8 SA</cards>
   <action player="fighterred625" sum="16,000" type="23" no="15"/>
   <cards player="Rabbbbsky" type="Pocket">X X</cards>
   <action player="Rabbbbsky" sum="0" type="0" no="16"/>
   <cards player="ravenroyal28" type="Pocket">X X</cards>
   <action player="ravenroyal28" sum="12,000" type="3" no="17"/>
   <cards player="nunu1958" type="Pocket">H2 D7</cards>
   <action player="nunu1958" sum="8,000" type="3" no="18"/>
   <action player="MontyyN" sum="8,000" type="3" no="19"/>
  </round>
  <round no="2">
   <cards type="Flop">S6 H5 C7</cards>
   <action player="ravenroyal28" sum="0" type="4" no="20"/>
   <action player="nunu1958" sum="8,000" type="5" no="21"/>
   <action player="MontyyN" sum="0" type="0" no="22"/>
   <action player="fighterred625" sum="47,200" type="23" no="23"/>
   <action player="ravenroyal28" sum="47,200" type="3" no="24"/>
   <action player="nunu1958" sum="39,200" type="3" no="25"/>
  </round>
  <round no="3">
   <cards type="Turn">CJ</cards>
   <action player="ravenroyal28" sum="0" type="4" no="26"/>
   <action player="nunu1958" sum="32,000" type="5" no="27"/>
   <action player="fighterred625" sum="32,000" type="3" no="28"/>
   <action player="ravenroyal28" sum="32,000" type="3" no="29"/>
  </round>
  <round no="4">
   <cards type="River">HQ</cards>
   <action player="ravenroyal28" sum="0" type="4" no="30"/>
   <action player="nunu1958" sum="72,000" type="5" no="31"/>
   <action player="fighterred625" sum="4,000" type="7" no="32"/>
   <action player="ravenroyal28" sum="0" type="0" no="33"/>
  </round>
 </game>
 <game gamecode="11589904999">
  <general>
   <startdate>2025-07-22 16:29:08</startdate>
   <smallblind>4,500</smallblind>
   <bigblind>9,000</bigblind>
   <ante>900</ante>
   <players>
    <player name="Ralfsj" chips="167,240" dealer="1" bet="900" addon="0" rebuy="0" win="0" seat="2" reg_code=""/>
    <player name="dragonglad54" chips="96,736" dealer="0" bet="95,836" addon="0" rebuy="0" win="197,972" seat="4" reg_code=""/>
    <player name="vitaminka63" chips="747,592" dealer="0" bet="96,736" addon="0" rebuy="0" win="0" seat="5" reg_code=""/>
    <player name="xxMONSTER" chips="71,200" dealer="0" bet="900" addon="0" rebuy="0" win="0" seat="6" reg_code=""/>
    <player name="Dewi1981" chips="870,767" dealer="0" bet="900" addon="0" rebuy="0" win="0" seat="7" reg_code=""/>
    <player name="colonelhard414" chips="329,600" dealer="0" bet="900" addon="0" rebuy="0" win="0" seat="9" reg_code=""/>
    <player name="fmaciell007" chips="80,834" dealer="0" bet="900" addon="0" rebuy="0" win="0" seat="10" reg_code=""/>
   </players>
  </general>
  <round no="0">
   <action player="dragonglad54" sum="900" type="15" no="1"/>
   <action player="vitaminka63" sum="900" type="15" no="2"/>
   <action player="xxMONSTER" sum="900" type="15" no="3"/>
   <action player="Dewi1981" sum="900" type="15" no="4"/>
   <action player="colonelhard414" sum="900" type="15" no="5"/>
   <action player="fmaciell007" sum="900" type="15" no="6"/>
   <action player="Ralfsj" sum="900" type="15" no="7"/>
   <action player="dragonglad54" sum="4,500" type="1" no="8"/>
   <action player="vitaminka63" sum="9,000" type="2" no="9"/>
  </round>
  <round no="1">
   <cards player="xxMONSTER" type="Pocket">X X</cards>
   <action player="xxMONSTER" sum="0" type="0" no="10"/>
   <cards player="Dewi1981" type="Pocket">X X</cards>
   <action player="Dewi1981" sum="0" type="0" no="11"/>
   <cards player="colonelhard414" type="Pocket">X X</cards>
   <action player="colonelhard414" sum="0" type="0" no="12"/>
   <cards player="fmaciell007" type="Pocket">X X</cards>
   <action player="fmaciell007" sum="0" type="0" no="13"/>
   <cards player="Ralfsj" type="Pocket">X X</cards>
   <action player="Ralfsj" sum="0" type="0" no="14"/>
   <cards player="dragonglad54" type="Pocket">CJ C10</cards>
   <action player="dragonglad54" sum="95,836" type="23" no="15"/>
   <cards player="vitaminka63" type="Pocket">HA S2</cards>
   <action player="vitaminka63" sum="86,836" type="3" no="16"/>
  </round>
  <round no="2">
   <cards type="Flop">H6 S10 C9</cards>
  </round>
  <round no="3">
   <cards type="Turn">S3</cards>
  </round>
  <round no="4">
   <cards type="River">D2</cards>
  </round>
 </game>
 <game gamecode="11589905148">
  <general>
   <startdate>2025-07-22 16:30:18</startdate>
   <smallblind>4,500</smallblind>
   <bigblind>9,000</bigblind>
   <ante>900</ante>
   <players>
    <player name="Gfs1505" chips="97,600" dealer="0" bet="900" addon="0" rebuy="0" win="0" seat="1" reg_code="8412012496"/>
    <player name="Ralfsj" chips="166,340" dealer="0" bet="900" addon="0" rebuy="0" win="0" seat="2" reg_code=""/>
    <player name="dragonglad54" chips="197,972" dealer="1" bet="900" addon="0" rebuy="0" win="0" seat="4" reg_code=""/>
    <player name="vitaminka63" chips="650,856" dealer="0" bet="5,400" addon="0" rebuy="0" win="0" seat="5" reg_code=""/>
    <player name="xxMONSTER" chips="70,300" dealer="0" bet="9,900" addon="0" rebuy="0" win="0" seat="6" reg_code=""/>
    <player name="Dewi1981" chips="869,867" dealer="0" bet="9,900" addon="0" rebuy="0" win="0" seat="7" reg_code=""/>
    <player name="colonelhard414" chips="328,700" dealer="0" bet="79,934" addon="0" rebuy="0" win="0" seat="9" reg_code=""/>
    <player name="fmaciell007" chips="79,934" dealer="0" bet="79,034" addon="0" rebuy="0" win="187,768" seat="10" reg_code=""/>
   </players>
  </general>
  <round no="0">
   <action player="vitaminka63" sum="900" type="15" no="1"/>
   <action player="xxMONSTER" sum="900" type="15" no="2"/>
   <action player="Dewi1981" sum="900" type="15" no="3"/>
   <action player="colonelhard414" sum="900" type="15" no="4"/>
   <action player="fmaciell007" sum="900" type="15" no="5"/>
   <action player="Gfs1505" sum="900" type="15" no="6"/>
   <action player="Ralfsj" sum="900" type="15" no="7"/>
   <action player="dragonglad54" sum="900" type="15" no="8"/>
   <action player="vitaminka63" sum="4,500" type="1" no="9"/>
   <action player="xxMONSTER" sum="9,000" type="2" no="10"/>
  </round>
  <round no="1">
   <cards player="Dewi1981" type="Pocket">X X</cards>
   <action player="Dewi1981" sum="9,000" type="3" no="11"/>
   <cards player="colonelhard414" type="Pocket">S6 SA</cards>
   <action player="colonelhard414" sum="9,000" type="3" no="12"/>
   <cards player="fmaciell007" type="Pocket">HJ HA</cards>
   <action player="fmaciell007" sum="79,034" type="23" no="13"/>
   <cards player="Gfs1505" type="Pocket">SQ H3</cards>
   <action player="Gfs1505" sum="0" type="0" no="14"/>
   <cards player="Ralfsj" type="Pocket">X X</cards>
   <action player="Ralfsj" sum="0" type="0" no="15"/>
   <cards player="dragonglad54" type="Pocket">X X</cards>
   <action player="dragonglad54" sum="0" type="0" no="16"/>
   <cards player="vitaminka63" type="Pocket">X X</cards>
   <action player="vitaminka63" sum="0" type="0" no="17"/>
   <cards player="xxMONSTER" type="Pocket">X X</cards>
   <action player="xxMONSTER" sum="0" type="0" no="18"/>
   <action player="Dewi1981" sum="0" type="0" no="19"/>
   <action player="colonelhard414" sum="70,034" type="3" no="20"/>
  </round>
  <round no="2">
   <cards type="Flop">D3 D4 D9</cards>
  </round>
  <round no="3">
   <cards type="Turn">C6</cards>
  </round>
  <round no="4">
   <cards type="River">CJ</cards>
  </round>
 </game>
 <game gamecode="11589905329">
  <general>
   <startdate>2025-07-22 16:31:32</startdate>
   <smallblind>4,500</smallblind>
   <bigblind>9,000</bigblind>
   <ante>900</ante>
   <players>
    <player name="Gfs1505" chips="96,700" dealer="0" bet="900" addon="0" rebuy="0" win="0" seat="1" reg_code="8412012496"/>
    <player name="Ralfsj" chips="165,440" dealer="0" bet="900" addon="0" rebuy="0" win="0" seat="2" reg_code=""/>
    <player name="dragonglad54" chips="197,072" dealer="0" bet="900" addon="0" rebuy="0" win="0" seat="4" reg_code=""/>
    <player name="vitaminka63" chips="645,456" dealer="1" bet="900" addon="0" rebuy="0" win="0" seat="5" reg_code=""/>
    <player name="xxMONSTER" chips="60,400" dealer="0" bet="9,900" addon="0" rebuy="0" win="0" seat="6" reg_code=""/>
    <player name="Dewi1981" chips="859,967" dealer="0" bet="35,100" addon="0" rebuy="0" win="25,200" seat="7" reg_code=""/>
    <player name="colonelhard414" chips="248,766" dealer="0" bet="900" addon="0" rebuy="0" win="0" seat="9" reg_code=""/>
    <player name="fmaciell007" chips="187,768" dealer="0" bet="900" addon="0" rebuy="0" win="0" seat="10" reg_code=""/>
   </players>
  </general>
  <round no="0">
   <action player="xxMONSTER" sum="900" type="15" no="1"/>
   <action player="Dewi1981" sum="900" type="15" no="2"/>
   <action player="colonelhard414" sum="900" type="15" no="3"/>
   <action player="fmaciell007" sum="900" type="15" no="4"/>
   <action player="Gfs1505" sum="900" type="15" no="5"/>
   <action player="Ralfsj" sum="900" type="15" no="6"/>
   <action player="dragonglad54" sum="900" type="15" no="7"/>
   <action player="vitaminka63" sum="900" type="15" no="8"/>
   <action player="xxMONSTER" sum="4,500" type="1" no="9"/>
   <action player="Dewi1981" sum="9,000" type="2" no="10"/>
  </round>
  <round no="1">
   <cards player="colonelhard414" type="Pocket">X X</cards>
   <action player="colonelhard414" sum="0" type="0" no="11"/>
   <cards player="fmaciell007" type="Pocket">X X</cards>
   <action player="fmaciell007" sum="0" type="0" no="12"/>
   <cards player="Gfs1505" type="Pocket">CA H7</cards>
   <action player="Gfs1505" sum="0" type="0" no="13"/>
   <cards player="Ralfsj" type="Pocket">X X</cards>
   <action player="Ralfsj" sum="0" type="0" no="14"/>
   <cards player="dragonglad54" type="Pocket">X X</cards>
   <action player="dragonglad54" sum="0" type="0" no="15"/>
   <cards player="vitaminka63" type="Pocket">X X</cards>
   <action player="vitaminka63" sum="0" type="0" no="16"/>
   <cards player="xxMONSTER" type="Pocket">X X</cards>
   <action player="xxMONSTER" sum="4,500" type="3" no="17"/>
   <cards player="Dewi1981" type="Pocket">X X</cards>
   <action player="Dewi1981" sum="0" type="4" no="18"/>
  </round>
  <round no="2">
   <cards type="Flop">C2 D8 D7</cards>
   <action player="xxMONSTER" sum="0" type="4" no="19"/>
   <action player="Dewi1981" sum="0" type="4" no="20"/>
  </round>
  <round no="3">
   <cards type="Turn">DA</cards>
   <action player="xxMONSTER" sum="0" type="4" no="21"/>
   <action player="Dewi1981" sum="25,200" type="5" no="22"/>
   <action player="xxMONSTER" sum="0" type="0" no="23"/>
  </round>
 </game>
 <game gamecode="11589905448">
  <general>
   <startdate>2025-07-22 16:32:22</startdate>
   <smallblind>4,500</smallblind>
   <bigblind>9,000</bigblind>
   <ante>900</ante>
   <players>
    <player name="Gfs1505" chips="95,800" dealer="0" bet="900" addon="0" rebuy="0" win="0" seat="1" reg_code="8412012496"/>
    <player name="Ralfsj" chips="164,540" dealer="0" bet="900" addon="0" rebuy="0" win="0" seat="2" reg_code=""/>
    <player name="dragonglad54" chips="196,172" dealer="0" bet="63,900" addon="0" rebuy="0" win="0" seat="4" reg_code=""/>
    <player name="vitaminka63" chips="644,556" dealer="0" bet="211,125" addon="0" rebuy="0" win="196,300" seat="5" reg_code="">
     <knockout tobalance="€0.18" kicked="xxMONSTER" tobounty="€0.17"/>
    </player>
    <player name="xxMONSTER" chips="50,500" dealer="1" bet="50,500" addon="0" rebuy="0" win="0" seat="6" reg_code=""/>
    <player name="Dewi1981" chips="875,267" dealer="0" bet="5,400" addon="0" rebuy="0" win="0" seat="7" reg_code=""/>
    <player name="colonelhard414" chips="247,866" dealer="0" bet="9,900" addon="0" rebuy="0" win="0" seat="9" reg_code=""/>
    <player name="fmaciell007" chips="186,868" dealer="0" bet="900" addon="0" rebuy="0" win="0" seat="10" reg_code=""/>
   </players>
  </general>
  <round no="0">
   <action player="Dewi1981" sum="900" type="15" no="1"/>
   <action player="colonelhard414" sum="900" type="15" no="2"/>
   <action player="fmaciell007" sum="900" type="15" no="3"/>
   <action player="Gfs1505" sum="900" type="15" no="4"/>
   <action player="Ralfsj" sum="900" type="15" no="5"/>
   <action player="dragonglad54" sum="900" type="15" no="6"/>
   <action player="vitaminka63" sum="900" type="15" no="7"/>
   <action player="xxMONSTER" sum="900" type="15" no="8"/>
   <action player="Dewi1981" sum="4,500" type="1" no="9"/>
   <action player="colonelhard414" sum="9,000" type="2" no="10"/>
  </round>
  <round no="1">
   <cards player="fmaciell007" type="Pocket">X X</cards>
   <action player="fmaciell007" sum="0" type="0" no="11"/>
   <cards player="Gfs1505" type="Pocket">D8 S3</cards>
   <action player="Gfs1505" sum="0" type="0" no="12"/>
   <cards player="Ralfsj" type="Pocket">X X</cards>
   <action player="Ralfsj" sum="0" type="0" no="13"/>
   <cards player="dragonglad54" type="Pocket">X X</cards>
   <action player="dragonglad54" sum="9,000" type="3" no="14"/>
   <cards player="vitaminka63" type="Pocket">H9 D9</cards>
   <action player="vitaminka63" sum="63,000" type="23" no="15"/>
   <cards player="xxMONSTER" type="Pocket">C9 C4</cards>
   <action player="xxMONSTER" sum="49,600" type="7" no="16"/>
   <cards player="Dewi1981" type="Pocket">X X</cards>
   <action player="Dewi1981" sum="0" type="0" no="17"/>
   <cards player="colonelhard414" type="Pocket">X X</cards>
   <action player="colonelhard414" sum="0" type="0" no="18"/>
   <action player="dragonglad54" sum="54,000" type="3" no="19"/>
  </round>
  <round no="2">
   <cards type="Flop">D2 H2 C8</cards>
   <action player="dragonglad54" sum="0" type="4" no="20"/>
   <action player="vitaminka63" sum="147,225" type="5" no="21"/>
   <action player="dragonglad54" sum="0" type="0" no="22"/>
  </round>
  <round no="3">
   <cards type="Turn">S6</cards>
  </round>
  <round no="4">
   <cards type="River">H5</cards>
  </round>
 </game>
</session>
