<?xml version="1.0" encoding="utf-8"?>
<session sessioncode="8412012496">
 <general>
  <client_version>25.1.1.9</client_version>
  <mode>real</mode>
  <gametype>Holdem NL</gametype>
  <tablename>€0.5 BOUNTY HUNTER, 1131248252</tablename>
  <tournamentcurrency>EUR</tournamentcurrency>
  <duration>00:13:39</duration>
  <gamecount>11</gamecount>
  <startdate>2025-07-22 16:33:32</startdate>
  <currency>USD</currency>
  <nickname>Gfs1505</nickname>
  <bets>100,000</bets>
  <wins>0</wins>
  <chipsin>99,200</chipsin>
  <chipsout>0</chipsout>
  <statuspoints>0.00</statuspoints>
  <awardpoints>0.00</awardpoints>
  <ipoints>0.00</ipoints>
  <tablesize>8</tablesize>
  <tournamentcode>1130503313</tournamentcode>
  <tournamentname>€0.5 BOUNTY HUNTER</tournamentname>
  <place>N/A</place>
  <buyin>€0.12 + €0.35 + €0.03</buyin>
  <totalbuyin>€0.50</totalbuyin>
  <win>N/A</win>
 </general>
 <game gamecode="11589905611">
  <general>
   <startdate>2025-07-22 16:33:32</startdate>
   <smallblind>4,500</smallblind>
   <bigblind>9,000</bigblind>
   <ante>900</ante>
   <players>
    <player name="Gfs1505" chips="94,900" dealer="0" bet="900" addon="0" rebuy="0" win="0" seat="1" reg_code="8412012496"/>
    <player name="Ralfsj" chips="163,640" dealer="0" bet="900" addon="0" rebuy="0" win="0" seat="2" reg_code=""/>
    <player name="dragonglad54" chips="132,272" dealer="0" bet="900" addon="0" rebuy="0" win="0" seat="4" reg_code=""/>
    <player name="vitaminka63" chips="776,956" dealer="0" bet="900" addon="0" rebuy="0" win="0" seat="5" reg_code=""/>
    <player name="Dewi1981" chips="869,867" dealer="1" bet="18,000" addon="0" rebuy="0" win="28,800" seat="7" reg_code=""/>
    <player name="colonelhard414" chips="237,966" dealer="0" bet="5,400" addon="0" rebuy="0" win="0" seat="9" reg_code=""/>
    <player name="fmaciell007" chips="185,968" dealer="0" bet="9,900" addon="0" rebuy="0" win="0" seat="10" reg_code=""/>
   </players>
  </general>
  <round no="0">
   <action player="colonelhard414" sum="900" type="15" no="1"/>
   <action player="fmaciell007" sum="900" type="15" no="2"/>
   <action player="Gfs1505" sum="900" type="15" no="3"/>
   <action player="Ralfsj" sum="900" type="15" no="4"/>
   <action player="dragonglad54" sum="900" type="15" no="5"/>
   <action player="vitaminka63" sum="900" type="15" no="6"/>
   <action player="Dewi1981" sum="900" type="15" no="7"/>
   <action player="colonelhard414" sum="4,500" type="1" no="8"/>
   <action player="fmaciell007" sum="9,000" type="2" no="9"/>
  </round>
  <round no="1">
   <cards player="Gfs1505" type="Pocket">H4 H10</cards>
   <action player="Gfs1505" sum="0" type="0" no="10"/>
   <cards player="Ralfsj" type="Pocket">X X</cards>
   <action player="Ralfsj" sum="0" type="0" no="11"/>
   <cards player="dragonglad54" type="Pocket">X X</cards>
   <action player="dragonglad54" sum="0" type="0" no="12"/>
   <cards player="vitaminka63" type="Pocket">X X</cards>
   <action player="vitaminka63" sum="0" type="0" no="13"/>
   <cards player="Dewi1981" type="Pocket">X X</cards>
   <action player="Dewi1981" sum="18,000" type="23" no="14"/>
   <cards player="colonelhard414" type="Pocket">X X</cards>
   <action player="colonelhard414" sum="0" type="0" no="15"/>
   <cards player="fmaciell007" type="Pocket">X X</cards>
   <action player="fmaciell007" sum="0" type="0" no="16"/>
  </round>
 </game>
 <game gamecode="11589905736">
  <general>
   <startdate>2025-07-22 16:34:24</startdate>
   <smallblind>4,500</smallblind>
   <bigblind>9,000</bigblind>
   <ante>900</ante>
   <players>
    <player name="Gfs1505" chips="94,000" dealer="0" bet="9,900" addon="0" rebuy="0" win="0" seat="1" reg_code="8412012496"/>
    <player name="Ralfsj" chips="162,740" dealer="0" bet="900" addon="0" rebuy="0" win="0" seat="2" reg_code=""/>
    <player name="dragonglad54" chips="131,372" dealer="0" bet="130,472" addon="0" rebuy="0" win="0" seat="4" reg_code=""/>
    <player name="vitaminka63" chips="776,056" dealer="0" bet="900" addon="0" rebuy="0" win="0" seat="5" reg_code=""/>
    <player name="AntEateR2" chips="100,000" dealer="0" bet="100,000" addon="0" rebuy="0" win="218,900" seat="6" reg_code=""/>
    <player name="Dewi1981" chips="888,767" dealer="0" bet="900" addon="0" rebuy="0" win="0" seat="7" reg_code=""/>
    <player name="colonelhard414" chips="232,566" dealer="1" bet="900" addon="0" rebuy="0" win="0" seat="9" reg_code=""/>
    <player name="fmaciell007" chips="176,068" dealer="0" bet="5,400" addon="0" rebuy="0" win="0" seat="10" reg_code=""/>
   </players>
  </general>
  <round no="0">
   <action player="fmaciell007" sum="900" type="15" no="1"/>
   <action player="Gfs1505" sum="900" type="15" no="2"/>
   <action player="Ralfsj" sum="900" type="15" no="3"/>
   <action player="dragonglad54" sum="900" type="15" no="4"/>
   <action player="vitaminka63" sum="900" type="15" no="5"/>
   <action player="AntEateR2" sum="900" type="15" no="6"/>
   <action player="Dewi1981" sum="900" type="15" no="7"/>
   <action player="colonelhard414" sum="900" type="15" no="8"/>
   <action player="fmaciell007" sum="4,500" type="1" no="9"/>
   <action player="Gfs1505" sum="9,000" type="2" no="10"/>
  </round>
  <round no="1">
   <cards player="Ralfsj" type="Pocket">X X</cards>
   <action player="Ralfsj" sum="0" type="0" no="11"/>
   <cards player="dragonglad54" type="Pocket">SQ CQ</cards>
   <action player="dragonglad54" sum="130,472" type="23" no="12"/>
   <cards player="vitaminka63" type="Pocket">X X</cards>
   <action player="vitaminka63" sum="0" type="0" no="13"/>
   <cards player="AntEateR2" type="Pocket">H3 H4</cards>
   <action player="AntEateR2" sum="99,100" type="7" no="14"/>
   <cards player="Dewi1981" type="Pocket">X X</cards>
   <action player="Dewi1981" sum="0" type="0" no="15"/>
   <cards player="colonelhard414" type="Pocket">X X</cards>
   <action player="colonelhard414" sum="0" type="0" no="16"/>
   <cards player="fmaciell007" type="Pocket">X X</cards>
   <action player="fmaciell007" sum="0" type="0" no="17"/>
   <cards player="Gfs1505" type="Pocket">S7 C6</cards>
   <action player="Gfs1505" sum="0" type="0" no="18"/>
  </round>
  <round no="2">
   <cards type="Flop">H2 H10 C7</cards>
  </round>
  <round no="3">
   <cards type="Turn">CK</cards>
  </round>
  <round no="4">
   <cards type="River">HQ</cards>
  </round>
 </game>
 <game gamecode="11589905926">
  <general>
   <startdate>2025-07-22 16:35:42</startdate>
   <smallblind>4,500</smallblind>
   <bigblind>9,000</bigblind>
   <ante>900</ante>
   <players>
    <player name="Gfs1505" chips="84,100" dealer="0" bet="84,100" addon="0" rebuy="0" win="0" seat="1" reg_code="8412012496"/>
    <player name="Ralfsj" chips="161,840" dealer="0" bet="9,900" addon="0" rebuy="0" win="0" seat="2" reg_code=""/>
    <player name="dragonglad54" chips="31,372" dealer="0" bet="30,472" addon="0" rebuy="0" win="0" seat="4" reg_code=""/>
    <player name="vitaminka63" chips="775,156" dealer="0" bet="84,100" addon="0" rebuy="0" win="213,072" seat="5" reg_code="">
     <knockout tobalance="€0.26" kicked="dragonglad54" tobounty="€0.26"/>
     <knockout tobalance="€0.18" kicked="Gfs1505" tobounty="€0.17"/>
    </player>
    <player name="AntEateR2" chips="218,900" dealer="0" bet="900" addon="0" rebuy="0" win="0" seat="6" reg_code=""/>
    <player name="Dewi1981" chips="887,867" dealer="0" bet="900" addon="0" rebuy="0" win="0" seat="7" reg_code=""/>
    <player name="colonelhard414" chips="231,666" dealer="0" bet="900" addon="0" rebuy="0" win="0" seat="9" reg_code=""/>
    <player name="fmaciell007" chips="170,668" dealer="1" bet="900" addon="0" rebuy="0" win="0" seat="10" reg_code=""/>
   </players>
  </general>
  <round no="0">
   <action player="Gfs1505" sum="900" type="15" no="1"/>
   <action player="Ralfsj" sum="900" type="15" no="2"/>
   <action player="dragonglad54" sum="900" type="15" no="3"/>
   <action player="vitaminka63" sum="900" type="15" no="4"/>
   <action player="AntEateR2" sum="900" type="15" no="5"/>
   <action player="Dewi1981" sum="900" type="15" no="6"/>
   <action player="colonelhard414" sum="900" type="15" no="7"/>
   <action player="fmaciell007" sum="900" type="15" no="8"/>
   <action player="Gfs1505" sum="4,500" type="1" no="9"/>
   <action player="Ralfsj" sum="9,000" type="2" no="10"/>
  </round>
  <round no="1">
   <cards player="dragonglad54" type="Pocket">H4 CA</cards>
   <action player="dragonglad54" sum="30,472" type="23" no="11"/>
   <cards player="vitaminka63" type="Pocket">H6 C6</cards>
   <action player="vitaminka63" sum="30,472" type="3" no="12"/>
   <cards player="AntEateR2" type="Pocket">X X</cards>
   <action player="AntEateR2" sum="0" type="0" no="13"/>
   <cards player="Dewi1981" type="Pocket">X X</cards>
   <action player="Dewi1981" sum="0" type="0" no="14"/>
   <cards player="colonelhard414" type="Pocket">X X</cards>
   <action player="colonelhard414" sum="0" type="0" no="15"/>
   <cards player="fmaciell007" type="Pocket">X X</cards>
   <action player="fmaciell007" sum="0" type="0" no="16"/>
   <cards player="Gfs1505" type="Pocket">S5 S3</cards>
   <action player="Gfs1505" sum="25,972" type="3" no="17"/>
   <cards player="Ralfsj" type="Pocket">X X</cards>
   <action player="Ralfsj" sum="0" type="0" no="18"/>
  </round>
  <round no="2">
   <cards type="Flop">HJ D7 D5</cards>
   <action player="Gfs1505" sum="52,728" type="5" no="19"/>
   <action player="vitaminka63" sum="52,728" type="3" no="20"/>
  </round>
  <round no="3">
   <cards type="Turn">HQ</cards>
  </round>
  <round no="4">
   <cards type="River">S9</cards>
  </round>
 </game>
</session>
