<?xml version="1.0" encoding="utf-8"?>
<session sessioncode="8414376244">
 <general>
  <mode>real</mode>
  <gametype>Holdem NL</gametype>
  <tablename>SF |€20,000 GTD MYSTERY, 1131557852</tablename>
  <tournamentcurrency>1</tournamentcurrency>
  <currency>USD</currency>
  <nickname>Gfs1505</nickname>
  <buyin>€9.10 + €9.10 + €1.80</buyin>
  <totalbuyin>€10.90</totalbuyin>
 </general>
 <game gamecode="11596101104">
  <general>
   <players>
    <player dealer="0" seat="1" chips="113,200" name="Pactuall" reg_code=""/>
    <player dealer="0" seat="2" chips="100,000" name="Gfs1505" reg_code="8414376244"/>
    <player dealer="0" seat="4" chips="264,353" name="Rettinidysa" reg_code=""/>
    <player dealer="1" seat="5" chips="279,513" name="quadssober723" reg_code=""/>
    <player dealer="0" seat="6" chips="320,075" name="raisebal17klav" reg_code=""/>
    <player dealer="0" seat="7" chips="64,164" name="Hastatau420" reg_code=""/>
    <player dealer="0" seat="9" chips="201,275" name="Ilianor" reg_code=""/>
    <player dealer="0" seat="10" chips="122,726" name="olivieti" reg_code=""/>
   </players>
  </general>
  <round no="0">
   <action type="15" player="raisebal17klav" no="1" sum="€400"/>
   <action type="15" player="Hastatau420" no="2" sum="€400"/>
   <action type="15" player="Ilianor" no="3" sum="€400"/>
   <action type="15" player="olivieti" no="4" sum="€400"/>
   <action type="15" player="Pactuall" no="5" sum="€400"/>
   <action type="15" player="Gfs1505" no="6" sum="€400"/>
   <action type="15" player="Rettinidysa" no="7" sum="€400"/>
   <action type="15" player="quadssober723" no="8" sum="€400"/>
   <action type="1" player="raisebal17klav" no="9" sum="€1,500"/>
   <action type="2" player="Hastatau420" no="10" sum="€3,000"/>
  </round>
 </game>
 <game gamecode="11596101202">
  <general>
   <players>
    <player dealer="0" seat="1" chips="112,800" name="Pactuall" reg_code=""/>
    <player dealer="0" seat="2" chips="99,600" name="Gfs1505" reg_code="8414376244"/>
    <player dealer="0" seat="4" chips="263,953" name="Rettinidysa" reg_code=""/>
    <player dealer="0" seat="5" chips="242,213" name="quadssober723" reg_code=""/>
    <player dealer="1" seat="6" chips="239,275" name="raisebal17klav" reg_code=""/>
    <player dealer="0" seat="7" chips="60,764" name="Hastatau420" reg_code=""/>
    <player dealer="0" seat="9" chips="324,375" name="Ilianor" reg_code=""/>
    <player dealer="0" seat="10" chips="122,326" name="olivieti" reg_code=""/>
   </players>
  </general>
  <round no="0">
   <action type="15" player="Hastatau420" no="1" sum="€400"/>
   <action type="15" player="Ilianor" no="2" sum="€400"/>
   <action type="15" player="olivieti" no="3" sum="€400"/>
   <action type="15" player="Pactuall" no="4" sum="€400"/>
   <action type="15" player="Gfs1505" no="5" sum="€400"/>
   <action type="15" player="Rettinidysa" no="6" sum="€400"/>
   <action type="15" player="quadssober723" no="7" sum="€400"/>
   <action type="15" player="raisebal17klav" no="8" sum="€400"/>
   <action type="1" player="Hastatau420" no="9" sum="€1,500"/>
   <action type="2" player="Ilianor" no="10" sum="€3,000"/>
  </round>
 </game>
 <game gamecode="11596101291">
  <general>
   <players>
    <player dealer="0" seat="1" chips="112,400" name="Pactuall" reg_code=""/>
    <player dealer="0" seat="2" chips="99,200" name="Gfs1505" reg_code="8414376244"/>
    <player dealer="0" seat="4" chips="263,553" name="Rettinidysa" reg_code=""/>
    <player dealer="0" seat="5" chips="241,813" name="quadssober723" reg_code=""/>
    <player dealer="0" seat="6" chips="238,875" name="raisebal17klav" reg_code=""/>
    <player dealer="1" seat="7" chips="72,564" name="Hastatau420" reg_code=""/>
    <player dealer="0" seat="9" chips="320,975" name="Ilianor" reg_code=""/>
    <player dealer="0" seat="10" chips="115,926" name="olivieti" reg_code=""/>
   </players>
  </general>
  <round no="0">
   <action type="15" player="Ilianor" no="1" sum="€400"/>
   <action type="15" player="olivieti" no="2" sum="€400"/>
   <action type="15" player="Pactuall" no="3" sum="€400"/>
   <action type="15" player="Gfs1505" no="4" sum="€400"/>
   <action type="15" player="Rettinidysa" no="5" sum="€400"/>
   <action type="15" player="quadssober723" no="6" sum="€400"/>
   <action type="15" player="raisebal17klav" no="7" sum="€400"/>
   <action type="15" player="Hastatau420" no="8" sum="€400"/>
   <action type="1" player="Ilianor" no="9" sum="€1,500"/>
   <action type="2" player="olivieti" no="10" sum="€3,000"/>
  </round>
 </game>
 <game gamecode="11596101350">
  <general>
   <players>
    <player dealer="0" seat="1" chips="112,000" name="Pactuall" reg_code=""/>
    <player dealer="0" seat="2" chips="98,800" name="Gfs1505" reg_code="8414376244"/>
    <player dealer="0" seat="4" chips="218,803" name="Rettinidysa" reg_code=""/>
    <player dealer="0" seat="5" chips="296,463" name="quadssober723" reg_code=""/>
    <player dealer="0" seat="6" chips="238,475" name="raisebal17klav" reg_code=""/>
    <player dealer="0" seat="7" chips="72,164" name="Hastatau420" reg_code=""/>
    <player dealer="1" seat="9" chips="319,075" name="Ilianor" reg_code=""/>
    <player dealer="0" seat="10" chips="109,526" name="olivieti" reg_code=""/>
   </players>
  </general>
  <round no="0">
   <action type="15" player="olivieti" no="1" sum="€400"/>
   <action type="15" player="Pactuall" no="2" sum="€400"/>
   <action type="15" player="Gfs1505" no="3" sum="€400"/>
   <action type="15" player="Rettinidysa" no="4" sum="€400"/>
   <action type="15" player="quadssober723" no="5" sum="€400"/>
   <action type="15" player="raisebal17klav" no="6" sum="€400"/>
   <action type="15" player="Hastatau420" no="7" sum="€400"/>
   <action type="15" player="Ilianor" no="8" sum="€400"/>
   <action type="1" player="olivieti" no="9" sum="€1,500"/>
   <action type="2" player="Pactuall" no="10" sum="€3,000"/>
  </round>
 </game>
 <game gamecode="11596101417">
  <general>
   <players>
    <player dealer="0" seat="1" chips="108,600" name="Pactuall" reg_code=""/>
    <player dealer="0" seat="2" chips="98,400" name="Gfs1505" reg_code="8414376244"/>
    <player dealer="0" seat="4" chips="218,403" name="Rettinidysa" reg_code=""/>
    <player dealer="0" seat="5" chips="296,063" name="quadssober723" reg_code=""/>
    <player dealer="0" seat="6" chips="238,075" name="raisebal17klav" reg_code=""/>
    <player dealer="0" seat="7" chips="65,764" name="Hastatau420" reg_code=""/>
    <player dealer="0" seat="9" chips="394,475" name="Ilianor" reg_code=""/>
    <player dealer="1" seat="10" chips="45,526" name="olivieti" reg_code=""/>
   </players>
  </general>
  <round no="0">
   <action type="15" player="Pactuall" no="1" sum="€400"/>
   <action type="15" player="Gfs1505" no="2" sum="€400"/>
   <action type="15" player="Rettinidysa" no="3" sum="€400"/>
   <action type="15" player="quadssober723" no="4" sum="€400"/>
   <action type="15" player="raisebal17klav" no="5" sum="€400"/>
   <action type="15" player="Hastatau420" no="6" sum="€400"/>
   <action type="15" player="Ilianor" no="7" sum="€400"/>
   <action type="15" player="olivieti" no="8" sum="€400"/>
   <action type="1" player="Pactuall" no="9" sum="€1,500"/>
   <action type="2" player="Gfs1505" no="10" sum="€3,000"/>
  </round>
 </game>
 <game gamecode="11596101527">
  <general>
   <players>
    <player dealer="1" seat="1" chips="126,400" name="Pactuall" reg_code=""/>
    <player dealer="0" seat="2" chips="95,000" name="Gfs1505" reg_code="8414376244"/>
    <player dealer="0" seat="4" chips="218,003" name="Rettinidysa" reg_code=""/>
    <player dealer="0" seat="5" chips="283,663" name="quadssober723" reg_code=""/>
    <player dealer="0" seat="6" chips="237,675" name="raisebal17klav" reg_code=""/>
    <player dealer="0" seat="7" chips="65,364" name="Hastatau420" reg_code=""/>
    <player dealer="0" seat="9" chips="394,075" name="Ilianor" reg_code=""/>
    <player dealer="0" seat="10" chips="45,126" name="olivieti" reg_code=""/>
   </players>
  </general>
  <round no="0">
   <action type="15" player="Gfs1505" no="1" sum="€400"/>
   <action type="15" player="Rettinidysa" no="2" sum="€400"/>
   <action type="15" player="quadssober723" no="3" sum="€400"/>
   <action type="15" player="raisebal17klav" no="4" sum="€400"/>
   <action type="15" player="Hastatau420" no="5" sum="€400"/>
   <action type="15" player="Ilianor" no="6" sum="€400"/>
   <action type="15" player="olivieti" no="7" sum="€400"/>
   <action type="15" player="Pactuall" no="8" sum="€400"/>
   <action type="1" player="Gfs1505" no="9" sum="€1,500"/>
   <action type="2" player="Rettinidysa" no="10" sum="€3,000"/>
  </round>
 </game>
 <game gamecode="11596125882">
  <general>
   <players>
    <player dealer="0" seat="1" chips="126,000" name="Pactuall" reg_code=""/>
    <player dealer="1" seat="2" chips="93,100" name="Gfs1505" reg_code="8414376244"/>
    <player dealer="0" seat="4" chips="207,433" name="Rettinidysa" reg_code=""/>
    <player dealer="0" seat="5" chips="283,263" name="quadssober723" reg_code=""/>
    <player dealer="0" seat="6" chips="237,275" name="raisebal17klav" reg_code=""/>
    <player dealer="0" seat="7" chips="79,834" name="Hastatau420" reg_code=""/>
    <player dealer="0" seat="9" chips="393,675" name="Ilianor" reg_code=""/>
    <player dealer="0" seat="10" chips="44,726" name="olivieti" reg_code=""/>
   </players>
  </general>
  <round no="0">
   <action type="15" player="Rettinidysa" no="1" sum="€450"/>
   <action type="15" player="quadssober723" no="2" sum="€450"/>
   <action type="15" player="raisebal17klav" no="3" sum="€450"/>
   <action type="15" player="Hastatau420" no="4" sum="€450"/>
   <action type="15" player="Ilianor" no="5" sum="€450"/>
   <action type="15" player="olivieti" no="6" sum="€450"/>
   <action type="15" player="Pactuall" no="7" sum="€450"/>
   <action type="15" player="Gfs1505" no="8" sum="€450"/>
   <action type="1" player="Rettinidysa" no="9" sum="€2,000"/>
   <action type="2" player="quadssober723" no="10" sum="€4,000"/>
  </round>
 </game>
 <game gamecode="11596125936">
  <general>
   <players>
    <player dealer="0" seat="1" chips="227,800" name="Pactuall" reg_code=""/>
    <player dealer="1" seat="4" chips="204,983" name="Rettinidysa" reg_code=""/>
    <player dealer="0" seat="5" chips="278,813" name="quadssober723" reg_code=""/>
    <player dealer="0" seat="6" chips="236,825" name="raisebal17klav" reg_code=""/>
    <player dealer="0" seat="7" chips="79,384" name="Hastatau420" reg_code=""/>
    <player dealer="0" seat="9" chips="393,225" name="Ilianor" reg_code=""/>
    <player dealer="0" seat="10" chips="44,276" name="olivieti" reg_code=""/>
   </players>
  </general>
  <round no="0">
   <action type="15" player="quadssober723" no="1" sum="€450"/>
   <action type="15" player="raisebal17klav" no="2" sum="€450"/>
   <action type="15" player="Hastatau420" no="3" sum="€450"/>
   <action type="15" player="Ilianor" no="4" sum="€450"/>
   <action type="15" player="olivieti" no="5" sum="€450"/>
   <action type="15" player="Pactuall" no="6" sum="€450"/>
   <action type="15" player="Rettinidysa" no="7" sum="€450"/>
   <action type="1" player="quadssober723" no="8" sum="€2,000"/>
   <action type="2" player="raisebal17klav" no="9" sum="€4,000"/>
  </round>
 </game>
</session>
