<?xml version="1.0" encoding="utf-8"?>
<session sessioncode="8414331904">
 <general>
  <mode>real</mode>
  <gametype>Holdem NL</gametype>
  <tablename>SF |€20,000 GTD BOUNTY KING, 1131555703</tablename>
  <tournamentcurrency>1</tournamentcurrency>
  <currency>USD</currency>
  <nickname>Gfs1505</nickname>
  <buyin>€11.37 + €11.38 + €2.25</buyin>
  <totalbuyin>€13.62</totalbuyin>
 </general>
 <game gamecode="11595962546">
  <general>
   <players>
    <player dealer="1" seat="1" chips="100,000" name="KOLAYED" reg_code=""/>
    <player dealer="0" seat="2" chips="100,000" name="Gfs1505" reg_code="8414331904"/>
    <player dealer="0" seat="5" chips="205,684" name="Orbitpower" reg_code=""/>
    <player dealer="0" seat="6" chips="77,790" name="wraJka" reg_code=""/>
    <player dealer="0" seat="7" chips="183,686" name="majinboobs" reg_code=""/>
    <player dealer="0" seat="9" chips="87,600" name="Radodo96" reg_code=""/>
    <player dealer="0" seat="10" chips="185,573" name="Ilianor" reg_code=""/>
   </players>
  </general>
  <round no="0">
   <action type="15" player="Gfs1505" no="1" sum="€350"/>
   <action type="15" player="Orbitpower" no="2" sum="€350"/>
   <action type="15" player="wraJka" no="3" sum="€350"/>
   <action type="15" player="majinboobs" no="4" sum="€350"/>
   <action type="15" player="Radodo96" no="5" sum="€350"/>
   <action type="15" player="Ilianor" no="6" sum="€350"/>
   <action type="15" player="KOLAYED" no="7" sum="€350"/>
   <action type="1" player="Gfs1505" no="8" sum="€1,250"/>
   <action type="2" player="Orbitpower" no="9" sum="€2,500"/>
  </round>
 </game>
 <game gamecode="11595962581">
  <general>
   <players>
    <player dealer="1" seat="2" chips="108,350" name="Gfs1505" reg_code="8414331904"/>
    <player dealer="0" seat="4" chips="100,000" name="Valais85" reg_code=""/>
    <player dealer="0" seat="5" chips="199,084" name="Orbitpower" reg_code=""/>
    <player dealer="0" seat="6" chips="77,440" name="wraJka" reg_code=""/>
    <player dealer="0" seat="7" chips="183,336" name="majinboobs" reg_code=""/>
    <player dealer="0" seat="9" chips="87,250" name="Radodo96" reg_code=""/>
    <player dealer="0" seat="10" chips="185,223" name="Ilianor" reg_code=""/>
   </players>
  </general>
  <round no="0">
   <action type="15" player="Orbitpower" no="1" sum="€350"/>
   <action type="15" player="wraJka" no="2" sum="€350"/>
   <action type="15" player="majinboobs" no="3" sum="€350"/>
   <action type="15" player="Radodo96" no="4" sum="€350"/>
   <action type="15" player="Ilianor" no="5" sum="€350"/>
   <action type="15" player="Gfs1505" no="6" sum="€350"/>
   <action type="1" player="Orbitpower" no="7" sum="€1,250"/>
   <action type="2" player="wraJka" no="8" sum="€2,500"/>
  </round>
 </game>
 <game gamecode="11595962646">
  <general>
   <players>
    <player dealer="0" seat="1" chips="442,697" name="TowGuy" reg_code=""/>
    <player dealer="0" seat="2" chips="108,000" name="Gfs1505" reg_code="8414331904"/>
    <player dealer="0" seat="4" chips="100,000" name="Valais85" reg_code=""/>
    <player dealer="1" seat="5" chips="193,734" name="Orbitpower" reg_code=""/>
    <player dealer="0" seat="6" chips="89,190" name="wraJka" reg_code=""/>
    <player dealer="0" seat="7" chips="177,986" name="majinboobs" reg_code=""/>
    <player dealer="0" seat="9" chips="86,900" name="Radodo96" reg_code=""/>
    <player dealer="0" seat="10" chips="184,873" name="Ilianor" reg_code=""/>
   </players>
  </general>
  <round no="0">
   <action type="15" player="wraJka" no="1" sum="€350"/>
   <action type="15" player="majinboobs" no="2" sum="€350"/>
   <action type="15" player="Radodo96" no="3" sum="€350"/>
   <action type="15" player="Ilianor" no="4" sum="€350"/>
   <action type="15" player="TowGuy" no="5" sum="€350"/>
   <action type="15" player="Gfs1505" no="6" sum="€350"/>
   <action type="15" player="Valais85" no="7" sum="€350"/>
   <action type="15" player="Orbitpower" no="8" sum="€350"/>
   <action type="1" player="wraJka" no="9" sum="€1,250"/>
   <action type="2" player="majinboobs" no="10" sum="€2,500"/>
  </round>
 </game>
 <game gamecode="11595962713">
  <general>
   <players>
    <player dealer="0" seat="1" chips="437,347" name="TowGuy" reg_code=""/>
    <player dealer="0" seat="2" chips="102,650" name="Gfs1505" reg_code="8414331904"/>
    <player dealer="0" seat="4" chips="94,650" name="Valais85" reg_code=""/>
    <player dealer="0" seat="5" chips="188,384" name="Orbitpower" reg_code=""/>
    <player dealer="1" seat="6" chips="114,140" name="wraJka" reg_code=""/>
    <player dealer="0" seat="7" chips="175,136" name="majinboobs" reg_code=""/>
    <player dealer="0" seat="9" chips="86,550" name="Radodo96" reg_code=""/>
    <player dealer="0" seat="10" chips="184,523" name="Ilianor" reg_code=""/>
   </players>
  </general>
  <round no="0">
   <action type="15" player="majinboobs" no="1" sum="€350"/>
   <action type="15" player="Radodo96" no="2" sum="€350"/>
   <action type="15" player="Ilianor" no="3" sum="€350"/>
   <action type="15" player="TowGuy" no="4" sum="€350"/>
   <action type="15" player="Gfs1505" no="5" sum="€350"/>
   <action type="15" player="Valais85" no="6" sum="€350"/>
   <action type="15" player="Orbitpower" no="7" sum="€350"/>
   <action type="15" player="wraJka" no="8" sum="€350"/>
   <action type="1" player="majinboobs" no="9" sum="€1,250"/>
   <action type="2" player="Radodo96" no="10" sum="€2,500"/>
  </round>
 </game>
 <game gamecode="11595962757">
  <general>
   <players>
    <player dealer="0" seat="1" chips="431,997" name="TowGuy" reg_code=""/>
    <player dealer="0" seat="2" chips="102,300" name="Gfs1505" reg_code="8414331904"/>
    <player dealer="0" seat="4" chips="94,300" name="Valais85" reg_code=""/>
    <player dealer="0" seat="5" chips="188,034" name="Orbitpower" reg_code=""/>
    <player dealer="0" seat="6" chips="125,340" name="wraJka" reg_code=""/>
    <player dealer="1" seat="7" chips="173,536" name="majinboobs" reg_code=""/>
    <player dealer="0" seat="9" chips="83,700" name="Radodo96" reg_code=""/>
    <player dealer="0" seat="10" chips="184,173" name="Ilianor" reg_code=""/>
   </players>
  </general>
  <round no="0">
   <action type="15" player="Radodo96" no="1" sum="€350"/>
   <action type="15" player="Ilianor" no="2" sum="€350"/>
   <action type="15" player="TowGuy" no="3" sum="€350"/>
   <action type="15" player="Gfs1505" no="4" sum="€350"/>
   <action type="15" player="Valais85" no="5" sum="€350"/>
   <action type="15" player="Orbitpower" no="6" sum="€350"/>
   <action type="15" player="wraJka" no="7" sum="€350"/>
   <action type="15" player="majinboobs" no="8" sum="€350"/>
   <action type="1" player="Radodo96" no="9" sum="€1,250"/>
   <action type="2" player="Ilianor" no="10" sum="€2,500"/>
  </round>
 </game>
</session>
