<?xml version="1.0" encoding="utf-8"?>
<session sessioncode="8414376244">
 <general>
  <client_version>25.1.1.9</client_version>
  <mode>real</mode>
  <gametype>Holdem NL</gametype>
  <tablename>SF |€20,000 GTD MYSTERY, 1131557852</tablename>
  <tournamentcurrency>EUR</tournamentcurrency>
  <duration>00:13:20</duration>
  <gamecount>8</gamecount>
  <startdate>2025-07-25 16:15:59</startdate>
  <currency>USD</currency>
  <nickname>Gfs1505</nickname>
  <bets>100,000</bets>
  <wins>0</wins>
  <chipsin>99,600</chipsin>
  <chipsout>0</chipsout>
  <statuspoints>RSP18</statuspoints>
  <awardpoints>RSP18</awardpoints>
  <ipoints>RSP18</ipoints>
  <tablesize>8</tablesize>
  <tournamentcode>1131099585</tournamentcode>
  <tournamentname>SF |€20,000 GTD MYSTERY</tournamentname>
  <place>336</place>
  <buyin>€9.10 + €9.10 + €1.80</buyin>
  <totalbuyin>€20</totalbuyin>
  <win>0</win>
 </general>
 <game gamecode="11596053317">
  <general>
   <startdate>2025-07-25 16:15:59</startdate>
   <smallblind>1,500</smallblind>
   <bigblind>3,000</bigblind>
   <ante>400</ante>
   <players>
    <player win="19,300" addon="0" dealer="0" seat="1" chips="100,300" rebuy="0" bet="21,840" name="Pactuall" reg_code=""/>
    <player win="0" addon="0" dealer="1" seat="4" chips="270,753" rebuy="0" bet="6,400" name="Rettinidysa" reg_code=""/>
    <player win="0" addon="0" dealer="0" seat="5" chips="281,413" rebuy="0" bet="1,900" name="quadssober723" reg_code=""/>
    <player win="0" addon="0" dealer="0" seat="6" chips="323,475" rebuy="0" bet="3,400" name="raisebal17klav" reg_code=""/>
    <player win="0" addon="0" dealer="0" seat="7" chips="64,564" rebuy="0" bet="400" name="Hastatau420" reg_code=""/>
    <player win="0" addon="0" dealer="0" seat="9" chips="201,675" rebuy="0" bet="400" name="Ilianor" reg_code=""/>
    <player win="0" addon="0" dealer="0" seat="10" chips="123,126" rebuy="0" bet="400" name="olivieti" reg_code=""/>
   </players>
  </general>
  <round no="0">
   <action type="15" player="quadssober723" no="1" sum="400"/>
   <action type="15" player="raisebal17klav" no="2" sum="400"/>
   <action type="15" player="Hastatau420" no="3" sum="400"/>
   <action type="15" player="Ilianor" no="4" sum="400"/>
   <action type="15" player="olivieti" no="5" sum="400"/>
   <action type="15" player="Pactuall" no="6" sum="400"/>
   <action type="15" player="Rettinidysa" no="7" sum="400"/>
   <action type="1" player="quadssober723" no="8" sum="1,500"/>
   <action type="2" player="raisebal17klav" no="9" sum="3,000"/>
  </round>
  <round no="1">
   <cards type="Pocket" player="Hastatau420">X X</cards>
   <action type="0" player="Hastatau420" no="10" sum="0"/>
   <cards type="Pocket" player="Ilianor">X X</cards>
   <action type="0" player="Ilianor" no="11" sum="0"/>
   <cards type="Pocket" player="olivieti">X X</cards>
   <action type="0" player="olivieti" no="12" sum="0"/>
   <cards type="Pocket" player="Pactuall">X X</cards>
   <action type="23" player="Pactuall" no="13" sum="6,000"/>
   <cards type="Pocket" player="Rettinidysa">X X</cards>
   <action type="3" player="Rettinidysa" no="14" sum="6,000"/>
   <cards type="Pocket" player="quadssober723">X X</cards>
   <action type="0" player="quadssober723" no="15" sum="0"/>
   <cards type="Pocket" player="raisebal17klav">X X</cards>
   <action type="0" player="raisebal17klav" no="16" sum="0"/>
  </round>
  <round no="2">
   <cards type="Flop">DK C4 H6</cards>
   <action type="4" player="Pactuall" no="17" sum="0"/>
   <action type="4" player="Rettinidysa" no="18" sum="0"/>
  </round>
  <round no="3">
   <cards type="Turn">H2</cards>
   <action type="5" player="Pactuall" no="19" sum="15,440"/>
   <action type="0" player="Rettinidysa" no="20" sum="0"/>
  </round>
 </game>
 <game gamecode="11596101104">
  <general>
   <startdate>2025-07-25 16:18:03</startdate>
   <smallblind>1,500</smallblind>
   <bigblind>3,000</bigblind>
   <ante>400</ante>
   <players>
    <player win="0" addon="0" dealer="0" seat="1" chips="113,200" rebuy="0" bet="400" name="Pactuall" reg_code=""/>
    <player win="0" addon="0" dealer="0" seat="2" chips="100,000" rebuy="0" bet="400" name="Gfs1505" reg_code="8414376244"/>
    <player win="0" addon="0" dealer="0" seat="4" chips="264,353" rebuy="0" bet="400" name="Rettinidysa" reg_code=""/>
    <player win="0" addon="0" dealer="1" seat="5" chips="279,513" rebuy="0" bet="37,300" name="quadssober723" reg_code=""/>
    <player win="0" addon="0" dealer="0" seat="6" chips="320,075" rebuy="0" bet="80,800" name="raisebal17klav" reg_code=""/>
    <player win="0" addon="0" dealer="0" seat="7" chips="64,164" rebuy="0" bet="3,400" name="Hastatau420" reg_code=""/>
    <player win="203,900" addon="0" dealer="0" seat="9" chips="201,275" rebuy="0" bet="201,275" name="Ilianor" reg_code=""/>
    <player win="0" addon="0" dealer="0" seat="10" chips="122,726" rebuy="0" bet="400" name="olivieti" reg_code=""/>
   </players>
  </general>
  <round no="0">
   <action type="15" player="raisebal17klav" no="1" sum="400"/>
   <action type="15" player="Hastatau420" no="2" sum="400"/>
   <action type="15" player="Ilianor" no="3" sum="400"/>
   <action type="15" player="olivieti" no="4" sum="400"/>
   <action type="15" player="Pactuall" no="5" sum="400"/>
   <action type="15" player="Gfs1505" no="6" sum="400"/>
   <action type="15" player="Rettinidysa" no="7" sum="400"/>
   <action type="15" player="quadssober723" no="8" sum="400"/>
   <action type="1" player="raisebal17klav" no="9" sum="1,500"/>
   <action type="2" player="Hastatau420" no="10" sum="3,000"/>
  </round>
  <round no="1">
   <cards type="Pocket" player="Ilianor">X X</cards>
   <action type="23" player="Ilianor" no="11" sum="6,450"/>
   <cards type="Pocket" player="olivieti">X X</cards>
   <action type="0" player="olivieti" no="12" sum="0"/>
   <cards type="Pocket" player="Pactuall">X X</cards>
   <action type="0" player="Pactuall" no="13" sum="0"/>
   <cards type="Pocket" player="Gfs1505">DQ D7</cards>
   <action type="0" player="Gfs1505" no="14" sum="0"/>
   <cards type="Pocket" player="Rettinidysa">X X</cards>
   <action type="0" player="Rettinidysa" no="15" sum="0"/>
   <cards type="Pocket" player="quadssober723">X X</cards>
   <action type="3" player="quadssober723" no="16" sum="6,450"/>
   <cards type="Pocket" player="raisebal17klav">X X</cards>
   <action type="23" player="raisebal17klav" no="17" sum="36,900"/>
   <cards type="Pocket" player="Hastatau420">X X</cards>
   <action type="0" player="Hastatau420" no="18" sum="0"/>
   <action type="3" player="Ilianor" no="19" sum="30,450"/>
   <action type="3" player="quadssober723" no="20" sum="30,450"/>
  </round>
  <round no="2">
   <cards type="Flop">C10 C4 SK</cards>
   <action type="4" player="raisebal17klav" no="21" sum="0"/>
   <action type="4" player="Ilianor" no="22" sum="0"/>
   <action type="4" player="quadssober723" no="23" sum="0"/>
  </round>
  <round no="3">
   <cards type="Turn">D10</cards>
   <action type="5" player="raisebal17klav" no="24" sum="43,500"/>
   <action type="23" player="Ilianor" no="25" sum="163,975"/>
   <action type="0" player="quadssober723" no="26" sum="0"/>
   <action type="0" player="raisebal17klav" no="27" sum="0"/>
  </round>
 </game>
 <game gamecode="11596101202">
  <general>
   <startdate>2025-07-25 16:19:57</startdate>
   <smallblind>1,500</smallblind>
   <bigblind>3,000</bigblind>
   <ante>400</ante>
   <players>
    <player win="0" addon="0" dealer="0" seat="1" chips="112,800" rebuy="0" bet="400" name="Pactuall" reg_code=""/>
    <player win="0" addon="0" dealer="0" seat="2" chips="99,600" rebuy="0" bet="400" name="Gfs1505" reg_code="8414376244"/>
    <player win="0" addon="0" dealer="0" seat="4" chips="263,953" rebuy="0" bet="400" name="Rettinidysa" reg_code=""/>
    <player win="0" addon="0" dealer="0" seat="5" chips="242,213" rebuy="0" bet="400" name="quadssober723" reg_code=""/>
    <player win="0" addon="0" dealer="1" seat="6" chips="239,275" rebuy="0" bet="400" name="raisebal17klav" reg_code=""/>
    <player win="18,200" addon="0" dealer="0" seat="7" chips="60,764" rebuy="0" bet="18,400" name="Hastatau420" reg_code=""/>
    <player win="0" addon="0" dealer="0" seat="9" chips="324,375" rebuy="0" bet="3,400" name="Ilianor" reg_code=""/>
    <player win="0" addon="0" dealer="0" seat="10" chips="122,326" rebuy="0" bet="6,400" name="olivieti" reg_code=""/>
   </players>
  </general>
  <round no="0">
   <action type="15" player="Hastatau420" no="1" sum="400"/>
   <action type="15" player="Ilianor" no="2" sum="400"/>
   <action type="15" player="olivieti" no="3" sum="400"/>
   <action type="15" player="Pactuall" no="4" sum="400"/>
   <action type="15" player="Gfs1505" no="5" sum="400"/>
   <action type="15" player="Rettinidysa" no="6" sum="400"/>
   <action type="15" player="quadssober723" no="7" sum="400"/>
   <action type="15" player="raisebal17klav" no="8" sum="400"/>
   <action type="1" player="Hastatau420" no="9" sum="1,500"/>
   <action type="2" player="Ilianor" no="10" sum="3,000"/>
  </round>
  <round no="1">
   <cards type="Pocket" player="olivieti">X X</cards>
   <action type="23" player="olivieti" no="11" sum="6,000"/>
   <cards type="Pocket" player="Pactuall">X X</cards>
   <action type="0" player="Pactuall" no="12" sum="0"/>
   <cards type="Pocket" player="Gfs1505">C6 H9</cards>
   <action type="0" player="Gfs1505" no="13" sum="0"/>
   <cards type="Pocket" player="Rettinidysa">X X</cards>
   <action type="0" player="Rettinidysa" no="14" sum="0"/>
   <cards type="Pocket" player="quadssober723">X X</cards>
   <action type="0" player="quadssober723" no="15" sum="0"/>
   <cards type="Pocket" player="raisebal17klav">X X</cards>
   <action type="0" player="raisebal17klav" no="16" sum="0"/>
   <cards type="Pocket" player="Hastatau420">X X</cards>
   <action type="3" player="Hastatau420" no="17" sum="4,500"/>
   <cards type="Pocket" player="Ilianor">X X</cards>
   <action type="0" player="Ilianor" no="18" sum="0"/>
  </round>
  <round no="2">
   <cards type="Flop">C10 C8 S6</cards>
   <action type="4" player="Hastatau420" no="19" sum="0"/>
   <action type="4" player="olivieti" no="20" sum="0"/>
  </round>
  <round no="3">
   <cards type="Turn">D10</cards>
   <action type="5" player="Hastatau420" no="21" sum="12,000"/>
   <action type="0" player="olivieti" no="22" sum="0"/>
  </round>
 </game>
 <game gamecode="11596101291">
  <general>
   <startdate>2025-07-25 16:21:45</startdate>
   <smallblind>1,500</smallblind>
   <bigblind>3,000</bigblind>
   <ante>400</ante>
   <players>
    <player win="0" addon="0" dealer="0" seat="1" chips="112,400" rebuy="0" bet="400" name="Pactuall" reg_code=""/>
    <player win="0" addon="0" dealer="0" seat="2" chips="99,200" rebuy="0" bet="400" name="Gfs1505" reg_code="8414376244"/>
    <player win="0" addon="0" dealer="0" seat="4" chips="263,553" rebuy="0" bet="44,750" name="Rettinidysa" reg_code=""/>
    <player win="99,400" addon="0" dealer="0" seat="5" chips="241,813" rebuy="0" bet="44,750" name="quadssober723" reg_code=""/>
    <player win="0" addon="0" dealer="0" seat="6" chips="238,875" rebuy="0" bet="400" name="raisebal17klav" reg_code=""/>
    <player win="0" addon="0" dealer="1" seat="7" chips="72,564" rebuy="0" bet="400" name="Hastatau420" reg_code=""/>
    <player win="0" addon="0" dealer="0" seat="9" chips="320,975" rebuy="0" bet="1,900" name="Ilianor" reg_code=""/>
    <player win="0" addon="0" dealer="0" seat="10" chips="115,926" rebuy="0" bet="6,400" name="olivieti" reg_code=""/>
   </players>
  </general>
  <round no="0">
   <action type="15" player="Ilianor" no="1" sum="400"/>
   <action type="15" player="olivieti" no="2" sum="400"/>
   <action type="15" player="Pactuall" no="3" sum="400"/>
   <action type="15" player="Gfs1505" no="4" sum="400"/>
   <action type="15" player="Rettinidysa" no="5" sum="400"/>
   <action type="15" player="quadssober723" no="6" sum="400"/>
   <action type="15" player="raisebal17klav" no="7" sum="400"/>
   <action type="15" player="Hastatau420" no="8" sum="400"/>
   <action type="1" player="Ilianor" no="9" sum="1,500"/>
   <action type="2" player="olivieti" no="10" sum="3,000"/>
  </round>
  <round no="1">
   <cards type="Pocket" player="Pactuall">X X</cards>
   <action type="0" player="Pactuall" no="11" sum="0"/>
   <cards type="Pocket" player="Gfs1505">S10 C6</cards>
   <action type="0" player="Gfs1505" no="12" sum="0"/>
   <cards type="Pocket" player="Rettinidysa">S5 D5</cards>
   <action type="23" player="Rettinidysa" no="13" sum="6,000"/>
   <cards type="Pocket" player="quadssober723">H4 H9</cards>
   <action type="3" player="quadssober723" no="14" sum="6,000"/>
   <cards type="Pocket" player="raisebal17klav">X X</cards>
   <action type="0" player="raisebal17klav" no="15" sum="0"/>
   <cards type="Pocket" player="Hastatau420">X X</cards>
   <action type="0" player="Hastatau420" no="16" sum="0"/>
   <cards type="Pocket" player="Ilianor">X X</cards>
   <action type="0" player="Ilianor" no="17" sum="0"/>
   <cards type="Pocket" player="olivieti">X X</cards>
   <action type="3" player="olivieti" no="18" sum="3,000"/>
  </round>
  <round no="2">
   <cards type="Flop">S7 S9 CQ</cards>
   <action type="4" player="olivieti" no="19" sum="0"/>
   <action type="5" player="Rettinidysa" no="20" sum="11,350"/>
   <action type="3" player="quadssober723" no="21" sum="11,350"/>
   <action type="0" player="olivieti" no="22" sum="0"/>
  </round>
  <round no="3">
   <cards type="Turn">DQ</cards>
   <action type="4" player="Rettinidysa" no="23" sum="0"/>
   <action type="5" player="quadssober723" no="24" sum="12,000"/>
   <action type="3" player="Rettinidysa" no="25" sum="12,000"/>
  </round>
  <round no="4">
   <cards type="River">HQ</cards>
   <action type="4" player="Rettinidysa" no="26" sum="0"/>
   <action type="5" player="quadssober723" no="27" sum="15,000"/>
   <action type="3" player="Rettinidysa" no="28" sum="15,000"/>
  </round>
 </game>
 <game gamecode="11596101350">
  <general>
   <startdate>2025-07-25 16:22:57</startdate>
   <smallblind>1,500</smallblind>
   <bigblind>3,000</bigblind>
   <ante>400</ante>
   <players>
    <player win="0" addon="0" dealer="0" seat="1" chips="112,000" rebuy="0" bet="3,400" name="Pactuall" reg_code=""/>
    <player win="0" addon="0" dealer="0" seat="2" chips="98,800" rebuy="0" bet="400" name="Gfs1505" reg_code="8414376244"/>
    <player win="0" addon="0" dealer="0" seat="4" chips="218,803" rebuy="0" bet="400" name="Rettinidysa" reg_code=""/>
    <player win="0" addon="0" dealer="0" seat="5" chips="296,463" rebuy="0" bet="400" name="quadssober723" reg_code=""/>
    <player win="0" addon="0" dealer="0" seat="6" chips="238,475" rebuy="0" bet="400" name="raisebal17klav" reg_code=""/>
    <player win="0" addon="0" dealer="0" seat="7" chips="72,164" rebuy="0" bet="6,400" name="Hastatau420" reg_code=""/>
    <player win="139,400" addon="0" dealer="1" seat="9" chips="319,075" rebuy="0" bet="140,670" name="Ilianor" reg_code=""/>
    <player win="0" addon="0" dealer="0" seat="10" chips="109,526" rebuy="0" bet="64,000" name="olivieti" reg_code=""/>
   </players>
  </general>
  <round no="0">
   <action type="15" player="olivieti" no="1" sum="400"/>
   <action type="15" player="Pactuall" no="2" sum="400"/>
   <action type="15" player="Gfs1505" no="3" sum="400"/>
   <action type="15" player="Rettinidysa" no="4" sum="400"/>
   <action type="15" player="quadssober723" no="5" sum="400"/>
   <action type="15" player="raisebal17klav" no="6" sum="400"/>
   <action type="15" player="Hastatau420" no="7" sum="400"/>
   <action type="15" player="Ilianor" no="8" sum="400"/>
   <action type="1" player="olivieti" no="9" sum="1,500"/>
   <action type="2" player="Pactuall" no="10" sum="3,000"/>
  </round>
  <round no="1">
   <cards type="Pocket" player="Gfs1505">DK H5</cards>
   <action type="0" player="Gfs1505" no="11" sum="0"/>
   <cards type="Pocket" player="Rettinidysa">X X</cards>
   <action type="0" player="Rettinidysa" no="12" sum="0"/>
   <cards type="Pocket" player="quadssober723">X X</cards>
   <action type="0" player="quadssober723" no="13" sum="0"/>
   <cards type="Pocket" player="raisebal17klav">X X</cards>
   <action type="0" player="raisebal17klav" no="14" sum="0"/>
   <cards type="Pocket" player="Hastatau420">X X</cards>
   <action type="23" player="Hastatau420" no="15" sum="6,000"/>
   <cards type="Pocket" player="Ilianor">X X</cards>
   <action type="3" player="Ilianor" no="16" sum="6,000"/>
   <cards type="Pocket" player="olivieti">X X</cards>
   <action type="23" player="olivieti" no="17" sum="24,000"/>
   <cards type="Pocket" player="Pactuall">X X</cards>
   <action type="0" player="Pactuall" no="18" sum="0"/>
   <action type="0" player="Hastatau420" no="19" sum="0"/>
   <action type="3" player="Ilianor" no="20" sum="18,000"/>
  </round>
  <round no="2">
   <cards type="Flop">C9 D5 D3</cards>
   <action type="4" player="olivieti" no="21" sum="0"/>
   <action type="5" player="Ilianor" no="22" sum="18,060"/>
   <action type="23" player="olivieti" no="23" sum="39,600"/>
   <action type="3" player="Ilianor" no="24" sum="21,540"/>
  </round>
  <round no="3">
   <cards type="Turn">D4</cards>
   <action type="4" player="olivieti" no="25" sum="0"/>
   <action type="5" player="Ilianor" no="26" sum="76,670"/>
   <action type="0" player="olivieti" no="27" sum="0"/>
  </round>
 </game>
 <game gamecode="11596101417">
  <general>
   <startdate>2025-07-25 16:24:34</startdate>
   <smallblind>1,500</smallblind>
   <bigblind>3,000</bigblind>
   <ante>400</ante>
   <players>
    <player win="30,200" addon="0" dealer="0" seat="1" chips="108,600" rebuy="0" bet="29,010" name="Pactuall" reg_code=""/>
    <player win="0" addon="0" dealer="0" seat="2" chips="98,400" rebuy="0" bet="3,400" name="Gfs1505" reg_code="8414376244"/>
    <player win="0" addon="0" dealer="0" seat="4" chips="218,403" rebuy="0" bet="400" name="Rettinidysa" reg_code=""/>
    <player win="0" addon="0" dealer="0" seat="5" chips="296,063" rebuy="0" bet="12,400" name="quadssober723" reg_code=""/>
    <player win="0" addon="0" dealer="0" seat="6" chips="238,075" rebuy="0" bet="400" name="raisebal17klav" reg_code=""/>
    <player win="0" addon="0" dealer="0" seat="7" chips="65,764" rebuy="0" bet="400" name="Hastatau420" reg_code=""/>
    <player win="0" addon="0" dealer="0" seat="9" chips="394,475" rebuy="0" bet="400" name="Ilianor" reg_code=""/>
    <player win="0" addon="0" dealer="1" seat="10" chips="45,526" rebuy="0" bet="400" name="olivieti" reg_code=""/>
   </players>
  </general>
  <round no="0">
   <action type="15" player="Pactuall" no="1" sum="400"/>
   <action type="15" player="Gfs1505" no="2" sum="400"/>
   <action type="15" player="Rettinidysa" no="3" sum="400"/>
   <action type="15" player="quadssober723" no="4" sum="400"/>
   <action type="15" player="raisebal17klav" no="5" sum="400"/>
   <action type="15" player="Hastatau420" no="6" sum="400"/>
   <action type="15" player="Ilianor" no="7" sum="400"/>
   <action type="15" player="olivieti" no="8" sum="400"/>
   <action type="1" player="Pactuall" no="9" sum="1,500"/>
   <action type="2" player="Gfs1505" no="10" sum="3,000"/>
  </round>
  <round no="1">
   <cards type="Pocket" player="Rettinidysa">X X</cards>
   <action type="0" player="Rettinidysa" no="11" sum="0"/>
   <cards type="Pocket" player="quadssober723">X X</cards>
   <action type="3" player="quadssober723" no="12" sum="3,000"/>
   <cards type="Pocket" player="raisebal17klav">X X</cards>
   <action type="0" player="raisebal17klav" no="13" sum="0"/>
   <cards type="Pocket" player="Hastatau420">X X</cards>
   <action type="0" player="Hastatau420" no="14" sum="0"/>
   <cards type="Pocket" player="Ilianor">X X</cards>
   <action type="0" player="Ilianor" no="15" sum="0"/>
   <cards type="Pocket" player="olivieti">X X</cards>
   <action type="0" player="olivieti" no="16" sum="0"/>
   <cards type="Pocket" player="Pactuall">X X</cards>
   <action type="3" player="Pactuall" no="17" sum="1,500"/>
   <cards type="Pocket" player="Gfs1505">HJ CK</cards>
   <action type="4" player="Gfs1505" no="18" sum="0"/>
  </round>
  <round no="2">
   <cards type="Flop">C4 D2 HA</cards>
   <action type="4" player="Pactuall" no="19" sum="0"/>
   <action type="4" player="Gfs1505" no="20" sum="0"/>
   <action type="5" player="quadssober723" no="21" sum="9,000"/>
   <action type="3" player="Pactuall" no="22" sum="9,000"/>
   <action type="0" player="Gfs1505" no="23" sum="0"/>
  </round>
  <round no="3">
   <cards type="Turn">CJ</cards>
   <action type="4" player="Pactuall" no="24" sum="0"/>
   <action type="4" player="quadssober723" no="25" sum="0"/>
  </round>
  <round no="4">
   <cards type="River">H4</cards>
   <action type="5" player="Pactuall" no="26" sum="16,610"/>
   <action type="0" player="quadssober723" no="27" sum="0"/>
  </round>
 </game>
 <game gamecode="11596101527">
  <general>
   <startdate>2025-07-25 16:26:45</startdate>
   <smallblind>1,500</smallblind>
   <bigblind>3,000</bigblind>
   <ante>400</ante>
   <players>
    <player win="0" addon="0" dealer="1" seat="1" chips="126,400" rebuy="0" bet="400" name="Pactuall" reg_code=""/>
    <player win="0" addon="0" dealer="0" seat="2" chips="95,000" rebuy="0" bet="1,900" name="Gfs1505" reg_code="8414376244"/>
    <player win="0" addon="0" dealer="0" seat="4" chips="218,003" rebuy="0" bet="10,570" name="Rettinidysa" reg_code=""/>
    <player win="0" addon="0" dealer="0" seat="5" chips="283,663" rebuy="0" bet="400" name="quadssober723" reg_code=""/>
    <player win="0" addon="0" dealer="0" seat="6" chips="237,675" rebuy="0" bet="400" name="raisebal17klav" reg_code=""/>
    <player win="25,040" addon="0" dealer="0" seat="7" chips="65,364" rebuy="0" bet="10,570" name="Hastatau420" reg_code=""/>
    <player win="0" addon="0" dealer="0" seat="9" chips="394,075" rebuy="0" bet="400" name="Ilianor" reg_code=""/>
    <player win="0" addon="0" dealer="0" seat="10" chips="45,126" rebuy="0" bet="400" name="olivieti" reg_code=""/>
   </players>
  </general>
  <round no="0">
   <action type="15" player="Gfs1505" no="1" sum="400"/>
   <action type="15" player="Rettinidysa" no="2" sum="400"/>
   <action type="15" player="quadssober723" no="3" sum="400"/>
   <action type="15" player="raisebal17klav" no="4" sum="400"/>
   <action type="15" player="Hastatau420" no="5" sum="400"/>
   <action type="15" player="Ilianor" no="6" sum="400"/>
   <action type="15" player="olivieti" no="7" sum="400"/>
   <action type="15" player="Pactuall" no="8" sum="400"/>
   <action type="1" player="Gfs1505" no="9" sum="1,500"/>
   <action type="2" player="Rettinidysa" no="10" sum="3,000"/>
  </round>
  <round no="1">
   <cards type="Pocket" player="quadssober723">X X</cards>
   <action type="0" player="quadssober723" no="11" sum="0"/>
   <cards type="Pocket" player="raisebal17klav">X X</cards>
   <action type="0" player="raisebal17klav" no="12" sum="0"/>
   <cards type="Pocket" player="Hastatau420">H8 C8</cards>
   <action type="23" player="Hastatau420" no="13" sum="6,000"/>
   <cards type="Pocket" player="Ilianor">X X</cards>
   <action type="0" player="Ilianor" no="14" sum="0"/>
   <cards type="Pocket" player="olivieti">X X</cards>
   <action type="0" player="olivieti" no="15" sum="0"/>
   <cards type="Pocket" player="Pactuall">X X</cards>
   <action type="0" player="Pactuall" no="16" sum="0"/>
   <cards type="Pocket" player="Gfs1505">S2 SQ</cards>
   <action type="0" player="Gfs1505" no="17" sum="0"/>
   <cards type="Pocket" player="Rettinidysa">H4 SA</cards>
   <action type="3" player="Rettinidysa" no="18" sum="3,000"/>
  </round>
  <round no="2">
   <cards type="Flop">DK HQ C4</cards>
   <action type="4" player="Rettinidysa" no="19" sum="0"/>
   <action type="5" player="Hastatau420" no="20" sum="4,170"/>
   <action type="3" player="Rettinidysa" no="21" sum="4,170"/>
  </round>
  <round no="3">
   <cards type="Turn">C7</cards>
   <action type="4" player="Rettinidysa" no="22" sum="0"/>
   <action type="4" player="Hastatau420" no="23" sum="0"/>
  </round>
  <round no="4">
   <cards type="River">D2</cards>
   <action type="4" player="Rettinidysa" no="24" sum="0"/>
   <action type="4" player="Hastatau420" no="25" sum="0"/>
  </round>
 </game>
 <game gamecode="11596125882">
  <general>
   <startdate>2025-07-25 16:28:07</startdate>
   <smallblind>2,000</smallblind>
   <bigblind>4,000</bigblind>
   <ante>450</ante>
   <players>
    <player win="194,900" addon="0" dealer="0" seat="1" chips="126,000" rebuy="0" bet="126,000" name="Pactuall" reg_code=""/>
    <player win="0" addon="0" dealer="1" seat="2" chips="93,100" rebuy="0" bet="93,100" name="Gfs1505" reg_code="8414376244"/>
    <player win="0" addon="0" dealer="0" seat="4" chips="207,433" rebuy="0" bet="2,450" name="Rettinidysa" reg_code=""/>
    <player win="0" addon="0" dealer="0" seat="5" chips="283,263" rebuy="0" bet="4,450" name="quadssober723" reg_code=""/>
    <player win="0" addon="0" dealer="0" seat="6" chips="237,275" rebuy="0" bet="450" name="raisebal17klav" reg_code=""/>
    <player win="0" addon="0" dealer="0" seat="7" chips="79,834" rebuy="0" bet="450" name="Hastatau420" reg_code=""/>
    <player win="0" addon="0" dealer="0" seat="9" chips="393,675" rebuy="0" bet="450" name="Ilianor" reg_code=""/>
    <player win="0" addon="0" dealer="0" seat="10" chips="44,726" rebuy="0" bet="450" name="olivieti" reg_code=""/>
   </players>
  </general>
  <round no="0">
   <action type="15" player="Rettinidysa" no="1" sum="450"/>
   <action type="15" player="quadssober723" no="2" sum="450"/>
   <action type="15" player="raisebal17klav" no="3" sum="450"/>
   <action type="15" player="Hastatau420" no="4" sum="450"/>
   <action type="15" player="Ilianor" no="5" sum="450"/>
   <action type="15" player="olivieti" no="6" sum="450"/>
   <action type="15" player="Pactuall" no="7" sum="450"/>
   <action type="15" player="Gfs1505" no="8" sum="450"/>
   <action type="1" player="Rettinidysa" no="9" sum="2,000"/>
   <action type="2" player="quadssober723" no="10" sum="4,000"/>
  </round>
  <round no="1">
   <cards type="Pocket" player="raisebal17klav">X X</cards>
   <action type="0" player="raisebal17klav" no="11" sum="0"/>
   <cards type="Pocket" player="Hastatau420">X X</cards>
   <action type="0" player="Hastatau420" no="12" sum="0"/>
   <cards type="Pocket" player="Ilianor">X X</cards>
   <action type="0" player="Ilianor" no="13" sum="0"/>
   <cards type="Pocket" player="olivieti">X X</cards>
   <action type="0" player="olivieti" no="14" sum="0"/>
   <cards type="Pocket" player="Pactuall">S8 C8</cards>
   <action type="23" player="Pactuall" no="15" sum="8,000"/>
   <cards type="Pocket" player="Gfs1505">CK H10</cards>
   <action type="3" player="Gfs1505" no="16" sum="8,000"/>
   <cards type="Pocket" player="Rettinidysa">X X</cards>
   <action type="0" player="Rettinidysa" no="17" sum="0"/>
   <cards type="Pocket" player="quadssober723">X X</cards>
   <action type="0" player="quadssober723" no="18" sum="0"/>
  </round>
  <round no="2">
   <cards type="Flop">C7 C9 D2</cards>
   <action type="5" player="Pactuall" no="19" sum="8,448"/>
   <action type="3" player="Gfs1505" no="20" sum="8,448"/>
  </round>
  <round no="3">
   <cards type="Turn">HJ</cards>
   <action type="4" player="Pactuall" no="21" sum="0"/>
   <action type="5" player="Gfs1505" no="22" sum="21,248"/>
   <action type="23" player="Pactuall" no="23" sum="109,102"/>
   <action type="7" player="Gfs1505" no="24" sum="54,954"/>
  </round>
  <round no="4">
   <cards type="River">CJ</cards>
  </round>
 </game>
</session>
