<?xml version="1.0" encoding="utf-8"?>
<session sessioncode="8414227626">
 <general>
  <client_version>25.1.1.9</client_version>
  <mode>real</mode>
  <gametype>Holdem NL</gametype>
  <tablename>SF |€20,000 GTD BOUNTY KING, 1131542554</tablename>
  <tournamentcurrency>EUR</tournamentcurrency>
  <duration>00:21:08</duration>
  <gamecount>20</gamecount>
  <startdate>2025-07-25 13:25:24</startdate>
  <currency>USD</currency>
  <nickname>Gfs1505</nickname>
  <bets>102,110</bets>
  <wins>1,810</wins>
  <chipsin>101,230</chipsin>
  <chipsout>0</chipsout>
  <statuspoints>RSP22.50</statuspoints>
  <awardpoints>RSP22.50</awardpoints>
  <ipoints>RSP22.50</ipoints>
  <tablesize>8</tablesize>
  <tournamentcode>1131099471</tournamentcode>
  <tournamentname>SF |€20,000 GTD BOUNTY KING</tournamentname>
  <place>334</place>
  <buyin>€11.37 + €11.38 + €2.25</buyin>
  <totalbuyin>€25</totalbuyin>
  <win>0</win>
 </general>
 <game gamecode="11595430832">
  <general>
   <startdate>2025-07-25 13:25:24</startdate>
   <smallblind>450</smallblind>
   <bigblind>900</bigblind>
   <ante>130</ante>
   <players>
    <player win="0" addon="0" dealer="1" seat="1" chips="100,000" rebuy="0" bet="130" name="ViniEE" reg_code=""/>
    <player win="0" addon="0" dealer="0" seat="2" chips="100,000" rebuy="0" bet="580" name="ramito3" reg_code=""/>
    <player win="1,810" addon="0" dealer="0" seat="4" chips="100,000" rebuy="0" bet="1,030" name="Gfs1505" reg_code="8414227626"/>
    <player win="0" addon="0" dealer="0" seat="6" chips="79,064" rebuy="0" bet="130" name="WhatsTheCraic211" reg_code=""/>
    <player win="0" addon="0" dealer="0" seat="7" chips="96,220" rebuy="0" bet="130" name="grach10878" reg_code=""/>
    <player win="0" addon="0" dealer="0" seat="9" chips="89,340" rebuy="0" bet="130" name="Overthinker112" reg_code=""/>
    <player win="0" addon="0" dealer="0" seat="10" chips="93,799" rebuy="0" bet="130" name="chlebasmaslem77" reg_code=""/>
   </players>
  </general>
  <round no="0">
   <action type="15" player="ramito3" no="1" sum="130"/>
   <action type="15" player="Gfs1505" no="2" sum="130"/>
   <action type="15" player="WhatsTheCraic211" no="3" sum="130"/>
   <action type="15" player="grach10878" no="4" sum="130"/>
   <action type="15" player="Overthinker112" no="5" sum="130"/>
   <action type="15" player="chlebasmaslem77" no="6" sum="130"/>
   <action type="15" player="ViniEE" no="7" sum="130"/>
   <action type="1" player="ramito3" no="8" sum="450"/>
   <action type="2" player="Gfs1505" no="9" sum="900"/>
  </round>
  <round no="1">
   <cards type="Pocket" player="Gfs1505">CA SA</cards>
   <cards type="Pocket" player="WhatsTheCraic211">X X</cards>
   <action type="0" player="WhatsTheCraic211" no="10" sum="0"/>
   <cards type="Pocket" player="grach10878">X X</cards>
   <action type="0" player="grach10878" no="11" sum="0"/>
   <cards type="Pocket" player="Overthinker112">X X</cards>
   <action type="0" player="Overthinker112" no="12" sum="0"/>
   <cards type="Pocket" player="chlebasmaslem77">X X</cards>
   <action type="0" player="chlebasmaslem77" no="13" sum="0"/>
   <cards type="Pocket" player="ViniEE">X X</cards>
   <action type="0" player="ViniEE" no="14" sum="0"/>
   <cards type="Pocket" player="ramito3">X X</cards>
   <action type="0" player="ramito3" no="15" sum="0"/>
  </round>
 </game>
 <game gamecode="11595430849">
  <general>
   <startdate>2025-07-25 13:25:41</startdate>
   <smallblind>450</smallblind>
   <bigblind>900</bigblind>
   <ante>130</ante>
   <players>
    <player win="0" addon="0" dealer="0" seat="1" chips="99,870" rebuy="0" bet="130" name="ViniEE" reg_code=""/>
    <player win="0" addon="0" dealer="1" seat="2" chips="99,420" rebuy="0" bet="130" name="ramito3" reg_code=""/>
    <player win="0" addon="0" dealer="0" seat="4" chips="101,230" rebuy="0" bet="580" name="Gfs1505" reg_code="8414227626"/>
    <player win="74,892" addon="0" dealer="0" seat="5" chips="100,000" rebuy="0" bet="36,831" name="anthony462" reg_code=""/>
    <player win="0" addon="0" dealer="0" seat="6" chips="78,934" rebuy="0" bet="130" name="WhatsTheCraic211" reg_code=""/>
    <player win="0" addon="0" dealer="0" seat="7" chips="96,090" rebuy="0" bet="130" name="grach10878" reg_code=""/>
    <player win="0" addon="0" dealer="0" seat="9" chips="89,210" rebuy="0" bet="130" name="Overthinker112" reg_code=""/>
    <player win="0" addon="0" dealer="0" seat="10" chips="93,669" rebuy="0" bet="36,831" name="chlebasmaslem77" reg_code=""/>
   </players>
  </general>
  <round no="0">
   <action type="15" player="Gfs1505" no="1" sum="130"/>
   <action type="15" player="anthony462" no="2" sum="130"/>
   <action type="15" player="WhatsTheCraic211" no="3" sum="130"/>
   <action type="15" player="grach10878" no="4" sum="130"/>
   <action type="15" player="Overthinker112" no="5" sum="130"/>
   <action type="15" player="chlebasmaslem77" no="6" sum="130"/>
   <action type="15" player="ViniEE" no="7" sum="130"/>
   <action type="15" player="ramito3" no="8" sum="130"/>
   <action type="1" player="Gfs1505" no="9" sum="450"/>
   <action type="2" player="anthony462" no="10" sum="900"/>
  </round>
  <round no="1">
   <cards type="Pocket" player="WhatsTheCraic211">X X</cards>
   <action type="0" player="WhatsTheCraic211" no="11" sum="0"/>
   <cards type="Pocket" player="grach10878">X X</cards>
   <action type="0" player="grach10878" no="12" sum="0"/>
   <cards type="Pocket" player="Overthinker112">X X</cards>
   <action type="0" player="Overthinker112" no="13" sum="0"/>
   <cards type="Pocket" player="chlebasmaslem77">HA SA</cards>
   <action type="23" player="chlebasmaslem77" no="14" sum="1,800"/>
   <cards type="Pocket" player="ViniEE">X X</cards>
   <action type="0" player="ViniEE" no="15" sum="0"/>
   <cards type="Pocket" player="ramito3">X X</cards>
   <action type="0" player="ramito3" no="16" sum="0"/>
   <cards type="Pocket" player="Gfs1505">DQ H8</cards>
   <action type="0" player="Gfs1505" no="17" sum="0"/>
   <cards type="Pocket" player="anthony462">HQ CK</cards>
   <action type="3" player="anthony462" no="18" sum="900"/>
  </round>
  <round no="2">
   <cards type="Flop">S9 D6 S2</cards>
   <action type="5" player="anthony462" no="19" sum="2,700"/>
   <action type="3" player="chlebasmaslem77" no="20" sum="2,700"/>
  </round>
  <round no="3">
   <cards type="Turn">SK</cards>
   <action type="5" player="anthony462" no="21" sum="5,454"/>
   <action type="3" player="chlebasmaslem77" no="22" sum="5,454"/>
  </round>
  <round no="4">
   <cards type="River">HK</cards>
   <action type="5" player="anthony462" no="23" sum="26,747"/>
   <action type="3" player="chlebasmaslem77" no="24" sum="26,747"/>
  </round>
 </game>
 <game gamecode="11595678794">
  <general>
   <startdate>2025-07-25 13:26:31</startdate>
   <smallblind>450</smallblind>
   <bigblind>900</bigblind>
   <ante>130</ante>
   <players>
    <player win="0" addon="0" dealer="0" seat="1" chips="99,740" rebuy="0" bet="130" name="ViniEE" reg_code=""/>
    <player win="0" addon="0" dealer="0" seat="2" chips="99,290" rebuy="0" bet="130" name="ramito3" reg_code=""/>
    <player win="0" addon="0" dealer="1" seat="4" chips="100,650" rebuy="0" bet="130" name="Gfs1505" reg_code="8414227626"/>
    <player win="0" addon="0" dealer="0" seat="5" chips="138,061" rebuy="0" bet="580" name="anthony462" reg_code=""/>
    <player win="9,050" addon="0" dealer="0" seat="6" chips="78,804" rebuy="0" bet="3,910" name="WhatsTheCraic211" reg_code=""/>
    <player win="0" addon="0" dealer="0" seat="7" chips="95,960" rebuy="0" bet="130" name="grach10878" reg_code=""/>
    <player win="0" addon="0" dealer="0" seat="9" chips="89,080" rebuy="0" bet="3,910" name="Overthinker112" reg_code=""/>
    <player win="0" addon="0" dealer="0" seat="10" chips="56,838" rebuy="0" bet="130" name="chlebasmaslem77" reg_code=""/>
   </players>
  </general>
  <round no="0">
   <action type="15" player="anthony462" no="1" sum="130"/>
   <action type="15" player="WhatsTheCraic211" no="2" sum="130"/>
   <action type="15" player="grach10878" no="3" sum="130"/>
   <action type="15" player="Overthinker112" no="4" sum="130"/>
   <action type="15" player="chlebasmaslem77" no="5" sum="130"/>
   <action type="15" player="ViniEE" no="6" sum="130"/>
   <action type="15" player="ramito3" no="7" sum="130"/>
   <action type="15" player="Gfs1505" no="8" sum="130"/>
   <action type="1" player="anthony462" no="9" sum="450"/>
   <action type="2" player="WhatsTheCraic211" no="10" sum="900"/>
  </round>
  <round no="1">
   <cards type="Pocket" player="grach10878">X X</cards>
   <action type="0" player="grach10878" no="11" sum="0"/>
   <cards type="Pocket" player="Overthinker112">SA DK</cards>
   <action type="23" player="Overthinker112" no="12" sum="1,980"/>
   <cards type="Pocket" player="chlebasmaslem77">X X</cards>
   <action type="0" player="chlebasmaslem77" no="13" sum="0"/>
   <cards type="Pocket" player="ViniEE">X X</cards>
   <action type="0" player="ViniEE" no="14" sum="0"/>
   <cards type="Pocket" player="ramito3">X X</cards>
   <action type="0" player="ramito3" no="15" sum="0"/>
   <cards type="Pocket" player="Gfs1505">CJ S9</cards>
   <action type="0" player="Gfs1505" no="16" sum="0"/>
   <cards type="Pocket" player="anthony462">X X</cards>
   <action type="0" player="anthony462" no="17" sum="0"/>
   <cards type="Pocket" player="WhatsTheCraic211">H4 D4</cards>
   <action type="3" player="WhatsTheCraic211" no="18" sum="1,080"/>
  </round>
  <round no="2">
   <cards type="Flop">CQ C3 D5</cards>
   <action type="4" player="WhatsTheCraic211" no="19" sum="0"/>
   <action type="4" player="Overthinker112" no="20" sum="0"/>
  </round>
  <round no="3">
   <cards type="Turn">C8</cards>
   <action type="4" player="WhatsTheCraic211" no="21" sum="0"/>
   <action type="4" player="Overthinker112" no="22" sum="0"/>
  </round>
  <round no="4">
   <cards type="River">H2</cards>
   <action type="5" player="WhatsTheCraic211" no="23" sum="1,800"/>
   <action type="3" player="Overthinker112" no="24" sum="1,800"/>
  </round>
 </game>
 <game gamecode="11595678865">
  <general>
   <startdate>2025-07-25 13:27:58</startdate>
   <smallblind>450</smallblind>
   <bigblind>900</bigblind>
   <ante>130</ante>
   <players>
    <player win="0" addon="0" dealer="0" seat="1" chips="99,610" rebuy="0" bet="130" name="ViniEE" reg_code=""/>
    <player win="0" addon="0" dealer="0" seat="2" chips="99,160" rebuy="0" bet="130" name="ramito3" reg_code=""/>
    <player win="0" addon="0" dealer="0" seat="4" chips="100,520" rebuy="0" bet="130" name="Gfs1505" reg_code="8414227626"/>
    <player win="53,060" addon="0" dealer="1" seat="5" chips="137,481" rebuy="0" bet="64,423" name="anthony462" reg_code=""/>
    <player win="0" addon="0" dealer="0" seat="6" chips="83,944" rebuy="0" bet="25,690" name="WhatsTheCraic211" reg_code=""/>
    <player win="0" addon="0" dealer="0" seat="7" chips="95,830" rebuy="0" bet="1,030" name="grach10878" reg_code=""/>
    <player win="0" addon="0" dealer="0" seat="9" chips="85,170" rebuy="0" bet="130" name="Overthinker112" reg_code=""/>
    <player win="0" addon="0" dealer="0" seat="10" chips="56,708" rebuy="0" bet="130" name="chlebasmaslem77" reg_code=""/>
   </players>
  </general>
  <round no="0">
   <action type="15" player="WhatsTheCraic211" no="1" sum="130"/>
   <action type="15" player="grach10878" no="2" sum="130"/>
   <action type="15" player="Overthinker112" no="3" sum="130"/>
   <action type="15" player="chlebasmaslem77" no="4" sum="130"/>
   <action type="15" player="ViniEE" no="5" sum="130"/>
   <action type="15" player="ramito3" no="6" sum="130"/>
   <action type="15" player="Gfs1505" no="7" sum="130"/>
   <action type="15" player="anthony462" no="8" sum="130"/>
   <action type="1" player="WhatsTheCraic211" no="9" sum="450"/>
   <action type="2" player="grach10878" no="10" sum="900"/>
  </round>
  <round no="1">
   <cards type="Pocket" player="Overthinker112">X X</cards>
   <action type="0" player="Overthinker112" no="11" sum="0"/>
   <cards type="Pocket" player="chlebasmaslem77">X X</cards>
   <action type="0" player="chlebasmaslem77" no="12" sum="0"/>
   <cards type="Pocket" player="ViniEE">X X</cards>
   <action type="0" player="ViniEE" no="13" sum="0"/>
   <cards type="Pocket" player="ramito3">X X</cards>
   <action type="0" player="ramito3" no="14" sum="0"/>
   <cards type="Pocket" player="Gfs1505">C7 S5</cards>
   <action type="0" player="Gfs1505" no="15" sum="0"/>
   <cards type="Pocket" player="anthony462">X X</cards>
   <action type="23" player="anthony462" no="16" sum="1,980"/>
   <cards type="Pocket" player="WhatsTheCraic211">X X</cards>
   <action type="23" player="WhatsTheCraic211" no="17" sum="8,460"/>
   <cards type="Pocket" player="grach10878">X X</cards>
   <action type="0" player="grach10878" no="18" sum="0"/>
   <action type="3" player="anthony462" no="19" sum="6,480"/>
  </round>
  <round no="2">
   <cards type="Flop">H2 HA DQ</cards>
   <action type="5" player="WhatsTheCraic211" no="20" sum="5,850"/>
   <action type="23" player="anthony462" no="21" sum="17,100"/>
   <action type="3" player="WhatsTheCraic211" no="22" sum="11,250"/>
  </round>
  <round no="3">
   <cards type="Turn">DJ</cards>
   <action type="4" player="WhatsTheCraic211" no="23" sum="0"/>
   <action type="5" player="anthony462" no="24" sum="38,733"/>
   <action type="0" player="WhatsTheCraic211" no="25" sum="0"/>
  </round>
 </game>
 <game gamecode="11595678927">
  <general>
   <startdate>2025-07-25 13:29:13</startdate>
   <smallblind>450</smallblind>
   <bigblind>900</bigblind>
   <ante>130</ante>
   <players>
    <player win="0" addon="0" dealer="0" seat="1" chips="99,480" rebuy="0" bet="130" name="ViniEE" reg_code=""/>
    <player win="0" addon="0" dealer="0" seat="2" chips="99,030" rebuy="0" bet="130" name="ramito3" reg_code=""/>
    <player win="0" addon="0" dealer="0" seat="4" chips="100,390" rebuy="0" bet="130" name="Gfs1505" reg_code="8414227626"/>
    <player win="0" addon="0" dealer="0" seat="5" chips="164,851" rebuy="0" bet="6,716" name="anthony462" reg_code=""/>
    <player win="0" addon="0" dealer="1" seat="6" chips="58,254" rebuy="0" bet="130" name="WhatsTheCraic211" reg_code=""/>
    <player win="20,798" addon="0" dealer="0" seat="7" chips="94,800" rebuy="0" bet="20,442" name="grach10878" reg_code=""/>
    <player win="0" addon="0" dealer="0" seat="9" chips="85,040" rebuy="0" bet="6,716" name="Overthinker112" reg_code=""/>
    <player win="0" addon="0" dealer="0" seat="10" chips="56,578" rebuy="0" bet="130" name="chlebasmaslem77" reg_code=""/>
   </players>
  </general>
  <round no="0">
   <action type="15" player="grach10878" no="1" sum="130"/>
   <action type="15" player="Overthinker112" no="2" sum="130"/>
   <action type="15" player="chlebasmaslem77" no="3" sum="130"/>
   <action type="15" player="ViniEE" no="4" sum="130"/>
   <action type="15" player="ramito3" no="5" sum="130"/>
   <action type="15" player="Gfs1505" no="6" sum="130"/>
   <action type="15" player="anthony462" no="7" sum="130"/>
   <action type="15" player="WhatsTheCraic211" no="8" sum="130"/>
   <action type="1" player="grach10878" no="9" sum="450"/>
   <action type="2" player="Overthinker112" no="10" sum="900"/>
  </round>
  <round no="1">
   <cards type="Pocket" player="chlebasmaslem77">X X</cards>
   <action type="0" player="chlebasmaslem77" no="11" sum="0"/>
   <cards type="Pocket" player="ViniEE">X X</cards>
   <action type="0" player="ViniEE" no="12" sum="0"/>
   <cards type="Pocket" player="ramito3">X X</cards>
   <action type="0" player="ramito3" no="13" sum="0"/>
   <cards type="Pocket" player="Gfs1505">D6 S2</cards>
   <action type="0" player="Gfs1505" no="14" sum="0"/>
   <cards type="Pocket" player="anthony462">X X</cards>
   <action type="23" player="anthony462" no="15" sum="1,980"/>
   <cards type="Pocket" player="WhatsTheCraic211">X X</cards>
   <action type="0" player="WhatsTheCraic211" no="16" sum="0"/>
   <cards type="Pocket" player="grach10878">X X</cards>
   <action type="3" player="grach10878" no="17" sum="1,530"/>
   <cards type="Pocket" player="Overthinker112">X X</cards>
   <action type="3" player="Overthinker112" no="18" sum="1,080"/>
  </round>
  <round no="2">
   <cards type="Flop">C6 DQ D10</cards>
   <action type="4" player="grach10878" no="19" sum="0"/>
   <action type="4" player="Overthinker112" no="20" sum="0"/>
   <action type="4" player="anthony462" no="21" sum="0"/>
  </round>
  <round no="3">
   <cards type="Turn">H5</cards>
   <action type="5" player="grach10878" no="22" sum="4,606"/>
   <action type="3" player="Overthinker112" no="23" sum="4,606"/>
   <action type="3" player="anthony462" no="24" sum="4,606"/>
  </round>
  <round no="4">
   <cards type="River">H10</cards>
   <action type="5" player="grach10878" no="25" sum="13,726"/>
   <action type="0" player="Overthinker112" no="26" sum="0"/>
   <action type="0" player="anthony462" no="27" sum="0"/>
  </round>
 </game>
 <game gamecode="11595679011">
  <general>
   <startdate>2025-07-25 13:30:52</startdate>
   <smallblind>450</smallblind>
   <bigblind>900</bigblind>
   <ante>130</ante>
   <players>
    <player win="0" addon="0" dealer="0" seat="1" chips="99,350" rebuy="0" bet="130" name="ViniEE" reg_code=""/>
    <player win="0" addon="0" dealer="0" seat="2" chips="98,900" rebuy="0" bet="130" name="ramito3" reg_code=""/>
    <player win="0" addon="0" dealer="0" seat="4" chips="100,260" rebuy="0" bet="130" name="Gfs1505" reg_code="8414227626"/>
    <player win="0" addon="0" dealer="0" seat="5" chips="158,135" rebuy="0" bet="3,730" name="anthony462" reg_code=""/>
    <player win="0" addon="0" dealer="0" seat="6" chips="58,124" rebuy="0" bet="130" name="WhatsTheCraic211" reg_code=""/>
    <player win="0" addon="0" dealer="1" seat="7" chips="108,882" rebuy="0" bet="130" name="grach10878" reg_code=""/>
    <player win="0" addon="0" dealer="0" seat="9" chips="78,324" rebuy="0" bet="580" name="Overthinker112" reg_code=""/>
    <player win="8,690" addon="0" dealer="0" seat="10" chips="56,448" rebuy="0" bet="8,075" name="chlebasmaslem77" reg_code=""/>
   </players>
  </general>
  <round no="0">
   <action type="15" player="Overthinker112" no="1" sum="130"/>
   <action type="15" player="chlebasmaslem77" no="2" sum="130"/>
   <action type="15" player="ViniEE" no="3" sum="130"/>
   <action type="15" player="ramito3" no="4" sum="130"/>
   <action type="15" player="Gfs1505" no="5" sum="130"/>
   <action type="15" player="anthony462" no="6" sum="130"/>
   <action type="15" player="WhatsTheCraic211" no="7" sum="130"/>
   <action type="15" player="grach10878" no="8" sum="130"/>
   <action type="1" player="Overthinker112" no="9" sum="450"/>
   <action type="2" player="chlebasmaslem77" no="10" sum="900"/>
  </round>
  <round no="1">
   <cards type="Pocket" player="ViniEE">X X</cards>
   <action type="0" player="ViniEE" no="11" sum="0"/>
   <cards type="Pocket" player="ramito3">X X</cards>
   <action type="0" player="ramito3" no="12" sum="0"/>
   <cards type="Pocket" player="Gfs1505">S3 CJ</cards>
   <action type="0" player="Gfs1505" no="13" sum="0"/>
   <cards type="Pocket" player="anthony462">X X</cards>
   <action type="3" player="anthony462" no="14" sum="900"/>
   <cards type="Pocket" player="WhatsTheCraic211">X X</cards>
   <action type="0" player="WhatsTheCraic211" no="15" sum="0"/>
   <cards type="Pocket" player="grach10878">X X</cards>
   <action type="0" player="grach10878" no="16" sum="0"/>
   <cards type="Pocket" player="Overthinker112">X X</cards>
   <action type="0" player="Overthinker112" no="17" sum="0"/>
   <cards type="Pocket" player="chlebasmaslem77">X X</cards>
   <action type="23" player="chlebasmaslem77" no="18" sum="3,600"/>
   <action type="3" player="anthony462" no="19" sum="2,700"/>
  </round>
  <round no="2">
   <cards type="Flop">DQ CK H5</cards>
   <action type="5" player="chlebasmaslem77" no="20" sum="4,345"/>
   <action type="0" player="anthony462" no="21" sum="0"/>
  </round>
 </game>
 <game gamecode="11595679060">
  <general>
   <startdate>2025-07-25 13:31:41</startdate>
   <smallblind>450</smallblind>
   <bigblind>900</bigblind>
   <ante>130</ante>
   <players>
    <player win="11,390" addon="0" dealer="0" seat="1" chips="99,220" rebuy="0" bet="12,600" name="ViniEE" reg_code=""/>
    <player win="0" addon="0" dealer="0" seat="2" chips="98,770" rebuy="0" bet="130" name="ramito3" reg_code=""/>
    <player win="0" addon="0" dealer="0" seat="4" chips="100,130" rebuy="0" bet="130" name="Gfs1505" reg_code="8414227626"/>
    <player win="0" addon="0" dealer="0" seat="5" chips="154,405" rebuy="0" bet="1,030" name="anthony462" reg_code=""/>
    <player win="0" addon="0" dealer="0" seat="6" chips="57,994" rebuy="0" bet="130" name="WhatsTheCraic211" reg_code=""/>
    <player win="0" addon="0" dealer="0" seat="7" chips="108,752" rebuy="0" bet="4,630" name="grach10878" reg_code=""/>
    <player win="0" addon="0" dealer="1" seat="9" chips="77,744" rebuy="0" bet="130" name="Overthinker112" reg_code=""/>
    <player win="0" addon="0" dealer="0" seat="10" chips="61,408" rebuy="0" bet="580" name="chlebasmaslem77" reg_code=""/>
   </players>
  </general>
  <round no="0">
   <action type="15" player="chlebasmaslem77" no="1" sum="130"/>
   <action type="15" player="ViniEE" no="2" sum="130"/>
   <action type="15" player="ramito3" no="3" sum="130"/>
   <action type="15" player="Gfs1505" no="4" sum="130"/>
   <action type="15" player="anthony462" no="5" sum="130"/>
   <action type="15" player="WhatsTheCraic211" no="6" sum="130"/>
   <action type="15" player="grach10878" no="7" sum="130"/>
   <action type="15" player="Overthinker112" no="8" sum="130"/>
   <action type="1" player="chlebasmaslem77" no="9" sum="450"/>
   <action type="2" player="ViniEE" no="10" sum="900"/>
  </round>
  <round no="1">
   <cards type="Pocket" player="ramito3">X X</cards>
   <action type="0" player="ramito3" no="11" sum="0"/>
   <cards type="Pocket" player="Gfs1505">H10 D6</cards>
   <action type="0" player="Gfs1505" no="12" sum="0"/>
   <cards type="Pocket" player="anthony462">X X</cards>
   <action type="3" player="anthony462" no="13" sum="900"/>
   <cards type="Pocket" player="WhatsTheCraic211">X X</cards>
   <action type="0" player="WhatsTheCraic211" no="14" sum="0"/>
   <cards type="Pocket" player="grach10878">X X</cards>
   <action type="23" player="grach10878" no="15" sum="4,500"/>
   <cards type="Pocket" player="Overthinker112">X X</cards>
   <action type="0" player="Overthinker112" no="16" sum="0"/>
   <cards type="Pocket" player="chlebasmaslem77">X X</cards>
   <action type="0" player="chlebasmaslem77" no="17" sum="0"/>
   <cards type="Pocket" player="ViniEE">X X</cards>
   <action type="23" player="ViniEE" no="18" sum="12,600"/>
   <action type="0" player="anthony462" no="19" sum="0"/>
   <action type="0" player="grach10878" no="20" sum="0"/>
  </round>
 </game>
 <game gamecode="11595679126">
  <general>
   <startdate>2025-07-25 13:32:51</startdate>
   <smallblind>450</smallblind>
   <bigblind>900</bigblind>
   <ante>130</ante>
   <players>
    <player win="0" addon="0" dealer="0" seat="1" chips="105,980" rebuy="0" bet="580" name="ViniEE" reg_code=""/>
    <player win="0" addon="0" dealer="0" seat="2" chips="98,640" rebuy="0" bet="7,752" name="ramito3" reg_code=""/>
    <player win="0" addon="0" dealer="0" seat="4" chips="100,000" rebuy="0" bet="130" name="Gfs1505" reg_code="8414227626"/>
    <player win="16,734" addon="0" dealer="0" seat="5" chips="153,375" rebuy="0" bet="17,323" name="anthony462" reg_code=""/>
    <player win="0" addon="0" dealer="0" seat="6" chips="57,864" rebuy="0" bet="130" name="WhatsTheCraic211" reg_code=""/>
    <player win="0" addon="0" dealer="0" seat="7" chips="104,122" rebuy="0" bet="130" name="grach10878" reg_code=""/>
    <player win="0" addon="0" dealer="0" seat="9" chips="77,614" rebuy="0" bet="130" name="Overthinker112" reg_code=""/>
    <player win="0" addon="0" dealer="1" seat="10" chips="60,828" rebuy="0" bet="130" name="chlebasmaslem77" reg_code=""/>
   </players>
  </general>
  <round no="0">
   <action type="15" player="ViniEE" no="1" sum="130"/>
   <action type="15" player="ramito3" no="2" sum="130"/>
   <action type="15" player="Gfs1505" no="3" sum="130"/>
   <action type="15" player="anthony462" no="4" sum="130"/>
   <action type="15" player="WhatsTheCraic211" no="5" sum="130"/>
   <action type="15" player="grach10878" no="6" sum="130"/>
   <action type="15" player="Overthinker112" no="7" sum="130"/>
   <action type="15" player="chlebasmaslem77" no="8" sum="130"/>
   <action type="1" player="ViniEE" no="9" sum="450"/>
   <action type="2" player="ramito3" no="10" sum="900"/>
  </round>
  <round no="1">
   <cards type="Pocket" player="Gfs1505">C3 D4</cards>
   <action type="0" player="Gfs1505" no="11" sum="0"/>
   <cards type="Pocket" player="anthony462">H8 S7</cards>
   <action type="23" player="anthony462" no="12" sum="1,980"/>
   <cards type="Pocket" player="WhatsTheCraic211">X X</cards>
   <action type="0" player="WhatsTheCraic211" no="13" sum="0"/>
   <cards type="Pocket" player="grach10878">X X</cards>
   <action type="0" player="grach10878" no="14" sum="0"/>
   <cards type="Pocket" player="Overthinker112">X X</cards>
   <action type="0" player="Overthinker112" no="15" sum="0"/>
   <cards type="Pocket" player="chlebasmaslem77">X X</cards>
   <action type="0" player="chlebasmaslem77" no="16" sum="0"/>
   <cards type="Pocket" player="ViniEE">X X</cards>
   <action type="0" player="ViniEE" no="17" sum="0"/>
   <cards type="Pocket" player="ramito3">X X</cards>
   <action type="3" player="ramito3" no="18" sum="1,080"/>
  </round>
  <round no="2">
   <cards type="Flop">S3 CQ C4</cards>
   <action type="4" player="ramito3" no="19" sum="0"/>
   <action type="5" player="anthony462" no="20" sum="1,471"/>
   <action type="23" player="ramito3" no="21" sum="5,642"/>
   <action type="23" player="anthony462" no="22" sum="15,213"/>
   <action type="0" player="ramito3" no="23" sum="0"/>
  </round>
 </game>
 <game gamecode="11595679179">
  <general>
   <startdate>2025-07-25 13:33:42</startdate>
   <smallblind>450</smallblind>
   <bigblind>900</bigblind>
   <ante>130</ante>
   <players>
    <player win="0" addon="0" dealer="1" seat="1" chips="105,400" rebuy="0" bet="130" name="ViniEE" reg_code=""/>
    <player win="0" addon="0" dealer="0" seat="2" chips="90,888" rebuy="0" bet="580" name="ramito3" reg_code=""/>
    <player win="0" addon="0" dealer="0" seat="4" chips="99,870" rebuy="0" bet="12,280" name="Gfs1505" reg_code="8414227626"/>
    <player win="0" addon="0" dealer="0" seat="5" chips="162,357" rebuy="0" bet="12,280" name="anthony462" reg_code=""/>
    <player win="37,940" addon="0" dealer="0" seat="6" chips="57,734" rebuy="0" bet="32,530" name="WhatsTheCraic211" reg_code=""/>
    <player win="0" addon="0" dealer="0" seat="7" chips="103,992" rebuy="0" bet="130" name="grach10878" reg_code=""/>
    <player win="0" addon="0" dealer="0" seat="9" chips="77,484" rebuy="0" bet="130" name="Overthinker112" reg_code=""/>
    <player win="0" addon="0" dealer="0" seat="10" chips="60,698" rebuy="0" bet="130" name="chlebasmaslem77" reg_code=""/>
   </players>
  </general>
  <round no="0">
   <action type="15" player="ramito3" no="1" sum="130"/>
   <action type="15" player="Gfs1505" no="2" sum="130"/>
   <action type="15" player="anthony462" no="3" sum="130"/>
   <action type="15" player="WhatsTheCraic211" no="4" sum="130"/>
   <action type="15" player="grach10878" no="5" sum="130"/>
   <action type="15" player="Overthinker112" no="6" sum="130"/>
   <action type="15" player="chlebasmaslem77" no="7" sum="130"/>
   <action type="15" player="ViniEE" no="8" sum="130"/>
   <action type="1" player="ramito3" no="9" sum="450"/>
   <action type="2" player="Gfs1505" no="10" sum="900"/>
  </round>
  <round no="1">
   <cards type="Pocket" player="anthony462">X X</cards>
   <action type="3" player="anthony462" no="11" sum="900"/>
   <cards type="Pocket" player="WhatsTheCraic211">X X</cards>
   <action type="23" player="WhatsTheCraic211" no="12" sum="3,150"/>
   <cards type="Pocket" player="grach10878">X X</cards>
   <action type="0" player="grach10878" no="13" sum="0"/>
   <cards type="Pocket" player="Overthinker112">X X</cards>
   <action type="0" player="Overthinker112" no="14" sum="0"/>
   <cards type="Pocket" player="chlebasmaslem77">X X</cards>
   <action type="0" player="chlebasmaslem77" no="15" sum="0"/>
   <cards type="Pocket" player="ViniEE">X X</cards>
   <action type="0" player="ViniEE" no="16" sum="0"/>
   <cards type="Pocket" player="ramito3">X X</cards>
   <action type="0" player="ramito3" no="17" sum="0"/>
   <cards type="Pocket" player="Gfs1505">S7 D7</cards>
   <action type="3" player="Gfs1505" no="18" sum="2,250"/>
   <action type="3" player="anthony462" no="19" sum="2,250"/>
  </round>
  <round no="2">
   <cards type="Flop">C6 C10 H2</cards>
   <action type="4" player="Gfs1505" no="20" sum="0"/>
   <action type="4" player="anthony462" no="21" sum="0"/>
   <action type="4" player="WhatsTheCraic211" no="22" sum="0"/>
  </round>
  <round no="3">
   <cards type="Turn">H9</cards>
   <action type="4" player="Gfs1505" no="23" sum="0"/>
   <action type="4" player="anthony462" no="24" sum="0"/>
   <action type="5" player="WhatsTheCraic211" no="25" sum="9,000"/>
   <action type="3" player="Gfs1505" no="26" sum="9,000"/>
   <action type="3" player="anthony462" no="27" sum="9,000"/>
  </round>
  <round no="4">
   <cards type="River">S2</cards>
   <action type="4" player="Gfs1505" no="28" sum="0"/>
   <action type="4" player="anthony462" no="29" sum="0"/>
   <action type="5" player="WhatsTheCraic211" no="30" sum="20,250"/>
   <action type="0" player="Gfs1505" no="31" sum="0"/>
   <action type="0" player="anthony462" no="32" sum="0"/>
  </round>
 </game>
 <game gamecode="11595679250">
  <general>
   <startdate>2025-07-25 13:35:10</startdate>
   <smallblind>450</smallblind>
   <bigblind>900</bigblind>
   <ante>130</ante>
   <players>
    <player win="0" addon="0" dealer="0" seat="1" chips="105,270" rebuy="0" bet="130" name="ViniEE" reg_code=""/>
    <player win="0" addon="0" dealer="1" seat="2" chips="90,308" rebuy="0" bet="130" name="ramito3" reg_code=""/>
    <player win="0" addon="0" dealer="0" seat="4" chips="87,590" rebuy="0" bet="2,380" name="Gfs1505" reg_code="8414227626"/>
    <player win="5,540" addon="0" dealer="0" seat="5" chips="150,077" rebuy="0" bet="8,100" name="anthony462" reg_code=""/>
    <player win="0" addon="0" dealer="0" seat="6" chips="83,394" rebuy="0" bet="130" name="WhatsTheCraic211" reg_code=""/>
    <player win="0" addon="0" dealer="0" seat="7" chips="103,862" rebuy="0" bet="130" name="grach10878" reg_code=""/>
    <player win="0" addon="0" dealer="0" seat="9" chips="77,354" rebuy="0" bet="130" name="Overthinker112" reg_code=""/>
    <player win="0" addon="0" dealer="0" seat="10" chips="60,568" rebuy="0" bet="130" name="chlebasmaslem77" reg_code=""/>
   </players>
  </general>
  <round no="0">
   <action type="15" player="Gfs1505" no="1" sum="130"/>
   <action type="15" player="anthony462" no="2" sum="130"/>
   <action type="15" player="WhatsTheCraic211" no="3" sum="130"/>
   <action type="15" player="grach10878" no="4" sum="130"/>
   <action type="15" player="Overthinker112" no="5" sum="130"/>
   <action type="15" player="chlebasmaslem77" no="6" sum="130"/>
   <action type="15" player="ViniEE" no="7" sum="130"/>
   <action type="15" player="ramito3" no="8" sum="130"/>
   <action type="1" player="Gfs1505" no="9" sum="450"/>
   <action type="2" player="anthony462" no="10" sum="900"/>
  </round>
  <round no="1">
   <cards type="Pocket" player="WhatsTheCraic211">X X</cards>
   <action type="0" player="WhatsTheCraic211" no="11" sum="0"/>
   <cards type="Pocket" player="grach10878">X X</cards>
   <action type="0" player="grach10878" no="12" sum="0"/>
   <cards type="Pocket" player="Overthinker112">X X</cards>
   <action type="0" player="Overthinker112" no="13" sum="0"/>
   <cards type="Pocket" player="chlebasmaslem77">X X</cards>
   <action type="0" player="chlebasmaslem77" no="14" sum="0"/>
   <cards type="Pocket" player="ViniEE">X X</cards>
   <action type="0" player="ViniEE" no="15" sum="0"/>
   <cards type="Pocket" player="ramito3">X X</cards>
   <action type="0" player="ramito3" no="16" sum="0"/>
   <cards type="Pocket" player="Gfs1505">S8 DK</cards>
   <action type="23" player="Gfs1505" no="17" sum="2,250"/>
   <cards type="Pocket" player="anthony462">X X</cards>
   <action type="23" player="anthony462" no="18" sum="8,100"/>
   <action type="0" player="Gfs1505" no="19" sum="0"/>
  </round>
 </game>
 <game gamecode="11595679295">
  <general>
   <startdate>2025-07-25 13:36:02</startdate>
   <smallblind>450</smallblind>
   <bigblind>900</bigblind>
   <ante>130</ante>
   <players>
    <player win="0" addon="0" dealer="0" seat="1" chips="105,140" rebuy="0" bet="130" name="ViniEE" reg_code=""/>
    <player win="0" addon="0" dealer="0" seat="2" chips="90,178" rebuy="0" bet="130" name="ramito3" reg_code=""/>
    <player win="0" addon="0" dealer="1" seat="4" chips="85,210" rebuy="0" bet="130" name="Gfs1505" reg_code="8414227626"/>
    <player win="13,460" addon="0" dealer="0" seat="5" chips="153,237" rebuy="0" bet="9,524" name="anthony462" reg_code=""/>
    <player win="0" addon="0" dealer="0" seat="6" chips="83,264" rebuy="0" bet="1,030" name="WhatsTheCraic211" reg_code=""/>
    <player win="0" addon="0" dealer="0" seat="7" chips="103,732" rebuy="0" bet="130" name="grach10878" reg_code=""/>
    <player win="0" addon="0" dealer="0" seat="9" chips="77,224" rebuy="0" bet="5,890" name="Overthinker112" reg_code=""/>
    <player win="0" addon="0" dealer="0" seat="10" chips="60,438" rebuy="0" bet="130" name="chlebasmaslem77" reg_code=""/>
   </players>
  </general>
  <round no="0">
   <action type="15" player="anthony462" no="1" sum="130"/>
   <action type="15" player="WhatsTheCraic211" no="2" sum="130"/>
   <action type="15" player="grach10878" no="3" sum="130"/>
   <action type="15" player="Overthinker112" no="4" sum="130"/>
   <action type="15" player="chlebasmaslem77" no="5" sum="130"/>
   <action type="15" player="ViniEE" no="6" sum="130"/>
   <action type="15" player="ramito3" no="7" sum="130"/>
   <action type="15" player="Gfs1505" no="8" sum="130"/>
   <action type="1" player="anthony462" no="9" sum="450"/>
   <action type="2" player="WhatsTheCraic211" no="10" sum="900"/>
  </round>
  <round no="1">
   <cards type="Pocket" player="grach10878">X X</cards>
   <action type="0" player="grach10878" no="11" sum="0"/>
   <cards type="Pocket" player="Overthinker112">X X</cards>
   <action type="23" player="Overthinker112" no="12" sum="1,980"/>
   <cards type="Pocket" player="chlebasmaslem77">X X</cards>
   <action type="0" player="chlebasmaslem77" no="13" sum="0"/>
   <cards type="Pocket" player="ViniEE">X X</cards>
   <action type="0" player="ViniEE" no="14" sum="0"/>
   <cards type="Pocket" player="ramito3">X X</cards>
   <action type="0" player="ramito3" no="15" sum="0"/>
   <cards type="Pocket" player="Gfs1505">S3 C5</cards>
   <action type="0" player="Gfs1505" no="16" sum="0"/>
   <cards type="Pocket" player="anthony462">X X</cards>
   <action type="23" player="anthony462" no="17" sum="5,760"/>
   <cards type="Pocket" player="WhatsTheCraic211">X X</cards>
   <action type="0" player="WhatsTheCraic211" no="18" sum="0"/>
   <action type="3" player="Overthinker112" no="19" sum="3,780"/>
  </round>
  <round no="2">
   <cards type="Flop">S5 D3 H6</cards>
   <action type="4" player="anthony462" no="20" sum="0"/>
   <action type="4" player="Overthinker112" no="21" sum="0"/>
  </round>
  <round no="3">
   <cards type="Turn">SK</cards>
   <action type="5" player="anthony462" no="22" sum="3,634"/>
   <action type="0" player="Overthinker112" no="23" sum="0"/>
  </round>
 </game>
 <game gamecode="11595701235">
  <general>
   <startdate>2025-07-25 13:36:56</startdate>
   <smallblind>500</smallblind>
   <bigblind>1,000</bigblind>
   <ante>150</ante>
   <players>
    <player win="0" addon="0" dealer="0" seat="1" chips="105,010" rebuy="0" bet="150" name="ViniEE" reg_code=""/>
    <player win="0" addon="0" dealer="0" seat="2" chips="90,048" rebuy="0" bet="150" name="ramito3" reg_code=""/>
    <player win="0" addon="0" dealer="0" seat="4" chips="85,080" rebuy="0" bet="150" name="Gfs1505" reg_code="8414227626"/>
    <player win="0" addon="0" dealer="1" seat="5" chips="160,807" rebuy="0" bet="150" name="anthony462" reg_code=""/>
    <player win="0" addon="0" dealer="0" seat="6" chips="82,234" rebuy="0" bet="650" name="WhatsTheCraic211" reg_code=""/>
    <player win="17,700" addon="0" dealer="0" seat="7" chips="103,602" rebuy="0" bet="13,991" name="grach10878" reg_code=""/>
    <player win="0" addon="0" dealer="0" seat="9" chips="71,334" rebuy="0" bet="150" name="Overthinker112" reg_code=""/>
    <player win="0" addon="0" dealer="0" seat="10" chips="60,308" rebuy="0" bet="8,150" name="chlebasmaslem77" reg_code=""/>
   </players>
  </general>
  <round no="0">
   <action type="15" player="WhatsTheCraic211" no="1" sum="150"/>
   <action type="15" player="grach10878" no="2" sum="150"/>
   <action type="15" player="Overthinker112" no="3" sum="150"/>
   <action type="15" player="chlebasmaslem77" no="4" sum="150"/>
   <action type="15" player="ViniEE" no="5" sum="150"/>
   <action type="15" player="ramito3" no="6" sum="150"/>
   <action type="15" player="Gfs1505" no="7" sum="150"/>
   <action type="15" player="anthony462" no="8" sum="150"/>
   <action type="1" player="WhatsTheCraic211" no="9" sum="500"/>
   <action type="2" player="grach10878" no="10" sum="1,000"/>
  </round>
  <round no="1">
   <cards type="Pocket" player="Overthinker112">X X</cards>
   <action type="0" player="Overthinker112" no="11" sum="0"/>
   <cards type="Pocket" player="chlebasmaslem77">X X</cards>
   <action type="23" player="chlebasmaslem77" no="12" sum="2,000"/>
   <cards type="Pocket" player="ViniEE">X X</cards>
   <action type="0" player="ViniEE" no="13" sum="0"/>
   <cards type="Pocket" player="ramito3">X X</cards>
   <action type="0" player="ramito3" no="14" sum="0"/>
   <cards type="Pocket" player="Gfs1505">HQ S9</cards>
   <action type="0" player="Gfs1505" no="15" sum="0"/>
   <cards type="Pocket" player="anthony462">X X</cards>
   <action type="0" player="anthony462" no="16" sum="0"/>
   <cards type="Pocket" player="WhatsTheCraic211">X X</cards>
   <action type="0" player="WhatsTheCraic211" no="17" sum="0"/>
   <cards type="Pocket" player="grach10878">X X</cards>
   <action type="23" player="grach10878" no="18" sum="8,000"/>
   <action type="3" player="chlebasmaslem77" no="19" sum="6,000"/>
  </round>
  <round no="2">
   <cards type="Flop">D2 SK DJ</cards>
   <action type="5" player="grach10878" no="20" sum="5,841"/>
   <action type="0" player="chlebasmaslem77" no="21" sum="0"/>
  </round>
 </game>
 <game gamecode="11595701293">
  <general>
   <startdate>2025-07-25 13:38:00</startdate>
   <smallblind>500</smallblind>
   <bigblind>1,000</bigblind>
   <ante>150</ante>
   <players>
    <player win="0" addon="0" dealer="0" seat="1" chips="104,860" rebuy="0" bet="150" name="ViniEE" reg_code=""/>
    <player win="0" addon="0" dealer="0" seat="2" chips="89,898" rebuy="0" bet="150" name="ramito3" reg_code=""/>
    <player win="0" addon="0" dealer="0" seat="4" chips="84,930" rebuy="0" bet="150" name="Gfs1505" reg_code="8414227626"/>
    <player win="0" addon="0" dealer="0" seat="5" chips="160,657" rebuy="0" bet="150" name="anthony462" reg_code=""/>
    <player win="0" addon="0" dealer="1" seat="6" chips="81,584" rebuy="0" bet="150" name="WhatsTheCraic211" reg_code=""/>
    <player win="0" addon="0" dealer="0" seat="7" chips="113,152" rebuy="0" bet="12,811" name="grach10878" reg_code=""/>
    <player win="26,522" addon="0" dealer="0" seat="9" chips="71,184" rebuy="0" bet="33,232" name="Overthinker112" reg_code=""/>
    <player win="0" addon="0" dealer="0" seat="10" chips="52,158" rebuy="0" bet="150" name="chlebasmaslem77" reg_code=""/>
   </players>
  </general>
  <round no="0">
   <action type="15" player="grach10878" no="1" sum="150"/>
   <action type="15" player="Overthinker112" no="2" sum="150"/>
   <action type="15" player="chlebasmaslem77" no="3" sum="150"/>
   <action type="15" player="ViniEE" no="4" sum="150"/>
   <action type="15" player="ramito3" no="5" sum="150"/>
   <action type="15" player="Gfs1505" no="6" sum="150"/>
   <action type="15" player="anthony462" no="7" sum="150"/>
   <action type="15" player="WhatsTheCraic211" no="8" sum="150"/>
   <action type="1" player="grach10878" no="9" sum="500"/>
   <action type="2" player="Overthinker112" no="10" sum="1,000"/>
  </round>
  <round no="1">
   <cards type="Pocket" player="chlebasmaslem77">X X</cards>
   <action type="0" player="chlebasmaslem77" no="11" sum="0"/>
   <cards type="Pocket" player="ViniEE">X X</cards>
   <action type="0" player="ViniEE" no="12" sum="0"/>
   <cards type="Pocket" player="ramito3">X X</cards>
   <action type="0" player="ramito3" no="13" sum="0"/>
   <cards type="Pocket" player="Gfs1505">D7 H8</cards>
   <action type="0" player="Gfs1505" no="14" sum="0"/>
   <cards type="Pocket" player="anthony462">X X</cards>
   <action type="0" player="anthony462" no="15" sum="0"/>
   <cards type="Pocket" player="WhatsTheCraic211">X X</cards>
   <action type="0" player="WhatsTheCraic211" no="16" sum="0"/>
   <cards type="Pocket" player="grach10878">X X</cards>
   <action type="3" player="grach10878" no="17" sum="500"/>
   <cards type="Pocket" player="Overthinker112">X X</cards>
   <action type="4" player="Overthinker112" no="18" sum="0"/>
  </round>
  <round no="2">
   <cards type="Flop">H2 SQ HJ</cards>
   <action type="5" player="grach10878" no="19" sum="1,500"/>
   <action type="3" player="Overthinker112" no="20" sum="1,500"/>
  </round>
  <round no="3">
   <cards type="Turn">S4</cards>
   <action type="5" player="grach10878" no="21" sum="4,092"/>
   <action type="23" player="Overthinker112" no="22" sum="10,161"/>
   <action type="3" player="grach10878" no="23" sum="6,069"/>
  </round>
  <round no="4">
   <cards type="River">H10</cards>
   <action type="4" player="grach10878" no="24" sum="0"/>
   <action type="5" player="Overthinker112" no="25" sum="20,421"/>
   <action type="0" player="grach10878" no="26" sum="0"/>
  </round>
 </game>
 <game gamecode="11595701378">
  <general>
   <startdate>2025-07-25 13:39:38</startdate>
   <smallblind>500</smallblind>
   <bigblind>1,000</bigblind>
   <ante>150</ante>
   <players>
    <player win="0" addon="0" dealer="0" seat="1" chips="104,710" rebuy="0" bet="150" name="ViniEE" reg_code=""/>
    <player win="0" addon="0" dealer="0" seat="2" chips="89,748" rebuy="0" bet="150" name="ramito3" reg_code=""/>
    <player win="0" addon="0" dealer="0" seat="4" chips="84,780" rebuy="0" bet="150" name="Gfs1505" reg_code="8414227626"/>
    <player win="0" addon="0" dealer="0" seat="5" chips="160,507" rebuy="0" bet="150" name="anthony462" reg_code=""/>
    <player win="0" addon="0" dealer="0" seat="6" chips="81,434" rebuy="0" bet="150" name="WhatsTheCraic211" reg_code=""/>
    <player win="0" addon="0" dealer="1" seat="7" chips="100,341" rebuy="0" bet="150" name="grach10878" reg_code=""/>
    <player win="0" addon="0" dealer="0" seat="9" chips="84,895" rebuy="0" bet="2,650" name="Overthinker112" reg_code=""/>
    <player win="6,200" addon="0" dealer="0" seat="10" chips="52,008" rebuy="0" bet="4,650" name="chlebasmaslem77" reg_code=""/>
   </players>
  </general>
  <round no="0">
   <action type="15" player="Overthinker112" no="1" sum="150"/>
   <action type="15" player="chlebasmaslem77" no="2" sum="150"/>
   <action type="15" player="ViniEE" no="3" sum="150"/>
   <action type="15" player="ramito3" no="4" sum="150"/>
   <action type="15" player="Gfs1505" no="5" sum="150"/>
   <action type="15" player="anthony462" no="6" sum="150"/>
   <action type="15" player="WhatsTheCraic211" no="7" sum="150"/>
   <action type="15" player="grach10878" no="8" sum="150"/>
   <action type="1" player="Overthinker112" no="9" sum="500"/>
   <action type="2" player="chlebasmaslem77" no="10" sum="1,000"/>
  </round>
  <round no="1">
   <cards type="Pocket" player="ViniEE">X X</cards>
   <action type="0" player="ViniEE" no="11" sum="0"/>
   <cards type="Pocket" player="ramito3">X X</cards>
   <action type="0" player="ramito3" no="12" sum="0"/>
   <cards type="Pocket" player="Gfs1505">DA S8</cards>
   <action type="0" player="Gfs1505" no="13" sum="0"/>
   <cards type="Pocket" player="anthony462">X X</cards>
   <action type="0" player="anthony462" no="14" sum="0"/>
   <cards type="Pocket" player="WhatsTheCraic211">X X</cards>
   <action type="0" player="WhatsTheCraic211" no="15" sum="0"/>
   <cards type="Pocket" player="grach10878">X X</cards>
   <action type="0" player="grach10878" no="16" sum="0"/>
   <cards type="Pocket" player="Overthinker112">X X</cards>
   <action type="23" player="Overthinker112" no="17" sum="2,500"/>
   <cards type="Pocket" player="chlebasmaslem77">X X</cards>
   <action type="3" player="chlebasmaslem77" no="18" sum="1,500"/>
  </round>
  <round no="2">
   <cards type="Flop">C6 C9 CJ</cards>
   <action type="4" player="Overthinker112" no="19" sum="0"/>
   <action type="4" player="chlebasmaslem77" no="20" sum="0"/>
  </round>
  <round no="3">
   <cards type="Turn">S7</cards>
   <action type="4" player="Overthinker112" no="21" sum="0"/>
   <action type="4" player="chlebasmaslem77" no="22" sum="0"/>
  </round>
  <round no="4">
   <cards type="River">C7</cards>
   <action type="4" player="Overthinker112" no="23" sum="0"/>
   <action type="5" player="chlebasmaslem77" no="24" sum="2,000"/>
   <action type="0" player="Overthinker112" no="25" sum="0"/>
  </round>
 </game>
 <game gamecode="11595701430">
  <general>
   <startdate>2025-07-25 13:40:33</startdate>
   <smallblind>500</smallblind>
   <bigblind>1,000</bigblind>
   <ante>150</ante>
   <players>
    <player win="0" addon="0" dealer="0" seat="1" chips="104,560" rebuy="0" bet="1,150" name="ViniEE" reg_code=""/>
    <player win="0" addon="0" dealer="0" seat="2" chips="89,598" rebuy="0" bet="150" name="ramito3" reg_code=""/>
    <player win="0" addon="0" dealer="0" seat="4" chips="84,630" rebuy="0" bet="42,415" name="Gfs1505" reg_code="8414227626"/>
    <player win="0" addon="0" dealer="0" seat="5" chips="160,357" rebuy="0" bet="20,941" name="anthony462" reg_code=""/>
    <player win="0" addon="0" dealer="0" seat="6" chips="81,284" rebuy="0" bet="150" name="WhatsTheCraic211" reg_code=""/>
    <player win="0" addon="0" dealer="0" seat="7" chips="100,191" rebuy="0" bet="150" name="grach10878" reg_code=""/>
    <player win="108,021" addon="0" dealer="1" seat="9" chips="82,245" rebuy="0" bet="42,415" name="Overthinker112" reg_code=""/>
    <player win="0" addon="0" dealer="0" seat="10" chips="55,558" rebuy="0" bet="650" name="chlebasmaslem77" reg_code=""/>
   </players>
  </general>
  <round no="0">
   <action type="15" player="chlebasmaslem77" no="1" sum="150"/>
   <action type="15" player="ViniEE" no="2" sum="150"/>
   <action type="15" player="ramito3" no="3" sum="150"/>
   <action type="15" player="Gfs1505" no="4" sum="150"/>
   <action type="15" player="anthony462" no="5" sum="150"/>
   <action type="15" player="WhatsTheCraic211" no="6" sum="150"/>
   <action type="15" player="grach10878" no="7" sum="150"/>
   <action type="15" player="Overthinker112" no="8" sum="150"/>
   <action type="1" player="chlebasmaslem77" no="9" sum="500"/>
   <action type="2" player="ViniEE" no="10" sum="1,000"/>
  </round>
  <round no="1">
   <cards type="Pocket" player="ramito3">X X</cards>
   <action type="0" player="ramito3" no="11" sum="0"/>
   <cards type="Pocket" player="Gfs1505">SQ SA</cards>
   <action type="23" player="Gfs1505" no="12" sum="2,000"/>
   <cards type="Pocket" player="anthony462">X X</cards>
   <action type="3" player="anthony462" no="13" sum="2,000"/>
   <cards type="Pocket" player="WhatsTheCraic211">X X</cards>
   <action type="0" player="WhatsTheCraic211" no="14" sum="0"/>
   <cards type="Pocket" player="grach10878">X X</cards>
   <action type="0" player="grach10878" no="15" sum="0"/>
   <cards type="Pocket" player="Overthinker112">DK CK</cards>
   <action type="23" player="Overthinker112" no="16" sum="10,000"/>
   <cards type="Pocket" player="chlebasmaslem77">X X</cards>
   <action type="0" player="chlebasmaslem77" no="17" sum="0"/>
   <cards type="Pocket" player="ViniEE">X X</cards>
   <action type="0" player="ViniEE" no="18" sum="0"/>
   <action type="3" player="Gfs1505" no="19" sum="8,000"/>
   <action type="3" player="anthony462" no="20" sum="8,000"/>
  </round>
  <round no="2">
   <cards type="Flop">HA H10 SK</cards>
   <action type="4" player="Gfs1505" no="21" sum="0"/>
   <action type="4" player="anthony462" no="22" sum="0"/>
   <action type="5" player="Overthinker112" no="23" sum="10,791"/>
   <action type="3" player="Gfs1505" no="24" sum="10,791"/>
   <action type="3" player="anthony462" no="25" sum="10,791"/>
  </round>
  <round no="3">
   <cards type="Turn">S5</cards>
   <action type="4" player="Gfs1505" no="26" sum="0"/>
   <action type="4" player="anthony462" no="27" sum="0"/>
   <action type="5" player="Overthinker112" no="28" sum="21,474"/>
   <action type="3" player="Gfs1505" no="29" sum="21,474"/>
   <action type="0" player="anthony462" no="30" sum="0"/>
  </round>
  <round no="4">
   <cards type="River">CQ</cards>
   <action type="4" player="Gfs1505" no="31" sum="0"/>
   <action type="4" player="Overthinker112" no="32" sum="0"/>
  </round>
 </game>
 <game gamecode="11595701508">
  <general>
   <startdate>2025-07-25 13:42:06</startdate>
   <smallblind>500</smallblind>
   <bigblind>1,000</bigblind>
   <ante>150</ante>
   <players>
    <player win="8,714" addon="0" dealer="0" seat="2" chips="89,448" rebuy="0" bet="8,714" name="ramito3" reg_code=""/>
    <player win="0" addon="0" dealer="0" seat="4" chips="42,215" rebuy="0" bet="150" name="Gfs1505" reg_code="8414227626"/>
    <player win="0" addon="0" dealer="0" seat="5" chips="139,416" rebuy="0" bet="150" name="anthony462" reg_code=""/>
    <player win="0" addon="0" dealer="0" seat="6" chips="81,134" rebuy="0" bet="150" name="WhatsTheCraic211" reg_code=""/>
    <player win="0" addon="0" dealer="0" seat="7" chips="100,041" rebuy="0" bet="3,982" name="grach10878" reg_code=""/>
    <player win="0" addon="0" dealer="0" seat="9" chips="147,851" rebuy="0" bet="150" name="Overthinker112" reg_code=""/>
    <player win="0" addon="0" dealer="1" seat="10" chips="54,908" rebuy="0" bet="150" name="chlebasmaslem77" reg_code=""/>
   </players>
  </general>
  <round no="0">
   <action type="15" player="ramito3" no="1" sum="150"/>
   <action type="15" player="Gfs1505" no="2" sum="150"/>
   <action type="15" player="anthony462" no="3" sum="150"/>
   <action type="15" player="WhatsTheCraic211" no="4" sum="150"/>
   <action type="15" player="grach10878" no="5" sum="150"/>
   <action type="15" player="Overthinker112" no="6" sum="150"/>
   <action type="15" player="chlebasmaslem77" no="7" sum="150"/>
   <action type="2" player="ramito3" no="8" sum="1,000"/>
  </round>
  <round no="1">
   <cards type="Pocket" player="Gfs1505">D6 C5</cards>
   <action type="0" player="Gfs1505" no="9" sum="0"/>
   <cards type="Pocket" player="anthony462">X X</cards>
   <action type="0" player="anthony462" no="10" sum="0"/>
   <cards type="Pocket" player="WhatsTheCraic211">X X</cards>
   <action type="0" player="WhatsTheCraic211" no="11" sum="0"/>
   <cards type="Pocket" player="grach10878">X X</cards>
   <action type="23" player="grach10878" no="12" sum="2,100"/>
   <cards type="Pocket" player="Overthinker112">X X</cards>
   <action type="0" player="Overthinker112" no="13" sum="0"/>
   <cards type="Pocket" player="chlebasmaslem77">X X</cards>
   <action type="0" player="chlebasmaslem77" no="14" sum="0"/>
   <cards type="Pocket" player="ramito3">X X</cards>
   <action type="3" player="ramito3" no="15" sum="1,100"/>
  </round>
  <round no="2">
   <cards type="Flop">S4 SJ HA</cards>
   <action type="4" player="ramito3" no="16" sum="0"/>
   <action type="5" player="grach10878" no="17" sum="1,732"/>
   <action type="23" player="ramito3" no="18" sum="6,464"/>
   <action type="0" player="grach10878" no="19" sum="0"/>
  </round>
 </game>
 <game gamecode="11595701555">
  <general>
   <startdate>2025-07-25 13:43:00</startdate>
   <smallblind>500</smallblind>
   <bigblind>1,000</bigblind>
   <ante>150</ante>
   <players>
    <player win="43,340" addon="0" dealer="0" seat="1" chips="341,798" rebuy="0" bet="43,067" name="Caliostr" reg_code=""/>
    <player win="0" addon="0" dealer="1" seat="2" chips="94,180" rebuy="0" bet="150" name="ramito3" reg_code=""/>
    <player win="0" addon="0" dealer="0" seat="4" chips="42,065" rebuy="0" bet="650" name="Gfs1505" reg_code="8414227626"/>
    <player win="0" addon="0" dealer="0" seat="5" chips="139,266" rebuy="0" bet="14,030" name="anthony462" reg_code=""/>
    <player win="0" addon="0" dealer="0" seat="6" chips="80,984" rebuy="0" bet="150" name="WhatsTheCraic211" reg_code=""/>
    <player win="0" addon="0" dealer="0" seat="7" chips="96,059" rebuy="0" bet="150" name="grach10878" reg_code=""/>
    <player win="0" addon="0" dealer="0" seat="9" chips="147,701" rebuy="0" bet="150" name="Overthinker112" reg_code=""/>
    <player win="0" addon="0" dealer="0" seat="10" chips="54,758" rebuy="0" bet="14,030" name="chlebasmaslem77" reg_code=""/>
   </players>
  </general>
  <round no="0">
   <action type="15" player="Gfs1505" no="1" sum="150"/>
   <action type="15" player="anthony462" no="2" sum="150"/>
   <action type="15" player="WhatsTheCraic211" no="3" sum="150"/>
   <action type="15" player="grach10878" no="4" sum="150"/>
   <action type="15" player="Overthinker112" no="5" sum="150"/>
   <action type="15" player="chlebasmaslem77" no="6" sum="150"/>
   <action type="15" player="Caliostr" no="7" sum="150"/>
   <action type="15" player="ramito3" no="8" sum="150"/>
   <action type="1" player="Gfs1505" no="9" sum="500"/>
   <action type="2" player="anthony462" no="10" sum="1,000"/>
  </round>
  <round no="1">
   <cards type="Pocket" player="WhatsTheCraic211">X X</cards>
   <action type="0" player="WhatsTheCraic211" no="11" sum="0"/>
   <cards type="Pocket" player="grach10878">X X</cards>
   <action type="0" player="grach10878" no="12" sum="0"/>
   <cards type="Pocket" player="Overthinker112">X X</cards>
   <action type="0" player="Overthinker112" no="13" sum="0"/>
   <cards type="Pocket" player="chlebasmaslem77">X X</cards>
   <action type="23" player="chlebasmaslem77" no="14" sum="2,000"/>
   <cards type="Pocket" player="Caliostr">X X</cards>
   <action type="23" player="Caliostr" no="15" sum="6,000"/>
   <cards type="Pocket" player="ramito3">X X</cards>
   <action type="0" player="ramito3" no="16" sum="0"/>
   <cards type="Pocket" player="Gfs1505">HJ C3</cards>
   <action type="0" player="Gfs1505" no="17" sum="0"/>
   <cards type="Pocket" player="anthony462">X X</cards>
   <action type="3" player="anthony462" no="18" sum="5,000"/>
   <action type="3" player="chlebasmaslem77" no="19" sum="4,000"/>
  </round>
  <round no="2">
   <cards type="Flop">C5 HK SQ</cards>
   <action type="4" player="anthony462" no="20" sum="0"/>
   <action type="4" player="chlebasmaslem77" no="21" sum="0"/>
   <action type="5" player="Caliostr" no="22" sum="7,880"/>
   <action type="3" player="anthony462" no="23" sum="7,880"/>
   <action type="3" player="chlebasmaslem77" no="24" sum="7,880"/>
  </round>
  <round no="3">
   <cards type="Turn">D6</cards>
   <action type="4" player="anthony462" no="25" sum="0"/>
   <action type="4" player="chlebasmaslem77" no="26" sum="0"/>
   <action type="5" player="Caliostr" no="27" sum="29,037"/>
   <action type="0" player="anthony462" no="28" sum="0"/>
   <action type="0" player="chlebasmaslem77" no="29" sum="0"/>
  </round>
 </game>
 <game gamecode="11595701623">
  <general>
   <startdate>2025-07-25 13:44:12</startdate>
   <smallblind>500</smallblind>
   <bigblind>1,000</bigblind>
   <ante>150</ante>
   <players>
    <player win="0" addon="0" dealer="0" seat="1" chips="371,108" rebuy="0" bet="150" name="Caliostr" reg_code=""/>
    <player win="0" addon="0" dealer="0" seat="2" chips="94,030" rebuy="0" bet="150" name="ramito3" reg_code=""/>
    <player win="0" addon="0" dealer="1" seat="4" chips="41,415" rebuy="0" bet="21,566" name="Gfs1505" reg_code="8414227626"/>
    <player win="47,232" addon="0" dealer="0" seat="5" chips="125,236" rebuy="0" bet="46,126" name="anthony462" reg_code=""/>
    <player win="0" addon="0" dealer="0" seat="6" chips="80,834" rebuy="0" bet="1,150" name="WhatsTheCraic211" reg_code=""/>
    <player win="0" addon="0" dealer="0" seat="7" chips="95,909" rebuy="0" bet="150" name="grach10878" reg_code=""/>
    <player win="0" addon="0" dealer="0" seat="9" chips="147,551" rebuy="0" bet="2,350" name="Overthinker112" reg_code=""/>
    <player win="0" addon="0" dealer="0" seat="10" chips="40,728" rebuy="0" bet="150" name="chlebasmaslem77" reg_code=""/>
   </players>
  </general>
  <round no="0">
   <action type="15" player="anthony462" no="1" sum="150"/>
   <action type="15" player="WhatsTheCraic211" no="2" sum="150"/>
   <action type="15" player="grach10878" no="3" sum="150"/>
   <action type="15" player="Overthinker112" no="4" sum="150"/>
   <action type="15" player="chlebasmaslem77" no="5" sum="150"/>
   <action type="15" player="Caliostr" no="6" sum="150"/>
   <action type="15" player="ramito3" no="7" sum="150"/>
   <action type="15" player="Gfs1505" no="8" sum="150"/>
   <action type="1" player="anthony462" no="9" sum="500"/>
   <action type="2" player="WhatsTheCraic211" no="10" sum="1,000"/>
  </round>
  <round no="1">
   <cards type="Pocket" player="grach10878">X X</cards>
   <action type="0" player="grach10878" no="11" sum="0"/>
   <cards type="Pocket" player="Overthinker112">X X</cards>
   <action type="23" player="Overthinker112" no="12" sum="2,200"/>
   <cards type="Pocket" player="chlebasmaslem77">X X</cards>
   <action type="0" player="chlebasmaslem77" no="13" sum="0"/>
   <cards type="Pocket" player="Caliostr">X X</cards>
   <action type="0" player="Caliostr" no="14" sum="0"/>
   <cards type="Pocket" player="ramito3">X X</cards>
   <action type="0" player="ramito3" no="15" sum="0"/>
   <cards type="Pocket" player="Gfs1505">D7 D8</cards>
   <action type="3" player="Gfs1505" no="16" sum="2,200"/>
   <cards type="Pocket" player="anthony462">DQ SQ</cards>
   <action type="23" player="anthony462" no="17" sum="7,400"/>
   <cards type="Pocket" player="WhatsTheCraic211">X X</cards>
   <action type="0" player="WhatsTheCraic211" no="18" sum="0"/>
   <action type="0" player="Overthinker112" no="19" sum="0"/>
   <action type="3" player="Gfs1505" no="20" sum="5,200"/>
  </round>
  <round no="2">
   <cards type="Flop">S10 SJ D6</cards>
   <action type="5" player="anthony462" no="21" sum="14,016"/>
   <action type="3" player="Gfs1505" no="22" sum="14,016"/>
  </round>
  <round no="3">
   <cards type="Turn">HQ</cards>
   <action type="5" player="anthony462" no="23" sum="24,560"/>
   <action type="0" player="Gfs1505" no="24" sum="0"/>
  </round>
 </game>
 <game gamecode="11595701669">
  <general>
   <startdate>2025-07-25 13:45:09</startdate>
   <smallblind>500</smallblind>
   <bigblind>1,000</bigblind>
   <ante>150</ante>
   <players>
    <player win="3,700" addon="0" dealer="0" seat="1" chips="370,958" rebuy="0" bet="2,000" name="Caliostr" reg_code=""/>
    <player win="0" addon="0" dealer="0" seat="2" chips="93,880" rebuy="0" bet="150" name="ramito3" reg_code=""/>
    <player win="0" addon="0" dealer="0" seat="4" chips="19,849" rebuy="0" bet="150" name="Gfs1505" reg_code="8414227626"/>
    <player win="0" addon="0" dealer="1" seat="5" chips="150,902" rebuy="0" bet="150" name="anthony462" reg_code=""/>
    <player win="0" addon="0" dealer="0" seat="6" chips="79,684" rebuy="0" bet="650" name="WhatsTheCraic211" reg_code=""/>
    <player win="0" addon="0" dealer="0" seat="7" chips="95,759" rebuy="0" bet="1,150" name="grach10878" reg_code=""/>
    <player win="0" addon="0" dealer="0" seat="9" chips="145,201" rebuy="0" bet="150" name="Overthinker112" reg_code=""/>
    <player win="0" addon="0" dealer="0" seat="10" chips="40,578" rebuy="0" bet="150" name="chlebasmaslem77" reg_code=""/>
   </players>
  </general>
  <round no="0">
   <action type="15" player="WhatsTheCraic211" no="1" sum="150"/>
   <action type="15" player="grach10878" no="2" sum="150"/>
   <action type="15" player="Overthinker112" no="3" sum="150"/>
   <action type="15" player="chlebasmaslem77" no="4" sum="150"/>
   <action type="15" player="Caliostr" no="5" sum="150"/>
   <action type="15" player="ramito3" no="6" sum="150"/>
   <action type="15" player="Gfs1505" no="7" sum="150"/>
   <action type="15" player="anthony462" no="8" sum="150"/>
   <action type="1" player="WhatsTheCraic211" no="9" sum="500"/>
   <action type="2" player="grach10878" no="10" sum="1,000"/>
  </round>
  <round no="1">
   <cards type="Pocket" player="Overthinker112">X X</cards>
   <action type="0" player="Overthinker112" no="11" sum="0"/>
   <cards type="Pocket" player="chlebasmaslem77">X X</cards>
   <action type="0" player="chlebasmaslem77" no="12" sum="0"/>
   <cards type="Pocket" player="Caliostr">X X</cards>
   <action type="23" player="Caliostr" no="13" sum="2,000"/>
   <cards type="Pocket" player="ramito3">X X</cards>
   <action type="0" player="ramito3" no="14" sum="0"/>
   <cards type="Pocket" player="Gfs1505">CA S3</cards>
   <action type="0" player="Gfs1505" no="15" sum="0"/>
   <cards type="Pocket" player="anthony462">X X</cards>
   <action type="0" player="anthony462" no="16" sum="0"/>
   <cards type="Pocket" player="WhatsTheCraic211">X X</cards>
   <action type="0" player="WhatsTheCraic211" no="17" sum="0"/>
   <cards type="Pocket" player="grach10878">X X</cards>
   <action type="0" player="grach10878" no="18" sum="0"/>
  </round>
 </game>
 <game gamecode="11595701708">
  <general>
   <startdate>2025-07-25 13:45:47</startdate>
   <smallblind>500</smallblind>
   <bigblind>1,000</bigblind>
   <ante>150</ante>
   <players>
    <player win="0" addon="0" dealer="0" seat="1" chips="373,508" rebuy="0" bet="150" name="Caliostr" reg_code=""/>
    <player win="0" addon="0" dealer="0" seat="2" chips="93,730" rebuy="0" bet="150" name="ramito3" reg_code=""/>
    <player win="0" addon="0" dealer="0" seat="4" chips="19,699" rebuy="0" bet="19,549" name="Gfs1505" reg_code="8414227626"/>
    <player win="0" addon="0" dealer="0" seat="5" chips="150,752" rebuy="0" bet="150" name="anthony462" reg_code=""/>
    <player win="0" addon="0" dealer="1" seat="6" chips="79,034" rebuy="0" bet="150" name="WhatsTheCraic211" reg_code=""/>
    <player win="209,667" addon="0" dealer="0" seat="7" chips="94,609" rebuy="0" bet="94,609" name="grach10878" reg_code="">
     <knockout tobalance="€5.69" kicked="Gfs1505" tobounty="€5.69"/>
    </player>
    <player win="0" addon="0" dealer="0" seat="9" chips="145,051" rebuy="0" bet="100,000" name="Overthinker112" reg_code=""/>
    <player win="0" addon="0" dealer="0" seat="10" chips="40,428" rebuy="0" bet="150" name="chlebasmaslem77" reg_code=""/>
   </players>
  </general>
  <round no="0">
   <action type="15" player="grach10878" no="1" sum="150"/>
   <action type="15" player="Overthinker112" no="2" sum="150"/>
   <action type="15" player="chlebasmaslem77" no="3" sum="150"/>
   <action type="15" player="Caliostr" no="4" sum="150"/>
   <action type="15" player="ramito3" no="5" sum="150"/>
   <action type="15" player="Gfs1505" no="6" sum="150"/>
   <action type="15" player="anthony462" no="7" sum="150"/>
   <action type="15" player="WhatsTheCraic211" no="8" sum="150"/>
   <action type="1" player="grach10878" no="9" sum="500"/>
   <action type="2" player="Overthinker112" no="10" sum="1,000"/>
  </round>
  <round no="1">
   <cards type="Pocket" player="chlebasmaslem77">X X</cards>
   <action type="0" player="chlebasmaslem77" no="11" sum="0"/>
   <cards type="Pocket" player="Caliostr">X X</cards>
   <action type="0" player="Caliostr" no="12" sum="0"/>
   <cards type="Pocket" player="ramito3">X X</cards>
   <action type="0" player="ramito3" no="13" sum="0"/>
   <cards type="Pocket" player="Gfs1505">S3 SA</cards>
   <action type="23" player="Gfs1505" no="14" sum="19,549"/>
   <cards type="Pocket" player="anthony462">X X</cards>
   <action type="0" player="anthony462" no="15" sum="0"/>
   <cards type="Pocket" player="WhatsTheCraic211">X X</cards>
   <action type="0" player="WhatsTheCraic211" no="16" sum="0"/>
   <cards type="Pocket" player="grach10878">SQ CQ</cards>
   <action type="3" player="grach10878" no="17" sum="19,049"/>
   <cards type="Pocket" player="Overthinker112">HQ HA</cards>
   <action type="23" player="Overthinker112" no="18" sum="100,000"/>
   <action type="7" player="grach10878" no="19" sum="74,910"/>
  </round>
  <round no="2">
   <cards type="Flop">D2 C8 D5</cards>
  </round>
  <round no="3">
   <cards type="Turn">D7</cards>
  </round>
  <round no="4">
   <cards type="River">S7</cards>
  </round>
 </game>
</session>
