<?xml version="1.0" encoding="utf-8"?>
<session sessioncode="8414227626">
 <general>
  <mode>real</mode>
  <gametype>Holdem NL</gametype>
  <tablename>SF |€20,000 GTD BOUNTY KING, 1131542554</tablename>
  <tournamentcurrency>1</tournamentcurrency>
  <currency>USD</currency>
  <nickname>Gfs1505</nickname>
  <buyin>€11.37 + €11.38 + €2.25</buyin>
  <totalbuyin>€13.62</totalbuyin>
 </general>
 <game gamecode="11595430832">
  <general>
   <players>
    <player dealer="1" seat="1" chips="100,000" name="ViniEE" reg_code=""/>
    <player dealer="0" seat="2" chips="100,000" name="ramito3" reg_code=""/>
    <player dealer="0" seat="4" chips="100,000" name="Gfs1505" reg_code="8414227626"/>
    <player dealer="0" seat="6" chips="79,064" name="WhatsTheCraic211" reg_code=""/>
    <player dealer="0" seat="7" chips="96,220" name="grach10878" reg_code=""/>
    <player dealer="0" seat="9" chips="89,340" name="Overthinker112" reg_code=""/>
    <player dealer="0" seat="10" chips="93,799" name="chlebasmaslem77" reg_code=""/>
   </players>
  </general>
  <round no="0">
   <action type="15" player="ramito3" no="1" sum="€130"/>
   <action type="15" player="Gfs1505" no="2" sum="€130"/>
   <action type="15" player="WhatsTheCraic211" no="3" sum="€130"/>
   <action type="15" player="grach10878" no="4" sum="€130"/>
   <action type="15" player="Overthinker112" no="5" sum="€130"/>
   <action type="15" player="chlebasmaslem77" no="6" sum="€130"/>
   <action type="15" player="ViniEE" no="7" sum="€130"/>
   <action type="1" player="ramito3" no="8" sum="€450"/>
   <action type="2" player="Gfs1505" no="9" sum="€900"/>
  </round>
 </game>
 <game gamecode="11595430849">
  <general>
   <players>
    <player dealer="0" seat="1" chips="99,870" name="ViniEE" reg_code=""/>
    <player dealer="1" seat="2" chips="99,420" name="ramito3" reg_code=""/>
    <player dealer="0" seat="4" chips="101,230" name="Gfs1505" reg_code="8414227626"/>
    <player dealer="0" seat="5" chips="100,000" name="anthony462" reg_code=""/>
    <player dealer="0" seat="6" chips="78,934" name="WhatsTheCraic211" reg_code=""/>
    <player dealer="0" seat="7" chips="96,090" name="grach10878" reg_code=""/>
    <player dealer="0" seat="9" chips="89,210" name="Overthinker112" reg_code=""/>
    <player dealer="0" seat="10" chips="93,669" name="chlebasmaslem77" reg_code=""/>
   </players>
  </general>
  <round no="0">
   <action type="15" player="Gfs1505" no="1" sum="€130"/>
   <action type="15" player="anthony462" no="2" sum="€130"/>
   <action type="15" player="WhatsTheCraic211" no="3" sum="€130"/>
   <action type="15" player="grach10878" no="4" sum="€130"/>
   <action type="15" player="Overthinker112" no="5" sum="€130"/>
   <action type="15" player="chlebasmaslem77" no="6" sum="€130"/>
   <action type="15" player="ViniEE" no="7" sum="€130"/>
   <action type="15" player="ramito3" no="8" sum="€130"/>
   <action type="1" player="Gfs1505" no="9" sum="€450"/>
   <action type="2" player="anthony462" no="10" sum="€900"/>
  </round>
 </game>
 <game gamecode="11595678794">
  <general>
   <players>
    <player dealer="0" seat="1" chips="99,740" name="ViniEE" reg_code=""/>
    <player dealer="0" seat="2" chips="99,290" name="ramito3" reg_code=""/>
    <player dealer="1" seat="4" chips="100,650" name="Gfs1505" reg_code="8414227626"/>
    <player dealer="0" seat="5" chips="138,061" name="anthony462" reg_code=""/>
    <player dealer="0" seat="6" chips="78,804" name="WhatsTheCraic211" reg_code=""/>
    <player dealer="0" seat="7" chips="95,960" name="grach10878" reg_code=""/>
    <player dealer="0" seat="9" chips="89,080" name="Overthinker112" reg_code=""/>
    <player dealer="0" seat="10" chips="56,838" name="chlebasmaslem77" reg_code=""/>
   </players>
  </general>
  <round no="0">
   <action type="15" player="anthony462" no="1" sum="€130"/>
   <action type="15" player="WhatsTheCraic211" no="2" sum="€130"/>
   <action type="15" player="grach10878" no="3" sum="€130"/>
   <action type="15" player="Overthinker112" no="4" sum="€130"/>
   <action type="15" player="chlebasmaslem77" no="5" sum="€130"/>
   <action type="15" player="ViniEE" no="6" sum="€130"/>
   <action type="15" player="ramito3" no="7" sum="€130"/>
   <action type="15" player="Gfs1505" no="8" sum="€130"/>
   <action type="1" player="anthony462" no="9" sum="€450"/>
   <action type="2" player="WhatsTheCraic211" no="10" sum="€900"/>
  </round>
 </game>
 <game gamecode="11595678865">
  <general>
   <players>
    <player dealer="0" seat="1" chips="99,610" name="ViniEE" reg_code=""/>
    <player dealer="0" seat="2" chips="99,160" name="ramito3" reg_code=""/>
    <player dealer="0" seat="4" chips="100,520" name="Gfs1505" reg_code="8414227626"/>
    <player dealer="1" seat="5" chips="137,481" name="anthony462" reg_code=""/>
    <player dealer="0" seat="6" chips="83,944" name="WhatsTheCraic211" reg_code=""/>
    <player dealer="0" seat="7" chips="95,830" name="grach10878" reg_code=""/>
    <player dealer="0" seat="9" chips="85,170" name="Overthinker112" reg_code=""/>
    <player dealer="0" seat="10" chips="56,708" name="chlebasmaslem77" reg_code=""/>
   </players>
  </general>
  <round no="0">
   <action type="15" player="WhatsTheCraic211" no="1" sum="€130"/>
   <action type="15" player="grach10878" no="2" sum="€130"/>
   <action type="15" player="Overthinker112" no="3" sum="€130"/>
   <action type="15" player="chlebasmaslem77" no="4" sum="€130"/>
   <action type="15" player="ViniEE" no="5" sum="€130"/>
   <action type="15" player="ramito3" no="6" sum="€130"/>
   <action type="15" player="Gfs1505" no="7" sum="€130"/>
   <action type="15" player="anthony462" no="8" sum="€130"/>
   <action type="1" player="WhatsTheCraic211" no="9" sum="€450"/>
   <action type="2" player="grach10878" no="10" sum="€900"/>
  </round>
 </game>
 <game gamecode="11595678927">
  <general>
   <players>
    <player dealer="0" seat="1" chips="99,480" name="ViniEE" reg_code=""/>
    <player dealer="0" seat="2" chips="99,030" name="ramito3" reg_code=""/>
    <player dealer="0" seat="4" chips="100,390" name="Gfs1505" reg_code="8414227626"/>
    <player dealer="0" seat="5" chips="164,851" name="anthony462" reg_code=""/>
    <player dealer="1" seat="6" chips="58,254" name="WhatsTheCraic211" reg_code=""/>
    <player dealer="0" seat="7" chips="94,800" name="grach10878" reg_code=""/>
    <player dealer="0" seat="9" chips="85,040" name="Overthinker112" reg_code=""/>
    <player dealer="0" seat="10" chips="56,578" name="chlebasmaslem77" reg_code=""/>
   </players>
  </general>
  <round no="0">
   <action type="15" player="grach10878" no="1" sum="€130"/>
   <action type="15" player="Overthinker112" no="2" sum="€130"/>
   <action type="15" player="chlebasmaslem77" no="3" sum="€130"/>
   <action type="15" player="ViniEE" no="4" sum="€130"/>
   <action type="15" player="ramito3" no="5" sum="€130"/>
   <action type="15" player="Gfs1505" no="6" sum="€130"/>
   <action type="15" player="anthony462" no="7" sum="€130"/>
   <action type="15" player="WhatsTheCraic211" no="8" sum="€130"/>
   <action type="1" player="grach10878" no="9" sum="€450"/>
   <action type="2" player="Overthinker112" no="10" sum="€900"/>
  </round>
 </game>
 <game gamecode="11595679011">
  <general>
   <players>
    <player dealer="0" seat="1" chips="99,350" name="ViniEE" reg_code=""/>
    <player dealer="0" seat="2" chips="98,900" name="ramito3" reg_code=""/>
    <player dealer="0" seat="4" chips="100,260" name="Gfs1505" reg_code="8414227626"/>
    <player dealer="0" seat="5" chips="158,135" name="anthony462" reg_code=""/>
    <player dealer="0" seat="6" chips="58,124" name="WhatsTheCraic211" reg_code=""/>
    <player dealer="1" seat="7" chips="108,882" name="grach10878" reg_code=""/>
    <player dealer="0" seat="9" chips="78,324" name="Overthinker112" reg_code=""/>
    <player dealer="0" seat="10" chips="56,448" name="chlebasmaslem77" reg_code=""/>
   </players>
  </general>
  <round no="0">
   <action type="15" player="Overthinker112" no="1" sum="€130"/>
   <action type="15" player="chlebasmaslem77" no="2" sum="€130"/>
   <action type="15" player="ViniEE" no="3" sum="€130"/>
   <action type="15" player="ramito3" no="4" sum="€130"/>
   <action type="15" player="Gfs1505" no="5" sum="€130"/>
   <action type="15" player="anthony462" no="6" sum="€130"/>
   <action type="15" player="WhatsTheCraic211" no="7" sum="€130"/>
   <action type="15" player="grach10878" no="8" sum="€130"/>
   <action type="1" player="Overthinker112" no="9" sum="€450"/>
   <action type="2" player="chlebasmaslem77" no="10" sum="€900"/>
  </round>
 </game>
 <game gamecode="11595679060">
  <general>
   <players>
    <player dealer="0" seat="1" chips="99,220" name="ViniEE" reg_code=""/>
    <player dealer="0" seat="2" chips="98,770" name="ramito3" reg_code=""/>
    <player dealer="0" seat="4" chips="100,130" name="Gfs1505" reg_code="8414227626"/>
    <player dealer="0" seat="5" chips="154,405" name="anthony462" reg_code=""/>
    <player dealer="0" seat="6" chips="57,994" name="WhatsTheCraic211" reg_code=""/>
    <player dealer="0" seat="7" chips="108,752" name="grach10878" reg_code=""/>
    <player dealer="1" seat="9" chips="77,744" name="Overthinker112" reg_code=""/>
    <player dealer="0" seat="10" chips="61,408" name="chlebasmaslem77" reg_code=""/>
   </players>
  </general>
  <round no="0">
   <action type="15" player="chlebasmaslem77" no="1" sum="€130"/>
   <action type="15" player="ViniEE" no="2" sum="€130"/>
   <action type="15" player="ramito3" no="3" sum="€130"/>
   <action type="15" player="Gfs1505" no="4" sum="€130"/>
   <action type="15" player="anthony462" no="5" sum="€130"/>
   <action type="15" player="WhatsTheCraic211" no="6" sum="€130"/>
   <action type="15" player="grach10878" no="7" sum="€130"/>
   <action type="15" player="Overthinker112" no="8" sum="€130"/>
   <action type="1" player="chlebasmaslem77" no="9" sum="€450"/>
   <action type="2" player="ViniEE" no="10" sum="€900"/>
  </round>
 </game>
 <game gamecode="11595679126">
  <general>
   <players>
    <player dealer="0" seat="1" chips="105,980" name="ViniEE" reg_code=""/>
    <player dealer="0" seat="2" chips="98,640" name="ramito3" reg_code=""/>
    <player dealer="0" seat="4" chips="100,000" name="Gfs1505" reg_code="8414227626"/>
    <player dealer="0" seat="5" chips="153,375" name="anthony462" reg_code=""/>
    <player dealer="0" seat="6" chips="57,864" name="WhatsTheCraic211" reg_code=""/>
    <player dealer="0" seat="7" chips="104,122" name="grach10878" reg_code=""/>
    <player dealer="0" seat="9" chips="77,614" name="Overthinker112" reg_code=""/>
    <player dealer="1" seat="10" chips="60,828" name="chlebasmaslem77" reg_code=""/>
   </players>
  </general>
  <round no="0">
   <action type="15" player="ViniEE" no="1" sum="€130"/>
   <action type="15" player="ramito3" no="2" sum="€130"/>
   <action type="15" player="Gfs1505" no="3" sum="€130"/>
   <action type="15" player="anthony462" no="4" sum="€130"/>
   <action type="15" player="WhatsTheCraic211" no="5" sum="€130"/>
   <action type="15" player="grach10878" no="6" sum="€130"/>
   <action type="15" player="Overthinker112" no="7" sum="€130"/>
   <action type="15" player="chlebasmaslem77" no="8" sum="€130"/>
   <action type="1" player="ViniEE" no="9" sum="€450"/>
   <action type="2" player="ramito3" no="10" sum="€900"/>
  </round>
 </game>
 <game gamecode="11595679179">
  <general>
   <players>
    <player dealer="1" seat="1" chips="105,400" name="ViniEE" reg_code=""/>
    <player dealer="0" seat="2" chips="90,888" name="ramito3" reg_code=""/>
    <player dealer="0" seat="4" chips="99,870" name="Gfs1505" reg_code="8414227626"/>
    <player dealer="0" seat="5" chips="162,357" name="anthony462" reg_code=""/>
    <player dealer="0" seat="6" chips="57,734" name="WhatsTheCraic211" reg_code=""/>
    <player dealer="0" seat="7" chips="103,992" name="grach10878" reg_code=""/>
    <player dealer="0" seat="9" chips="77,484" name="Overthinker112" reg_code=""/>
    <player dealer="0" seat="10" chips="60,698" name="chlebasmaslem77" reg_code=""/>
   </players>
  </general>
  <round no="0">
   <action type="15" player="ramito3" no="1" sum="€130"/>
   <action type="15" player="Gfs1505" no="2" sum="€130"/>
   <action type="15" player="anthony462" no="3" sum="€130"/>
   <action type="15" player="WhatsTheCraic211" no="4" sum="€130"/>
   <action type="15" player="grach10878" no="5" sum="€130"/>
   <action type="15" player="Overthinker112" no="6" sum="€130"/>
   <action type="15" player="chlebasmaslem77" no="7" sum="€130"/>
   <action type="15" player="ViniEE" no="8" sum="€130"/>
   <action type="1" player="ramito3" no="9" sum="€450"/>
   <action type="2" player="Gfs1505" no="10" sum="€900"/>
  </round>
 </game>
 <game gamecode="11595679250">
  <general>
   <players>
    <player dealer="0" seat="1" chips="105,270" name="ViniEE" reg_code=""/>
    <player dealer="1" seat="2" chips="90,308" name="ramito3" reg_code=""/>
    <player dealer="0" seat="4" chips="87,590" name="Gfs1505" reg_code="8414227626"/>
    <player dealer="0" seat="5" chips="150,077" name="anthony462" reg_code=""/>
    <player dealer="0" seat="6" chips="83,394" name="WhatsTheCraic211" reg_code=""/>
    <player dealer="0" seat="7" chips="103,862" name="grach10878" reg_code=""/>
    <player dealer="0" seat="9" chips="77,354" name="Overthinker112" reg_code=""/>
    <player dealer="0" seat="10" chips="60,568" name="chlebasmaslem77" reg_code=""/>
   </players>
  </general>
  <round no="0">
   <action type="15" player="Gfs1505" no="1" sum="€130"/>
   <action type="15" player="anthony462" no="2" sum="€130"/>
   <action type="15" player="WhatsTheCraic211" no="3" sum="€130"/>
   <action type="15" player="grach10878" no="4" sum="€130"/>
   <action type="15" player="Overthinker112" no="5" sum="€130"/>
   <action type="15" player="chlebasmaslem77" no="6" sum="€130"/>
   <action type="15" player="ViniEE" no="7" sum="€130"/>
   <action type="15" player="ramito3" no="8" sum="€130"/>
   <action type="1" player="Gfs1505" no="9" sum="€450"/>
   <action type="2" player="anthony462" no="10" sum="€900"/>
  </round>
 </game>
 <game gamecode="11595679295">
  <general>
   <players>
    <player dealer="0" seat="1" chips="105,140" name="ViniEE" reg_code=""/>
    <player dealer="0" seat="2" chips="90,178" name="ramito3" reg_code=""/>
    <player dealer="1" seat="4" chips="85,210" name="Gfs1505" reg_code="8414227626"/>
    <player dealer="0" seat="5" chips="153,237" name="anthony462" reg_code=""/>
    <player dealer="0" seat="6" chips="83,264" name="WhatsTheCraic211" reg_code=""/>
    <player dealer="0" seat="7" chips="103,732" name="grach10878" reg_code=""/>
    <player dealer="0" seat="9" chips="77,224" name="Overthinker112" reg_code=""/>
    <player dealer="0" seat="10" chips="60,438" name="chlebasmaslem77" reg_code=""/>
   </players>
  </general>
  <round no="0">
   <action type="15" player="anthony462" no="1" sum="€130"/>
   <action type="15" player="WhatsTheCraic211" no="2" sum="€130"/>
   <action type="15" player="grach10878" no="3" sum="€130"/>
   <action type="15" player="Overthinker112" no="4" sum="€130"/>
   <action type="15" player="chlebasmaslem77" no="5" sum="€130"/>
   <action type="15" player="ViniEE" no="6" sum="€130"/>
   <action type="15" player="ramito3" no="7" sum="€130"/>
   <action type="15" player="Gfs1505" no="8" sum="€130"/>
   <action type="1" player="anthony462" no="9" sum="€450"/>
   <action type="2" player="WhatsTheCraic211" no="10" sum="€900"/>
  </round>
 </game>
 <game gamecode="11595701235">
  <general>
   <players>
    <player dealer="0" seat="1" chips="105,010" name="ViniEE" reg_code=""/>
    <player dealer="0" seat="2" chips="90,048" name="ramito3" reg_code=""/>
    <player dealer="0" seat="4" chips="85,080" name="Gfs1505" reg_code="8414227626"/>
    <player dealer="1" seat="5" chips="160,807" name="anthony462" reg_code=""/>
    <player dealer="0" seat="6" chips="82,234" name="WhatsTheCraic211" reg_code=""/>
    <player dealer="0" seat="7" chips="103,602" name="grach10878" reg_code=""/>
    <player dealer="0" seat="9" chips="71,334" name="Overthinker112" reg_code=""/>
    <player dealer="0" seat="10" chips="60,308" name="chlebasmaslem77" reg_code=""/>
   </players>
  </general>
  <round no="0">
   <action type="15" player="WhatsTheCraic211" no="1" sum="€150"/>
   <action type="15" player="grach10878" no="2" sum="€150"/>
   <action type="15" player="Overthinker112" no="3" sum="€150"/>
   <action type="15" player="chlebasmaslem77" no="4" sum="€150"/>
   <action type="15" player="ViniEE" no="5" sum="€150"/>
   <action type="15" player="ramito3" no="6" sum="€150"/>
   <action type="15" player="Gfs1505" no="7" sum="€150"/>
   <action type="15" player="anthony462" no="8" sum="€150"/>
   <action type="1" player="WhatsTheCraic211" no="9" sum="€500"/>
   <action type="2" player="grach10878" no="10" sum="€1,000"/>
  </round>
 </game>
 <game gamecode="11595701293">
  <general>
   <players>
    <player dealer="0" seat="1" chips="104,860" name="ViniEE" reg_code=""/>
    <player dealer="0" seat="2" chips="89,898" name="ramito3" reg_code=""/>
    <player dealer="0" seat="4" chips="84,930" name="Gfs1505" reg_code="8414227626"/>
    <player dealer="0" seat="5" chips="160,657" name="anthony462" reg_code=""/>
    <player dealer="1" seat="6" chips="81,584" name="WhatsTheCraic211" reg_code=""/>
    <player dealer="0" seat="7" chips="113,152" name="grach10878" reg_code=""/>
    <player dealer="0" seat="9" chips="71,184" name="Overthinker112" reg_code=""/>
    <player dealer="0" seat="10" chips="52,158" name="chlebasmaslem77" reg_code=""/>
   </players>
  </general>
  <round no="0">
   <action type="15" player="grach10878" no="1" sum="€150"/>
   <action type="15" player="Overthinker112" no="2" sum="€150"/>
   <action type="15" player="chlebasmaslem77" no="3" sum="€150"/>
   <action type="15" player="ViniEE" no="4" sum="€150"/>
   <action type="15" player="ramito3" no="5" sum="€150"/>
   <action type="15" player="Gfs1505" no="6" sum="€150"/>
   <action type="15" player="anthony462" no="7" sum="€150"/>
   <action type="15" player="WhatsTheCraic211" no="8" sum="€150"/>
   <action type="1" player="grach10878" no="9" sum="€500"/>
   <action type="2" player="Overthinker112" no="10" sum="€1,000"/>
  </round>
 </game>
 <game gamecode="11595701378">
  <general>
   <players>
    <player dealer="0" seat="1" chips="104,710" name="ViniEE" reg_code=""/>
    <player dealer="0" seat="2" chips="89,748" name="ramito3" reg_code=""/>
    <player dealer="0" seat="4" chips="84,780" name="Gfs1505" reg_code="8414227626"/>
    <player dealer="0" seat="5" chips="160,507" name="anthony462" reg_code=""/>
    <player dealer="0" seat="6" chips="81,434" name="WhatsTheCraic211" reg_code=""/>
    <player dealer="1" seat="7" chips="100,341" name="grach10878" reg_code=""/>
    <player dealer="0" seat="9" chips="84,895" name="Overthinker112" reg_code=""/>
    <player dealer="0" seat="10" chips="52,008" name="chlebasmaslem77" reg_code=""/>
   </players>
  </general>
  <round no="0">
   <action type="15" player="Overthinker112" no="1" sum="€150"/>
   <action type="15" player="chlebasmaslem77" no="2" sum="€150"/>
   <action type="15" player="ViniEE" no="3" sum="€150"/>
   <action type="15" player="ramito3" no="4" sum="€150"/>
   <action type="15" player="Gfs1505" no="5" sum="€150"/>
   <action type="15" player="anthony462" no="6" sum="€150"/>
   <action type="15" player="WhatsTheCraic211" no="7" sum="€150"/>
   <action type="15" player="grach10878" no="8" sum="€150"/>
   <action type="1" player="Overthinker112" no="9" sum="€500"/>
   <action type="2" player="chlebasmaslem77" no="10" sum="€1,000"/>
  </round>
 </game>
 <game gamecode="11595701430">
  <general>
   <players>
    <player dealer="0" seat="1" chips="104,560" name="ViniEE" reg_code=""/>
    <player dealer="0" seat="2" chips="89,598" name="ramito3" reg_code=""/>
    <player dealer="0" seat="4" chips="84,630" name="Gfs1505" reg_code="8414227626"/>
    <player dealer="0" seat="5" chips="160,357" name="anthony462" reg_code=""/>
    <player dealer="0" seat="6" chips="81,284" name="WhatsTheCraic211" reg_code=""/>
    <player dealer="0" seat="7" chips="100,191" name="grach10878" reg_code=""/>
    <player dealer="1" seat="9" chips="82,245" name="Overthinker112" reg_code=""/>
    <player dealer="0" seat="10" chips="55,558" name="chlebasmaslem77" reg_code=""/>
   </players>
  </general>
  <round no="0">
   <action type="15" player="chlebasmaslem77" no="1" sum="€150"/>
   <action type="15" player="ViniEE" no="2" sum="€150"/>
   <action type="15" player="ramito3" no="3" sum="€150"/>
   <action type="15" player="Gfs1505" no="4" sum="€150"/>
   <action type="15" player="anthony462" no="5" sum="€150"/>
   <action type="15" player="WhatsTheCraic211" no="6" sum="€150"/>
   <action type="15" player="grach10878" no="7" sum="€150"/>
   <action type="15" player="Overthinker112" no="8" sum="€150"/>
   <action type="1" player="chlebasmaslem77" no="9" sum="€500"/>
   <action type="2" player="ViniEE" no="10" sum="€1,000"/>
  </round>
 </game>
 <game gamecode="11595701508">
  <general>
   <players>
    <player dealer="0" seat="2" chips="89,448" name="ramito3" reg_code=""/>
    <player dealer="0" seat="4" chips="42,215" name="Gfs1505" reg_code="8414227626"/>
    <player dealer="0" seat="5" chips="139,416" name="anthony462" reg_code=""/>
    <player dealer="0" seat="6" chips="81,134" name="WhatsTheCraic211" reg_code=""/>
    <player dealer="0" seat="7" chips="100,041" name="grach10878" reg_code=""/>
    <player dealer="0" seat="9" chips="147,851" name="Overthinker112" reg_code=""/>
    <player dealer="1" seat="10" chips="54,908" name="chlebasmaslem77" reg_code=""/>
   </players>
  </general>
  <round no="0">
   <action type="15" player="ramito3" no="1" sum="€150"/>
   <action type="15" player="Gfs1505" no="2" sum="€150"/>
   <action type="15" player="anthony462" no="3" sum="€150"/>
   <action type="15" player="WhatsTheCraic211" no="4" sum="€150"/>
   <action type="15" player="grach10878" no="5" sum="€150"/>
   <action type="15" player="Overthinker112" no="6" sum="€150"/>
   <action type="15" player="chlebasmaslem77" no="7" sum="€150"/>
   <action type="2" player="ramito3" no="8" sum="€1,000"/>
  </round>
 </game>
 <game gamecode="11595701555">
  <general>
   <players>
    <player dealer="0" seat="1" chips="341,798" name="Caliostr" reg_code=""/>
    <player dealer="1" seat="2" chips="94,180" name="ramito3" reg_code=""/>
    <player dealer="0" seat="4" chips="42,065" name="Gfs1505" reg_code="8414227626"/>
    <player dealer="0" seat="5" chips="139,266" name="anthony462" reg_code=""/>
    <player dealer="0" seat="6" chips="80,984" name="WhatsTheCraic211" reg_code=""/>
    <player dealer="0" seat="7" chips="96,059" name="grach10878" reg_code=""/>
    <player dealer="0" seat="9" chips="147,701" name="Overthinker112" reg_code=""/>
    <player dealer="0" seat="10" chips="54,758" name="chlebasmaslem77" reg_code=""/>
   </players>
  </general>
  <round no="0">
   <action type="15" player="Gfs1505" no="1" sum="€150"/>
   <action type="15" player="anthony462" no="2" sum="€150"/>
   <action type="15" player="WhatsTheCraic211" no="3" sum="€150"/>
   <action type="15" player="grach10878" no="4" sum="€150"/>
   <action type="15" player="Overthinker112" no="5" sum="€150"/>
   <action type="15" player="chlebasmaslem77" no="6" sum="€150"/>
   <action type="15" player="Caliostr" no="7" sum="€150"/>
   <action type="15" player="ramito3" no="8" sum="€150"/>
   <action type="1" player="Gfs1505" no="9" sum="€500"/>
   <action type="2" player="anthony462" no="10" sum="€1,000"/>
  </round>
 </game>
 <game gamecode="11595701623">
  <general>
   <players>
    <player dealer="0" seat="1" chips="371,108" name="Caliostr" reg_code=""/>
    <player dealer="0" seat="2" chips="94,030" name="ramito3" reg_code=""/>
    <player dealer="1" seat="4" chips="41,415" name="Gfs1505" reg_code="8414227626"/>
    <player dealer="0" seat="5" chips="125,236" name="anthony462" reg_code=""/>
    <player dealer="0" seat="6" chips="80,834" name="WhatsTheCraic211" reg_code=""/>
    <player dealer="0" seat="7" chips="95,909" name="grach10878" reg_code=""/>
    <player dealer="0" seat="9" chips="147,551" name="Overthinker112" reg_code=""/>
    <player dealer="0" seat="10" chips="40,728" name="chlebasmaslem77" reg_code=""/>
   </players>
  </general>
  <round no="0">
   <action type="15" player="anthony462" no="1" sum="€150"/>
   <action type="15" player="WhatsTheCraic211" no="2" sum="€150"/>
   <action type="15" player="grach10878" no="3" sum="€150"/>
   <action type="15" player="Overthinker112" no="4" sum="€150"/>
   <action type="15" player="chlebasmaslem77" no="5" sum="€150"/>
   <action type="15" player="Caliostr" no="6" sum="€150"/>
   <action type="15" player="ramito3" no="7" sum="€150"/>
   <action type="15" player="Gfs1505" no="8" sum="€150"/>
   <action type="1" player="anthony462" no="9" sum="€500"/>
   <action type="2" player="WhatsTheCraic211" no="10" sum="€1,000"/>
  </round>
 </game>
 <game gamecode="11595701669">
  <general>
   <players>
    <player dealer="0" seat="1" chips="370,958" name="Caliostr" reg_code=""/>
    <player dealer="0" seat="2" chips="93,880" name="ramito3" reg_code=""/>
    <player dealer="0" seat="4" chips="19,849" name="Gfs1505" reg_code="8414227626"/>
    <player dealer="1" seat="5" chips="150,902" name="anthony462" reg_code=""/>
    <player dealer="0" seat="6" chips="79,684" name="WhatsTheCraic211" reg_code=""/>
    <player dealer="0" seat="7" chips="95,759" name="grach10878" reg_code=""/>
    <player dealer="0" seat="9" chips="145,201" name="Overthinker112" reg_code=""/>
    <player dealer="0" seat="10" chips="40,578" name="chlebasmaslem77" reg_code=""/>
   </players>
  </general>
  <round no="0">
   <action type="15" player="WhatsTheCraic211" no="1" sum="€150"/>
   <action type="15" player="grach10878" no="2" sum="€150"/>
   <action type="15" player="Overthinker112" no="3" sum="€150"/>
   <action type="15" player="chlebasmaslem77" no="4" sum="€150"/>
   <action type="15" player="Caliostr" no="5" sum="€150"/>
   <action type="15" player="ramito3" no="6" sum="€150"/>
   <action type="15" player="Gfs1505" no="7" sum="€150"/>
   <action type="15" player="anthony462" no="8" sum="€150"/>
   <action type="1" player="WhatsTheCraic211" no="9" sum="€500"/>
   <action type="2" player="grach10878" no="10" sum="€1,000"/>
  </round>
 </game>
 <game gamecode="11595701708">
  <general>
   <players>
    <player dealer="0" seat="1" chips="373,508" name="Caliostr" reg_code=""/>
    <player dealer="0" seat="2" chips="93,730" name="ramito3" reg_code=""/>
    <player dealer="0" seat="4" chips="19,699" name="Gfs1505" reg_code="8414227626"/>
    <player dealer="0" seat="5" chips="150,752" name="anthony462" reg_code=""/>
    <player dealer="1" seat="6" chips="79,034" name="WhatsTheCraic211" reg_code=""/>
    <player dealer="0" seat="7" chips="94,609" name="grach10878" reg_code=""/>
    <player dealer="0" seat="9" chips="145,051" name="Overthinker112" reg_code=""/>
    <player dealer="0" seat="10" chips="40,428" name="chlebasmaslem77" reg_code=""/>
   </players>
  </general>
  <round no="0">
   <action type="15" player="grach10878" no="1" sum="€150"/>
   <action type="15" player="Overthinker112" no="2" sum="€150"/>
   <action type="15" player="chlebasmaslem77" no="3" sum="€150"/>
   <action type="15" player="Caliostr" no="4" sum="€150"/>
   <action type="15" player="ramito3" no="5" sum="€150"/>
   <action type="15" player="Gfs1505" no="6" sum="€150"/>
   <action type="15" player="anthony462" no="7" sum="€150"/>
   <action type="15" player="WhatsTheCraic211" no="8" sum="€150"/>
   <action type="1" player="grach10878" no="9" sum="€500"/>
   <action type="2" player="Overthinker112" no="10" sum="€1,000"/>
  </round>
 </game>
 <game gamecode="11595701753">
  <general>
   <players>
    <player dealer="0" seat="1" chips="373,358" name="Caliostr" reg_code=""/>
    <player dealer="0" seat="2" chips="93,580" name="ramito3" reg_code=""/>
    <player dealer="0" seat="5" chips="150,602" name="anthony462" reg_code=""/>
    <player dealer="0" seat="6" chips="78,884" name="WhatsTheCraic211" reg_code=""/>
    <player dealer="1" seat="7" chips="209,667" name="grach10878" reg_code=""/>
    <player dealer="0" seat="9" chips="50,442" name="Overthinker112" reg_code=""/>
    <player dealer="0" seat="10" chips="40,278" name="chlebasmaslem77" reg_code=""/>
   </players>
  </general>
  <round no="0">
   <action type="15" player="Overthinker112" no="1" sum="€150"/>
   <action type="15" player="chlebasmaslem77" no="2" sum="€150"/>
   <action type="15" player="Caliostr" no="3" sum="€150"/>
   <action type="15" player="ramito3" no="4" sum="€150"/>
   <action type="15" player="anthony462" no="5" sum="€150"/>
   <action type="15" player="WhatsTheCraic211" no="6" sum="€150"/>
   <action type="15" player="grach10878" no="7" sum="€150"/>
   <action type="1" player="Overthinker112" no="8" sum="€500"/>
   <action type="2" player="chlebasmaslem77" no="9" sum="€1,000"/>
  </round>
 </game>
</session>
