<?xml version="1.0" encoding="utf-8"?>
<session sessioncode="8414244331">
 <general>
  <mode>real</mode>
  <gametype>Holdem NL</gametype>
  <tablename>SF |€20,000 GTD BOUNTY KING, 1131536596</tablename>
  <tournamentcurrency>1</tournamentcurrency>
  <currency>USD</currency>
  <nickname>Gfs1505</nickname>
  <buyin>€11.37 + €11.38 + €2.25</buyin>
  <totalbuyin>€13.62</totalbuyin>
 </general>
 <game gamecode="11595719778">
  <general>
   <players>
    <player dealer="0" seat="1" chips="88,888" name="TastyTreats" reg_code=""/>
    <player dealer="0" seat="2" chips="101,268" name="AgiotaComunista" reg_code=""/>
    <player dealer="0" seat="4" chips="105,361" name="vorcuta2411" reg_code=""/>
    <player dealer="0" seat="5" chips="153,462" name="ravenwise883" reg_code=""/>
    <player dealer="0" seat="6" chips="138,107" name="MaestroAM" reg_code=""/>
    <player dealer="0" seat="7" chips="100,000" name="Gfs1505" reg_code="8414244331"/>
    <player dealer="1" seat="9" chips="199,009" name="Danielmarker" reg_code=""/>
    <player dealer="0" seat="10" chips="89,420" name="EvilClown2" reg_code=""/>
   </players>
  </general>
  <round no="0">
   <action type="15" player="EvilClown2" no="1" sum="€150"/>
   <action type="15" player="TastyTreats" no="2" sum="€150"/>
   <action type="15" player="AgiotaComunista" no="3" sum="€150"/>
   <action type="15" player="vorcuta2411" no="4" sum="€150"/>
   <action type="15" player="ravenwise883" no="5" sum="€150"/>
   <action type="15" player="MaestroAM" no="6" sum="€150"/>
   <action type="15" player="Gfs1505" no="7" sum="€150"/>
   <action type="15" player="Danielmarker" no="8" sum="€150"/>
   <action type="1" player="EvilClown2" no="9" sum="€500"/>
   <action type="2" player="TastyTreats" no="10" sum="€1,000"/>
  </round>
 </game>
 <game gamecode="11595719831">
  <general>
   <players>
    <player dealer="0" seat="1" chips="179,176" name="TastyTreats" reg_code=""/>
    <player dealer="0" seat="2" chips="101,118" name="AgiotaComunista" reg_code=""/>
    <player dealer="0" seat="4" chips="105,211" name="vorcuta2411" reg_code=""/>
    <player dealer="0" seat="5" chips="64,574" name="ravenwise883" reg_code=""/>
    <player dealer="0" seat="6" chips="137,957" name="MaestroAM" reg_code=""/>
    <player dealer="0" seat="7" chips="99,850" name="Gfs1505" reg_code="8414244331"/>
    <player dealer="0" seat="9" chips="198,859" name="Danielmarker" reg_code=""/>
    <player dealer="1" seat="10" chips="88,770" name="EvilClown2" reg_code=""/>
   </players>
  </general>
  <round no="0">
   <action type="15" player="TastyTreats" no="1" sum="€150"/>
   <action type="15" player="AgiotaComunista" no="2" sum="€150"/>
   <action type="15" player="vorcuta2411" no="3" sum="€150"/>
   <action type="15" player="ravenwise883" no="4" sum="€150"/>
   <action type="15" player="MaestroAM" no="5" sum="€150"/>
   <action type="15" player="Gfs1505" no="6" sum="€150"/>
   <action type="15" player="Danielmarker" no="7" sum="€150"/>
   <action type="15" player="EvilClown2" no="8" sum="€150"/>
   <action type="1" player="TastyTreats" no="9" sum="€500"/>
   <action type="2" player="AgiotaComunista" no="10" sum="€1,000"/>
  </round>
 </game>
 <game gamecode="11595719998">
  <general>
   <players>
    <player dealer="0" seat="1" chips="99,700" name="Gfs1505" reg_code="8414244331"/>
    <player dealer="0" seat="2" chips="62,555" name="LixoDeQualidade" reg_code=""/>
    <player dealer="1" seat="4" chips="133,613" name="VShupegin" reg_code=""/>
    <player dealer="0" seat="5" chips="134,293" name="khimikvarit" reg_code=""/>
    <player dealer="0" seat="6" chips="162,607" name="andreybzz" reg_code=""/>
    <player dealer="0" seat="7" chips="147,442" name="dannyace16" reg_code=""/>
    <player dealer="0" seat="9" chips="143,768" name="WereWolf199" reg_code=""/>
    <player dealer="0" seat="10" chips="252,634" name="EngeLsFri" reg_code=""/>
   </players>
  </general>
  <round no="0">
   <action type="15" player="khimikvarit" no="1" sum="€180"/>
   <action type="15" player="andreybzz" no="2" sum="€180"/>
   <action type="15" player="dannyace16" no="3" sum="€180"/>
   <action type="15" player="WereWolf199" no="4" sum="€180"/>
   <action type="15" player="EngeLsFri" no="5" sum="€180"/>
   <action type="15" player="Gfs1505" no="6" sum="€180"/>
   <action type="15" player="LixoDeQualidade" no="7" sum="€180"/>
   <action type="15" player="VShupegin" no="8" sum="€180"/>
   <action type="1" player="khimikvarit" no="9" sum="€600"/>
   <action type="2" player="andreybzz" no="10" sum="€1,200"/>
  </round>
 </game>
 <game gamecode="11595720065">
  <general>
   <players>
    <player dealer="0" seat="1" chips="99,520" name="Gfs1505" reg_code="8414244331"/>
    <player dealer="0" seat="2" chips="62,375" name="LixoDeQualidade" reg_code=""/>
    <player dealer="0" seat="4" chips="133,433" name="VShupegin" reg_code=""/>
    <player dealer="1" seat="5" chips="133,513" name="khimikvarit" reg_code=""/>
    <player dealer="0" seat="6" chips="166,867" name="andreybzz" reg_code=""/>
    <player dealer="0" seat="7" chips="147,262" name="dannyace16" reg_code=""/>
    <player dealer="0" seat="9" chips="141,188" name="WereWolf199" reg_code=""/>
    <player dealer="0" seat="10" chips="252,454" name="EngeLsFri" reg_code=""/>
   </players>
  </general>
  <round no="0">
   <action type="15" player="andreybzz" no="1" sum="€180"/>
   <action type="15" player="dannyace16" no="2" sum="€180"/>
   <action type="15" player="WereWolf199" no="3" sum="€180"/>
   <action type="15" player="EngeLsFri" no="4" sum="€180"/>
   <action type="15" player="Gfs1505" no="5" sum="€180"/>
   <action type="15" player="LixoDeQualidade" no="6" sum="€180"/>
   <action type="15" player="VShupegin" no="7" sum="€180"/>
   <action type="15" player="khimikvarit" no="8" sum="€180"/>
   <action type="1" player="andreybzz" no="9" sum="€600"/>
   <action type="2" player="dannyace16" no="10" sum="€1,200"/>
  </round>
 </game>
 <game gamecode="11595720161">
  <general>
   <players>
    <player dealer="0" seat="1" chips="99,340" name="Gfs1505" reg_code="8414244331"/>
    <player dealer="0" seat="2" chips="59,795" name="LixoDeQualidade" reg_code=""/>
    <player dealer="0" seat="4" chips="133,253" name="VShupegin" reg_code=""/>
    <player dealer="0" seat="5" chips="133,333" name="khimikvarit" reg_code=""/>
    <player dealer="1" seat="6" chips="164,287" name="andreybzz" reg_code=""/>
    <player dealer="0" seat="7" chips="153,322" name="dannyace16" reg_code=""/>
    <player dealer="0" seat="9" chips="141,008" name="WereWolf199" reg_code=""/>
    <player dealer="0" seat="10" chips="252,274" name="EngeLsFri" reg_code=""/>
   </players>
  </general>
  <round no="0">
   <action type="15" player="dannyace16" no="1" sum="€180"/>
   <action type="15" player="WereWolf199" no="2" sum="€180"/>
   <action type="15" player="EngeLsFri" no="3" sum="€180"/>
   <action type="15" player="Gfs1505" no="4" sum="€180"/>
   <action type="15" player="LixoDeQualidade" no="5" sum="€180"/>
   <action type="15" player="VShupegin" no="6" sum="€180"/>
   <action type="15" player="khimikvarit" no="7" sum="€180"/>
   <action type="15" player="andreybzz" no="8" sum="€180"/>
   <action type="1" player="dannyace16" no="9" sum="€600"/>
   <action type="2" player="WereWolf199" no="10" sum="€1,200"/>
  </round>
 </game>
 <game gamecode="11595720208">
  <general>
   <players>
    <player dealer="0" seat="1" chips="99,160" name="Gfs1505" reg_code="8414244331"/>
    <player dealer="0" seat="2" chips="59,615" name="LixoDeQualidade" reg_code=""/>
    <player dealer="0" seat="4" chips="133,073" name="VShupegin" reg_code=""/>
    <player dealer="0" seat="5" chips="133,153" name="khimikvarit" reg_code=""/>
    <player dealer="0" seat="6" chips="164,107" name="andreybzz" reg_code=""/>
    <player dealer="1" seat="7" chips="146,272" name="dannyace16" reg_code=""/>
    <player dealer="0" seat="9" chips="133,958" name="WereWolf199" reg_code=""/>
    <player dealer="0" seat="10" chips="267,274" name="EngeLsFri" reg_code=""/>
   </players>
  </general>
  <round no="0">
   <action type="15" player="WereWolf199" no="1" sum="€180"/>
   <action type="15" player="EngeLsFri" no="2" sum="€180"/>
   <action type="15" player="Gfs1505" no="3" sum="€180"/>
   <action type="15" player="LixoDeQualidade" no="4" sum="€180"/>
   <action type="15" player="VShupegin" no="5" sum="€180"/>
   <action type="15" player="khimikvarit" no="6" sum="€180"/>
   <action type="15" player="andreybzz" no="7" sum="€180"/>
   <action type="15" player="dannyace16" no="8" sum="€180"/>
   <action type="1" player="WereWolf199" no="9" sum="€600"/>
   <action type="2" player="EngeLsFri" no="10" sum="€1,200"/>
  </round>
 </game>
 <game gamecode="11595720258">
  <general>
   <players>
    <player dealer="0" seat="1" chips="96,580" name="Gfs1505" reg_code="8414244331"/>
    <player dealer="0" seat="2" chips="59,435" name="LixoDeQualidade" reg_code=""/>
    <player dealer="0" seat="4" chips="132,893" name="VShupegin" reg_code=""/>
    <player dealer="0" seat="5" chips="132,973" name="khimikvarit" reg_code=""/>
    <player dealer="0" seat="6" chips="163,927" name="andreybzz" reg_code=""/>
    <player dealer="0" seat="7" chips="146,092" name="dannyace16" reg_code=""/>
    <player dealer="1" seat="9" chips="127,778" name="WereWolf199" reg_code=""/>
    <player dealer="0" seat="10" chips="276,934" name="EngeLsFri" reg_code=""/>
   </players>
  </general>
  <round no="0">
   <action type="15" player="EngeLsFri" no="1" sum="€180"/>
   <action type="15" player="Gfs1505" no="2" sum="€180"/>
   <action type="15" player="LixoDeQualidade" no="3" sum="€180"/>
   <action type="15" player="VShupegin" no="4" sum="€180"/>
   <action type="15" player="khimikvarit" no="5" sum="€180"/>
   <action type="15" player="andreybzz" no="6" sum="€180"/>
   <action type="15" player="dannyace16" no="7" sum="€180"/>
   <action type="15" player="WereWolf199" no="8" sum="€180"/>
   <action type="1" player="EngeLsFri" no="9" sum="€600"/>
   <action type="2" player="Gfs1505" no="10" sum="€1,200"/>
  </round>
 </game>
 <game gamecode="11595720312">
  <general>
   <players>
    <player dealer="1" seat="1" chips="100,000" name="29dvP" reg_code=""/>
    <player dealer="0" seat="2" chips="100,000" name="SpaceTim1" reg_code=""/>
    <player dealer="0" seat="5" chips="256,514" name="shott45" reg_code=""/>
    <player dealer="0" seat="6" chips="100,000" name="dbabreu2" reg_code=""/>
    <player dealer="0" seat="7" chips="96,640" name="chlebasmaslem77" reg_code=""/>
    <player dealer="0" seat="9" chips="95,200" name="Gfs1505" reg_code="8414244331"/>
    <player dealer="0" seat="10" chips="82,090" name="brunoferreira72" reg_code=""/>
   </players>
  </general>
  <round no="0">
   <action type="15" player="SpaceTim1" no="1" sum="€180"/>
   <action type="15" player="shott45" no="2" sum="€180"/>
   <action type="15" player="dbabreu2" no="3" sum="€180"/>
   <action type="15" player="chlebasmaslem77" no="4" sum="€180"/>
   <action type="15" player="Gfs1505" no="5" sum="€180"/>
   <action type="15" player="brunoferreira72" no="6" sum="€180"/>
   <action type="15" player="29dvP" no="7" sum="€180"/>
   <action type="1" player="SpaceTim1" no="8" sum="€600"/>
   <action type="2" player="shott45" no="9" sum="€1,200"/>
  </round>
 </game>
 <game gamecode="11595745705">
  <general>
   <players>
    <player dealer="0" seat="1" chips="99,820" name="29dvP" reg_code=""/>
    <player dealer="1" seat="2" chips="98,620" name="SpaceTim1" reg_code=""/>
    <player dealer="0" seat="4" chips="100,000" name="Sincerevision1" reg_code=""/>
    <player dealer="0" seat="5" chips="258,794" name="shott45" reg_code=""/>
    <player dealer="0" seat="6" chips="99,820" name="dbabreu2" reg_code=""/>
    <player dealer="0" seat="7" chips="96,460" name="chlebasmaslem77" reg_code=""/>
    <player dealer="0" seat="9" chips="95,020" name="Gfs1505" reg_code="8414244331"/>
    <player dealer="0" seat="10" chips="81,910" name="brunoferreira72" reg_code=""/>
   </players>
  </general>
  <round no="0">
   <action type="15" player="shott45" no="1" sum="€180"/>
   <action type="15" player="dbabreu2" no="2" sum="€180"/>
   <action type="15" player="chlebasmaslem77" no="3" sum="€180"/>
   <action type="15" player="Gfs1505" no="4" sum="€180"/>
   <action type="15" player="brunoferreira72" no="5" sum="€180"/>
   <action type="15" player="29dvP" no="6" sum="€180"/>
   <action type="15" player="SpaceTim1" no="7" sum="€180"/>
   <action type="1" player="shott45" no="8" sum="€600"/>
   <action type="2" player="dbabreu2" no="9" sum="€1,200"/>
  </round>
 </game>
 <game gamecode="11595745746">
  <general>
   <players>
    <player dealer="0" seat="1" chips="99,640" name="29dvP" reg_code=""/>
    <player dealer="0" seat="2" chips="95,320" name="SpaceTim1" reg_code=""/>
    <player dealer="0" seat="4" chips="100,000" name="Sincerevision1" reg_code=""/>
    <player dealer="1" seat="5" chips="264,194" name="shott45" reg_code=""/>
    <player dealer="0" seat="6" chips="98,440" name="dbabreu2" reg_code=""/>
    <player dealer="0" seat="7" chips="96,280" name="chlebasmaslem77" reg_code=""/>
    <player dealer="0" seat="9" chips="94,840" name="Gfs1505" reg_code="8414244331"/>
    <player dealer="0" seat="10" chips="81,730" name="brunoferreira72" reg_code=""/>
   </players>
  </general>
  <round no="0">
   <action type="15" player="dbabreu2" no="1" sum="€180"/>
   <action type="15" player="chlebasmaslem77" no="2" sum="€180"/>
   <action type="15" player="Gfs1505" no="3" sum="€180"/>
   <action type="15" player="brunoferreira72" no="4" sum="€180"/>
   <action type="15" player="29dvP" no="5" sum="€180"/>
   <action type="15" player="SpaceTim1" no="6" sum="€180"/>
   <action type="15" player="Sincerevision1" no="7" sum="€180"/>
   <action type="15" player="shott45" no="8" sum="€180"/>
   <action type="1" player="dbabreu2" no="9" sum="€600"/>
   <action type="2" player="chlebasmaslem77" no="10" sum="€1,200"/>
  </round>
 </game>
 <game gamecode="11595745790">
  <general>
   <players>
    <player dealer="0" seat="1" chips="102,700" name="29dvP" reg_code=""/>
    <player dealer="0" seat="2" chips="95,140" name="SpaceTim1" reg_code=""/>
    <player dealer="0" seat="4" chips="99,820" name="Sincerevision1" reg_code=""/>
    <player dealer="0" seat="5" chips="264,014" name="shott45" reg_code=""/>
    <player dealer="1" seat="6" chips="97,660" name="dbabreu2" reg_code=""/>
    <player dealer="0" seat="7" chips="94,900" name="chlebasmaslem77" reg_code=""/>
    <player dealer="0" seat="9" chips="94,660" name="Gfs1505" reg_code="8414244331"/>
    <player dealer="0" seat="10" chips="81,550" name="brunoferreira72" reg_code=""/>
   </players>
  </general>
  <round no="0">
   <action type="15" player="chlebasmaslem77" no="1" sum="€180"/>
   <action type="15" player="Gfs1505" no="2" sum="€180"/>
   <action type="15" player="brunoferreira72" no="3" sum="€180"/>
   <action type="15" player="29dvP" no="4" sum="€180"/>
   <action type="15" player="SpaceTim1" no="5" sum="€180"/>
   <action type="15" player="Sincerevision1" no="6" sum="€180"/>
   <action type="15" player="shott45" no="7" sum="€180"/>
   <action type="15" player="dbabreu2" no="8" sum="€180"/>
   <action type="1" player="chlebasmaslem77" no="9" sum="€600"/>
   <action type="2" player="Gfs1505" no="10" sum="€1,200"/>
  </round>
 </game>
 <game gamecode="11595745850">
  <general>
   <players>
    <player dealer="0" seat="1" chips="108,160" name="29dvP" reg_code=""/>
    <player dealer="0" seat="2" chips="94,960" name="SpaceTim1" reg_code=""/>
    <player dealer="0" seat="4" chips="99,640" name="Sincerevision1" reg_code=""/>
    <player dealer="0" seat="5" chips="263,834" name="shott45" reg_code=""/>
    <player dealer="0" seat="6" chips="97,480" name="dbabreu2" reg_code=""/>
    <player dealer="1" seat="7" chips="94,120" name="chlebasmaslem77" reg_code=""/>
    <player dealer="0" seat="9" chips="93,280" name="Gfs1505" reg_code="8414244331"/>
    <player dealer="0" seat="10" chips="78,970" name="brunoferreira72" reg_code=""/>
   </players>
  </general>
  <round no="0">
   <action type="15" player="Gfs1505" no="1" sum="€180"/>
   <action type="15" player="brunoferreira72" no="2" sum="€180"/>
   <action type="15" player="29dvP" no="3" sum="€180"/>
   <action type="15" player="SpaceTim1" no="4" sum="€180"/>
   <action type="15" player="Sincerevision1" no="5" sum="€180"/>
   <action type="15" player="shott45" no="6" sum="€180"/>
   <action type="15" player="dbabreu2" no="7" sum="€180"/>
   <action type="15" player="chlebasmaslem77" no="8" sum="€180"/>
   <action type="1" player="Gfs1505" no="9" sum="€600"/>
   <action type="2" player="brunoferreira72" no="10" sum="€1,200"/>
  </round>
 </game>
 <game gamecode="11595745939">
  <general>
   <players>
    <player dealer="0" seat="1" chips="107,980" name="29dvP" reg_code=""/>
    <player dealer="0" seat="2" chips="94,780" name="SpaceTim1" reg_code=""/>
    <player dealer="0" seat="4" chips="99,460" name="Sincerevision1" reg_code=""/>
    <player dealer="0" seat="5" chips="261,134" name="shott45" reg_code=""/>
    <player dealer="0" seat="6" chips="106,900" name="dbabreu2" reg_code=""/>
    <player dealer="0" seat="7" chips="91,420" name="chlebasmaslem77" reg_code=""/>
    <player dealer="1" seat="9" chips="92,500" name="Gfs1505" reg_code="8414244331"/>
    <player dealer="0" seat="10" chips="76,270" name="brunoferreira72" reg_code=""/>
   </players>
  </general>
  <round no="0">
   <action type="15" player="brunoferreira72" no="1" sum="€180"/>
   <action type="15" player="29dvP" no="2" sum="€180"/>
   <action type="15" player="SpaceTim1" no="3" sum="€180"/>
   <action type="15" player="Sincerevision1" no="4" sum="€180"/>
   <action type="15" player="shott45" no="5" sum="€180"/>
   <action type="15" player="dbabreu2" no="6" sum="€180"/>
   <action type="15" player="chlebasmaslem77" no="7" sum="€180"/>
   <action type="15" player="Gfs1505" no="8" sum="€180"/>
   <action type="1" player="brunoferreira72" no="9" sum="€600"/>
   <action type="2" player="29dvP" no="10" sum="€1,200"/>
  </round>
 </game>
 <game gamecode="11595746002">
  <general>
   <players>
    <player dealer="0" seat="1" chips="105,400" name="29dvP" reg_code=""/>
    <player dealer="0" seat="2" chips="94,600" name="SpaceTim1" reg_code=""/>
    <player dealer="0" seat="4" chips="99,280" name="Sincerevision1" reg_code=""/>
    <player dealer="0" seat="5" chips="260,954" name="shott45" reg_code=""/>
    <player dealer="0" seat="6" chips="106,720" name="dbabreu2" reg_code=""/>
    <player dealer="0" seat="7" chips="91,240" name="chlebasmaslem77" reg_code=""/>
    <player dealer="0" seat="9" chips="126,888" name="Gfs1505" reg_code="8414244331"/>
    <player dealer="1" seat="10" chips="45,362" name="brunoferreira72" reg_code=""/>
   </players>
  </general>
  <round no="0">
   <action type="15" player="29dvP" no="1" sum="€180"/>
   <action type="15" player="SpaceTim1" no="2" sum="€180"/>
   <action type="15" player="Sincerevision1" no="3" sum="€180"/>
   <action type="15" player="shott45" no="4" sum="€180"/>
   <action type="15" player="dbabreu2" no="5" sum="€180"/>
   <action type="15" player="chlebasmaslem77" no="6" sum="€180"/>
   <action type="15" player="Gfs1505" no="7" sum="€180"/>
   <action type="15" player="brunoferreira72" no="8" sum="€180"/>
   <action type="1" player="29dvP" no="9" sum="€600"/>
   <action type="2" player="SpaceTim1" no="10" sum="€1,200"/>
  </round>
 </game>
 <game gamecode="11595746091">
  <general>
   <players>
    <player dealer="1" seat="1" chips="104,620" name="29dvP" reg_code=""/>
    <player dealer="0" seat="2" chips="59,620" name="SpaceTim1" reg_code=""/>
    <player dealer="0" seat="4" chips="99,100" name="Sincerevision1" reg_code=""/>
    <player dealer="0" seat="5" chips="260,774" name="shott45" reg_code=""/>
    <player dealer="0" seat="6" chips="106,540" name="dbabreu2" reg_code=""/>
    <player dealer="0" seat="7" chips="91,060" name="chlebasmaslem77" reg_code=""/>
    <player dealer="0" seat="9" chips="163,548" name="Gfs1505" reg_code="8414244331"/>
    <player dealer="0" seat="10" chips="45,182" name="brunoferreira72" reg_code=""/>
   </players>
  </general>
  <round no="0">
   <action type="15" player="SpaceTim1" no="1" sum="€180"/>
   <action type="15" player="Sincerevision1" no="2" sum="€180"/>
   <action type="15" player="shott45" no="3" sum="€180"/>
   <action type="15" player="dbabreu2" no="4" sum="€180"/>
   <action type="15" player="chlebasmaslem77" no="5" sum="€180"/>
   <action type="15" player="Gfs1505" no="6" sum="€180"/>
   <action type="15" player="brunoferreira72" no="7" sum="€180"/>
   <action type="15" player="29dvP" no="8" sum="€180"/>
   <action type="1" player="SpaceTim1" no="9" sum="€600"/>
   <action type="2" player="Sincerevision1" no="10" sum="€1,200"/>
  </round>
 </game>
 <game gamecode="11595746160">
  <general>
   <players>
    <player dealer="0" seat="1" chips="102,040" name="29dvP" reg_code=""/>
    <player dealer="1" seat="2" chips="58,840" name="SpaceTim1" reg_code=""/>
    <player dealer="0" seat="4" chips="97,720" name="Sincerevision1" reg_code=""/>
    <player dealer="0" seat="5" chips="260,594" name="shott45" reg_code=""/>
    <player dealer="0" seat="6" chips="112,000" name="dbabreu2" reg_code=""/>
    <player dealer="0" seat="7" chips="90,880" name="chlebasmaslem77" reg_code=""/>
    <player dealer="0" seat="9" chips="163,368" name="Gfs1505" reg_code="8414244331"/>
    <player dealer="0" seat="10" chips="45,002" name="brunoferreira72" reg_code=""/>
   </players>
  </general>
  <round no="0">
   <action type="15" player="Sincerevision1" no="1" sum="€180"/>
   <action type="15" player="shott45" no="2" sum="€180"/>
   <action type="15" player="dbabreu2" no="3" sum="€180"/>
   <action type="15" player="chlebasmaslem77" no="4" sum="€180"/>
   <action type="15" player="Gfs1505" no="5" sum="€180"/>
   <action type="15" player="brunoferreira72" no="6" sum="€180"/>
   <action type="15" player="29dvP" no="7" sum="€180"/>
   <action type="15" player="SpaceTim1" no="8" sum="€180"/>
   <action type="1" player="Sincerevision1" no="9" sum="€600"/>
   <action type="2" player="shott45" no="10" sum="€1,200"/>
  </round>
 </game>
 <game gamecode="11595746238">
  <general>
   <players>
    <player dealer="0" seat="1" chips="101,860" name="29dvP" reg_code=""/>
    <player dealer="0" seat="2" chips="58,660" name="SpaceTim1" reg_code=""/>
    <player dealer="1" seat="4" chips="110,380" name="Sincerevision1" reg_code=""/>
    <player dealer="0" seat="5" chips="249,014" name="shott45" reg_code=""/>
    <player dealer="0" seat="6" chips="111,820" name="dbabreu2" reg_code=""/>
    <player dealer="0" seat="7" chips="90,700" name="chlebasmaslem77" reg_code=""/>
    <player dealer="0" seat="9" chips="163,188" name="Gfs1505" reg_code="8414244331"/>
    <player dealer="0" seat="10" chips="44,822" name="brunoferreira72" reg_code=""/>
   </players>
  </general>
  <round no="0">
   <action type="15" player="shott45" no="1" sum="€200"/>
   <action type="15" player="dbabreu2" no="2" sum="€200"/>
   <action type="15" player="chlebasmaslem77" no="3" sum="€200"/>
   <action type="15" player="Gfs1505" no="4" sum="€200"/>
   <action type="15" player="brunoferreira72" no="5" sum="€200"/>
   <action type="15" player="29dvP" no="6" sum="€200"/>
   <action type="15" player="SpaceTim1" no="7" sum="€200"/>
   <action type="15" player="Sincerevision1" no="8" sum="€200"/>
   <action type="1" player="shott45" no="9" sum="€700"/>
   <action type="2" player="dbabreu2" no="10" sum="€1,400"/>
  </round>
 </game>
 <game gamecode="11595778235">
  <general>
   <players>
    <player dealer="0" seat="1" chips="98,860" name="29dvP" reg_code=""/>
    <player dealer="0" seat="2" chips="58,460" name="SpaceTim1" reg_code=""/>
    <player dealer="0" seat="4" chips="110,180" name="Sincerevision1" reg_code=""/>
    <player dealer="1" seat="5" chips="248,114" name="shott45" reg_code=""/>
    <player dealer="0" seat="6" chips="103,470" name="dbabreu2" reg_code=""/>
    <player dealer="0" seat="7" chips="90,500" name="chlebasmaslem77" reg_code=""/>
    <player dealer="0" seat="9" chips="176,238" name="Gfs1505" reg_code="8414244331"/>
    <player dealer="0" seat="10" chips="44,622" name="brunoferreira72" reg_code=""/>
   </players>
  </general>
  <round no="0">
   <action type="15" player="dbabreu2" no="1" sum="€200"/>
   <action type="15" player="chlebasmaslem77" no="2" sum="€200"/>
   <action type="15" player="Gfs1505" no="3" sum="€200"/>
   <action type="15" player="brunoferreira72" no="4" sum="€200"/>
   <action type="15" player="29dvP" no="5" sum="€200"/>
   <action type="15" player="SpaceTim1" no="6" sum="€200"/>
   <action type="15" player="Sincerevision1" no="7" sum="€200"/>
   <action type="15" player="shott45" no="8" sum="€200"/>
   <action type="1" player="dbabreu2" no="9" sum="€700"/>
   <action type="2" player="chlebasmaslem77" no="10" sum="€1,400"/>
  </round>
 </game>
 <game gamecode="11595778298">
  <general>
   <players>
    <player dealer="0" seat="1" chips="98,660" name="29dvP" reg_code=""/>
    <player dealer="0" seat="2" chips="58,260" name="SpaceTim1" reg_code=""/>
    <player dealer="0" seat="4" chips="88,140" name="Sincerevision1" reg_code=""/>
    <player dealer="0" seat="5" chips="247,914" name="shott45" reg_code=""/>
    <player dealer="1" seat="6" chips="128,110" name="dbabreu2" reg_code=""/>
    <player dealer="0" seat="7" chips="88,900" name="chlebasmaslem77" reg_code=""/>
    <player dealer="0" seat="9" chips="176,038" name="Gfs1505" reg_code="8414244331"/>
    <player dealer="0" seat="10" chips="44,422" name="brunoferreira72" reg_code=""/>
   </players>
  </general>
  <round no="0">
   <action type="15" player="chlebasmaslem77" no="1" sum="€200"/>
   <action type="15" player="Gfs1505" no="2" sum="€200"/>
   <action type="15" player="brunoferreira72" no="3" sum="€200"/>
   <action type="15" player="29dvP" no="4" sum="€200"/>
   <action type="15" player="SpaceTim1" no="5" sum="€200"/>
   <action type="15" player="Sincerevision1" no="6" sum="€200"/>
   <action type="15" player="shott45" no="7" sum="€200"/>
   <action type="15" player="dbabreu2" no="8" sum="€200"/>
   <action type="1" player="chlebasmaslem77" no="9" sum="€700"/>
   <action type="2" player="Gfs1505" no="10" sum="€1,400"/>
  </round>
 </game>
 <game gamecode="11595778336">
  <general>
   <players>
    <player dealer="0" seat="1" chips="98,460" name="29dvP" reg_code=""/>
    <player dealer="0" seat="2" chips="64,140" name="SpaceTim1" reg_code=""/>
    <player dealer="0" seat="4" chips="87,940" name="Sincerevision1" reg_code=""/>
    <player dealer="0" seat="5" chips="247,714" name="shott45" reg_code=""/>
    <player dealer="0" seat="6" chips="127,910" name="dbabreu2" reg_code=""/>
    <player dealer="1" seat="7" chips="85,620" name="chlebasmaslem77" reg_code=""/>
    <player dealer="0" seat="9" chips="174,438" name="Gfs1505" reg_code="8414244331"/>
    <player dealer="0" seat="10" chips="44,222" name="brunoferreira72" reg_code=""/>
   </players>
  </general>
  <round no="0">
   <action type="15" player="Gfs1505" no="1" sum="€200"/>
   <action type="15" player="brunoferreira72" no="2" sum="€200"/>
   <action type="15" player="29dvP" no="3" sum="€200"/>
   <action type="15" player="SpaceTim1" no="4" sum="€200"/>
   <action type="15" player="Sincerevision1" no="5" sum="€200"/>
   <action type="15" player="shott45" no="6" sum="€200"/>
   <action type="15" player="dbabreu2" no="7" sum="€200"/>
   <action type="15" player="chlebasmaslem77" no="8" sum="€200"/>
   <action type="1" player="Gfs1505" no="9" sum="€700"/>
   <action type="2" player="brunoferreira72" no="10" sum="€1,400"/>
  </round>
 </game>
 <game gamecode="11595778434">
  <general>
   <players>
    <player dealer="0" seat="1" chips="98,260" name="29dvP" reg_code=""/>
    <player dealer="0" seat="2" chips="93,624" name="SpaceTim1" reg_code=""/>
    <player dealer="0" seat="4" chips="87,740" name="Sincerevision1" reg_code=""/>
    <player dealer="0" seat="5" chips="247,514" name="shott45" reg_code=""/>
    <player dealer="0" seat="6" chips="107,214" name="dbabreu2" reg_code=""/>
    <player dealer="0" seat="7" chips="85,420" name="chlebasmaslem77" reg_code=""/>
    <player dealer="1" seat="9" chips="173,538" name="Gfs1505" reg_code="8414244331"/>
    <player dealer="0" seat="10" chips="37,134" name="brunoferreira72" reg_code=""/>
   </players>
  </general>
  <round no="0">
   <action type="15" player="brunoferreira72" no="1" sum="€200"/>
   <action type="15" player="29dvP" no="2" sum="€200"/>
   <action type="15" player="SpaceTim1" no="3" sum="€200"/>
   <action type="15" player="Sincerevision1" no="4" sum="€200"/>
   <action type="15" player="shott45" no="5" sum="€200"/>
   <action type="15" player="dbabreu2" no="6" sum="€200"/>
   <action type="15" player="chlebasmaslem77" no="7" sum="€200"/>
   <action type="15" player="Gfs1505" no="8" sum="€200"/>
   <action type="1" player="brunoferreira72" no="9" sum="€700"/>
   <action type="2" player="29dvP" no="10" sum="€1,400"/>
  </round>
 </game>
 <game gamecode="11595778470">
  <general>
   <players>
    <player dealer="0" seat="1" chips="96,660" name="29dvP" reg_code=""/>
    <player dealer="0" seat="2" chips="93,424" name="SpaceTim1" reg_code=""/>
    <player dealer="0" seat="4" chips="87,540" name="Sincerevision1" reg_code=""/>
    <player dealer="0" seat="5" chips="251,014" name="shott45" reg_code=""/>
    <player dealer="0" seat="6" chips="107,014" name="dbabreu2" reg_code=""/>
    <player dealer="0" seat="7" chips="85,220" name="chlebasmaslem77" reg_code=""/>
    <player dealer="0" seat="9" chips="173,338" name="Gfs1505" reg_code="8414244331"/>
    <player dealer="1" seat="10" chips="36,234" name="brunoferreira72" reg_code=""/>
   </players>
  </general>
  <round no="0">
   <action type="15" player="29dvP" no="1" sum="€200"/>
   <action type="15" player="SpaceTim1" no="2" sum="€200"/>
   <action type="15" player="Sincerevision1" no="3" sum="€200"/>
   <action type="15" player="shott45" no="4" sum="€200"/>
   <action type="15" player="dbabreu2" no="5" sum="€200"/>
   <action type="15" player="chlebasmaslem77" no="6" sum="€200"/>
   <action type="15" player="Gfs1505" no="7" sum="€200"/>
   <action type="15" player="brunoferreira72" no="8" sum="€200"/>
   <action type="1" player="29dvP" no="9" sum="€700"/>
   <action type="2" player="SpaceTim1" no="10" sum="€1,400"/>
  </round>
 </game>
 <game gamecode="11595778524">
  <general>
   <players>
    <player dealer="1" seat="1" chips="95,760" name="29dvP" reg_code=""/>
    <player dealer="0" seat="2" chips="90,424" name="SpaceTim1" reg_code=""/>
    <player dealer="0" seat="4" chips="87,340" name="Sincerevision1" reg_code=""/>
    <player dealer="0" seat="5" chips="250,814" name="shott45" reg_code=""/>
    <player dealer="0" seat="6" chips="106,814" name="dbabreu2" reg_code=""/>
    <player dealer="0" seat="7" chips="90,120" name="chlebasmaslem77" reg_code=""/>
    <player dealer="0" seat="9" chips="173,138" name="Gfs1505" reg_code="8414244331"/>
    <player dealer="0" seat="10" chips="36,034" name="brunoferreira72" reg_code=""/>
   </players>
  </general>
  <round no="0">
   <action type="15" player="SpaceTim1" no="1" sum="€200"/>
   <action type="15" player="Sincerevision1" no="2" sum="€200"/>
   <action type="15" player="shott45" no="3" sum="€200"/>
   <action type="15" player="dbabreu2" no="4" sum="€200"/>
   <action type="15" player="chlebasmaslem77" no="5" sum="€200"/>
   <action type="15" player="Gfs1505" no="6" sum="€200"/>
   <action type="15" player="brunoferreira72" no="7" sum="€200"/>
   <action type="15" player="29dvP" no="8" sum="€200"/>
   <action type="1" player="SpaceTim1" no="9" sum="€700"/>
   <action type="2" player="Sincerevision1" no="10" sum="€1,400"/>
  </round>
 </game>
 <game gamecode="11595778583">
  <general>
   <players>
    <player dealer="0" seat="1" chips="95,560" name="29dvP" reg_code=""/>
    <player dealer="1" seat="2" chips="96,724" name="SpaceTim1" reg_code=""/>
    <player dealer="0" seat="4" chips="82,240" name="Sincerevision1" reg_code=""/>
    <player dealer="0" seat="5" chips="250,614" name="shott45" reg_code=""/>
    <player dealer="0" seat="6" chips="106,614" name="dbabreu2" reg_code=""/>
    <player dealer="0" seat="7" chips="89,920" name="chlebasmaslem77" reg_code=""/>
    <player dealer="0" seat="9" chips="172,938" name="Gfs1505" reg_code="8414244331"/>
    <player dealer="0" seat="10" chips="35,834" name="brunoferreira72" reg_code=""/>
   </players>
  </general>
  <round no="0">
   <action type="15" player="Sincerevision1" no="1" sum="€200"/>
   <action type="15" player="shott45" no="2" sum="€200"/>
   <action type="15" player="dbabreu2" no="3" sum="€200"/>
   <action type="15" player="chlebasmaslem77" no="4" sum="€200"/>
   <action type="15" player="Gfs1505" no="5" sum="€200"/>
   <action type="15" player="brunoferreira72" no="6" sum="€200"/>
   <action type="15" player="29dvP" no="7" sum="€200"/>
   <action type="15" player="SpaceTim1" no="8" sum="€200"/>
   <action type="1" player="Sincerevision1" no="9" sum="€700"/>
   <action type="2" player="shott45" no="10" sum="€1,400"/>
  </round>
 </game>
 <game gamecode="11595778616">
  <general>
   <players>
    <player dealer="0" seat="1" chips="95,360" name="29dvP" reg_code=""/>
    <player dealer="0" seat="2" chips="96,524" name="SpaceTim1" reg_code=""/>
    <player dealer="1" seat="4" chips="81,340" name="Sincerevision1" reg_code=""/>
    <player dealer="0" seat="5" chips="252,714" name="shott45" reg_code=""/>
    <player dealer="0" seat="6" chips="106,414" name="dbabreu2" reg_code=""/>
    <player dealer="0" seat="7" chips="89,720" name="chlebasmaslem77" reg_code=""/>
    <player dealer="0" seat="9" chips="172,738" name="Gfs1505" reg_code="8414244331"/>
    <player dealer="0" seat="10" chips="35,634" name="brunoferreira72" reg_code=""/>
   </players>
  </general>
  <round no="0">
   <action type="15" player="shott45" no="1" sum="€200"/>
   <action type="15" player="dbabreu2" no="2" sum="€200"/>
   <action type="15" player="chlebasmaslem77" no="3" sum="€200"/>
   <action type="15" player="Gfs1505" no="4" sum="€200"/>
   <action type="15" player="brunoferreira72" no="5" sum="€200"/>
   <action type="15" player="29dvP" no="6" sum="€200"/>
   <action type="15" player="SpaceTim1" no="7" sum="€200"/>
   <action type="15" player="Sincerevision1" no="8" sum="€200"/>
   <action type="1" player="shott45" no="9" sum="€700"/>
   <action type="2" player="dbabreu2" no="10" sum="€1,400"/>
  </round>
 </game>
 <game gamecode="11595778715">
  <general>
   <players>
    <player dealer="0" seat="1" chips="95,160" name="29dvP" reg_code=""/>
    <player dealer="0" seat="2" chips="96,324" name="SpaceTim1" reg_code=""/>
    <player dealer="0" seat="4" chips="81,140" name="Sincerevision1" reg_code=""/>
    <player dealer="1" seat="5" chips="251,814" name="shott45" reg_code=""/>
    <player dealer="0" seat="6" chips="115,876" name="dbabreu2" reg_code=""/>
    <player dealer="0" seat="7" chips="89,520" name="chlebasmaslem77" reg_code=""/>
    <player dealer="0" seat="9" chips="172,538" name="Gfs1505" reg_code="8414244331"/>
    <player dealer="0" seat="10" chips="28,072" name="brunoferreira72" reg_code=""/>
   </players>
  </general>
  <round no="0">
   <action type="15" player="dbabreu2" no="1" sum="€200"/>
   <action type="15" player="chlebasmaslem77" no="2" sum="€200"/>
   <action type="15" player="Gfs1505" no="3" sum="€200"/>
   <action type="15" player="brunoferreira72" no="4" sum="€200"/>
   <action type="15" player="29dvP" no="5" sum="€200"/>
   <action type="15" player="SpaceTim1" no="6" sum="€200"/>
   <action type="15" player="Sincerevision1" no="7" sum="€200"/>
   <action type="15" player="shott45" no="8" sum="€200"/>
   <action type="1" player="dbabreu2" no="9" sum="€700"/>
   <action type="2" player="chlebasmaslem77" no="10" sum="€1,400"/>
  </round>
 </game>
 <game gamecode="11595809915">
  <general>
   <players>
    <player dealer="0" seat="1" chips="94,960" name="29dvP" reg_code=""/>
    <player dealer="0" seat="2" chips="93,324" name="SpaceTim1" reg_code=""/>
    <player dealer="0" seat="4" chips="80,940" name="Sincerevision1" reg_code=""/>
    <player dealer="0" seat="5" chips="251,614" name="shott45" reg_code=""/>
    <player dealer="1" seat="6" chips="125,676" name="dbabreu2" reg_code=""/>
    <player dealer="0" seat="7" chips="86,520" name="chlebasmaslem77" reg_code=""/>
    <player dealer="0" seat="9" chips="172,338" name="Gfs1505" reg_code="8414244331"/>
    <player dealer="0" seat="10" chips="25,072" name="brunoferreira72" reg_code=""/>
   </players>
  </general>
  <round no="0">
   <action type="15" player="chlebasmaslem77" no="1" sum="€250"/>
   <action type="15" player="Gfs1505" no="2" sum="€250"/>
   <action type="15" player="brunoferreira72" no="3" sum="€250"/>
   <action type="15" player="29dvP" no="4" sum="€250"/>
   <action type="15" player="SpaceTim1" no="5" sum="€250"/>
   <action type="15" player="Sincerevision1" no="6" sum="€250"/>
   <action type="15" player="shott45" no="7" sum="€250"/>
   <action type="15" player="dbabreu2" no="8" sum="€250"/>
   <action type="1" player="chlebasmaslem77" no="9" sum="€800"/>
   <action type="2" player="Gfs1505" no="10" sum="€1,600"/>
  </round>
 </game>
 <game gamecode="11595809989">
  <general>
   <players>
    <player dealer="0" seat="1" chips="94,710" name="29dvP" reg_code=""/>
    <player dealer="0" seat="2" chips="93,074" name="SpaceTim1" reg_code=""/>
    <player dealer="0" seat="4" chips="90,690" name="Sincerevision1" reg_code=""/>
    <player dealer="0" seat="5" chips="251,364" name="shott45" reg_code=""/>
    <player dealer="0" seat="6" chips="125,426" name="dbabreu2" reg_code=""/>
    <player dealer="1" seat="7" chips="79,870" name="chlebasmaslem77" reg_code=""/>
    <player dealer="0" seat="9" chips="170,488" name="Gfs1505" reg_code="8414244331"/>
    <player dealer="0" seat="10" chips="24,822" name="brunoferreira72" reg_code=""/>
   </players>
  </general>
  <round no="0">
   <action type="15" player="Gfs1505" no="1" sum="€250"/>
   <action type="15" player="brunoferreira72" no="2" sum="€250"/>
   <action type="15" player="29dvP" no="3" sum="€250"/>
   <action type="15" player="SpaceTim1" no="4" sum="€250"/>
   <action type="15" player="Sincerevision1" no="5" sum="€250"/>
   <action type="15" player="shott45" no="6" sum="€250"/>
   <action type="15" player="dbabreu2" no="7" sum="€250"/>
   <action type="15" player="chlebasmaslem77" no="8" sum="€250"/>
   <action type="1" player="Gfs1505" no="9" sum="€800"/>
   <action type="2" player="brunoferreira72" no="10" sum="€1,600"/>
  </round>
 </game>
 <game gamecode="11595810053">
  <general>
   <players>
    <player dealer="0" seat="1" chips="94,460" name="29dvP" reg_code=""/>
    <player dealer="0" seat="2" chips="92,824" name="SpaceTim1" reg_code=""/>
    <player dealer="0" seat="4" chips="87,240" name="Sincerevision1" reg_code=""/>
    <player dealer="0" seat="5" chips="258,714" name="shott45" reg_code=""/>
    <player dealer="0" seat="6" chips="125,176" name="dbabreu2" reg_code=""/>
    <player dealer="0" seat="7" chips="79,620" name="chlebasmaslem77" reg_code=""/>
    <player dealer="1" seat="9" chips="169,438" name="Gfs1505" reg_code="8414244331"/>
    <player dealer="0" seat="10" chips="22,972" name="brunoferreira72" reg_code=""/>
   </players>
  </general>
  <round no="0">
   <action type="15" player="brunoferreira72" no="1" sum="€250"/>
   <action type="15" player="29dvP" no="2" sum="€250"/>
   <action type="15" player="SpaceTim1" no="3" sum="€250"/>
   <action type="15" player="Sincerevision1" no="4" sum="€250"/>
   <action type="15" player="shott45" no="5" sum="€250"/>
   <action type="15" player="dbabreu2" no="6" sum="€250"/>
   <action type="15" player="chlebasmaslem77" no="7" sum="€250"/>
   <action type="15" player="Gfs1505" no="8" sum="€250"/>
   <action type="1" player="brunoferreira72" no="9" sum="€800"/>
   <action type="2" player="29dvP" no="10" sum="€1,600"/>
  </round>
 </game>
 <game gamecode="11595810163">
  <general>
   <players>
    <player dealer="0" seat="1" chips="92,610" name="29dvP" reg_code=""/>
    <player dealer="0" seat="2" chips="129,074" name="SpaceTim1" reg_code=""/>
    <player dealer="0" seat="4" chips="86,990" name="Sincerevision1" reg_code=""/>
    <player dealer="0" seat="5" chips="258,464" name="shott45" reg_code=""/>
    <player dealer="0" seat="6" chips="92,826" name="dbabreu2" reg_code=""/>
    <player dealer="0" seat="7" chips="79,370" name="chlebasmaslem77" reg_code=""/>
    <player dealer="0" seat="9" chips="169,188" name="Gfs1505" reg_code="8414244331"/>
    <player dealer="1" seat="10" chips="21,922" name="brunoferreira72" reg_code=""/>
   </players>
  </general>
  <round no="0">
   <action type="15" player="29dvP" no="1" sum="€250"/>
   <action type="15" player="SpaceTim1" no="2" sum="€250"/>
   <action type="15" player="Sincerevision1" no="3" sum="€250"/>
   <action type="15" player="shott45" no="4" sum="€250"/>
   <action type="15" player="dbabreu2" no="5" sum="€250"/>
   <action type="15" player="chlebasmaslem77" no="6" sum="€250"/>
   <action type="15" player="Gfs1505" no="7" sum="€250"/>
   <action type="15" player="brunoferreira72" no="8" sum="€250"/>
   <action type="1" player="29dvP" no="9" sum="€800"/>
   <action type="2" player="SpaceTim1" no="10" sum="€1,600"/>
  </round>
 </game>
 <game gamecode="11595810257">
  <general>
   <players>
    <player dealer="1" seat="1" chips="91,560" name="29dvP" reg_code=""/>
    <player dealer="0" seat="2" chips="127,224" name="SpaceTim1" reg_code=""/>
    <player dealer="0" seat="4" chips="68,144" name="Sincerevision1" reg_code=""/>
    <player dealer="0" seat="5" chips="258,214" name="shott45" reg_code=""/>
    <player dealer="0" seat="6" chips="115,572" name="dbabreu2" reg_code=""/>
    <player dealer="0" seat="7" chips="79,120" name="chlebasmaslem77" reg_code=""/>
    <player dealer="0" seat="9" chips="168,938" name="Gfs1505" reg_code="8414244331"/>
    <player dealer="0" seat="10" chips="21,672" name="brunoferreira72" reg_code=""/>
   </players>
  </general>
  <round no="0">
   <action type="15" player="SpaceTim1" no="1" sum="€250"/>
   <action type="15" player="Sincerevision1" no="2" sum="€250"/>
   <action type="15" player="shott45" no="3" sum="€250"/>
   <action type="15" player="dbabreu2" no="4" sum="€250"/>
   <action type="15" player="chlebasmaslem77" no="5" sum="€250"/>
   <action type="15" player="Gfs1505" no="6" sum="€250"/>
   <action type="15" player="brunoferreira72" no="7" sum="€250"/>
   <action type="15" player="29dvP" no="8" sum="€250"/>
   <action type="1" player="SpaceTim1" no="9" sum="€800"/>
   <action type="2" player="Sincerevision1" no="10" sum="€1,600"/>
  </round>
 </game>
 <game gamecode="11595810337">
  <general>
   <players>
    <player dealer="0" seat="1" chips="91,310" name="29dvP" reg_code=""/>
    <player dealer="1" seat="2" chips="126,174" name="SpaceTim1" reg_code=""/>
    <player dealer="0" seat="4" chips="64,694" name="Sincerevision1" reg_code=""/>
    <player dealer="0" seat="5" chips="257,964" name="shott45" reg_code=""/>
    <player dealer="0" seat="6" chips="115,322" name="dbabreu2" reg_code=""/>
    <player dealer="0" seat="7" chips="78,870" name="chlebasmaslem77" reg_code=""/>
    <player dealer="0" seat="9" chips="174,688" name="Gfs1505" reg_code="8414244331"/>
    <player dealer="0" seat="10" chips="21,422" name="brunoferreira72" reg_code=""/>
   </players>
  </general>
  <round no="0">
   <action type="15" player="Sincerevision1" no="1" sum="€250"/>
   <action type="15" player="shott45" no="2" sum="€250"/>
   <action type="15" player="dbabreu2" no="3" sum="€250"/>
   <action type="15" player="chlebasmaslem77" no="4" sum="€250"/>
   <action type="15" player="Gfs1505" no="5" sum="€250"/>
   <action type="15" player="brunoferreira72" no="6" sum="€250"/>
   <action type="15" player="29dvP" no="7" sum="€250"/>
   <action type="15" player="SpaceTim1" no="8" sum="€250"/>
   <action type="1" player="Sincerevision1" no="9" sum="€800"/>
   <action type="2" player="shott45" no="10" sum="€1,600"/>
  </round>
 </game>
 <game gamecode="11595830590">
  <general>
   <players>
    <player dealer="0" seat="1" chips="91,060" name="29dvP" reg_code=""/>
    <player dealer="0" seat="2" chips="125,924" name="SpaceTim1" reg_code=""/>
    <player dealer="1" seat="4" chips="63,644" name="Sincerevision1" reg_code=""/>
    <player dealer="0" seat="5" chips="256,114" name="shott45" reg_code=""/>
    <player dealer="0" seat="6" chips="115,072" name="dbabreu2" reg_code=""/>
    <player dealer="0" seat="7" chips="78,620" name="chlebasmaslem77" reg_code=""/>
    <player dealer="0" seat="9" chips="153,266" name="Gfs1505" reg_code="8414244331"/>
    <player dealer="0" seat="10" chips="46,744" name="brunoferreira72" reg_code=""/>
   </players>
  </general>
  <round no="0">
   <action type="15" player="shott45" no="1" sum="€250"/>
   <action type="15" player="dbabreu2" no="2" sum="€250"/>
   <action type="15" player="chlebasmaslem77" no="3" sum="€250"/>
   <action type="15" player="Gfs1505" no="4" sum="€250"/>
   <action type="15" player="brunoferreira72" no="5" sum="€250"/>
   <action type="15" player="29dvP" no="6" sum="€250"/>
   <action type="15" player="SpaceTim1" no="7" sum="€250"/>
   <action type="15" player="Sincerevision1" no="8" sum="€250"/>
   <action type="1" player="shott45" no="9" sum="€800"/>
   <action type="2" player="dbabreu2" no="10" sum="€1,600"/>
  </round>
 </game>
 <game gamecode="11595830723">
  <general>
   <players>
    <player dealer="0" seat="1" chips="90,810" name="29dvP" reg_code=""/>
    <player dealer="0" seat="2" chips="125,674" name="SpaceTim1" reg_code=""/>
    <player dealer="0" seat="4" chips="63,394" name="Sincerevision1" reg_code=""/>
    <player dealer="1" seat="5" chips="255,064" name="shott45" reg_code=""/>
    <player dealer="0" seat="6" chips="124,022" name="dbabreu2" reg_code=""/>
    <player dealer="0" seat="7" chips="78,370" name="chlebasmaslem77" reg_code=""/>
    <player dealer="0" seat="9" chips="146,616" name="Gfs1505" reg_code="8414244331"/>
    <player dealer="0" seat="10" chips="46,494" name="brunoferreira72" reg_code=""/>
   </players>
  </general>
  <round no="0">
   <action type="15" player="dbabreu2" no="1" sum="€250"/>
   <action type="15" player="chlebasmaslem77" no="2" sum="€250"/>
   <action type="15" player="Gfs1505" no="3" sum="€250"/>
   <action type="15" player="brunoferreira72" no="4" sum="€250"/>
   <action type="15" player="29dvP" no="5" sum="€250"/>
   <action type="15" player="SpaceTim1" no="6" sum="€250"/>
   <action type="15" player="Sincerevision1" no="7" sum="€250"/>
   <action type="15" player="shott45" no="8" sum="€250"/>
   <action type="1" player="dbabreu2" no="9" sum="€800"/>
   <action type="2" player="chlebasmaslem77" no="10" sum="€1,600"/>
  </round>
 </game>
 <game gamecode="11595830757">
  <general>
   <players>
    <player dealer="0" seat="1" chips="90,560" name="29dvP" reg_code=""/>
    <player dealer="0" seat="2" chips="125,424" name="SpaceTim1" reg_code=""/>
    <player dealer="0" seat="4" chips="63,144" name="Sincerevision1" reg_code=""/>
    <player dealer="0" seat="5" chips="259,214" name="shott45" reg_code=""/>
    <player dealer="1" seat="6" chips="122,972" name="dbabreu2" reg_code=""/>
    <player dealer="0" seat="7" chips="76,520" name="chlebasmaslem77" reg_code=""/>
    <player dealer="0" seat="9" chips="146,366" name="Gfs1505" reg_code="8414244331"/>
    <player dealer="0" seat="10" chips="46,244" name="brunoferreira72" reg_code=""/>
   </players>
  </general>
  <round no="0">
   <action type="15" player="chlebasmaslem77" no="1" sum="€250"/>
   <action type="15" player="Gfs1505" no="2" sum="€250"/>
   <action type="15" player="brunoferreira72" no="3" sum="€250"/>
   <action type="15" player="29dvP" no="4" sum="€250"/>
   <action type="15" player="SpaceTim1" no="5" sum="€250"/>
   <action type="15" player="Sincerevision1" no="6" sum="€250"/>
   <action type="15" player="shott45" no="7" sum="€250"/>
   <action type="15" player="dbabreu2" no="8" sum="€250"/>
   <action type="1" player="chlebasmaslem77" no="9" sum="€800"/>
   <action type="2" player="Gfs1505" no="10" sum="€1,600"/>
  </round>
 </game>
 <game gamecode="11595830846">
  <general>
   <players>
    <player dealer="0" seat="1" chips="90,310" name="29dvP" reg_code=""/>
    <player dealer="0" seat="2" chips="125,174" name="SpaceTim1" reg_code=""/>
    <player dealer="0" seat="4" chips="62,894" name="Sincerevision1" reg_code=""/>
    <player dealer="0" seat="5" chips="255,764" name="shott45" reg_code=""/>
    <player dealer="0" seat="6" chips="122,722" name="dbabreu2" reg_code=""/>
    <player dealer="1" seat="7" chips="75,470" name="chlebasmaslem77" reg_code=""/>
    <player dealer="0" seat="9" chips="134,840" name="Gfs1505" reg_code="8414244331"/>
    <player dealer="0" seat="10" chips="63,270" name="brunoferreira72" reg_code=""/>
   </players>
  </general>
  <round no="0">
   <action type="15" player="Gfs1505" no="1" sum="€250"/>
   <action type="15" player="brunoferreira72" no="2" sum="€250"/>
   <action type="15" player="29dvP" no="3" sum="€250"/>
   <action type="15" player="SpaceTim1" no="4" sum="€250"/>
   <action type="15" player="Sincerevision1" no="5" sum="€250"/>
   <action type="15" player="shott45" no="6" sum="€250"/>
   <action type="15" player="dbabreu2" no="7" sum="€250"/>
   <action type="15" player="chlebasmaslem77" no="8" sum="€250"/>
   <action type="1" player="Gfs1505" no="9" sum="€800"/>
   <action type="2" player="brunoferreira72" no="10" sum="€1,600"/>
  </round>
 </game>
 <game gamecode="11595830907">
  <general>
   <players>
    <player dealer="0" seat="1" chips="90,060" name="29dvP" reg_code=""/>
    <player dealer="0" seat="2" chips="124,924" name="SpaceTim1" reg_code=""/>
    <player dealer="0" seat="4" chips="62,644" name="Sincerevision1" reg_code=""/>
    <player dealer="0" seat="5" chips="255,514" name="shott45" reg_code=""/>
    <player dealer="0" seat="6" chips="128,472" name="dbabreu2" reg_code=""/>
    <player dealer="0" seat="7" chips="75,220" name="chlebasmaslem77" reg_code=""/>
    <player dealer="1" seat="9" chips="133,790" name="Gfs1505" reg_code="8414244331"/>
    <player dealer="0" seat="10" chips="59,820" name="brunoferreira72" reg_code=""/>
   </players>
  </general>
  <round no="0">
   <action type="15" player="brunoferreira72" no="1" sum="€250"/>
   <action type="15" player="29dvP" no="2" sum="€250"/>
   <action type="15" player="SpaceTim1" no="3" sum="€250"/>
   <action type="15" player="Sincerevision1" no="4" sum="€250"/>
   <action type="15" player="shott45" no="5" sum="€250"/>
   <action type="15" player="dbabreu2" no="6" sum="€250"/>
   <action type="15" player="chlebasmaslem77" no="7" sum="€250"/>
   <action type="15" player="Gfs1505" no="8" sum="€250"/>
   <action type="1" player="brunoferreira72" no="9" sum="€800"/>
   <action type="2" player="29dvP" no="10" sum="€1,600"/>
  </round>
 </game>
 <game gamecode="11595831009">
  <general>
   <players>
    <player dealer="0" seat="1" chips="88,210" name="29dvP" reg_code=""/>
    <player dealer="0" seat="2" chips="121,154" name="SpaceTim1" reg_code=""/>
    <player dealer="0" seat="4" chips="62,394" name="Sincerevision1" reg_code=""/>
    <player dealer="0" seat="5" chips="251,744" name="shott45" reg_code=""/>
    <player dealer="0" seat="7" chips="74,970" name="chlebasmaslem77" reg_code=""/>
    <player dealer="0" seat="9" chips="273,202" name="Gfs1505" reg_code="8414244331"/>
    <player dealer="1" seat="10" chips="58,770" name="brunoferreira72" reg_code=""/>
   </players>
  </general>
  <round no="0">
   <action type="15" player="29dvP" no="1" sum="€275"/>
   <action type="15" player="SpaceTim1" no="2" sum="€275"/>
   <action type="15" player="Sincerevision1" no="3" sum="€275"/>
   <action type="15" player="shott45" no="4" sum="€275"/>
   <action type="15" player="chlebasmaslem77" no="5" sum="€275"/>
   <action type="15" player="Gfs1505" no="6" sum="€275"/>
   <action type="15" player="brunoferreira72" no="7" sum="€275"/>
   <action type="1" player="29dvP" no="8" sum="€900"/>
   <action type="2" player="SpaceTim1" no="9" sum="€1,800"/>
  </round>
 </game>
 <game gamecode="11595831063">
  <general>
   <players>
    <player dealer="1" seat="1" chips="87,035" name="29dvP" reg_code=""/>
    <player dealer="0" seat="2" chips="119,079" name="SpaceTim1" reg_code=""/>
    <player dealer="0" seat="4" chips="62,119" name="Sincerevision1" reg_code=""/>
    <player dealer="0" seat="5" chips="251,469" name="shott45" reg_code=""/>
    <player dealer="0" seat="6" chips="100,000" name="csmala77" reg_code=""/>
    <player dealer="0" seat="7" chips="82,920" name="chlebasmaslem77" reg_code=""/>
    <player dealer="0" seat="9" chips="272,927" name="Gfs1505" reg_code="8414244331"/>
    <player dealer="0" seat="10" chips="54,895" name="brunoferreira72" reg_code=""/>
   </players>
  </general>
  <round no="0">
   <action type="15" player="SpaceTim1" no="1" sum="€275"/>
   <action type="15" player="Sincerevision1" no="2" sum="€275"/>
   <action type="15" player="shott45" no="3" sum="€275"/>
   <action type="15" player="csmala77" no="4" sum="€275"/>
   <action type="15" player="chlebasmaslem77" no="5" sum="€275"/>
   <action type="15" player="Gfs1505" no="6" sum="€275"/>
   <action type="15" player="brunoferreira72" no="7" sum="€275"/>
   <action type="15" player="29dvP" no="8" sum="€275"/>
   <action type="1" player="SpaceTim1" no="9" sum="€900"/>
   <action type="2" player="Sincerevision1" no="10" sum="€1,800"/>
  </round>
 </game>
 <game gamecode="11595831149">
  <general>
   <players>
    <player dealer="0" seat="1" chips="86,760" name="29dvP" reg_code=""/>
    <player dealer="1" seat="2" chips="109,604" name="SpaceTim1" reg_code=""/>
    <player dealer="0" seat="4" chips="60,044" name="Sincerevision1" reg_code=""/>
    <player dealer="0" seat="5" chips="251,194" name="shott45" reg_code=""/>
    <player dealer="0" seat="6" chips="99,725" name="csmala77" reg_code=""/>
    <player dealer="0" seat="7" chips="82,645" name="chlebasmaslem77" reg_code=""/>
    <player dealer="0" seat="9" chips="285,852" name="Gfs1505" reg_code="8414244331"/>
    <player dealer="0" seat="10" chips="54,620" name="brunoferreira72" reg_code=""/>
   </players>
  </general>
  <round no="0">
   <action type="15" player="Sincerevision1" no="1" sum="€275"/>
   <action type="15" player="shott45" no="2" sum="€275"/>
   <action type="15" player="csmala77" no="3" sum="€275"/>
   <action type="15" player="chlebasmaslem77" no="4" sum="€275"/>
   <action type="15" player="Gfs1505" no="5" sum="€275"/>
   <action type="15" player="brunoferreira72" no="6" sum="€275"/>
   <action type="15" player="29dvP" no="7" sum="€275"/>
   <action type="15" player="SpaceTim1" no="8" sum="€275"/>
   <action type="1" player="Sincerevision1" no="9" sum="€900"/>
   <action type="2" player="shott45" no="10" sum="€1,800"/>
  </round>
 </game>
 <game gamecode="11595861357">
  <general>
   <players>
    <player dealer="0" seat="1" chips="105,965" name="29dvP" reg_code=""/>
    <player dealer="0" seat="2" chips="96,549" name="SpaceTim1" reg_code=""/>
    <player dealer="1" seat="4" chips="58,869" name="Sincerevision1" reg_code=""/>
    <player dealer="0" seat="5" chips="247,319" name="shott45" reg_code=""/>
    <player dealer="0" seat="6" chips="99,450" name="csmala77" reg_code=""/>
    <player dealer="0" seat="7" chips="82,370" name="chlebasmaslem77" reg_code=""/>
    <player dealer="0" seat="9" chips="285,577" name="Gfs1505" reg_code="8414244331"/>
    <player dealer="0" seat="10" chips="54,345" name="brunoferreira72" reg_code=""/>
   </players>
  </general>
  <round no="0">
   <action type="15" player="shott45" no="1" sum="€275"/>
   <action type="15" player="csmala77" no="2" sum="€275"/>
   <action type="15" player="chlebasmaslem77" no="3" sum="€275"/>
   <action type="15" player="Gfs1505" no="4" sum="€275"/>
   <action type="15" player="brunoferreira72" no="5" sum="€275"/>
   <action type="15" player="29dvP" no="6" sum="€275"/>
   <action type="15" player="SpaceTim1" no="7" sum="€275"/>
   <action type="15" player="Sincerevision1" no="8" sum="€275"/>
   <action type="1" player="shott45" no="9" sum="€900"/>
   <action type="2" player="csmala77" no="10" sum="€1,800"/>
  </round>
 </game>
 <game gamecode="11595861414">
  <general>
   <players>
    <player dealer="0" seat="1" chips="105,690" name="29dvP" reg_code=""/>
    <player dealer="0" seat="2" chips="96,274" name="SpaceTim1" reg_code=""/>
    <player dealer="0" seat="4" chips="58,594" name="Sincerevision1" reg_code=""/>
    <player dealer="1" seat="5" chips="255,544" name="shott45" reg_code=""/>
    <player dealer="0" seat="6" chips="92,875" name="csmala77" reg_code=""/>
    <player dealer="0" seat="7" chips="82,095" name="chlebasmaslem77" reg_code=""/>
    <player dealer="0" seat="9" chips="285,302" name="Gfs1505" reg_code="8414244331"/>
    <player dealer="0" seat="10" chips="54,070" name="brunoferreira72" reg_code=""/>
   </players>
  </general>
  <round no="0">
   <action type="15" player="csmala77" no="1" sum="€275"/>
   <action type="15" player="chlebasmaslem77" no="2" sum="€275"/>
   <action type="15" player="Gfs1505" no="3" sum="€275"/>
   <action type="15" player="brunoferreira72" no="4" sum="€275"/>
   <action type="15" player="29dvP" no="5" sum="€275"/>
   <action type="15" player="SpaceTim1" no="6" sum="€275"/>
   <action type="15" player="Sincerevision1" no="7" sum="€275"/>
   <action type="15" player="shott45" no="8" sum="€275"/>
   <action type="1" player="csmala77" no="9" sum="€900"/>
   <action type="2" player="chlebasmaslem77" no="10" sum="€1,800"/>
  </round>
 </game>
 <game gamecode="11595861448">
  <general>
   <players>
    <player dealer="0" seat="1" chips="105,415" name="29dvP" reg_code=""/>
    <player dealer="0" seat="2" chips="95,999" name="SpaceTim1" reg_code=""/>
    <player dealer="0" seat="4" chips="58,319" name="Sincerevision1" reg_code=""/>
    <player dealer="0" seat="5" chips="260,169" name="shott45" reg_code=""/>
    <player dealer="1" seat="6" chips="91,700" name="csmala77" reg_code=""/>
    <player dealer="0" seat="7" chips="80,020" name="chlebasmaslem77" reg_code=""/>
    <player dealer="0" seat="9" chips="285,027" name="Gfs1505" reg_code="8414244331"/>
    <player dealer="0" seat="10" chips="53,795" name="brunoferreira72" reg_code=""/>
   </players>
  </general>
  <round no="0">
   <action type="15" player="chlebasmaslem77" no="1" sum="€275"/>
   <action type="15" player="Gfs1505" no="2" sum="€275"/>
   <action type="15" player="brunoferreira72" no="3" sum="€275"/>
   <action type="15" player="29dvP" no="4" sum="€275"/>
   <action type="15" player="SpaceTim1" no="5" sum="€275"/>
   <action type="15" player="Sincerevision1" no="6" sum="€275"/>
   <action type="15" player="shott45" no="7" sum="€275"/>
   <action type="15" player="csmala77" no="8" sum="€275"/>
   <action type="1" player="chlebasmaslem77" no="9" sum="€900"/>
   <action type="2" player="Gfs1505" no="10" sum="€1,800"/>
  </round>
 </game>
 <game gamecode="11595861521">
  <general>
   <players>
    <player dealer="0" seat="1" chips="91,640" name="29dvP" reg_code=""/>
    <player dealer="0" seat="2" chips="95,724" name="SpaceTim1" reg_code=""/>
    <player dealer="0" seat="4" chips="58,044" name="Sincerevision1" reg_code=""/>
    <player dealer="0" seat="5" chips="259,894" name="shott45" reg_code=""/>
    <player dealer="0" seat="6" chips="91,425" name="csmala77" reg_code=""/>
    <player dealer="0" seat="9" chips="304,052" name="Gfs1505" reg_code="8414244331"/>
    <player dealer="0" seat="10" chips="53,520" name="brunoferreira72" reg_code=""/>
   </players>
  </general>
  <round no="0">
   <action type="15" player="Gfs1505" no="1" sum="€275"/>
   <action type="15" player="brunoferreira72" no="2" sum="€275"/>
   <action type="15" player="29dvP" no="3" sum="€275"/>
   <action type="15" player="SpaceTim1" no="4" sum="€275"/>
   <action type="15" player="Sincerevision1" no="5" sum="€275"/>
   <action type="15" player="shott45" no="6" sum="€275"/>
   <action type="15" player="csmala77" no="7" sum="€275"/>
   <action type="1" player="Gfs1505" no="8" sum="€900"/>
   <action type="2" player="brunoferreira72" no="9" sum="€1,800"/>
  </round>
 </game>
 <game gamecode="11595861549">
  <general>
   <players>
    <player dealer="0" seat="1" chips="95,990" name="29dvP" reg_code=""/>
    <player dealer="0" seat="2" chips="95,449" name="SpaceTim1" reg_code=""/>
    <player dealer="0" seat="4" chips="57,769" name="Sincerevision1" reg_code=""/>
    <player dealer="0" seat="5" chips="259,619" name="shott45" reg_code=""/>
    <player dealer="0" seat="6" chips="91,150" name="csmala77" reg_code=""/>
    <player dealer="0" seat="7" chips="327,206" name="MAXIMEXFA" reg_code=""/>
    <player dealer="1" seat="9" chips="302,877" name="Gfs1505" reg_code="8414244331"/>
    <player dealer="0" seat="10" chips="51,445" name="brunoferreira72" reg_code=""/>
   </players>
  </general>
  <round no="0">
   <action type="15" player="brunoferreira72" no="1" sum="€275"/>
   <action type="15" player="29dvP" no="2" sum="€275"/>
   <action type="15" player="SpaceTim1" no="3" sum="€275"/>
   <action type="15" player="Sincerevision1" no="4" sum="€275"/>
   <action type="15" player="shott45" no="5" sum="€275"/>
   <action type="15" player="csmala77" no="6" sum="€275"/>
   <action type="15" player="MAXIMEXFA" no="7" sum="€275"/>
   <action type="15" player="Gfs1505" no="8" sum="€275"/>
   <action type="1" player="brunoferreira72" no="9" sum="€900"/>
   <action type="2" player="29dvP" no="10" sum="€1,800"/>
  </round>
 </game>
 <game gamecode="11595861625">
  <general>
   <players>
    <player dealer="0" seat="1" chips="93,915" name="29dvP" reg_code=""/>
    <player dealer="0" seat="2" chips="104,034" name="SpaceTim1" reg_code=""/>
    <player dealer="0" seat="4" chips="57,494" name="Sincerevision1" reg_code=""/>
    <player dealer="0" seat="5" chips="259,344" name="shott45" reg_code=""/>
    <player dealer="0" seat="6" chips="86,915" name="csmala77" reg_code=""/>
    <player dealer="0" seat="7" chips="326,931" name="MAXIMEXFA" reg_code=""/>
    <player dealer="0" seat="9" chips="302,602" name="Gfs1505" reg_code="8414244331"/>
    <player dealer="1" seat="10" chips="50,270" name="brunoferreira72" reg_code=""/>
   </players>
  </general>
  <round no="0">
   <action type="15" player="29dvP" no="1" sum="€275"/>
   <action type="15" player="SpaceTim1" no="2" sum="€275"/>
   <action type="15" player="Sincerevision1" no="3" sum="€275"/>
   <action type="15" player="shott45" no="4" sum="€275"/>
   <action type="15" player="csmala77" no="5" sum="€275"/>
   <action type="15" player="MAXIMEXFA" no="6" sum="€275"/>
   <action type="15" player="Gfs1505" no="7" sum="€275"/>
   <action type="15" player="brunoferreira72" no="8" sum="€275"/>
   <action type="1" player="29dvP" no="9" sum="€900"/>
   <action type="2" player="SpaceTim1" no="10" sum="€1,800"/>
  </round>
 </game>
 <game gamecode="11595861746">
  <general>
   <players>
    <player dealer="1" seat="1" chips="87,490" name="29dvP" reg_code=""/>
    <player dealer="0" seat="2" chips="112,109" name="SpaceTim1" reg_code=""/>
    <player dealer="0" seat="4" chips="57,219" name="Sincerevision1" reg_code=""/>
    <player dealer="0" seat="5" chips="259,069" name="shott45" reg_code=""/>
    <player dealer="0" seat="6" chips="86,640" name="csmala77" reg_code=""/>
    <player dealer="0" seat="7" chips="326,656" name="MAXIMEXFA" reg_code=""/>
    <player dealer="0" seat="9" chips="302,327" name="Gfs1505" reg_code="8414244331"/>
    <player dealer="0" seat="10" chips="49,995" name="brunoferreira72" reg_code=""/>
   </players>
  </general>
  <round no="0">
   <action type="15" player="SpaceTim1" no="1" sum="€275"/>
   <action type="15" player="Sincerevision1" no="2" sum="€275"/>
   <action type="15" player="shott45" no="3" sum="€275"/>
   <action type="15" player="csmala77" no="4" sum="€275"/>
   <action type="15" player="MAXIMEXFA" no="5" sum="€275"/>
   <action type="15" player="Gfs1505" no="6" sum="€275"/>
   <action type="15" player="brunoferreira72" no="7" sum="€275"/>
   <action type="15" player="29dvP" no="8" sum="€275"/>
   <action type="1" player="SpaceTim1" no="9" sum="€900"/>
   <action type="2" player="Sincerevision1" no="10" sum="€1,800"/>
  </round>
 </game>
 <game gamecode="11595861830">
  <general>
   <players>
    <player dealer="0" seat="1" chips="87,215" name="29dvP" reg_code=""/>
    <player dealer="1" seat="2" chips="115,834" name="SpaceTim1" reg_code=""/>
    <player dealer="0" seat="4" chips="55,144" name="Sincerevision1" reg_code=""/>
    <player dealer="0" seat="5" chips="258,794" name="shott45" reg_code=""/>
    <player dealer="0" seat="6" chips="86,365" name="csmala77" reg_code=""/>
    <player dealer="0" seat="7" chips="326,381" name="MAXIMEXFA" reg_code=""/>
    <player dealer="0" seat="9" chips="302,052" name="Gfs1505" reg_code="8414244331"/>
    <player dealer="0" seat="10" chips="49,720" name="brunoferreira72" reg_code=""/>
   </players>
  </general>
  <round no="0">
   <action type="15" player="Sincerevision1" no="1" sum="€275"/>
   <action type="15" player="shott45" no="2" sum="€275"/>
   <action type="15" player="csmala77" no="3" sum="€275"/>
   <action type="15" player="MAXIMEXFA" no="4" sum="€275"/>
   <action type="15" player="Gfs1505" no="5" sum="€275"/>
   <action type="15" player="brunoferreira72" no="6" sum="€275"/>
   <action type="15" player="29dvP" no="7" sum="€275"/>
   <action type="15" player="SpaceTim1" no="8" sum="€275"/>
   <action type="1" player="Sincerevision1" no="9" sum="€900"/>
   <action type="2" player="shott45" no="10" sum="€1,800"/>
  </round>
 </game>
 <game gamecode="11595862009">
  <general>
   <players>
    <player dealer="0" seat="1" chips="86,940" name="29dvP" reg_code=""/>
    <player dealer="0" seat="2" chips="106,481" name="SpaceTim1" reg_code=""/>
    <player dealer="1" seat="4" chips="78,825" name="Sincerevision1" reg_code=""/>
    <player dealer="0" seat="5" chips="254,919" name="shott45" reg_code=""/>
    <player dealer="0" seat="6" chips="77,012" name="csmala77" reg_code=""/>
    <player dealer="0" seat="7" chips="326,106" name="MAXIMEXFA" reg_code=""/>
    <player dealer="0" seat="9" chips="301,777" name="Gfs1505" reg_code="8414244331"/>
    <player dealer="0" seat="10" chips="49,445" name="brunoferreira72" reg_code=""/>
   </players>
  </general>
  <round no="0">
   <action type="15" player="shott45" no="1" sum="€275"/>
   <action type="15" player="csmala77" no="2" sum="€275"/>
   <action type="15" player="MAXIMEXFA" no="3" sum="€275"/>
   <action type="15" player="Gfs1505" no="4" sum="€275"/>
   <action type="15" player="brunoferreira72" no="5" sum="€275"/>
   <action type="15" player="29dvP" no="6" sum="€275"/>
   <action type="15" player="SpaceTim1" no="7" sum="€275"/>
   <action type="15" player="Sincerevision1" no="8" sum="€275"/>
   <action type="1" player="shott45" no="9" sum="€900"/>
   <action type="2" player="csmala77" no="10" sum="€1,800"/>
  </round>
 </game>
 <game gamecode="11595882684">
  <general>
   <players>
    <player dealer="0" seat="1" chips="83,065" name="29dvP" reg_code=""/>
    <player dealer="0" seat="2" chips="106,206" name="SpaceTim1" reg_code=""/>
    <player dealer="0" seat="4" chips="78,550" name="Sincerevision1" reg_code=""/>
    <player dealer="1" seat="5" chips="253,744" name="shott45" reg_code=""/>
    <player dealer="0" seat="6" chips="91,624" name="csmala77" reg_code=""/>
    <player dealer="0" seat="7" chips="317,644" name="MAXIMEXFA" reg_code=""/>
    <player dealer="0" seat="9" chips="301,502" name="Gfs1505" reg_code="8414244331"/>
    <player dealer="0" seat="10" chips="49,170" name="brunoferreira72" reg_code=""/>
   </players>
  </general>
  <round no="0">
   <action type="15" player="csmala77" no="1" sum="€300"/>
   <action type="15" player="MAXIMEXFA" no="2" sum="€300"/>
   <action type="15" player="Gfs1505" no="3" sum="€300"/>
   <action type="15" player="brunoferreira72" no="4" sum="€300"/>
   <action type="15" player="29dvP" no="5" sum="€300"/>
   <action type="15" player="SpaceTim1" no="6" sum="€300"/>
   <action type="15" player="Sincerevision1" no="7" sum="€300"/>
   <action type="15" player="shott45" no="8" sum="€300"/>
   <action type="1" player="csmala77" no="9" sum="€1,000"/>
   <action type="2" player="MAXIMEXFA" no="10" sum="€2,000"/>
  </round>
 </game>
 <game gamecode="11595882773">
  <general>
   <players>
    <player dealer="0" seat="1" chips="82,765" name="29dvP" reg_code=""/>
    <player dealer="0" seat="2" chips="105,906" name="SpaceTim1" reg_code=""/>
    <player dealer="0" seat="4" chips="78,250" name="Sincerevision1" reg_code=""/>
    <player dealer="0" seat="5" chips="297,806" name="shott45" reg_code=""/>
    <player dealer="1" seat="6" chips="90,324" name="csmala77" reg_code=""/>
    <player dealer="0" seat="7" chips="276,382" name="MAXIMEXFA" reg_code=""/>
    <player dealer="0" seat="9" chips="301,202" name="Gfs1505" reg_code="8414244331"/>
    <player dealer="0" seat="10" chips="48,870" name="brunoferreira72" reg_code=""/>
   </players>
  </general>
  <round no="0">
   <action type="15" player="MAXIMEXFA" no="1" sum="€300"/>
   <action type="15" player="Gfs1505" no="2" sum="€300"/>
   <action type="15" player="brunoferreira72" no="3" sum="€300"/>
   <action type="15" player="29dvP" no="4" sum="€300"/>
   <action type="15" player="SpaceTim1" no="5" sum="€300"/>
   <action type="15" player="Sincerevision1" no="6" sum="€300"/>
   <action type="15" player="shott45" no="7" sum="€300"/>
   <action type="15" player="csmala77" no="8" sum="€300"/>
   <action type="1" player="MAXIMEXFA" no="9" sum="€1,000"/>
   <action type="2" player="Gfs1505" no="10" sum="€2,000"/>
  </round>
 </game>
 <game gamecode="11595882825">
  <general>
   <players>
    <player dealer="0" seat="1" chips="82,465" name="29dvP" reg_code=""/>
    <player dealer="0" seat="2" chips="105,606" name="SpaceTim1" reg_code=""/>
    <player dealer="0" seat="4" chips="77,950" name="Sincerevision1" reg_code=""/>
    <player dealer="0" seat="5" chips="297,506" name="shott45" reg_code=""/>
    <player dealer="0" seat="6" chips="86,024" name="csmala77" reg_code=""/>
    <player dealer="1" seat="7" chips="275,082" name="MAXIMEXFA" reg_code=""/>
    <player dealer="0" seat="9" chips="308,302" name="Gfs1505" reg_code="8414244331"/>
    <player dealer="0" seat="10" chips="48,570" name="brunoferreira72" reg_code=""/>
   </players>
  </general>
  <round no="0">
   <action type="15" player="Gfs1505" no="1" sum="€300"/>
   <action type="15" player="brunoferreira72" no="2" sum="€300"/>
   <action type="15" player="29dvP" no="3" sum="€300"/>
   <action type="15" player="SpaceTim1" no="4" sum="€300"/>
   <action type="15" player="Sincerevision1" no="5" sum="€300"/>
   <action type="15" player="shott45" no="6" sum="€300"/>
   <action type="15" player="csmala77" no="7" sum="€300"/>
   <action type="15" player="MAXIMEXFA" no="8" sum="€300"/>
   <action type="1" player="Gfs1505" no="9" sum="€1,000"/>
   <action type="2" player="brunoferreira72" no="10" sum="€2,000"/>
  </round>
 </game>
 <game gamecode="11595882919">
  <general>
   <players>
    <player dealer="0" seat="1" chips="82,165" name="29dvP" reg_code=""/>
    <player dealer="0" seat="2" chips="105,306" name="SpaceTim1" reg_code=""/>
    <player dealer="0" seat="4" chips="77,650" name="Sincerevision1" reg_code=""/>
    <player dealer="0" seat="5" chips="329,706" name="shott45" reg_code=""/>
    <player dealer="0" seat="6" chips="58,624" name="csmala77" reg_code=""/>
    <player dealer="0" seat="7" chips="274,782" name="MAXIMEXFA" reg_code=""/>
    <player dealer="1" seat="9" chips="307,002" name="Gfs1505" reg_code="8414244331"/>
    <player dealer="0" seat="10" chips="46,270" name="brunoferreira72" reg_code=""/>
   </players>
  </general>
  <round no="0">
   <action type="15" player="brunoferreira72" no="1" sum="€300"/>
   <action type="15" player="29dvP" no="2" sum="€300"/>
   <action type="15" player="SpaceTim1" no="3" sum="€300"/>
   <action type="15" player="Sincerevision1" no="4" sum="€300"/>
   <action type="15" player="shott45" no="5" sum="€300"/>
   <action type="15" player="csmala77" no="6" sum="€300"/>
   <action type="15" player="MAXIMEXFA" no="7" sum="€300"/>
   <action type="15" player="Gfs1505" no="8" sum="€300"/>
   <action type="1" player="brunoferreira72" no="9" sum="€1,000"/>
   <action type="2" player="29dvP" no="10" sum="€2,000"/>
  </round>
 </game>
 <game gamecode="11595883043">
  <general>
   <players>
    <player dealer="0" seat="1" chips="91,697" name="29dvP" reg_code=""/>
    <player dealer="0" seat="2" chips="105,006" name="SpaceTim1" reg_code=""/>
    <player dealer="0" seat="4" chips="77,350" name="Sincerevision1" reg_code=""/>
    <player dealer="0" seat="5" chips="329,406" name="shott45" reg_code=""/>
    <player dealer="0" seat="6" chips="58,324" name="csmala77" reg_code=""/>
    <player dealer="0" seat="7" chips="274,482" name="MAXIMEXFA" reg_code=""/>
    <player dealer="0" seat="9" chips="306,702" name="Gfs1505" reg_code="8414244331"/>
    <player dealer="1" seat="10" chips="38,538" name="brunoferreira72" reg_code=""/>
   </players>
  </general>
  <round no="0">
   <action type="15" player="29dvP" no="1" sum="€300"/>
   <action type="15" player="SpaceTim1" no="2" sum="€300"/>
   <action type="15" player="Sincerevision1" no="3" sum="€300"/>
   <action type="15" player="shott45" no="4" sum="€300"/>
   <action type="15" player="csmala77" no="5" sum="€300"/>
   <action type="15" player="MAXIMEXFA" no="6" sum="€300"/>
   <action type="15" player="Gfs1505" no="7" sum="€300"/>
   <action type="15" player="brunoferreira72" no="8" sum="€300"/>
   <action type="1" player="29dvP" no="9" sum="€1,000"/>
   <action type="2" player="SpaceTim1" no="10" sum="€2,000"/>
  </round>
 </game>
 <game gamecode="11595883116">
  <general>
   <players>
    <player dealer="1" seat="1" chips="84,297" name="29dvP" reg_code=""/>
    <player dealer="0" seat="2" chips="102,706" name="SpaceTim1" reg_code=""/>
    <player dealer="0" seat="4" chips="77,050" name="Sincerevision1" reg_code=""/>
    <player dealer="0" seat="5" chips="329,106" name="shott45" reg_code=""/>
    <player dealer="0" seat="6" chips="58,024" name="csmala77" reg_code=""/>
    <player dealer="0" seat="7" chips="274,182" name="MAXIMEXFA" reg_code=""/>
    <player dealer="0" seat="9" chips="306,402" name="Gfs1505" reg_code="8414244331"/>
    <player dealer="0" seat="10" chips="49,738" name="brunoferreira72" reg_code=""/>
   </players>
  </general>
  <round no="0">
   <action type="15" player="SpaceTim1" no="1" sum="€300"/>
   <action type="15" player="Sincerevision1" no="2" sum="€300"/>
   <action type="15" player="shott45" no="3" sum="€300"/>
   <action type="15" player="csmala77" no="4" sum="€300"/>
   <action type="15" player="MAXIMEXFA" no="5" sum="€300"/>
   <action type="15" player="Gfs1505" no="6" sum="€300"/>
   <action type="15" player="brunoferreira72" no="7" sum="€300"/>
   <action type="15" player="29dvP" no="8" sum="€300"/>
   <action type="1" player="SpaceTim1" no="9" sum="€1,000"/>
   <action type="2" player="Sincerevision1" no="10" sum="€2,000"/>
  </round>
 </game>
 <game gamecode="11595883147">
  <general>
   <players>
    <player dealer="0" seat="1" chips="83,997" name="29dvP" reg_code=""/>
    <player dealer="1" seat="2" chips="106,806" name="SpaceTim1" reg_code=""/>
    <player dealer="0" seat="4" chips="74,750" name="Sincerevision1" reg_code=""/>
    <player dealer="0" seat="5" chips="328,806" name="shott45" reg_code=""/>
    <player dealer="0" seat="6" chips="57,724" name="csmala77" reg_code=""/>
    <player dealer="0" seat="7" chips="273,882" name="MAXIMEXFA" reg_code=""/>
    <player dealer="0" seat="9" chips="306,102" name="Gfs1505" reg_code="8414244331"/>
    <player dealer="0" seat="10" chips="49,438" name="brunoferreira72" reg_code=""/>
   </players>
  </general>
  <round no="0">
   <action type="15" player="Sincerevision1" no="1" sum="€300"/>
   <action type="15" player="shott45" no="2" sum="€300"/>
   <action type="15" player="csmala77" no="3" sum="€300"/>
   <action type="15" player="MAXIMEXFA" no="4" sum="€300"/>
   <action type="15" player="Gfs1505" no="5" sum="€300"/>
   <action type="15" player="brunoferreira72" no="6" sum="€300"/>
   <action type="15" player="29dvP" no="7" sum="€300"/>
   <action type="15" player="SpaceTim1" no="8" sum="€300"/>
   <action type="1" player="Sincerevision1" no="9" sum="€1,000"/>
   <action type="2" player="shott45" no="10" sum="€2,000"/>
  </round>
 </game>
 <game gamecode="11595883206">
  <general>
   <players>
    <player dealer="0" seat="1" chips="86,397" name="29dvP" reg_code=""/>
    <player dealer="1" seat="4" chips="73,450" name="Sincerevision1" reg_code=""/>
    <player dealer="0" seat="5" chips="326,506" name="shott45" reg_code=""/>
    <player dealer="0" seat="6" chips="57,424" name="csmala77" reg_code=""/>
    <player dealer="0" seat="7" chips="273,582" name="MAXIMEXFA" reg_code=""/>
    <player dealer="0" seat="9" chips="305,802" name="Gfs1505" reg_code="8414244331"/>
    <player dealer="0" seat="10" chips="51,838" name="brunoferreira72" reg_code=""/>
   </players>
  </general>
  <round no="0">
   <action type="15" player="shott45" no="1" sum="€300"/>
   <action type="15" player="csmala77" no="2" sum="€300"/>
   <action type="15" player="MAXIMEXFA" no="3" sum="€300"/>
   <action type="15" player="Gfs1505" no="4" sum="€300"/>
   <action type="15" player="brunoferreira72" no="5" sum="€300"/>
   <action type="15" player="29dvP" no="6" sum="€300"/>
   <action type="15" player="Sincerevision1" no="7" sum="€300"/>
   <action type="1" player="shott45" no="8" sum="€1,000"/>
   <action type="2" player="csmala77" no="9" sum="€2,000"/>
  </round>
 </game>
 <game gamecode="11595883304">
  <general>
   <players>
    <player dealer="0" seat="1" chips="86,097" name="29dvP" reg_code=""/>
    <player dealer="0" seat="2" chips="100,000" name="Jhootromundo520" reg_code=""/>
    <player dealer="0" seat="4" chips="69,150" name="Sincerevision1" reg_code=""/>
    <player dealer="1" seat="5" chips="322,206" name="shott45" reg_code=""/>
    <player dealer="0" seat="6" chips="55,124" name="csmala77" reg_code=""/>
    <player dealer="0" seat="7" chips="273,282" name="MAXIMEXFA" reg_code=""/>
    <player dealer="0" seat="9" chips="317,602" name="Gfs1505" reg_code="8414244331"/>
    <player dealer="0" seat="10" chips="51,538" name="brunoferreira72" reg_code=""/>
   </players>
  </general>
  <round no="0">
   <action type="15" player="csmala77" no="1" sum="€300"/>
   <action type="15" player="MAXIMEXFA" no="2" sum="€300"/>
   <action type="15" player="Gfs1505" no="3" sum="€300"/>
   <action type="15" player="brunoferreira72" no="4" sum="€300"/>
   <action type="15" player="29dvP" no="5" sum="€300"/>
   <action type="15" player="Jhootromundo520" no="6" sum="€300"/>
   <action type="15" player="Sincerevision1" no="7" sum="€300"/>
   <action type="15" player="shott45" no="8" sum="€300"/>
   <action type="1" player="csmala77" no="9" sum="€1,000"/>
   <action type="2" player="MAXIMEXFA" no="10" sum="€2,000"/>
  </round>
 </game>
 <game gamecode="11595931345">
  <general>
   <players>
    <player dealer="0" seat="1" chips="85,797" name="29dvP" reg_code=""/>
    <player dealer="0" seat="2" chips="44,876" name="Jhootromundo520" reg_code=""/>
    <player dealer="0" seat="4" chips="68,850" name="Sincerevision1" reg_code=""/>
    <player dealer="0" seat="5" chips="308,906" name="shott45" reg_code=""/>
    <player dealer="1" seat="6" chips="127,048" name="csmala77" reg_code=""/>
    <player dealer="0" seat="7" chips="270,982" name="MAXIMEXFA" reg_code=""/>
    <player dealer="0" seat="9" chips="317,302" name="Gfs1505" reg_code="8414244331"/>
    <player dealer="0" seat="10" chips="51,238" name="brunoferreira72" reg_code=""/>
   </players>
  </general>
  <round no="0">
   <action type="15" player="MAXIMEXFA" no="1" sum="€300"/>
   <action type="15" player="Gfs1505" no="2" sum="€300"/>
   <action type="15" player="brunoferreira72" no="3" sum="€300"/>
   <action type="15" player="29dvP" no="4" sum="€300"/>
   <action type="15" player="Jhootromundo520" no="5" sum="€300"/>
   <action type="15" player="Sincerevision1" no="6" sum="€300"/>
   <action type="15" player="shott45" no="7" sum="€300"/>
   <action type="15" player="csmala77" no="8" sum="€300"/>
   <action type="1" player="MAXIMEXFA" no="9" sum="€1,000"/>
   <action type="2" player="Gfs1505" no="10" sum="€2,000"/>
  </round>
 </game>
 <game gamecode="11595931453">
  <general>
   <players>
    <player dealer="0" seat="1" chips="85,497" name="29dvP" reg_code=""/>
    <player dealer="0" seat="2" chips="44,576" name="Jhootromundo520" reg_code=""/>
    <player dealer="0" seat="4" chips="68,550" name="Sincerevision1" reg_code=""/>
    <player dealer="0" seat="5" chips="323,284" name="shott45" reg_code=""/>
    <player dealer="0" seat="6" chips="126,748" name="csmala77" reg_code=""/>
    <player dealer="1" seat="7" chips="269,682" name="MAXIMEXFA" reg_code=""/>
    <player dealer="0" seat="9" chips="305,724" name="Gfs1505" reg_code="8414244331"/>
    <player dealer="0" seat="10" chips="50,938" name="brunoferreira72" reg_code=""/>
   </players>
  </general>
  <round no="0">
   <action type="15" player="Gfs1505" no="1" sum="€300"/>
   <action type="15" player="brunoferreira72" no="2" sum="€300"/>
   <action type="15" player="29dvP" no="3" sum="€300"/>
   <action type="15" player="Jhootromundo520" no="4" sum="€300"/>
   <action type="15" player="Sincerevision1" no="5" sum="€300"/>
   <action type="15" player="shott45" no="6" sum="€300"/>
   <action type="15" player="csmala77" no="7" sum="€300"/>
   <action type="15" player="MAXIMEXFA" no="8" sum="€300"/>
   <action type="1" player="Gfs1505" no="9" sum="€1,000"/>
   <action type="2" player="brunoferreira72" no="10" sum="€2,000"/>
  </round>
 </game>
 <game gamecode="11595931515">
  <general>
   <players>
    <player dealer="0" seat="1" chips="85,197" name="29dvP" reg_code=""/>
    <player dealer="0" seat="2" chips="44,276" name="Jhootromundo520" reg_code=""/>
    <player dealer="0" seat="4" chips="68,250" name="Sincerevision1" reg_code=""/>
    <player dealer="0" seat="5" chips="322,984" name="shott45" reg_code=""/>
    <player dealer="0" seat="6" chips="126,448" name="csmala77" reg_code=""/>
    <player dealer="0" seat="7" chips="274,782" name="MAXIMEXFA" reg_code=""/>
    <player dealer="1" seat="9" chips="304,424" name="Gfs1505" reg_code="8414244331"/>
    <player dealer="0" seat="10" chips="48,638" name="brunoferreira72" reg_code=""/>
   </players>
  </general>
  <round no="0">
   <action type="15" player="brunoferreira72" no="1" sum="€300"/>
   <action type="15" player="29dvP" no="2" sum="€300"/>
   <action type="15" player="Jhootromundo520" no="3" sum="€300"/>
   <action type="15" player="Sincerevision1" no="4" sum="€300"/>
   <action type="15" player="shott45" no="5" sum="€300"/>
   <action type="15" player="csmala77" no="6" sum="€300"/>
   <action type="15" player="MAXIMEXFA" no="7" sum="€300"/>
   <action type="15" player="Gfs1505" no="8" sum="€300"/>
   <action type="1" player="brunoferreira72" no="9" sum="€1,000"/>
   <action type="2" player="29dvP" no="10" sum="€2,000"/>
  </round>
 </game>
 <game gamecode="11595931659">
  <general>
   <players>
    <player dealer="0" seat="1" chips="80,897" name="29dvP" reg_code=""/>
    <player dealer="0" seat="2" chips="55,376" name="Jhootromundo520" reg_code=""/>
    <player dealer="0" seat="4" chips="67,950" name="Sincerevision1" reg_code=""/>
    <player dealer="0" seat="5" chips="322,684" name="shott45" reg_code=""/>
    <player dealer="0" seat="6" chips="122,148" name="csmala77" reg_code=""/>
    <player dealer="0" seat="7" chips="274,482" name="MAXIMEXFA" reg_code=""/>
    <player dealer="0" seat="9" chips="304,124" name="Gfs1505" reg_code="8414244331"/>
    <player dealer="1" seat="10" chips="47,338" name="brunoferreira72" reg_code=""/>
   </players>
  </general>
  <round no="0">
   <action type="15" player="29dvP" no="1" sum="€300"/>
   <action type="15" player="Jhootromundo520" no="2" sum="€300"/>
   <action type="15" player="Sincerevision1" no="3" sum="€300"/>
   <action type="15" player="shott45" no="4" sum="€300"/>
   <action type="15" player="csmala77" no="5" sum="€300"/>
   <action type="15" player="MAXIMEXFA" no="6" sum="€300"/>
   <action type="15" player="Gfs1505" no="7" sum="€300"/>
   <action type="15" player="brunoferreira72" no="8" sum="€300"/>
   <action type="1" player="29dvP" no="9" sum="€1,000"/>
   <action type="2" player="Jhootromundo520" no="10" sum="€2,000"/>
  </round>
 </game>
 <game gamecode="11595931725">
  <general>
   <players>
    <player dealer="1" seat="1" chips="79,597" name="29dvP" reg_code=""/>
    <player dealer="0" seat="4" chips="67,650" name="Sincerevision1" reg_code=""/>
    <player dealer="0" seat="5" chips="327,784" name="shott45" reg_code=""/>
    <player dealer="0" seat="6" chips="121,848" name="csmala77" reg_code=""/>
    <player dealer="0" seat="7" chips="274,182" name="MAXIMEXFA" reg_code=""/>
    <player dealer="0" seat="9" chips="303,824" name="Gfs1505" reg_code="8414244331"/>
    <player dealer="0" seat="10" chips="47,038" name="brunoferreira72" reg_code=""/>
   </players>
  </general>
  <round no="0">
   <action type="15" player="Sincerevision1" no="1" sum="€350"/>
   <action type="15" player="shott45" no="2" sum="€350"/>
   <action type="15" player="csmala77" no="3" sum="€350"/>
   <action type="15" player="MAXIMEXFA" no="4" sum="€350"/>
   <action type="15" player="Gfs1505" no="5" sum="€350"/>
   <action type="15" player="brunoferreira72" no="6" sum="€350"/>
   <action type="15" player="29dvP" no="7" sum="€350"/>
   <action type="2" player="Sincerevision1" no="8" sum="€2,500"/>
  </round>
 </game>
 <game gamecode="11595931768">
  <general>
   <players>
    <player dealer="0" seat="1" chips="79,247" name="29dvP" reg_code=""/>
    <player dealer="0" seat="2" chips="99,581" name="Donkeypolk941" reg_code=""/>
    <player dealer="1" seat="4" chips="64,800" name="Sincerevision1" reg_code=""/>
    <player dealer="0" seat="5" chips="327,434" name="shott45" reg_code=""/>
    <player dealer="0" seat="6" chips="121,498" name="csmala77" reg_code=""/>
    <player dealer="0" seat="7" chips="273,832" name="MAXIMEXFA" reg_code=""/>
    <player dealer="0" seat="9" chips="308,424" name="Gfs1505" reg_code="8414244331"/>
    <player dealer="0" seat="10" chips="46,688" name="brunoferreira72" reg_code=""/>
   </players>
  </general>
  <round no="0">
   <action type="15" player="shott45" no="1" sum="€350"/>
   <action type="15" player="csmala77" no="2" sum="€350"/>
   <action type="15" player="MAXIMEXFA" no="3" sum="€350"/>
   <action type="15" player="Gfs1505" no="4" sum="€350"/>
   <action type="15" player="brunoferreira72" no="5" sum="€350"/>
   <action type="15" player="29dvP" no="6" sum="€350"/>
   <action type="15" player="Donkeypolk941" no="7" sum="€350"/>
   <action type="15" player="Sincerevision1" no="8" sum="€350"/>
   <action type="1" player="shott45" no="9" sum="€1,250"/>
   <action type="2" player="csmala77" no="10" sum="€2,500"/>
  </round>
 </game>
 <game gamecode="11595931833">
  <general>
   <players>
    <player dealer="0" seat="1" chips="78,897" name="29dvP" reg_code=""/>
    <player dealer="0" seat="2" chips="99,231" name="Donkeypolk941" reg_code=""/>
    <player dealer="0" seat="4" chips="59,450" name="Sincerevision1" reg_code=""/>
    <player dealer="1" seat="5" chips="337,384" name="shott45" reg_code=""/>
    <player dealer="0" seat="6" chips="118,648" name="csmala77" reg_code=""/>
    <player dealer="0" seat="7" chips="273,482" name="MAXIMEXFA" reg_code=""/>
    <player dealer="0" seat="9" chips="308,074" name="Gfs1505" reg_code="8414244331"/>
    <player dealer="0" seat="10" chips="46,338" name="brunoferreira72" reg_code=""/>
   </players>
  </general>
  <round no="0">
   <action type="15" player="csmala77" no="1" sum="€350"/>
   <action type="15" player="MAXIMEXFA" no="2" sum="€350"/>
   <action type="15" player="Gfs1505" no="3" sum="€350"/>
   <action type="15" player="brunoferreira72" no="4" sum="€350"/>
   <action type="15" player="29dvP" no="5" sum="€350"/>
   <action type="15" player="Donkeypolk941" no="6" sum="€350"/>
   <action type="15" player="Sincerevision1" no="7" sum="€350"/>
   <action type="15" player="shott45" no="8" sum="€350"/>
   <action type="1" player="csmala77" no="9" sum="€1,250"/>
   <action type="2" player="MAXIMEXFA" no="10" sum="€2,500"/>
  </round>
 </game>
 <game gamecode="11595931932">
  <general>
   <players>
    <player dealer="0" seat="1" chips="78,547" name="29dvP" reg_code=""/>
    <player dealer="0" seat="2" chips="71,542" name="Donkeypolk941" reg_code=""/>
    <player dealer="0" seat="4" chips="59,100" name="Sincerevision1" reg_code=""/>
    <player dealer="0" seat="5" chips="337,034" name="shott45" reg_code=""/>
    <player dealer="1" seat="6" chips="153,437" name="csmala77" reg_code=""/>
    <player dealer="0" seat="7" chips="268,132" name="MAXIMEXFA" reg_code=""/>
    <player dealer="0" seat="9" chips="307,724" name="Gfs1505" reg_code="8414244331"/>
    <player dealer="0" seat="10" chips="45,988" name="brunoferreira72" reg_code=""/>
   </players>
  </general>
  <round no="0">
   <action type="15" player="MAXIMEXFA" no="1" sum="€350"/>
   <action type="15" player="Gfs1505" no="2" sum="€350"/>
   <action type="15" player="brunoferreira72" no="3" sum="€350"/>
   <action type="15" player="29dvP" no="4" sum="€350"/>
   <action type="15" player="Donkeypolk941" no="5" sum="€350"/>
   <action type="15" player="Sincerevision1" no="6" sum="€350"/>
   <action type="15" player="shott45" no="7" sum="€350"/>
   <action type="15" player="csmala77" no="8" sum="€350"/>
   <action type="1" player="MAXIMEXFA" no="9" sum="€1,250"/>
   <action type="2" player="Gfs1505" no="10" sum="€2,500"/>
  </round>
 </game>
 <game gamecode="11595932037">
  <general>
   <players>
    <player dealer="0" seat="1" chips="78,197" name="29dvP" reg_code=""/>
    <player dealer="0" seat="2" chips="71,192" name="Donkeypolk941" reg_code=""/>
    <player dealer="0" seat="4" chips="58,750" name="Sincerevision1" reg_code=""/>
    <player dealer="0" seat="5" chips="336,684" name="shott45" reg_code=""/>
    <player dealer="0" seat="6" chips="118,138" name="csmala77" reg_code=""/>
    <player dealer="1" seat="7" chips="308,031" name="MAXIMEXFA" reg_code=""/>
    <player dealer="0" seat="9" chips="304,874" name="Gfs1505" reg_code="8414244331"/>
    <player dealer="0" seat="10" chips="45,638" name="brunoferreira72" reg_code=""/>
   </players>
  </general>
  <round no="0">
   <action type="15" player="Gfs1505" no="1" sum="€350"/>
   <action type="15" player="brunoferreira72" no="2" sum="€350"/>
   <action type="15" player="29dvP" no="3" sum="€350"/>
   <action type="15" player="Donkeypolk941" no="4" sum="€350"/>
   <action type="15" player="Sincerevision1" no="5" sum="€350"/>
   <action type="15" player="shott45" no="6" sum="€350"/>
   <action type="15" player="csmala77" no="7" sum="€350"/>
   <action type="15" player="MAXIMEXFA" no="8" sum="€350"/>
   <action type="1" player="Gfs1505" no="9" sum="€1,250"/>
   <action type="2" player="brunoferreira72" no="10" sum="€2,500"/>
  </round>
 </game>
 <game gamecode="11595932075">
  <general>
   <players>
    <player dealer="0" seat="1" chips="77,847" name="29dvP" reg_code=""/>
    <player dealer="0" seat="2" chips="70,842" name="Donkeypolk941" reg_code=""/>
    <player dealer="0" seat="4" chips="64,950" name="Sincerevision1" reg_code=""/>
    <player dealer="0" seat="5" chips="336,334" name="shott45" reg_code=""/>
    <player dealer="0" seat="6" chips="117,788" name="csmala77" reg_code=""/>
    <player dealer="0" seat="7" chips="307,681" name="MAXIMEXFA" reg_code=""/>
    <player dealer="1" seat="9" chips="303,274" name="Gfs1505" reg_code="8414244331"/>
    <player dealer="0" seat="10" chips="42,788" name="brunoferreira72" reg_code=""/>
   </players>
  </general>
  <round no="0">
   <action type="15" player="brunoferreira72" no="1" sum="€350"/>
   <action type="15" player="29dvP" no="2" sum="€350"/>
   <action type="15" player="Donkeypolk941" no="3" sum="€350"/>
   <action type="15" player="Sincerevision1" no="4" sum="€350"/>
   <action type="15" player="shott45" no="5" sum="€350"/>
   <action type="15" player="csmala77" no="6" sum="€350"/>
   <action type="15" player="MAXIMEXFA" no="7" sum="€350"/>
   <action type="15" player="Gfs1505" no="8" sum="€350"/>
   <action type="1" player="brunoferreira72" no="9" sum="€1,250"/>
   <action type="2" player="29dvP" no="10" sum="€2,500"/>
  </round>
 </game>
 <game gamecode="11595962512">
  <general>
   <players>
    <player dealer="0" seat="1" chips="74,997" name="29dvP" reg_code=""/>
    <player dealer="0" seat="2" chips="70,492" name="Donkeypolk941" reg_code=""/>
    <player dealer="0" seat="4" chips="64,600" name="Sincerevision1" reg_code=""/>
    <player dealer="0" seat="5" chips="655,958" name="shott45" reg_code=""/>
    <player dealer="0" seat="6" chips="112,188" name="csmala77" reg_code=""/>
    <player dealer="0" seat="7" chips="302,081" name="MAXIMEXFA" reg_code=""/>
    <player dealer="1" seat="10" chips="41,188" name="brunoferreira72" reg_code=""/>
   </players>
  </general>
  <round no="0">
   <action type="15" player="29dvP" no="1" sum="€350"/>
   <action type="15" player="Donkeypolk941" no="2" sum="€350"/>
   <action type="15" player="Sincerevision1" no="3" sum="€350"/>
   <action type="15" player="shott45" no="4" sum="€350"/>
   <action type="15" player="csmala77" no="5" sum="€350"/>
   <action type="15" player="MAXIMEXFA" no="6" sum="€350"/>
   <action type="15" player="brunoferreira72" no="7" sum="€350"/>
   <action type="1" player="29dvP" no="8" sum="€1,250"/>
   <action type="2" player="Donkeypolk941" no="9" sum="€2,500"/>
  </round>
 </game>
</session>
