<?xml version="1.0" encoding="utf-8"?>
<session sessioncode="8414336795">
 <general>
  <mode>real</mode>
  <gametype>Holdem NL</gametype>
  <tablename>SF |€20,000 GTD MYSTERY, 1131556314</tablename>
  <tournamentcurrency>1</tournamentcurrency>
  <currency>USD</currency>
  <nickname>Gfs1505</nickname>
  <buyin>€9.10 + €9.10 + €1.80</buyin>
  <totalbuyin>€10.90</totalbuyin>
 </general>
 <game gamecode="11595965562">
  <general>
   <players>
    <player dealer="0" seat="1" chips="131,310" name="Simmi14" reg_code=""/>
    <player dealer="0" seat="2" chips="32,924" name="2Cards2Guns" reg_code=""/>
    <player dealer="0" seat="4" chips="148,128" name="DoggyStyle2" reg_code=""/>
    <player dealer="0" seat="5" chips="106,674" name="petrov7647" reg_code=""/>
    <player dealer="0" seat="6" chips="7,988" name="Landos20" reg_code=""/>
    <player dealer="0" seat="7" chips="100,000" name="Gfs1505" reg_code="8414336795"/>
    <player dealer="1" seat="9" chips="67,510" name="LucianoGalletti" reg_code=""/>
    <player dealer="0" seat="10" chips="55,365" name="tutti4O4" reg_code=""/>
   </players>
  </general>
  <round no="0">
   <action type="15" player="tutti4O4" no="1" sum="€275"/>
   <action type="15" player="Simmi14" no="2" sum="€275"/>
   <action type="15" player="2Cards2Guns" no="3" sum="€275"/>
   <action type="15" player="DoggyStyle2" no="4" sum="€275"/>
   <action type="15" player="petrov7647" no="5" sum="€275"/>
   <action type="15" player="Landos20" no="6" sum="€275"/>
   <action type="15" player="Gfs1505" no="7" sum="€275"/>
   <action type="15" player="LucianoGalletti" no="8" sum="€275"/>
   <action type="1" player="tutti4O4" no="9" sum="€900"/>
   <action type="2" player="Simmi14" no="10" sum="€1,800"/>
  </round>
 </game>
 <game gamecode="11595965589">
  <general>
   <players>
    <player dealer="0" seat="1" chips="129,235" name="Simmi14" reg_code=""/>
    <player dealer="0" seat="2" chips="32,649" name="2Cards2Guns" reg_code=""/>
    <player dealer="0" seat="4" chips="147,853" name="DoggyStyle2" reg_code=""/>
    <player dealer="0" seat="5" chips="102,799" name="petrov7647" reg_code=""/>
    <player dealer="0" seat="6" chips="7,713" name="Landos20" reg_code=""/>
    <player dealer="0" seat="7" chips="99,725" name="Gfs1505" reg_code="8414336795"/>
    <player dealer="0" seat="9" chips="75,735" name="LucianoGalletti" reg_code=""/>
    <player dealer="1" seat="10" chips="54,190" name="tutti4O4" reg_code=""/>
   </players>
  </general>
  <round no="0">
   <action type="15" player="Simmi14" no="1" sum="€275"/>
   <action type="15" player="2Cards2Guns" no="2" sum="€275"/>
   <action type="15" player="DoggyStyle2" no="3" sum="€275"/>
   <action type="15" player="petrov7647" no="4" sum="€275"/>
   <action type="15" player="Landos20" no="5" sum="€275"/>
   <action type="15" player="Gfs1505" no="6" sum="€275"/>
   <action type="15" player="LucianoGalletti" no="7" sum="€275"/>
   <action type="15" player="tutti4O4" no="8" sum="€275"/>
   <action type="1" player="Simmi14" no="9" sum="€900"/>
   <action type="2" player="2Cards2Guns" no="10" sum="€1,800"/>
  </round>
 </game>
 <game gamecode="11595965627">
  <general>
   <players>
    <player dealer="1" seat="1" chips="130,960" name="Simmi14" reg_code=""/>
    <player dealer="0" seat="4" chips="147,578" name="DoggyStyle2" reg_code=""/>
    <player dealer="0" seat="5" chips="102,524" name="petrov7647" reg_code=""/>
    <player dealer="0" seat="6" chips="7,438" name="Landos20" reg_code=""/>
    <player dealer="0" seat="7" chips="99,450" name="Gfs1505" reg_code="8414336795"/>
    <player dealer="0" seat="9" chips="77,460" name="LucianoGalletti" reg_code=""/>
    <player dealer="0" seat="10" chips="53,915" name="tutti4O4" reg_code=""/>
   </players>
  </general>
  <round no="0">
   <action type="15" player="DoggyStyle2" no="1" sum="€275"/>
   <action type="15" player="petrov7647" no="2" sum="€275"/>
   <action type="15" player="Landos20" no="3" sum="€275"/>
   <action type="15" player="Gfs1505" no="4" sum="€275"/>
   <action type="15" player="LucianoGalletti" no="5" sum="€275"/>
   <action type="15" player="tutti4O4" no="6" sum="€275"/>
   <action type="15" player="Simmi14" no="7" sum="€275"/>
   <action type="2" player="DoggyStyle2" no="8" sum="€1,800"/>
  </round>
 </game>
 <game gamecode="11595965679">
  <general>
   <players>
    <player dealer="0" seat="1" chips="130,685" name="Simmi14" reg_code=""/>
    <player dealer="0" seat="4" chips="145,503" name="DoggyStyle2" reg_code=""/>
    <player dealer="0" seat="5" chips="102,249" name="petrov7647" reg_code=""/>
    <player dealer="0" seat="6" chips="7,163" name="Landos20" reg_code=""/>
    <player dealer="0" seat="7" chips="111,962" name="Gfs1505" reg_code="8414336795"/>
    <player dealer="0" seat="9" chips="68,123" name="LucianoGalletti" reg_code=""/>
    <player dealer="0" seat="10" chips="53,640" name="tutti4O4" reg_code=""/>
   </players>
  </general>
  <round no="0">
   <action type="15" player="DoggyStyle2" no="1" sum="€300"/>
   <action type="15" player="petrov7647" no="2" sum="€300"/>
   <action type="15" player="Landos20" no="3" sum="€300"/>
   <action type="15" player="Gfs1505" no="4" sum="€300"/>
   <action type="15" player="LucianoGalletti" no="5" sum="€300"/>
   <action type="15" player="tutti4O4" no="6" sum="€300"/>
   <action type="15" player="Simmi14" no="7" sum="€300"/>
   <action type="1" player="DoggyStyle2" no="8" sum="€1,000"/>
   <action type="2" player="petrov7647" no="9" sum="€2,000"/>
  </round>
 </game>
 <game gamecode="11595965722">
  <general>
   <players>
    <player dealer="0" seat="1" chips="126,385" name="Simmi14" reg_code=""/>
    <player dealer="0" seat="2" chips="100,000" name="dev1ce97" reg_code=""/>
    <player dealer="1" seat="4" chips="129,203" name="DoggyStyle2" reg_code=""/>
    <player dealer="0" seat="5" chips="124,049" name="petrov7647" reg_code=""/>
    <player dealer="0" seat="6" chips="6,863" name="Landos20" reg_code=""/>
    <player dealer="0" seat="7" chips="111,662" name="Gfs1505" reg_code="8414336795"/>
    <player dealer="0" seat="9" chips="67,823" name="LucianoGalletti" reg_code=""/>
    <player dealer="0" seat="10" chips="53,340" name="tutti4O4" reg_code=""/>
   </players>
  </general>
  <round no="0">
   <action type="15" player="petrov7647" no="1" sum="€300"/>
   <action type="15" player="Landos20" no="2" sum="€300"/>
   <action type="15" player="Gfs1505" no="3" sum="€300"/>
   <action type="15" player="LucianoGalletti" no="4" sum="€300"/>
   <action type="15" player="tutti4O4" no="5" sum="€300"/>
   <action type="15" player="Simmi14" no="6" sum="€300"/>
   <action type="15" player="dev1ce97" no="7" sum="€300"/>
   <action type="15" player="DoggyStyle2" no="8" sum="€300"/>
   <action type="1" player="petrov7647" no="9" sum="€1,000"/>
   <action type="2" player="Landos20" no="10" sum="€2,000"/>
  </round>
 </game>
 <game gamecode="11595965773">
  <general>
   <players>
    <player dealer="0" seat="1" chips="126,085" name="Simmi14" reg_code=""/>
    <player dealer="0" seat="2" chips="99,700" name="dev1ce97" reg_code=""/>
    <player dealer="0" seat="4" chips="128,903" name="DoggyStyle2" reg_code=""/>
    <player dealer="1" seat="5" chips="132,712" name="petrov7647" reg_code=""/>
    <player dealer="0" seat="7" chips="111,362" name="Gfs1505" reg_code="8414336795"/>
    <player dealer="0" seat="9" chips="67,523" name="LucianoGalletti" reg_code=""/>
    <player dealer="0" seat="10" chips="53,040" name="tutti4O4" reg_code=""/>
   </players>
  </general>
  <round no="0">
   <action type="15" player="Gfs1505" no="1" sum="€300"/>
   <action type="15" player="LucianoGalletti" no="2" sum="€300"/>
   <action type="15" player="tutti4O4" no="3" sum="€300"/>
   <action type="15" player="Simmi14" no="4" sum="€300"/>
   <action type="15" player="dev1ce97" no="5" sum="€300"/>
   <action type="15" player="DoggyStyle2" no="6" sum="€300"/>
   <action type="15" player="petrov7647" no="7" sum="€300"/>
   <action type="2" player="Gfs1505" no="8" sum="€2,000"/>
  </round>
 </game>
 <game gamecode="11595965797">
  <general>
   <players>
    <player dealer="0" seat="1" chips="125,785" name="Simmi14" reg_code=""/>
    <player dealer="0" seat="2" chips="99,400" name="dev1ce97" reg_code=""/>
    <player dealer="0" seat="4" chips="128,603" name="DoggyStyle2" reg_code=""/>
    <player dealer="0" seat="5" chips="136,512" name="petrov7647" reg_code=""/>
    <player dealer="0" seat="7" chips="109,062" name="Gfs1505" reg_code="8414336795"/>
    <player dealer="0" seat="9" chips="67,223" name="LucianoGalletti" reg_code=""/>
    <player dealer="0" seat="10" chips="52,740" name="tutti4O4" reg_code=""/>
   </players>
  </general>
  <round no="0">
   <action type="15" player="Gfs1505" no="1" sum="€300"/>
   <action type="15" player="LucianoGalletti" no="2" sum="€300"/>
   <action type="15" player="tutti4O4" no="3" sum="€300"/>
   <action type="15" player="Simmi14" no="4" sum="€300"/>
   <action type="15" player="dev1ce97" no="5" sum="€300"/>
   <action type="15" player="DoggyStyle2" no="6" sum="€300"/>
   <action type="15" player="petrov7647" no="7" sum="€300"/>
   <action type="1" player="Gfs1505" no="8" sum="€1,000"/>
   <action type="2" player="LucianoGalletti" no="9" sum="€2,000"/>
  </round>
 </game>
 <game gamecode="11595996375">
  <general>
   <players>
    <player dealer="1" seat="1" chips="100,000" name="Pikobelo" reg_code=""/>
    <player dealer="0" seat="2" chips="100,000" name="KirovBG1948" reg_code=""/>
    <player dealer="0" seat="5" chips="107,762" name="Gfs1505" reg_code="8414336795"/>
    <player dealer="0" seat="6" chips="400,668" name="xxmmxxiii" reg_code=""/>
    <player dealer="0" seat="7" chips="96,208" name="VladacCZ" reg_code=""/>
    <player dealer="0" seat="9" chips="630,821" name="glazy" reg_code=""/>
    <player dealer="0" seat="10" chips="57,450" name="vouklandu" reg_code=""/>
   </players>
  </general>
  <round no="0">
   <action type="15" player="KirovBG1948" no="1" sum="€300"/>
   <action type="15" player="Gfs1505" no="2" sum="€300"/>
   <action type="15" player="xxmmxxiii" no="3" sum="€300"/>
   <action type="15" player="VladacCZ" no="4" sum="€300"/>
   <action type="15" player="glazy" no="5" sum="€300"/>
   <action type="15" player="vouklandu" no="6" sum="€300"/>
   <action type="15" player="Pikobelo" no="7" sum="€300"/>
   <action type="1" player="KirovBG1948" no="8" sum="€1,000"/>
   <action type="2" player="Gfs1505" no="9" sum="€2,000"/>
  </round>
 </game>
 <game gamecode="11595996454">
  <general>
   <players>
    <player dealer="0" seat="1" chips="99,700" name="Pikobelo" reg_code=""/>
    <player dealer="1" seat="2" chips="42,550" name="KirovBG1948" reg_code=""/>
    <player dealer="0" seat="4" chips="100,000" name="adluc1989" reg_code=""/>
    <player dealer="0" seat="5" chips="105,462" name="Gfs1505" reg_code="8414336795"/>
    <player dealer="0" seat="6" chips="400,368" name="xxmmxxiii" reg_code=""/>
    <player dealer="0" seat="7" chips="95,908" name="VladacCZ" reg_code=""/>
    <player dealer="0" seat="9" chips="630,521" name="glazy" reg_code=""/>
    <player dealer="0" seat="10" chips="118,400" name="vouklandu" reg_code=""/>
   </players>
  </general>
  <round no="0">
   <action type="15" player="Gfs1505" no="1" sum="€300"/>
   <action type="15" player="xxmmxxiii" no="2" sum="€300"/>
   <action type="15" player="VladacCZ" no="3" sum="€300"/>
   <action type="15" player="glazy" no="4" sum="€300"/>
   <action type="15" player="vouklandu" no="5" sum="€300"/>
   <action type="15" player="Pikobelo" no="6" sum="€300"/>
   <action type="15" player="KirovBG1948" no="7" sum="€300"/>
   <action type="1" player="Gfs1505" no="8" sum="€1,000"/>
   <action type="2" player="xxmmxxiii" no="9" sum="€2,000"/>
  </round>
 </game>
 <game gamecode="11595996476">
  <general>
   <players>
    <player dealer="0" seat="1" chips="99,400" name="Pikobelo" reg_code=""/>
    <player dealer="0" seat="2" chips="42,250" name="KirovBG1948" reg_code=""/>
    <player dealer="0" seat="4" chips="100,000" name="adluc1989" reg_code=""/>
    <player dealer="1" seat="5" chips="104,162" name="Gfs1505" reg_code="8414336795"/>
    <player dealer="0" seat="6" chips="398,068" name="xxmmxxiii" reg_code=""/>
    <player dealer="0" seat="7" chips="95,608" name="VladacCZ" reg_code=""/>
    <player dealer="0" seat="9" chips="630,221" name="glazy" reg_code=""/>
    <player dealer="0" seat="10" chips="123,200" name="vouklandu" reg_code=""/>
   </players>
  </general>
  <round no="0">
   <action type="15" player="xxmmxxiii" no="1" sum="€300"/>
   <action type="15" player="VladacCZ" no="2" sum="€300"/>
   <action type="15" player="glazy" no="3" sum="€300"/>
   <action type="15" player="vouklandu" no="4" sum="€300"/>
   <action type="15" player="Pikobelo" no="5" sum="€300"/>
   <action type="15" player="KirovBG1948" no="6" sum="€300"/>
   <action type="15" player="adluc1989" no="7" sum="€300"/>
   <action type="15" player="Gfs1505" no="8" sum="€300"/>
   <action type="1" player="xxmmxxiii" no="9" sum="€1,000"/>
   <action type="2" player="VladacCZ" no="10" sum="€2,000"/>
  </round>
 </game>
 <game gamecode="11595996562">
  <general>
   <players>
    <player dealer="0" seat="1" chips="99,100" name="Pikobelo" reg_code=""/>
    <player dealer="0" seat="2" chips="41,950" name="KirovBG1948" reg_code=""/>
    <player dealer="0" seat="4" chips="155,408" name="adluc1989" reg_code=""/>
    <player dealer="0" seat="5" chips="103,862" name="Gfs1505" reg_code="8414336795"/>
    <player dealer="1" seat="6" chips="346,460" name="xxmmxxiii" reg_code=""/>
    <player dealer="0" seat="7" chips="93,308" name="VladacCZ" reg_code=""/>
    <player dealer="0" seat="9" chips="629,921" name="glazy" reg_code=""/>
    <player dealer="0" seat="10" chips="122,900" name="vouklandu" reg_code=""/>
   </players>
  </general>
  <round no="0">
   <action type="15" player="VladacCZ" no="1" sum="€300"/>
   <action type="15" player="glazy" no="2" sum="€300"/>
   <action type="15" player="vouklandu" no="3" sum="€300"/>
   <action type="15" player="Pikobelo" no="4" sum="€300"/>
   <action type="15" player="KirovBG1948" no="5" sum="€300"/>
   <action type="15" player="adluc1989" no="6" sum="€300"/>
   <action type="15" player="Gfs1505" no="7" sum="€300"/>
   <action type="15" player="xxmmxxiii" no="8" sum="€300"/>
   <action type="1" player="VladacCZ" no="9" sum="€1,000"/>
   <action type="2" player="glazy" no="10" sum="€2,000"/>
  </round>
 </game>
 <game gamecode="11595996583">
  <general>
   <players>
    <player dealer="0" seat="1" chips="104,200" name="Pikobelo" reg_code=""/>
    <player dealer="0" seat="2" chips="41,650" name="KirovBG1948" reg_code=""/>
    <player dealer="0" seat="4" chips="155,108" name="adluc1989" reg_code=""/>
    <player dealer="0" seat="5" chips="103,562" name="Gfs1505" reg_code="8414336795"/>
    <player dealer="0" seat="6" chips="346,160" name="xxmmxxiii" reg_code=""/>
    <player dealer="1" seat="7" chips="92,008" name="VladacCZ" reg_code=""/>
    <player dealer="0" seat="9" chips="627,621" name="glazy" reg_code=""/>
    <player dealer="0" seat="10" chips="122,600" name="vouklandu" reg_code=""/>
   </players>
  </general>
  <round no="0">
   <action type="15" player="glazy" no="1" sum="€300"/>
   <action type="15" player="vouklandu" no="2" sum="€300"/>
   <action type="15" player="Pikobelo" no="3" sum="€300"/>
   <action type="15" player="KirovBG1948" no="4" sum="€300"/>
   <action type="15" player="adluc1989" no="5" sum="€300"/>
   <action type="15" player="Gfs1505" no="6" sum="€300"/>
   <action type="15" player="xxmmxxiii" no="7" sum="€300"/>
   <action type="15" player="VladacCZ" no="8" sum="€300"/>
   <action type="1" player="glazy" no="9" sum="€1,000"/>
   <action type="2" player="vouklandu" no="10" sum="€2,000"/>
  </round>
 </game>
 <game gamecode="11595996668">
  <general>
   <players>
    <player dealer="0" seat="1" chips="103,900" name="Pikobelo" reg_code=""/>
    <player dealer="0" seat="2" chips="41,350" name="KirovBG1948" reg_code=""/>
    <player dealer="0" seat="4" chips="147,884" name="adluc1989" reg_code=""/>
    <player dealer="0" seat="5" chips="103,262" name="Gfs1505" reg_code="8414336795"/>
    <player dealer="0" seat="6" chips="345,860" name="xxmmxxiii" reg_code=""/>
    <player dealer="0" seat="7" chips="91,708" name="VladacCZ" reg_code=""/>
    <player dealer="1" seat="9" chips="626,321" name="glazy" reg_code=""/>
    <player dealer="0" seat="10" chips="132,624" name="vouklandu" reg_code=""/>
   </players>
  </general>
  <round no="0">
   <action type="15" player="vouklandu" no="1" sum="€300"/>
   <action type="15" player="Pikobelo" no="2" sum="€300"/>
   <action type="15" player="KirovBG1948" no="3" sum="€300"/>
   <action type="15" player="adluc1989" no="4" sum="€300"/>
   <action type="15" player="Gfs1505" no="5" sum="€300"/>
   <action type="15" player="xxmmxxiii" no="6" sum="€300"/>
   <action type="15" player="VladacCZ" no="7" sum="€300"/>
   <action type="15" player="glazy" no="8" sum="€300"/>
   <action type="1" player="vouklandu" no="9" sum="€1,000"/>
   <action type="2" player="Pikobelo" no="10" sum="€2,000"/>
  </round>
 </game>
 <game gamecode="11595996702">
  <general>
   <players>
    <player dealer="0" seat="1" chips="101,600" name="Pikobelo" reg_code=""/>
    <player dealer="0" seat="4" chips="147,584" name="adluc1989" reg_code=""/>
    <player dealer="0" seat="5" chips="102,962" name="Gfs1505" reg_code="8414336795"/>
    <player dealer="0" seat="6" chips="345,560" name="xxmmxxiii" reg_code=""/>
    <player dealer="0" seat="7" chips="91,408" name="VladacCZ" reg_code=""/>
    <player dealer="0" seat="9" chips="626,021" name="glazy" reg_code=""/>
    <player dealer="1" seat="10" chips="177,774" name="vouklandu" reg_code=""/>
   </players>
  </general>
  <round no="0">
   <action type="15" player="Pikobelo" no="1" sum="€300"/>
   <action type="15" player="adluc1989" no="2" sum="€300"/>
   <action type="15" player="Gfs1505" no="3" sum="€300"/>
   <action type="15" player="xxmmxxiii" no="4" sum="€300"/>
   <action type="15" player="VladacCZ" no="5" sum="€300"/>
   <action type="15" player="glazy" no="6" sum="€300"/>
   <action type="15" player="vouklandu" no="7" sum="€300"/>
   <action type="1" player="Pikobelo" no="8" sum="€1,000"/>
   <action type="2" player="adluc1989" no="9" sum="€2,000"/>
  </round>
 </game>
 <game gamecode="11595996740">
  <general>
   <players>
    <player dealer="1" seat="1" chips="100,300" name="Pikobelo" reg_code=""/>
    <player dealer="0" seat="2" chips="100,000" name="tiomindas" reg_code=""/>
    <player dealer="0" seat="4" chips="157,164" name="adluc1989" reg_code=""/>
    <player dealer="0" seat="5" chips="102,662" name="Gfs1505" reg_code="8414336795"/>
    <player dealer="0" seat="6" chips="345,260" name="xxmmxxiii" reg_code=""/>
    <player dealer="0" seat="7" chips="84,328" name="VladacCZ" reg_code=""/>
    <player dealer="0" seat="9" chips="625,721" name="glazy" reg_code=""/>
    <player dealer="0" seat="10" chips="177,474" name="vouklandu" reg_code=""/>
   </players>
  </general>
  <round no="0">
   <action type="15" player="adluc1989" no="1" sum="€300"/>
   <action type="15" player="Gfs1505" no="2" sum="€300"/>
   <action type="15" player="xxmmxxiii" no="3" sum="€300"/>
   <action type="15" player="VladacCZ" no="4" sum="€300"/>
   <action type="15" player="glazy" no="5" sum="€300"/>
   <action type="15" player="vouklandu" no="6" sum="€300"/>
   <action type="15" player="Pikobelo" no="7" sum="€300"/>
   <action type="1" player="adluc1989" no="8" sum="€1,000"/>
   <action type="2" player="Gfs1505" no="9" sum="€2,000"/>
  </round>
 </game>
 <game gamecode="11595996770">
  <general>
   <players>
    <player dealer="0" seat="1" chips="100,000" name="Pikobelo" reg_code=""/>
    <player dealer="0" seat="2" chips="100,000" name="tiomindas" reg_code=""/>
    <player dealer="1" seat="4" chips="155,864" name="adluc1989" reg_code=""/>
    <player dealer="0" seat="5" chips="100,362" name="Gfs1505" reg_code="8414336795"/>
    <player dealer="0" seat="6" chips="340,960" name="xxmmxxiii" reg_code=""/>
    <player dealer="0" seat="7" chips="84,028" name="VladacCZ" reg_code=""/>
    <player dealer="0" seat="9" chips="634,521" name="glazy" reg_code=""/>
    <player dealer="0" seat="10" chips="177,174" name="vouklandu" reg_code=""/>
   </players>
  </general>
  <round no="0">
   <action type="15" player="Gfs1505" no="1" sum="€300"/>
   <action type="15" player="xxmmxxiii" no="2" sum="€300"/>
   <action type="15" player="VladacCZ" no="3" sum="€300"/>
   <action type="15" player="glazy" no="4" sum="€300"/>
   <action type="15" player="vouklandu" no="5" sum="€300"/>
   <action type="15" player="Pikobelo" no="6" sum="€300"/>
   <action type="15" player="tiomindas" no="7" sum="€300"/>
   <action type="15" player="adluc1989" no="8" sum="€300"/>
   <action type="1" player="Gfs1505" no="9" sum="€1,000"/>
   <action type="2" player="xxmmxxiii" no="10" sum="€2,000"/>
  </round>
 </game>
 <game gamecode="11596026778">
  <general>
   <players>
    <player dealer="0" seat="1" chips="99,700" name="Pikobelo" reg_code=""/>
    <player dealer="0" seat="2" chips="99,700" name="tiomindas" reg_code=""/>
    <player dealer="0" seat="4" chips="155,564" name="adluc1989" reg_code=""/>
    <player dealer="1" seat="5" chips="99,062" name="Gfs1505" reg_code="8414336795"/>
    <player dealer="0" seat="6" chips="338,660" name="xxmmxxiii" reg_code=""/>
    <player dealer="0" seat="7" chips="83,728" name="VladacCZ" reg_code=""/>
    <player dealer="0" seat="9" chips="634,221" name="glazy" reg_code=""/>
    <player dealer="0" seat="10" chips="182,274" name="vouklandu" reg_code=""/>
   </players>
  </general>
  <round no="0">
   <action type="15" player="xxmmxxiii" no="1" sum="€300"/>
   <action type="15" player="VladacCZ" no="2" sum="€300"/>
   <action type="15" player="glazy" no="3" sum="€300"/>
   <action type="15" player="vouklandu" no="4" sum="€300"/>
   <action type="15" player="Pikobelo" no="5" sum="€300"/>
   <action type="15" player="tiomindas" no="6" sum="€300"/>
   <action type="15" player="adluc1989" no="7" sum="€300"/>
   <action type="15" player="Gfs1505" no="8" sum="€300"/>
   <action type="1" player="xxmmxxiii" no="9" sum="€1,000"/>
   <action type="2" player="VladacCZ" no="10" sum="€2,000"/>
  </round>
 </game>
 <game gamecode="11596026869">
  <general>
   <players>
    <player dealer="0" seat="1" chips="95,400" name="Pikobelo" reg_code=""/>
    <player dealer="0" seat="2" chips="99,400" name="tiomindas" reg_code=""/>
    <player dealer="0" seat="4" chips="155,264" name="adluc1989" reg_code=""/>
    <player dealer="0" seat="5" chips="98,762" name="Gfs1505" reg_code="8414336795"/>
    <player dealer="1" seat="6" chips="310,360" name="xxmmxxiii" reg_code=""/>
    <player dealer="0" seat="7" chips="117,828" name="VladacCZ" reg_code=""/>
    <player dealer="0" seat="9" chips="633,921" name="glazy" reg_code=""/>
    <player dealer="0" seat="10" chips="181,974" name="vouklandu" reg_code=""/>
   </players>
  </general>
  <round no="0">
   <action type="15" player="VladacCZ" no="1" sum="€350"/>
   <action type="15" player="glazy" no="2" sum="€350"/>
   <action type="15" player="vouklandu" no="3" sum="€350"/>
   <action type="15" player="Pikobelo" no="4" sum="€350"/>
   <action type="15" player="tiomindas" no="5" sum="€350"/>
   <action type="15" player="adluc1989" no="6" sum="€350"/>
   <action type="15" player="Gfs1505" no="7" sum="€350"/>
   <action type="15" player="xxmmxxiii" no="8" sum="€350"/>
   <action type="1" player="VladacCZ" no="9" sum="€1,250"/>
   <action type="2" player="glazy" no="10" sum="€2,500"/>
  </round>
 </game>
 <game gamecode="11596026948">
  <general>
   <players>
    <player dealer="0" seat="1" chips="95,050" name="Pikobelo" reg_code=""/>
    <player dealer="0" seat="2" chips="99,050" name="tiomindas" reg_code=""/>
    <player dealer="0" seat="4" chips="154,914" name="adluc1989" reg_code=""/>
    <player dealer="0" seat="5" chips="93,412" name="Gfs1505" reg_code="8414336795"/>
    <player dealer="0" seat="6" chips="310,010" name="xxmmxxiii" reg_code=""/>
    <player dealer="1" seat="7" chips="116,228" name="VladacCZ" reg_code=""/>
    <player dealer="0" seat="9" chips="591,995" name="glazy" reg_code=""/>
    <player dealer="0" seat="10" chips="232,250" name="vouklandu" reg_code=""/>
   </players>
  </general>
  <round no="0">
   <action type="15" player="glazy" no="1" sum="€350"/>
   <action type="15" player="vouklandu" no="2" sum="€350"/>
   <action type="15" player="Pikobelo" no="3" sum="€350"/>
   <action type="15" player="tiomindas" no="4" sum="€350"/>
   <action type="15" player="adluc1989" no="5" sum="€350"/>
   <action type="15" player="Gfs1505" no="6" sum="€350"/>
   <action type="15" player="xxmmxxiii" no="7" sum="€350"/>
   <action type="15" player="VladacCZ" no="8" sum="€350"/>
   <action type="1" player="glazy" no="9" sum="€1,250"/>
   <action type="2" player="vouklandu" no="10" sum="€2,500"/>
  </round>
 </game>
 <game gamecode="11596026987">
  <general>
   <players>
    <player dealer="0" seat="1" chips="106,250" name="Pikobelo" reg_code=""/>
    <player dealer="0" seat="2" chips="98,700" name="tiomindas" reg_code=""/>
    <player dealer="0" seat="4" chips="154,564" name="adluc1989" reg_code=""/>
    <player dealer="0" seat="5" chips="93,062" name="Gfs1505" reg_code="8414336795"/>
    <player dealer="0" seat="6" chips="309,660" name="xxmmxxiii" reg_code=""/>
    <player dealer="0" seat="7" chips="115,878" name="VladacCZ" reg_code=""/>
    <player dealer="1" seat="9" chips="590,395" name="glazy" reg_code=""/>
    <player dealer="0" seat="10" chips="224,400" name="vouklandu" reg_code=""/>
   </players>
  </general>
  <round no="0">
   <action type="15" player="vouklandu" no="1" sum="€350"/>
   <action type="15" player="Pikobelo" no="2" sum="€350"/>
   <action type="15" player="tiomindas" no="3" sum="€350"/>
   <action type="15" player="adluc1989" no="4" sum="€350"/>
   <action type="15" player="Gfs1505" no="5" sum="€350"/>
   <action type="15" player="xxmmxxiii" no="6" sum="€350"/>
   <action type="15" player="VladacCZ" no="7" sum="€350"/>
   <action type="15" player="glazy" no="8" sum="€350"/>
   <action type="1" player="vouklandu" no="9" sum="€1,250"/>
   <action type="2" player="Pikobelo" no="10" sum="€2,500"/>
  </round>
 </game>
 <game gamecode="11596027017">
  <general>
   <players>
    <player dealer="0" seat="1" chips="100,900" name="Pikobelo" reg_code=""/>
    <player dealer="0" seat="2" chips="98,350" name="tiomindas" reg_code=""/>
    <player dealer="0" seat="4" chips="154,214" name="adluc1989" reg_code=""/>
    <player dealer="0" seat="5" chips="92,712" name="Gfs1505" reg_code="8414336795"/>
    <player dealer="0" seat="6" chips="309,310" name="xxmmxxiii" reg_code=""/>
    <player dealer="0" seat="7" chips="115,528" name="VladacCZ" reg_code=""/>
    <player dealer="0" seat="9" chips="590,045" name="glazy" reg_code=""/>
    <player dealer="1" seat="10" chips="231,850" name="vouklandu" reg_code=""/>
   </players>
  </general>
  <round no="0">
   <action type="15" player="Pikobelo" no="1" sum="€350"/>
   <action type="15" player="tiomindas" no="2" sum="€350"/>
   <action type="15" player="adluc1989" no="3" sum="€350"/>
   <action type="15" player="Gfs1505" no="4" sum="€350"/>
   <action type="15" player="xxmmxxiii" no="5" sum="€350"/>
   <action type="15" player="VladacCZ" no="6" sum="€350"/>
   <action type="15" player="glazy" no="7" sum="€350"/>
   <action type="15" player="vouklandu" no="8" sum="€350"/>
   <action type="1" player="Pikobelo" no="9" sum="€1,250"/>
   <action type="2" player="tiomindas" no="10" sum="€2,500"/>
  </round>
 </game>
 <game gamecode="11596027055">
  <general>
   <players>
    <player dealer="1" seat="1" chips="95,550" name="Pikobelo" reg_code=""/>
    <player dealer="0" seat="2" chips="110,800" name="tiomindas" reg_code=""/>
    <player dealer="0" seat="4" chips="153,864" name="adluc1989" reg_code=""/>
    <player dealer="0" seat="5" chips="92,362" name="Gfs1505" reg_code="8414336795"/>
    <player dealer="0" seat="6" chips="303,960" name="xxmmxxiii" reg_code=""/>
    <player dealer="0" seat="7" chips="115,178" name="VladacCZ" reg_code=""/>
    <player dealer="0" seat="9" chips="589,695" name="glazy" reg_code=""/>
    <player dealer="0" seat="10" chips="231,500" name="vouklandu" reg_code=""/>
   </players>
  </general>
  <round no="0">
   <action type="15" player="tiomindas" no="1" sum="€350"/>
   <action type="15" player="adluc1989" no="2" sum="€350"/>
   <action type="15" player="Gfs1505" no="3" sum="€350"/>
   <action type="15" player="xxmmxxiii" no="4" sum="€350"/>
   <action type="15" player="VladacCZ" no="5" sum="€350"/>
   <action type="15" player="glazy" no="6" sum="€350"/>
   <action type="15" player="vouklandu" no="7" sum="€350"/>
   <action type="15" player="Pikobelo" no="8" sum="€350"/>
   <action type="1" player="tiomindas" no="9" sum="€1,250"/>
   <action type="2" player="adluc1989" no="10" sum="€2,500"/>
  </round>
 </game>
 <game gamecode="11596027100">
  <general>
   <players>
    <player dealer="0" seat="1" chips="95,200" name="Pikobelo" reg_code=""/>
    <player dealer="1" seat="2" chips="109,200" name="tiomindas" reg_code=""/>
    <player dealer="0" seat="4" chips="151,014" name="adluc1989" reg_code=""/>
    <player dealer="0" seat="5" chips="92,012" name="Gfs1505" reg_code="8414336795"/>
    <player dealer="0" seat="6" chips="303,610" name="xxmmxxiii" reg_code=""/>
    <player dealer="0" seat="7" chips="114,828" name="VladacCZ" reg_code=""/>
    <player dealer="0" seat="9" chips="589,345" name="glazy" reg_code=""/>
    <player dealer="0" seat="10" chips="237,700" name="vouklandu" reg_code=""/>
   </players>
  </general>
  <round no="0">
   <action type="15" player="adluc1989" no="1" sum="€350"/>
   <action type="15" player="Gfs1505" no="2" sum="€350"/>
   <action type="15" player="xxmmxxiii" no="3" sum="€350"/>
   <action type="15" player="VladacCZ" no="4" sum="€350"/>
   <action type="15" player="glazy" no="5" sum="€350"/>
   <action type="15" player="vouklandu" no="6" sum="€350"/>
   <action type="15" player="Pikobelo" no="7" sum="€350"/>
   <action type="15" player="tiomindas" no="8" sum="€350"/>
   <action type="1" player="adluc1989" no="9" sum="€1,250"/>
   <action type="2" player="Gfs1505" no="10" sum="€2,500"/>
  </round>
 </game>
 <game gamecode="11596027204">
  <general>
   <players>
    <player dealer="0" seat="1" chips="111,400" name="Pikobelo" reg_code=""/>
    <player dealer="0" seat="2" chips="108,850" name="tiomindas" reg_code=""/>
    <player dealer="1" seat="4" chips="149,414" name="adluc1989" reg_code=""/>
    <player dealer="0" seat="5" chips="79,162" name="Gfs1505" reg_code="8414336795"/>
    <player dealer="0" seat="6" chips="303,260" name="xxmmxxiii" reg_code=""/>
    <player dealer="0" seat="7" chips="114,478" name="VladacCZ" reg_code=""/>
    <player dealer="0" seat="9" chips="588,995" name="glazy" reg_code=""/>
    <player dealer="0" seat="10" chips="237,350" name="vouklandu" reg_code=""/>
   </players>
  </general>
  <round no="0">
   <action type="15" player="Gfs1505" no="1" sum="€350"/>
   <action type="15" player="xxmmxxiii" no="2" sum="€350"/>
   <action type="15" player="VladacCZ" no="3" sum="€350"/>
   <action type="15" player="glazy" no="4" sum="€350"/>
   <action type="15" player="vouklandu" no="5" sum="€350"/>
   <action type="15" player="Pikobelo" no="6" sum="€350"/>
   <action type="15" player="tiomindas" no="7" sum="€350"/>
   <action type="15" player="adluc1989" no="8" sum="€350"/>
   <action type="1" player="Gfs1505" no="9" sum="€1,250"/>
   <action type="2" player="xxmmxxiii" no="10" sum="€2,500"/>
  </round>
 </game>
 <game gamecode="11596052595">
  <general>
   <players>
    <player dealer="0" seat="1" chips="111,050" name="Pikobelo" reg_code=""/>
    <player dealer="0" seat="2" chips="108,500" name="tiomindas" reg_code=""/>
    <player dealer="0" seat="4" chips="149,064" name="adluc1989" reg_code=""/>
    <player dealer="1" seat="5" chips="77,562" name="Gfs1505" reg_code="8414336795"/>
    <player dealer="0" seat="6" chips="300,410" name="xxmmxxiii" reg_code=""/>
    <player dealer="0" seat="7" chips="114,128" name="VladacCZ" reg_code=""/>
    <player dealer="0" seat="9" chips="588,645" name="glazy" reg_code=""/>
    <player dealer="0" seat="10" chips="243,550" name="vouklandu" reg_code=""/>
   </players>
  </general>
  <round no="0">
   <action type="15" player="xxmmxxiii" no="1" sum="€350"/>
   <action type="15" player="VladacCZ" no="2" sum="€350"/>
   <action type="15" player="glazy" no="3" sum="€350"/>
   <action type="15" player="vouklandu" no="4" sum="€350"/>
   <action type="15" player="Pikobelo" no="5" sum="€350"/>
   <action type="15" player="tiomindas" no="6" sum="€350"/>
   <action type="15" player="adluc1989" no="7" sum="€350"/>
   <action type="15" player="Gfs1505" no="8" sum="€350"/>
   <action type="1" player="xxmmxxiii" no="9" sum="€1,250"/>
   <action type="2" player="VladacCZ" no="10" sum="€2,500"/>
  </round>
 </game>
 <game gamecode="11596052663">
  <general>
   <players>
    <player dealer="0" seat="1" chips="121,000" name="Pikobelo" reg_code=""/>
    <player dealer="0" seat="2" chips="108,150" name="tiomindas" reg_code=""/>
    <player dealer="0" seat="4" chips="148,714" name="adluc1989" reg_code=""/>
    <player dealer="0" seat="5" chips="77,212" name="Gfs1505" reg_code="8414336795"/>
    <player dealer="1" seat="6" chips="295,060" name="xxmmxxiii" reg_code=""/>
    <player dealer="0" seat="7" chips="111,278" name="VladacCZ" reg_code=""/>
    <player dealer="0" seat="9" chips="588,295" name="glazy" reg_code=""/>
    <player dealer="0" seat="10" chips="243,200" name="vouklandu" reg_code=""/>
   </players>
  </general>
  <round no="0">
   <action type="15" player="VladacCZ" no="1" sum="€350"/>
   <action type="15" player="glazy" no="2" sum="€350"/>
   <action type="15" player="vouklandu" no="3" sum="€350"/>
   <action type="15" player="Pikobelo" no="4" sum="€350"/>
   <action type="15" player="tiomindas" no="5" sum="€350"/>
   <action type="15" player="adluc1989" no="6" sum="€350"/>
   <action type="15" player="Gfs1505" no="7" sum="€350"/>
   <action type="15" player="xxmmxxiii" no="8" sum="€350"/>
   <action type="1" player="VladacCZ" no="9" sum="€1,250"/>
   <action type="2" player="glazy" no="10" sum="€2,500"/>
  </round>
 </game>
 <game gamecode="11596052795">
  <general>
   <players>
    <player dealer="0" seat="1" chips="120,650" name="Pikobelo" reg_code=""/>
    <player dealer="0" seat="2" chips="107,800" name="tiomindas" reg_code=""/>
    <player dealer="0" seat="4" chips="148,364" name="adluc1989" reg_code=""/>
    <player dealer="0" seat="5" chips="160,274" name="Gfs1505" reg_code="8414336795"/>
    <player dealer="0" seat="6" chips="294,710" name="xxmmxxiii" reg_code=""/>
    <player dealer="1" seat="7" chips="109,678" name="VladacCZ" reg_code=""/>
    <player dealer="0" seat="9" chips="585,445" name="glazy" reg_code=""/>
    <player dealer="0" seat="10" chips="165,988" name="vouklandu" reg_code=""/>
   </players>
  </general>
  <round no="0">
   <action type="15" player="glazy" no="1" sum="€350"/>
   <action type="15" player="vouklandu" no="2" sum="€350"/>
   <action type="15" player="Pikobelo" no="3" sum="€350"/>
   <action type="15" player="tiomindas" no="4" sum="€350"/>
   <action type="15" player="adluc1989" no="5" sum="€350"/>
   <action type="15" player="Gfs1505" no="6" sum="€350"/>
   <action type="15" player="xxmmxxiii" no="7" sum="€350"/>
   <action type="15" player="VladacCZ" no="8" sum="€350"/>
   <action type="1" player="glazy" no="9" sum="€1,250"/>
   <action type="2" player="vouklandu" no="10" sum="€2,500"/>
  </round>
 </game>
 <game gamecode="11596052861">
  <general>
   <players>
    <player dealer="0" seat="1" chips="120,300" name="Pikobelo" reg_code=""/>
    <player dealer="0" seat="2" chips="107,450" name="tiomindas" reg_code=""/>
    <player dealer="0" seat="4" chips="148,014" name="adluc1989" reg_code=""/>
    <player dealer="0" seat="5" chips="159,924" name="Gfs1505" reg_code="8414336795"/>
    <player dealer="0" seat="6" chips="289,360" name="xxmmxxiii" reg_code=""/>
    <player dealer="0" seat="7" chips="109,328" name="VladacCZ" reg_code=""/>
    <player dealer="1" seat="9" chips="595,395" name="glazy" reg_code=""/>
    <player dealer="0" seat="10" chips="163,138" name="vouklandu" reg_code=""/>
   </players>
  </general>
  <round no="0">
   <action type="15" player="vouklandu" no="1" sum="€350"/>
   <action type="15" player="Pikobelo" no="2" sum="€350"/>
   <action type="15" player="tiomindas" no="3" sum="€350"/>
   <action type="15" player="adluc1989" no="4" sum="€350"/>
   <action type="15" player="Gfs1505" no="5" sum="€350"/>
   <action type="15" player="xxmmxxiii" no="6" sum="€350"/>
   <action type="15" player="VladacCZ" no="7" sum="€350"/>
   <action type="15" player="glazy" no="8" sum="€350"/>
   <action type="1" player="vouklandu" no="9" sum="€1,250"/>
   <action type="2" player="Pikobelo" no="10" sum="€2,500"/>
  </round>
 </game>
 <game gamecode="11596052969">
  <general>
   <players>
    <player dealer="0" seat="1" chips="114,950" name="Pikobelo" reg_code=""/>
    <player dealer="0" seat="2" chips="107,100" name="tiomindas" reg_code=""/>
    <player dealer="0" seat="4" chips="147,664" name="adluc1989" reg_code=""/>
    <player dealer="0" seat="5" chips="159,574" name="Gfs1505" reg_code="8414336795"/>
    <player dealer="0" seat="6" chips="289,010" name="xxmmxxiii" reg_code=""/>
    <player dealer="0" seat="7" chips="108,978" name="VladacCZ" reg_code=""/>
    <player dealer="0" seat="9" chips="607,845" name="glazy" reg_code=""/>
    <player dealer="1" seat="10" chips="157,788" name="vouklandu" reg_code=""/>
   </players>
  </general>
  <round no="0">
   <action type="15" player="Pikobelo" no="1" sum="€350"/>
   <action type="15" player="tiomindas" no="2" sum="€350"/>
   <action type="15" player="adluc1989" no="3" sum="€350"/>
   <action type="15" player="Gfs1505" no="4" sum="€350"/>
   <action type="15" player="xxmmxxiii" no="5" sum="€350"/>
   <action type="15" player="VladacCZ" no="6" sum="€350"/>
   <action type="15" player="glazy" no="7" sum="€350"/>
   <action type="15" player="vouklandu" no="8" sum="€350"/>
   <action type="1" player="Pikobelo" no="9" sum="€1,250"/>
   <action type="2" player="tiomindas" no="10" sum="€2,500"/>
  </round>
 </game>
 <game gamecode="11596053043">
  <general>
   <players>
    <player dealer="1" seat="1" chips="113,350" name="Pikobelo" reg_code=""/>
    <player dealer="0" seat="2" chips="101,750" name="tiomindas" reg_code=""/>
    <player dealer="0" seat="4" chips="147,314" name="adluc1989" reg_code=""/>
    <player dealer="0" seat="5" chips="159,224" name="Gfs1505" reg_code="8414336795"/>
    <player dealer="0" seat="6" chips="297,710" name="xxmmxxiii" reg_code=""/>
    <player dealer="0" seat="7" chips="108,628" name="VladacCZ" reg_code=""/>
    <player dealer="0" seat="9" chips="607,495" name="glazy" reg_code=""/>
    <player dealer="0" seat="10" chips="157,438" name="vouklandu" reg_code=""/>
   </players>
  </general>
  <round no="0">
   <action type="15" player="tiomindas" no="1" sum="€350"/>
   <action type="15" player="adluc1989" no="2" sum="€350"/>
   <action type="15" player="Gfs1505" no="3" sum="€350"/>
   <action type="15" player="xxmmxxiii" no="4" sum="€350"/>
   <action type="15" player="VladacCZ" no="5" sum="€350"/>
   <action type="15" player="glazy" no="6" sum="€350"/>
   <action type="15" player="vouklandu" no="7" sum="€350"/>
   <action type="15" player="Pikobelo" no="8" sum="€350"/>
   <action type="1" player="tiomindas" no="9" sum="€1,250"/>
   <action type="2" player="adluc1989" no="10" sum="€2,500"/>
  </round>
 </game>
 <game gamecode="11596053203">
  <general>
   <players>
    <player dealer="1" seat="2" chips="95,150" name="tiomindas" reg_code=""/>
    <player dealer="0" seat="4" chips="144,464" name="adluc1989" reg_code=""/>
    <player dealer="0" seat="5" chips="158,874" name="Gfs1505" reg_code="8414336795"/>
    <player dealer="0" seat="6" chips="297,360" name="xxmmxxiii" reg_code=""/>
    <player dealer="0" seat="7" chips="108,278" name="VladacCZ" reg_code=""/>
    <player dealer="0" seat="9" chips="607,145" name="glazy" reg_code=""/>
    <player dealer="0" seat="10" chips="168,638" name="vouklandu" reg_code=""/>
   </players>
  </general>
  <round no="0">
   <action type="15" player="adluc1989" no="1" sum="€400"/>
   <action type="15" player="Gfs1505" no="2" sum="€400"/>
   <action type="15" player="xxmmxxiii" no="3" sum="€400"/>
   <action type="15" player="VladacCZ" no="4" sum="€400"/>
   <action type="15" player="glazy" no="5" sum="€400"/>
   <action type="15" player="vouklandu" no="6" sum="€400"/>
   <action type="15" player="tiomindas" no="7" sum="€400"/>
   <action type="1" player="adluc1989" no="8" sum="€1,500"/>
   <action type="2" player="Gfs1505" no="9" sum="€3,000"/>
  </round>
 </game>
 <game gamecode="11596053341">
  <general>
   <players>
    <player dealer="0" seat="1" chips="100,000" name="dimitripayet10" reg_code=""/>
    <player dealer="0" seat="2" chips="94,750" name="tiomindas" reg_code=""/>
    <player dealer="1" seat="4" chips="138,064" name="adluc1989" reg_code=""/>
    <player dealer="0" seat="6" chips="296,960" name="xxmmxxiii" reg_code=""/>
    <player dealer="0" seat="7" chips="107,878" name="VladacCZ" reg_code=""/>
    <player dealer="0" seat="9" chips="774,019" name="glazy" reg_code=""/>
    <player dealer="0" seat="10" chips="168,238" name="vouklandu" reg_code=""/>
   </players>
  </general>
  <round no="0">
   <action type="15" player="xxmmxxiii" no="1" sum="€400"/>
   <action type="15" player="VladacCZ" no="2" sum="€400"/>
   <action type="15" player="glazy" no="3" sum="€400"/>
   <action type="15" player="vouklandu" no="4" sum="€400"/>
   <action type="15" player="dimitripayet10" no="5" sum="€400"/>
   <action type="15" player="tiomindas" no="6" sum="€400"/>
   <action type="15" player="adluc1989" no="7" sum="€400"/>
   <action type="2" player="xxmmxxiii" no="8" sum="€3,000"/>
  </round>
 </game>
</session>
