<?xml version="1.0" encoding="utf-8"?>
<session sessioncode="8414331904">
 <general>
  <client_version>25.1.1.9</client_version>
  <mode>real</mode>
  <gametype>Holdem NL</gametype>
  <tablename>SF |€20,000 GTD BOUNTY KING, 1131555703</tablename>
  <tournamentcurrency>EUR</tournamentcurrency>
  <duration>00:04:48</duration>
  <gamecount>5</gamecount>
  <startdate>2025-07-25 15:27:15</startdate>
  <currency>USD</currency>
  <nickname>Gfs1505</nickname>
  <bets>114,950</bets>
  <wins>14,950</wins>
  <chipsin>108,350</chipsin>
  <chipsout>0</chipsout>
  <statuspoints>0.00</statuspoints>
  <awardpoints>0.00</awardpoints>
  <ipoints>0.00</ipoints>
  <tablesize>8</tablesize>
  <tournamentcode>1131099471</tournamentcode>
  <tournamentname>SF |€20,000 GTD BOUNTY KING</tournamentname>
  <place>N/A</place>
  <buyin>€11.37 + €11.38 + €2.25</buyin>
  <totalbuyin>€25</totalbuyin>
  <win>N/A</win>
 </general>
 <game gamecode="11595962546">
  <general>
   <startdate>2025-07-25 15:27:15</startdate>
   <smallblind>1,250</smallblind>
   <bigblind>2,500</bigblind>
   <ante>350</ante>
   <players>
    <player win="0" addon="0" dealer="1" seat="1" chips="100,000" rebuy="0" bet="350" name="KOLAYED" reg_code=""/>
    <player win="14,950" addon="0" dealer="0" seat="2" chips="100,000" rebuy="0" bet="6,600" name="Gfs1505" reg_code="8414331904"/>
    <player win="0" addon="0" dealer="0" seat="5" chips="205,684" rebuy="0" bet="6,600" name="Orbitpower" reg_code=""/>
    <player win="0" addon="0" dealer="0" seat="6" chips="77,790" rebuy="0" bet="350" name="wraJka" reg_code=""/>
    <player win="0" addon="0" dealer="0" seat="7" chips="183,686" rebuy="0" bet="350" name="majinboobs" reg_code=""/>
    <player win="0" addon="0" dealer="0" seat="9" chips="87,600" rebuy="0" bet="350" name="Radodo96" reg_code=""/>
    <player win="0" addon="0" dealer="0" seat="10" chips="185,573" rebuy="0" bet="350" name="Ilianor" reg_code=""/>
   </players>
  </general>
  <round no="0">
   <action type="15" player="Gfs1505" no="1" sum="350"/>
   <action type="15" player="Orbitpower" no="2" sum="350"/>
   <action type="15" player="wraJka" no="3" sum="350"/>
   <action type="15" player="majinboobs" no="4" sum="350"/>
   <action type="15" player="Radodo96" no="5" sum="350"/>
   <action type="15" player="Ilianor" no="6" sum="350"/>
   <action type="15" player="KOLAYED" no="7" sum="350"/>
   <action type="1" player="Gfs1505" no="8" sum="1,250"/>
   <action type="2" player="Orbitpower" no="9" sum="2,500"/>
  </round>
  <round no="1">
   <cards type="Pocket" player="wraJka">X X</cards>
   <action type="0" player="wraJka" no="10" sum="0"/>
   <cards type="Pocket" player="majinboobs">X X</cards>
   <action type="0" player="majinboobs" no="11" sum="0"/>
   <cards type="Pocket" player="Radodo96">X X</cards>
   <action type="0" player="Radodo96" no="12" sum="0"/>
   <cards type="Pocket" player="Ilianor">X X</cards>
   <action type="0" player="Ilianor" no="13" sum="0"/>
   <cards type="Pocket" player="KOLAYED">X X</cards>
   <action type="0" player="KOLAYED" no="14" sum="0"/>
   <cards type="Pocket" player="Gfs1505">D9 H8</cards>
   <action type="23" player="Gfs1505" no="15" sum="6,250"/>
   <cards type="Pocket" player="Orbitpower">HQ H5</cards>
   <action type="3" player="Orbitpower" no="16" sum="3,750"/>
  </round>
  <round no="2">
   <cards type="Flop">S2 D10 C6</cards>
   <action type="4" player="Gfs1505" no="17" sum="0"/>
   <action type="4" player="Orbitpower" no="18" sum="0"/>
  </round>
  <round no="3">
   <cards type="Turn">HA</cards>
   <action type="4" player="Gfs1505" no="19" sum="0"/>
   <action type="4" player="Orbitpower" no="20" sum="0"/>
  </round>
  <round no="4">
   <cards type="River">S8</cards>
   <action type="4" player="Gfs1505" no="21" sum="0"/>
   <action type="4" player="Orbitpower" no="22" sum="0"/>
  </round>
 </game>
 <game gamecode="11595962581">
  <general>
   <startdate>2025-07-25 15:27:46</startdate>
   <smallblind>1,250</smallblind>
   <bigblind>2,500</bigblind>
   <ante>350</ante>
   <players>
    <player win="0" addon="0" dealer="1" seat="2" chips="108,350" rebuy="0" bet="350" name="Gfs1505" reg_code="8414331904"/>
    <player win="0" addon="0" dealer="0" seat="5" chips="199,084" rebuy="0" bet="5,350" name="Orbitpower" reg_code=""/>
    <player win="17,100" addon="0" dealer="0" seat="6" chips="77,440" rebuy="0" bet="15,350" name="wraJka" reg_code=""/>
    <player win="0" addon="0" dealer="0" seat="7" chips="183,336" rebuy="0" bet="5,350" name="majinboobs" reg_code=""/>
    <player win="0" addon="0" dealer="0" seat="9" chips="87,250" rebuy="0" bet="350" name="Radodo96" reg_code=""/>
    <player win="0" addon="0" dealer="0" seat="10" chips="185,223" rebuy="0" bet="350" name="Ilianor" reg_code=""/>
   </players>
  </general>
  <round no="0">
   <action type="15" player="Orbitpower" no="1" sum="350"/>
   <action type="15" player="wraJka" no="2" sum="350"/>
   <action type="15" player="majinboobs" no="3" sum="350"/>
   <action type="15" player="Radodo96" no="4" sum="350"/>
   <action type="15" player="Ilianor" no="5" sum="350"/>
   <action type="15" player="Gfs1505" no="6" sum="350"/>
   <action type="1" player="Orbitpower" no="7" sum="1,250"/>
   <action type="2" player="wraJka" no="8" sum="2,500"/>
  </round>
  <round no="1">
   <cards type="Pocket" player="majinboobs">X X</cards>
   <action type="23" player="majinboobs" no="9" sum="5,000"/>
   <cards type="Pocket" player="Radodo96">X X</cards>
   <action type="0" player="Radodo96" no="10" sum="0"/>
   <cards type="Pocket" player="Ilianor">X X</cards>
   <action type="0" player="Ilianor" no="11" sum="0"/>
   <cards type="Pocket" player="Gfs1505">C2 H7</cards>
   <action type="0" player="Gfs1505" no="12" sum="0"/>
   <cards type="Pocket" player="Orbitpower">X X</cards>
   <action type="3" player="Orbitpower" no="13" sum="3,750"/>
   <cards type="Pocket" player="wraJka">X X</cards>
   <action type="3" player="wraJka" no="14" sum="2,500"/>
  </round>
  <round no="2">
   <cards type="Flop">C4 H6 S3</cards>
   <action type="4" player="Orbitpower" no="15" sum="0"/>
   <action type="5" player="wraJka" no="16" sum="10,000"/>
   <action type="0" player="majinboobs" no="17" sum="0"/>
   <action type="0" player="Orbitpower" no="18" sum="0"/>
  </round>
 </game>
 <game gamecode="11595962646">
  <general>
   <startdate>2025-07-25 15:28:42</startdate>
   <smallblind>1,250</smallblind>
   <bigblind>2,500</bigblind>
   <ante>350</ante>
   <players>
    <player win="0" addon="0" dealer="0" seat="1" chips="442,697" rebuy="0" bet="5,350" name="TowGuy" reg_code=""/>
    <player win="0" addon="0" dealer="0" seat="2" chips="108,000" rebuy="0" bet="5,350" name="Gfs1505" reg_code="8414331904"/>
    <player win="0" addon="0" dealer="0" seat="4" chips="100,000" rebuy="0" bet="5,350" name="Valais85" reg_code=""/>
    <player win="0" addon="0" dealer="1" seat="5" chips="193,734" rebuy="0" bet="5,350" name="Orbitpower" reg_code=""/>
    <player win="30,300" addon="0" dealer="0" seat="6" chips="89,190" rebuy="0" bet="28,750" name="wraJka" reg_code=""/>
    <player win="0" addon="0" dealer="0" seat="7" chips="177,986" rebuy="0" bet="2,850" name="majinboobs" reg_code=""/>
    <player win="0" addon="0" dealer="0" seat="9" chips="86,900" rebuy="0" bet="350" name="Radodo96" reg_code=""/>
    <player win="0" addon="0" dealer="0" seat="10" chips="184,873" rebuy="0" bet="350" name="Ilianor" reg_code=""/>
   </players>
  </general>
  <round no="0">
   <action type="15" player="wraJka" no="1" sum="350"/>
   <action type="15" player="majinboobs" no="2" sum="350"/>
   <action type="15" player="Radodo96" no="3" sum="350"/>
   <action type="15" player="Ilianor" no="4" sum="350"/>
   <action type="15" player="TowGuy" no="5" sum="350"/>
   <action type="15" player="Gfs1505" no="6" sum="350"/>
   <action type="15" player="Valais85" no="7" sum="350"/>
   <action type="15" player="Orbitpower" no="8" sum="350"/>
   <action type="1" player="wraJka" no="9" sum="1,250"/>
   <action type="2" player="majinboobs" no="10" sum="2,500"/>
  </round>
  <round no="1">
   <cards type="Pocket" player="Radodo96">X X</cards>
   <action type="0" player="Radodo96" no="11" sum="0"/>
   <cards type="Pocket" player="Ilianor">X X</cards>
   <action type="0" player="Ilianor" no="12" sum="0"/>
   <cards type="Pocket" player="TowGuy">X X</cards>
   <action type="23" player="TowGuy" no="13" sum="5,000"/>
   <cards type="Pocket" player="Gfs1505">DJ CA</cards>
   <action type="3" player="Gfs1505" no="14" sum="5,000"/>
   <cards type="Pocket" player="Valais85">X X</cards>
   <action type="3" player="Valais85" no="15" sum="5,000"/>
   <cards type="Pocket" player="Orbitpower">X X</cards>
   <action type="3" player="Orbitpower" no="16" sum="5,000"/>
   <cards type="Pocket" player="wraJka">X X</cards>
   <action type="23" player="wraJka" no="17" sum="28,750"/>
   <cards type="Pocket" player="majinboobs">X X</cards>
   <action type="0" player="majinboobs" no="18" sum="0"/>
   <action type="0" player="TowGuy" no="19" sum="0"/>
   <action type="0" player="Gfs1505" no="20" sum="0"/>
   <action type="0" player="Valais85" no="21" sum="0"/>
   <action type="0" player="Orbitpower" no="22" sum="0"/>
  </round>
 </game>
 <game gamecode="11595962713">
  <general>
   <startdate>2025-07-25 15:29:32</startdate>
   <smallblind>1,250</smallblind>
   <bigblind>2,500</bigblind>
   <ante>350</ante>
   <players>
    <player win="0" addon="0" dealer="0" seat="1" chips="437,347" rebuy="0" bet="5,350" name="TowGuy" reg_code=""/>
    <player win="0" addon="0" dealer="0" seat="2" chips="102,650" rebuy="0" bet="350" name="Gfs1505" reg_code="8414331904"/>
    <player win="0" addon="0" dealer="0" seat="4" chips="94,650" rebuy="0" bet="350" name="Valais85" reg_code=""/>
    <player win="0" addon="0" dealer="0" seat="5" chips="188,384" rebuy="0" bet="350" name="Orbitpower" reg_code=""/>
    <player win="16,550" addon="0" dealer="1" seat="6" chips="114,140" rebuy="0" bet="20,000" name="wraJka" reg_code=""/>
    <player win="0" addon="0" dealer="0" seat="7" chips="175,136" rebuy="0" bet="1,600" name="majinboobs" reg_code=""/>
    <player win="0" addon="0" dealer="0" seat="9" chips="86,550" rebuy="0" bet="2,850" name="Radodo96" reg_code=""/>
    <player win="0" addon="0" dealer="0" seat="10" chips="184,523" rebuy="0" bet="350" name="Ilianor" reg_code=""/>
   </players>
  </general>
  <round no="0">
   <action type="15" player="majinboobs" no="1" sum="350"/>
   <action type="15" player="Radodo96" no="2" sum="350"/>
   <action type="15" player="Ilianor" no="3" sum="350"/>
   <action type="15" player="TowGuy" no="4" sum="350"/>
   <action type="15" player="Gfs1505" no="5" sum="350"/>
   <action type="15" player="Valais85" no="6" sum="350"/>
   <action type="15" player="Orbitpower" no="7" sum="350"/>
   <action type="15" player="wraJka" no="8" sum="350"/>
   <action type="1" player="majinboobs" no="9" sum="1,250"/>
   <action type="2" player="Radodo96" no="10" sum="2,500"/>
  </round>
  <round no="1">
   <cards type="Pocket" player="Ilianor">X X</cards>
   <action type="0" player="Ilianor" no="11" sum="0"/>
   <cards type="Pocket" player="TowGuy">X X</cards>
   <action type="23" player="TowGuy" no="12" sum="5,000"/>
   <cards type="Pocket" player="Gfs1505">H5 SQ</cards>
   <action type="0" player="Gfs1505" no="13" sum="0"/>
   <cards type="Pocket" player="Valais85">X X</cards>
   <action type="0" player="Valais85" no="14" sum="0"/>
   <cards type="Pocket" player="Orbitpower">X X</cards>
   <action type="0" player="Orbitpower" no="15" sum="0"/>
   <cards type="Pocket" player="wraJka">X X</cards>
   <action type="23" player="wraJka" no="16" sum="20,000"/>
   <cards type="Pocket" player="majinboobs">X X</cards>
   <action type="0" player="majinboobs" no="17" sum="0"/>
   <cards type="Pocket" player="Radodo96">X X</cards>
   <action type="0" player="Radodo96" no="18" sum="0"/>
   <action type="0" player="TowGuy" no="19" sum="0"/>
  </round>
 </game>
 <game gamecode="11595962757">
  <general>
   <startdate>2025-07-25 15:30:17</startdate>
   <smallblind>1,250</smallblind>
   <bigblind>2,500</bigblind>
   <ante>350</ante>
   <players>
    <player win="0" addon="0" dealer="0" seat="1" chips="431,997" rebuy="0" bet="350" name="TowGuy" reg_code=""/>
    <player win="0" addon="0" dealer="0" seat="2" chips="102,300" rebuy="0" bet="102,300" name="Gfs1505" reg_code="8414331904"/>
    <player win="0" addon="0" dealer="0" seat="4" chips="94,300" rebuy="0" bet="350" name="Valais85" reg_code=""/>
    <player win="0" addon="0" dealer="0" seat="5" chips="188,034" rebuy="0" bet="350" name="Orbitpower" reg_code=""/>
    <player win="0" addon="0" dealer="0" seat="6" chips="125,340" rebuy="0" bet="350" name="wraJka" reg_code=""/>
    <player win="210,450" addon="0" dealer="1" seat="7" chips="173,536" rebuy="0" bet="102,300" name="majinboobs" reg_code="">
     <knockout tobalance="€5.69" kicked="Gfs1505" tobounty="€5.69"/>
    </player>
    <player win="0" addon="0" dealer="0" seat="9" chips="83,700" rebuy="0" bet="1,600" name="Radodo96" reg_code=""/>
    <player win="0" addon="0" dealer="0" seat="10" chips="184,173" rebuy="0" bet="2,850" name="Ilianor" reg_code=""/>
   </players>
  </general>
  <round no="0">
   <action type="15" player="Radodo96" no="1" sum="350"/>
   <action type="15" player="Ilianor" no="2" sum="350"/>
   <action type="15" player="TowGuy" no="3" sum="350"/>
   <action type="15" player="Gfs1505" no="4" sum="350"/>
   <action type="15" player="Valais85" no="5" sum="350"/>
   <action type="15" player="Orbitpower" no="6" sum="350"/>
   <action type="15" player="wraJka" no="7" sum="350"/>
   <action type="15" player="majinboobs" no="8" sum="350"/>
   <action type="1" player="Radodo96" no="9" sum="1,250"/>
   <action type="2" player="Ilianor" no="10" sum="2,500"/>
  </round>
  <round no="1">
   <cards type="Pocket" player="TowGuy">X X</cards>
   <action type="0" player="TowGuy" no="11" sum="0"/>
   <cards type="Pocket" player="Gfs1505">H9 H8</cards>
   <action type="23" player="Gfs1505" no="12" sum="5,000"/>
   <cards type="Pocket" player="Valais85">X X</cards>
   <action type="0" player="Valais85" no="13" sum="0"/>
   <cards type="Pocket" player="Orbitpower">X X</cards>
   <action type="0" player="Orbitpower" no="14" sum="0"/>
   <cards type="Pocket" player="wraJka">X X</cards>
   <action type="0" player="wraJka" no="15" sum="0"/>
   <cards type="Pocket" player="majinboobs">SA DA</cards>
   <action type="23" player="majinboobs" no="16" sum="16,250"/>
   <cards type="Pocket" player="Radodo96">X X</cards>
   <action type="0" player="Radodo96" no="17" sum="0"/>
   <cards type="Pocket" player="Ilianor">X X</cards>
   <action type="0" player="Ilianor" no="18" sum="0"/>
   <action type="3" player="Gfs1505" no="19" sum="11,250"/>
  </round>
  <round no="2">
   <cards type="Flop">D5 D7 HJ</cards>
   <action type="4" player="Gfs1505" no="20" sum="0"/>
   <action type="5" player="majinboobs" no="21" sum="11,250"/>
   <action type="23" player="Gfs1505" no="22" sum="24,024"/>
   <action type="3" player="majinboobs" no="23" sum="12,774"/>
  </round>
  <round no="3">
   <cards type="Turn">D9</cards>
   <action type="5" player="Gfs1505" no="24" sum="61,676"/>
   <action type="3" player="majinboobs" no="25" sum="61,676"/>
  </round>
  <round no="4">
   <cards type="River">C4</cards>
  </round>
 </game>
</session>
