<?xml version="1.0" encoding="utf-8"?>
<session sessioncode="8414336795">
 <general>
  <client_version>25.1.1.9</client_version>
  <mode>real</mode>
  <gametype>Holdem NL</gametype>
  <tablename>SF |€20,000 GTD MYSTERY, 1131553402</tablename>
  <tournamentcurrency>EUR</tournamentcurrency>
  <duration>00:43:42</duration>
  <gamecount>31</gamecount>
  <startdate>2025-07-25 15:32:32</startdate>
  <currency>USD</currency>
  <nickname>Gfs1505</nickname>
  <bets>282,123</bets>
  <wins>182,123</wins>
  <chipsin>99,725</chipsin>
  <chipsout>0</chipsout>
  <statuspoints>RSP18</statuspoints>
  <awardpoints>RSP18</awardpoints>
  <ipoints>RSP18</ipoints>
  <tablesize>8</tablesize>
  <tournamentcode>1131099585</tournamentcode>
  <tournamentname>SF |€20,000 GTD MYSTERY</tournamentname>
  <place>334</place>
  <buyin>€9.10 + €9.10 + €1.80</buyin>
  <totalbuyin>€20</totalbuyin>
  <win>0</win>
 </general>
 <game gamecode="11595965562">
  <general>
   <startdate>2025-07-25 15:32:32</startdate>
   <smallblind>900</smallblind>
   <bigblind>1,800</bigblind>
   <ante>275</ante>
   <players>
    <player win="0" addon="0" dealer="0" seat="1" chips="131,310" rebuy="0" bet="2,075" name="Simmi14" reg_code=""/>
    <player win="0" addon="0" dealer="0" seat="2" chips="32,924" rebuy="0" bet="275" name="2Cards2Guns" reg_code=""/>
    <player win="0" addon="0" dealer="0" seat="4" chips="148,128" rebuy="0" bet="275" name="DoggyStyle2" reg_code=""/>
    <player win="0" addon="0" dealer="0" seat="5" chips="106,674" rebuy="0" bet="3,875" name="petrov7647" reg_code=""/>
    <player win="0" addon="0" dealer="0" seat="6" chips="7,988" rebuy="0" bet="275" name="Landos20" reg_code=""/>
    <player win="0" addon="0" dealer="0" seat="7" chips="100,000" rebuy="0" bet="275" name="Gfs1505" reg_code="8414336795"/>
    <player win="12,100" addon="0" dealer="1" seat="9" chips="67,510" rebuy="0" bet="9,900" name="LucianoGalletti" reg_code=""/>
    <player win="0" addon="0" dealer="0" seat="10" chips="55,365" rebuy="0" bet="1,175" name="tutti4O4" reg_code=""/>
   </players>
  </general>
  <round no="0">
   <action type="15" player="tutti4O4" no="1" sum="275"/>
   <action type="15" player="Simmi14" no="2" sum="275"/>
   <action type="15" player="2Cards2Guns" no="3" sum="275"/>
   <action type="15" player="DoggyStyle2" no="4" sum="275"/>
   <action type="15" player="petrov7647" no="5" sum="275"/>
   <action type="15" player="Landos20" no="6" sum="275"/>
   <action type="15" player="Gfs1505" no="7" sum="275"/>
   <action type="15" player="LucianoGalletti" no="8" sum="275"/>
   <action type="1" player="tutti4O4" no="9" sum="900"/>
   <action type="2" player="Simmi14" no="10" sum="1,800"/>
  </round>
  <round no="1">
   <cards type="Pocket" player="2Cards2Guns">X X</cards>
   <action type="0" player="2Cards2Guns" no="11" sum="0"/>
   <cards type="Pocket" player="DoggyStyle2">X X</cards>
   <action type="0" player="DoggyStyle2" no="12" sum="0"/>
   <cards type="Pocket" player="petrov7647">X X</cards>
   <action type="23" player="petrov7647" no="13" sum="3,600"/>
   <cards type="Pocket" player="Landos20">X X</cards>
   <action type="0" player="Landos20" no="14" sum="0"/>
   <cards type="Pocket" player="Gfs1505">HQ S7</cards>
   <action type="0" player="Gfs1505" no="15" sum="0"/>
   <cards type="Pocket" player="LucianoGalletti">X X</cards>
   <action type="23" player="LucianoGalletti" no="16" sum="9,900"/>
   <cards type="Pocket" player="tutti4O4">X X</cards>
   <action type="0" player="tutti4O4" no="17" sum="0"/>
   <cards type="Pocket" player="Simmi14">X X</cards>
   <action type="0" player="Simmi14" no="18" sum="0"/>
   <action type="0" player="petrov7647" no="19" sum="0"/>
  </round>
 </game>
 <game gamecode="11595965589">
  <general>
   <startdate>2025-07-25 15:33:11</startdate>
   <smallblind>900</smallblind>
   <bigblind>1,800</bigblind>
   <ante>275</ante>
   <players>
    <player win="77,460" addon="0" dealer="0" seat="1" chips="129,235" rebuy="0" bet="75,735" name="Simmi14" reg_code=""/>
    <player win="0" addon="0" dealer="0" seat="2" chips="32,649" rebuy="0" bet="2,075" name="2Cards2Guns" reg_code=""/>
    <player win="0" addon="0" dealer="0" seat="4" chips="147,853" rebuy="0" bet="275" name="DoggyStyle2" reg_code=""/>
    <player win="0" addon="0" dealer="0" seat="5" chips="102,799" rebuy="0" bet="275" name="petrov7647" reg_code=""/>
    <player win="0" addon="0" dealer="0" seat="6" chips="7,713" rebuy="0" bet="275" name="Landos20" reg_code=""/>
    <player win="0" addon="0" dealer="0" seat="7" chips="99,725" rebuy="0" bet="275" name="Gfs1505" reg_code="8414336795"/>
    <player win="77,460" addon="0" dealer="0" seat="9" chips="75,735" rebuy="0" bet="75,460" name="LucianoGalletti" reg_code=""/>
    <player win="0" addon="0" dealer="1" seat="10" chips="54,190" rebuy="0" bet="275" name="tutti4O4" reg_code=""/>
   </players>
  </general>
  <round no="0">
   <action type="15" player="Simmi14" no="1" sum="275"/>
   <action type="15" player="2Cards2Guns" no="2" sum="275"/>
   <action type="15" player="DoggyStyle2" no="3" sum="275"/>
   <action type="15" player="petrov7647" no="4" sum="275"/>
   <action type="15" player="Landos20" no="5" sum="275"/>
   <action type="15" player="Gfs1505" no="6" sum="275"/>
   <action type="15" player="LucianoGalletti" no="7" sum="275"/>
   <action type="15" player="tutti4O4" no="8" sum="275"/>
   <action type="1" player="Simmi14" no="9" sum="900"/>
   <action type="2" player="2Cards2Guns" no="10" sum="1,800"/>
  </round>
  <round no="1">
   <cards type="Pocket" player="DoggyStyle2">X X</cards>
   <action type="0" player="DoggyStyle2" no="11" sum="0"/>
   <cards type="Pocket" player="petrov7647">X X</cards>
   <action type="0" player="petrov7647" no="12" sum="0"/>
   <cards type="Pocket" player="Landos20">X X</cards>
   <action type="0" player="Landos20" no="13" sum="0"/>
   <cards type="Pocket" player="Gfs1505">C5 C10</cards>
   <action type="0" player="Gfs1505" no="14" sum="0"/>
   <cards type="Pocket" player="LucianoGalletti">H4 HA</cards>
   <action type="23" player="LucianoGalletti" no="15" sum="3,780"/>
   <cards type="Pocket" player="tutti4O4">X X</cards>
   <action type="0" player="tutti4O4" no="16" sum="0"/>
   <cards type="Pocket" player="Simmi14">CA CQ</cards>
   <action type="23" player="Simmi14" no="17" sum="16,560"/>
   <cards type="Pocket" player="2Cards2Guns">X X</cards>
   <action type="0" player="2Cards2Guns" no="18" sum="0"/>
   <action type="23" player="LucianoGalletti" no="19" sum="75,460"/>
   <action type="3" player="Simmi14" no="20" sum="58,900"/>
  </round>
  <round no="2">
   <cards type="Flop">HQ SJ C8</cards>
  </round>
  <round no="3">
   <cards type="Turn">D10</cards>
  </round>
  <round no="4">
   <cards type="River">SK</cards>
  </round>
 </game>
 <game gamecode="11595965627">
  <general>
   <startdate>2025-07-25 15:34:08</startdate>
   <smallblind>900</smallblind>
   <bigblind>1,800</bigblind>
   <ante>275</ante>
   <players>
    <player win="0" addon="0" dealer="1" seat="1" chips="130,960" rebuy="0" bet="275" name="Simmi14" reg_code=""/>
    <player win="0" addon="0" dealer="0" seat="4" chips="147,578" rebuy="0" bet="2,075" name="DoggyStyle2" reg_code=""/>
    <player win="0" addon="0" dealer="0" seat="5" chips="102,524" rebuy="0" bet="275" name="petrov7647" reg_code=""/>
    <player win="0" addon="0" dealer="0" seat="6" chips="7,438" rebuy="0" bet="275" name="Landos20" reg_code=""/>
    <player win="21,849" addon="0" dealer="0" seat="7" chips="99,450" rebuy="0" bet="9,337" name="Gfs1505" reg_code="8414336795"/>
    <player win="0" addon="0" dealer="0" seat="9" chips="77,460" rebuy="0" bet="9,337" name="LucianoGalletti" reg_code=""/>
    <player win="0" addon="0" dealer="0" seat="10" chips="53,915" rebuy="0" bet="275" name="tutti4O4" reg_code=""/>
   </players>
  </general>
  <round no="0">
   <action type="15" player="DoggyStyle2" no="1" sum="275"/>
   <action type="15" player="petrov7647" no="2" sum="275"/>
   <action type="15" player="Landos20" no="3" sum="275"/>
   <action type="15" player="Gfs1505" no="4" sum="275"/>
   <action type="15" player="LucianoGalletti" no="5" sum="275"/>
   <action type="15" player="tutti4O4" no="6" sum="275"/>
   <action type="15" player="Simmi14" no="7" sum="275"/>
   <action type="2" player="DoggyStyle2" no="8" sum="1,800"/>
  </round>
  <round no="1">
   <cards type="Pocket" player="petrov7647">X X</cards>
   <action type="0" player="petrov7647" no="9" sum="0"/>
   <cards type="Pocket" player="Landos20">X X</cards>
   <action type="0" player="Landos20" no="10" sum="0"/>
   <cards type="Pocket" player="Gfs1505">H9 S9</cards>
   <action type="23" player="Gfs1505" no="11" sum="3,600"/>
   <cards type="Pocket" player="LucianoGalletti">C8 C7</cards>
   <action type="3" player="LucianoGalletti" no="12" sum="3,600"/>
   <cards type="Pocket" player="tutti4O4">X X</cards>
   <action type="0" player="tutti4O4" no="13" sum="0"/>
   <cards type="Pocket" player="Simmi14">X X</cards>
   <action type="0" player="Simmi14" no="14" sum="0"/>
   <cards type="Pocket" player="DoggyStyle2">X X</cards>
   <action type="0" player="DoggyStyle2" no="15" sum="0"/>
  </round>
  <round no="2">
   <cards type="Flop">S2 HK D7</cards>
   <action type="4" player="Gfs1505" no="16" sum="0"/>
   <action type="4" player="LucianoGalletti" no="17" sum="0"/>
  </round>
  <round no="3">
   <cards type="Turn">C6</cards>
   <action type="5" player="Gfs1505" no="18" sum="5,462"/>
   <action type="3" player="LucianoGalletti" no="19" sum="5,462"/>
  </round>
  <round no="4">
   <cards type="River">S5</cards>
   <action type="4" player="Gfs1505" no="20" sum="0"/>
   <action type="4" player="LucianoGalletti" no="21" sum="0"/>
  </round>
 </game>
 <game gamecode="11595965679">
  <general>
   <startdate>2025-07-25 15:35:17</startdate>
   <smallblind>1,000</smallblind>
   <bigblind>2,000</bigblind>
   <ante>300</ante>
   <players>
    <player win="0" addon="0" dealer="0" seat="1" chips="130,685" rebuy="0" bet="4,300" name="Simmi14" reg_code=""/>
    <player win="0" addon="0" dealer="0" seat="4" chips="145,503" rebuy="0" bet="16,300" name="DoggyStyle2" reg_code=""/>
    <player win="38,100" addon="0" dealer="0" seat="5" chips="102,249" rebuy="0" bet="40,000" name="petrov7647" reg_code=""/>
    <player win="0" addon="0" dealer="0" seat="6" chips="7,163" rebuy="0" bet="300" name="Landos20" reg_code=""/>
    <player win="0" addon="0" dealer="0" seat="7" chips="111,962" rebuy="0" bet="300" name="Gfs1505" reg_code="8414336795"/>
    <player win="0" addon="0" dealer="0" seat="9" chips="68,123" rebuy="0" bet="300" name="LucianoGalletti" reg_code=""/>
    <player win="0" addon="0" dealer="0" seat="10" chips="53,640" rebuy="0" bet="300" name="tutti4O4" reg_code=""/>
   </players>
  </general>
  <round no="0">
   <action type="15" player="DoggyStyle2" no="1" sum="300"/>
   <action type="15" player="petrov7647" no="2" sum="300"/>
   <action type="15" player="Landos20" no="3" sum="300"/>
   <action type="15" player="Gfs1505" no="4" sum="300"/>
   <action type="15" player="LucianoGalletti" no="5" sum="300"/>
   <action type="15" player="tutti4O4" no="6" sum="300"/>
   <action type="15" player="Simmi14" no="7" sum="300"/>
   <action type="1" player="DoggyStyle2" no="8" sum="1,000"/>
   <action type="2" player="petrov7647" no="9" sum="2,000"/>
  </round>
  <round no="1">
   <cards type="Pocket" player="Landos20">X X</cards>
   <action type="0" player="Landos20" no="10" sum="0"/>
   <cards type="Pocket" player="Gfs1505">C8 S3</cards>
   <action type="0" player="Gfs1505" no="11" sum="0"/>
   <cards type="Pocket" player="LucianoGalletti">X X</cards>
   <action type="0" player="LucianoGalletti" no="12" sum="0"/>
   <cards type="Pocket" player="tutti4O4">X X</cards>
   <action type="0" player="tutti4O4" no="13" sum="0"/>
   <cards type="Pocket" player="Simmi14">X X</cards>
   <action type="23" player="Simmi14" no="14" sum="4,000"/>
   <cards type="Pocket" player="DoggyStyle2">X X</cards>
   <action type="23" player="DoggyStyle2" no="15" sum="16,000"/>
   <cards type="Pocket" player="petrov7647">H8 S7</cards>
   <action type="23" player="petrov7647" no="16" sum="40,000"/>
   <action type="0" player="Simmi14" no="17" sum="0"/>
   <action type="0" player="DoggyStyle2" no="18" sum="0"/>
  </round>
 </game>
 <game gamecode="11595965722">
  <general>
   <startdate>2025-07-25 15:36:14</startdate>
   <smallblind>1,000</smallblind>
   <bigblind>2,000</bigblind>
   <ante>300</ante>
   <players>
    <player win="0" addon="0" dealer="0" seat="1" chips="126,385" rebuy="0" bet="300" name="Simmi14" reg_code=""/>
    <player win="0" addon="0" dealer="0" seat="2" chips="100,000" rebuy="0" bet="300" name="dev1ce97" reg_code=""/>
    <player win="0" addon="0" dealer="1" seat="4" chips="129,203" rebuy="0" bet="300" name="DoggyStyle2" reg_code=""/>
    <player win="15,526" addon="0" dealer="0" seat="5" chips="124,049" rebuy="0" bet="7,000" name="petrov7647" reg_code=""/>
    <player win="0" addon="0" dealer="0" seat="6" chips="6,863" rebuy="0" bet="6,863" name="Landos20" reg_code=""/>
    <player win="0" addon="0" dealer="0" seat="7" chips="111,662" rebuy="0" bet="300" name="Gfs1505" reg_code="8414336795"/>
    <player win="0" addon="0" dealer="0" seat="9" chips="67,823" rebuy="0" bet="300" name="LucianoGalletti" reg_code=""/>
    <player win="0" addon="0" dealer="0" seat="10" chips="53,340" rebuy="0" bet="300" name="tutti4O4" reg_code=""/>
   </players>
  </general>
  <round no="0">
   <action type="15" player="petrov7647" no="1" sum="300"/>
   <action type="15" player="Landos20" no="2" sum="300"/>
   <action type="15" player="Gfs1505" no="3" sum="300"/>
   <action type="15" player="LucianoGalletti" no="4" sum="300"/>
   <action type="15" player="tutti4O4" no="5" sum="300"/>
   <action type="15" player="Simmi14" no="6" sum="300"/>
   <action type="15" player="dev1ce97" no="7" sum="300"/>
   <action type="15" player="DoggyStyle2" no="8" sum="300"/>
   <action type="1" player="petrov7647" no="9" sum="1,000"/>
   <action type="2" player="Landos20" no="10" sum="2,000"/>
  </round>
  <round no="1">
   <cards type="Pocket" player="Gfs1505">C10 DQ</cards>
   <action type="0" player="Gfs1505" no="11" sum="0"/>
   <cards type="Pocket" player="LucianoGalletti">X X</cards>
   <action type="0" player="LucianoGalletti" no="12" sum="0"/>
   <cards type="Pocket" player="tutti4O4">X X</cards>
   <action type="0" player="tutti4O4" no="13" sum="0"/>
   <cards type="Pocket" player="Simmi14">X X</cards>
   <action type="0" player="Simmi14" no="14" sum="0"/>
   <cards type="Pocket" player="dev1ce97">X X</cards>
   <action type="0" player="dev1ce97" no="15" sum="0"/>
   <cards type="Pocket" player="DoggyStyle2">X X</cards>
   <action type="0" player="DoggyStyle2" no="16" sum="0"/>
   <cards type="Pocket" player="petrov7647">CK CA</cards>
   <action type="23" player="petrov7647" no="17" sum="7,000"/>
   <cards type="Pocket" player="Landos20">D7 CJ</cards>
   <action type="7" player="Landos20" no="18" sum="4,563"/>
  </round>
  <round no="2">
   <cards type="Flop">D6 C5 H5</cards>
  </round>
  <round no="3">
   <cards type="Turn">D3</cards>
  </round>
  <round no="4">
   <cards type="River">D10</cards>
  </round>
 </game>
 <game gamecode="11595965773">
  <general>
   <startdate>2025-07-25 15:37:29</startdate>
   <smallblind>1,000</smallblind>
   <bigblind>2,000</bigblind>
   <ante>300</ante>
   <players>
    <player win="0" addon="0" dealer="0" seat="1" chips="126,085" rebuy="0" bet="300" name="Simmi14" reg_code=""/>
    <player win="0" addon="0" dealer="0" seat="2" chips="99,700" rebuy="0" bet="300" name="dev1ce97" reg_code=""/>
    <player win="0" addon="0" dealer="0" seat="4" chips="128,903" rebuy="0" bet="300" name="DoggyStyle2" reg_code=""/>
    <player win="6,100" addon="0" dealer="1" seat="5" chips="132,712" rebuy="0" bet="7,000" name="petrov7647" reg_code=""/>
    <player win="0" addon="0" dealer="0" seat="7" chips="111,362" rebuy="0" bet="2,300" name="Gfs1505" reg_code="8414336795"/>
    <player win="0" addon="0" dealer="0" seat="9" chips="67,523" rebuy="0" bet="300" name="LucianoGalletti" reg_code=""/>
    <player win="0" addon="0" dealer="0" seat="10" chips="53,040" rebuy="0" bet="300" name="tutti4O4" reg_code=""/>
   </players>
  </general>
  <round no="0">
   <action type="15" player="Gfs1505" no="1" sum="300"/>
   <action type="15" player="LucianoGalletti" no="2" sum="300"/>
   <action type="15" player="tutti4O4" no="3" sum="300"/>
   <action type="15" player="Simmi14" no="4" sum="300"/>
   <action type="15" player="dev1ce97" no="5" sum="300"/>
   <action type="15" player="DoggyStyle2" no="6" sum="300"/>
   <action type="15" player="petrov7647" no="7" sum="300"/>
   <action type="2" player="Gfs1505" no="8" sum="2,000"/>
  </round>
  <round no="1">
   <cards type="Pocket" player="LucianoGalletti">X X</cards>
   <action type="0" player="LucianoGalletti" no="9" sum="0"/>
   <cards type="Pocket" player="tutti4O4">X X</cards>
   <action type="0" player="tutti4O4" no="10" sum="0"/>
   <cards type="Pocket" player="Simmi14">X X</cards>
   <action type="0" player="Simmi14" no="11" sum="0"/>
   <cards type="Pocket" player="dev1ce97">X X</cards>
   <action type="0" player="dev1ce97" no="12" sum="0"/>
   <cards type="Pocket" player="DoggyStyle2">X X</cards>
   <action type="0" player="DoggyStyle2" no="13" sum="0"/>
   <cards type="Pocket" player="petrov7647">X X</cards>
   <action type="23" player="petrov7647" no="14" sum="7,000"/>
   <cards type="Pocket" player="Gfs1505">S4 C9</cards>
   <action type="0" player="Gfs1505" no="15" sum="0"/>
  </round>
 </game>
 <game gamecode="11595965797">
  <general>
   <startdate>2025-07-25 15:37:59</startdate>
   <smallblind>1,000</smallblind>
   <bigblind>2,000</bigblind>
   <ante>300</ante>
   <players>
    <player win="11,100" addon="0" dealer="0" seat="1" chips="125,785" rebuy="0" bet="8,300" name="Simmi14" reg_code=""/>
    <player win="0" addon="0" dealer="0" seat="2" chips="99,400" rebuy="0" bet="300" name="dev1ce97" reg_code=""/>
    <player win="0" addon="0" dealer="0" seat="4" chips="128,603" rebuy="0" bet="300" name="DoggyStyle2" reg_code=""/>
    <player win="0" addon="0" dealer="0" seat="5" chips="136,512" rebuy="0" bet="300" name="petrov7647" reg_code=""/>
    <player win="0" addon="0" dealer="0" seat="7" chips="109,062" rebuy="0" bet="1,300" name="Gfs1505" reg_code="8414336795"/>
    <player win="0" addon="0" dealer="0" seat="9" chips="67,223" rebuy="0" bet="4,300" name="LucianoGalletti" reg_code=""/>
    <player win="0" addon="0" dealer="0" seat="10" chips="52,740" rebuy="0" bet="300" name="tutti4O4" reg_code=""/>
   </players>
  </general>
  <round no="0">
   <action type="15" player="Gfs1505" no="1" sum="300"/>
   <action type="15" player="LucianoGalletti" no="2" sum="300"/>
   <action type="15" player="tutti4O4" no="3" sum="300"/>
   <action type="15" player="Simmi14" no="4" sum="300"/>
   <action type="15" player="dev1ce97" no="5" sum="300"/>
   <action type="15" player="DoggyStyle2" no="6" sum="300"/>
   <action type="15" player="petrov7647" no="7" sum="300"/>
   <action type="1" player="Gfs1505" no="8" sum="1,000"/>
   <action type="2" player="LucianoGalletti" no="9" sum="2,000"/>
  </round>
  <round no="1">
   <cards type="Pocket" player="tutti4O4">X X</cards>
   <action type="0" player="tutti4O4" no="10" sum="0"/>
   <cards type="Pocket" player="Simmi14">X X</cards>
   <action type="23" player="Simmi14" no="11" sum="4,000"/>
   <cards type="Pocket" player="dev1ce97">X X</cards>
   <action type="0" player="dev1ce97" no="12" sum="0"/>
   <cards type="Pocket" player="DoggyStyle2">X X</cards>
   <action type="0" player="DoggyStyle2" no="13" sum="0"/>
   <cards type="Pocket" player="petrov7647">X X</cards>
   <action type="0" player="petrov7647" no="14" sum="0"/>
   <cards type="Pocket" player="Gfs1505">C3 H9</cards>
   <action type="0" player="Gfs1505" no="15" sum="0"/>
   <cards type="Pocket" player="LucianoGalletti">X X</cards>
   <action type="3" player="LucianoGalletti" no="16" sum="2,000"/>
  </round>
  <round no="2">
   <cards type="Flop">S7 DK H10</cards>
   <action type="4" player="LucianoGalletti" no="17" sum="0"/>
   <action type="5" player="Simmi14" no="18" sum="4,000"/>
   <action type="0" player="LucianoGalletti" no="19" sum="0"/>
  </round>
 </game>
 <game gamecode="11595996375">
  <general>
   <startdate>2025-07-25 15:39:21</startdate>
   <smallblind>1,000</smallblind>
   <bigblind>2,000</bigblind>
   <ante>300</ante>
   <players>
    <player win="0" addon="0" dealer="1" seat="1" chips="100,000" rebuy="0" bet="300" name="Pikobelo" reg_code=""/>
    <player win="0" addon="0" dealer="0" seat="2" chips="100,000" rebuy="0" bet="61,011" name="KirovBG1948" reg_code=""/>
    <player win="0" addon="0" dealer="0" seat="5" chips="107,762" rebuy="0" bet="2,300" name="Gfs1505" reg_code="8414336795"/>
    <player win="0" addon="0" dealer="0" seat="6" chips="400,668" rebuy="0" bet="300" name="xxmmxxiii" reg_code=""/>
    <player win="0" addon="0" dealer="0" seat="7" chips="96,208" rebuy="0" bet="300" name="VladacCZ" reg_code=""/>
    <player win="0" addon="0" dealer="0" seat="9" chips="630,821" rebuy="0" bet="300" name="glazy" reg_code=""/>
    <player win="118,400" addon="0" dealer="0" seat="10" chips="57,450" rebuy="0" bet="57,450" name="vouklandu" reg_code=""/>
   </players>
  </general>
  <round no="0">
   <action type="15" player="KirovBG1948" no="1" sum="300"/>
   <action type="15" player="Gfs1505" no="2" sum="300"/>
   <action type="15" player="xxmmxxiii" no="3" sum="300"/>
   <action type="15" player="VladacCZ" no="4" sum="300"/>
   <action type="15" player="glazy" no="5" sum="300"/>
   <action type="15" player="vouklandu" no="6" sum="300"/>
   <action type="15" player="Pikobelo" no="7" sum="300"/>
   <action type="1" player="KirovBG1948" no="8" sum="1,000"/>
   <action type="2" player="Gfs1505" no="9" sum="2,000"/>
  </round>
  <round no="1">
   <cards type="Pocket" player="xxmmxxiii">X X</cards>
   <action type="0" player="xxmmxxiii" no="10" sum="0"/>
   <cards type="Pocket" player="VladacCZ">X X</cards>
   <action type="0" player="VladacCZ" no="11" sum="0"/>
   <cards type="Pocket" player="glazy">X X</cards>
   <action type="0" player="glazy" no="12" sum="0"/>
   <cards type="Pocket" player="vouklandu">S6 DA</cards>
   <action type="23" player="vouklandu" no="13" sum="4,000"/>
   <cards type="Pocket" player="Pikobelo">X X</cards>
   <action type="0" player="Pikobelo" no="14" sum="0"/>
   <cards type="Pocket" player="KirovBG1948">H10 HA</cards>
   <action type="23" player="KirovBG1948" no="15" sum="12,000"/>
   <cards type="Pocket" player="Gfs1505">C9 SQ</cards>
   <action type="0" player="Gfs1505" no="16" sum="0"/>
   <action type="3" player="vouklandu" no="17" sum="8,000"/>
  </round>
  <round no="2">
   <cards type="Flop">H7 C6 D4</cards>
   <action type="5" player="KirovBG1948" no="18" sum="8,711"/>
   <action type="3" player="vouklandu" no="19" sum="8,711"/>
  </round>
  <round no="3">
   <cards type="Turn">S9</cards>
   <action type="5" player="KirovBG1948" no="20" sum="40,000"/>
   <action type="7" player="vouklandu" no="21" sum="36,439"/>
  </round>
  <round no="4">
   <cards type="River">C7</cards>
  </round>
 </game>
 <game gamecode="11595996454">
  <general>
   <startdate>2025-07-25 15:41:11</startdate>
   <smallblind>1,000</smallblind>
   <bigblind>2,000</bigblind>
   <ante>300</ante>
   <players>
    <player win="0" addon="0" dealer="0" seat="1" chips="99,700" rebuy="0" bet="300" name="Pikobelo" reg_code=""/>
    <player win="0" addon="0" dealer="1" seat="2" chips="42,550" rebuy="0" bet="300" name="KirovBG1948" reg_code=""/>
    <player win="0" addon="0" dealer="0" seat="5" chips="105,462" rebuy="0" bet="1,300" name="Gfs1505" reg_code="8414336795"/>
    <player win="0" addon="0" dealer="0" seat="6" chips="400,368" rebuy="0" bet="2,300" name="xxmmxxiii" reg_code=""/>
    <player win="0" addon="0" dealer="0" seat="7" chips="95,908" rebuy="0" bet="300" name="VladacCZ" reg_code=""/>
    <player win="0" addon="0" dealer="0" seat="9" chips="630,521" rebuy="0" bet="300" name="glazy" reg_code=""/>
    <player win="7,100" addon="0" dealer="0" seat="10" chips="118,400" rebuy="0" bet="5,000" name="vouklandu" reg_code=""/>
   </players>
  </general>
  <round no="0">
   <action type="15" player="Gfs1505" no="1" sum="300"/>
   <action type="15" player="xxmmxxiii" no="2" sum="300"/>
   <action type="15" player="VladacCZ" no="3" sum="300"/>
   <action type="15" player="glazy" no="4" sum="300"/>
   <action type="15" player="vouklandu" no="5" sum="300"/>
   <action type="15" player="Pikobelo" no="6" sum="300"/>
   <action type="15" player="KirovBG1948" no="7" sum="300"/>
   <action type="1" player="Gfs1505" no="8" sum="1,000"/>
   <action type="2" player="xxmmxxiii" no="9" sum="2,000"/>
  </round>
  <round no="1">
   <cards type="Pocket" player="VladacCZ">X X</cards>
   <action type="0" player="VladacCZ" no="10" sum="0"/>
   <cards type="Pocket" player="glazy">X X</cards>
   <action type="0" player="glazy" no="11" sum="0"/>
   <cards type="Pocket" player="vouklandu">X X</cards>
   <action type="23" player="vouklandu" no="12" sum="5,000"/>
   <cards type="Pocket" player="Pikobelo">X X</cards>
   <action type="0" player="Pikobelo" no="13" sum="0"/>
   <cards type="Pocket" player="KirovBG1948">X X</cards>
   <action type="0" player="KirovBG1948" no="14" sum="0"/>
   <cards type="Pocket" player="Gfs1505">C9 S7</cards>
   <action type="0" player="Gfs1505" no="15" sum="0"/>
   <cards type="Pocket" player="xxmmxxiii">X X</cards>
   <action type="0" player="xxmmxxiii" no="16" sum="0"/>
  </round>
 </game>
 <game gamecode="11595996476">
  <general>
   <startdate>2025-07-25 15:41:39</startdate>
   <smallblind>1,000</smallblind>
   <bigblind>2,000</bigblind>
   <ante>300</ante>
   <players>
    <player win="0" addon="0" dealer="0" seat="1" chips="99,400" rebuy="0" bet="300" name="Pikobelo" reg_code=""/>
    <player win="0" addon="0" dealer="0" seat="2" chips="42,250" rebuy="0" bet="300" name="KirovBG1948" reg_code=""/>
    <player win="107,016" addon="0" dealer="0" seat="4" chips="100,000" rebuy="0" bet="100,000" name="adluc1989" reg_code=""/>
    <player win="0" addon="0" dealer="1" seat="5" chips="104,162" rebuy="0" bet="300" name="Gfs1505" reg_code="8414336795"/>
    <player win="0" addon="0" dealer="0" seat="6" chips="398,068" rebuy="0" bet="51,608" name="xxmmxxiii" reg_code=""/>
    <player win="0" addon="0" dealer="0" seat="7" chips="95,608" rebuy="0" bet="2,300" name="VladacCZ" reg_code=""/>
    <player win="0" addon="0" dealer="0" seat="9" chips="630,221" rebuy="0" bet="300" name="glazy" reg_code=""/>
    <player win="0" addon="0" dealer="0" seat="10" chips="123,200" rebuy="0" bet="300" name="vouklandu" reg_code=""/>
   </players>
  </general>
  <round no="0">
   <action type="15" player="xxmmxxiii" no="1" sum="300"/>
   <action type="15" player="VladacCZ" no="2" sum="300"/>
   <action type="15" player="glazy" no="3" sum="300"/>
   <action type="15" player="vouklandu" no="4" sum="300"/>
   <action type="15" player="Pikobelo" no="5" sum="300"/>
   <action type="15" player="KirovBG1948" no="6" sum="300"/>
   <action type="15" player="adluc1989" no="7" sum="300"/>
   <action type="15" player="Gfs1505" no="8" sum="300"/>
   <action type="1" player="xxmmxxiii" no="9" sum="1,000"/>
   <action type="2" player="VladacCZ" no="10" sum="2,000"/>
  </round>
  <round no="1">
   <cards type="Pocket" player="glazy">X X</cards>
   <action type="0" player="glazy" no="11" sum="0"/>
   <cards type="Pocket" player="vouklandu">X X</cards>
   <action type="0" player="vouklandu" no="12" sum="0"/>
   <cards type="Pocket" player="Pikobelo">X X</cards>
   <action type="0" player="Pikobelo" no="13" sum="0"/>
   <cards type="Pocket" player="KirovBG1948">X X</cards>
   <action type="0" player="KirovBG1948" no="14" sum="0"/>
   <cards type="Pocket" player="adluc1989">X X</cards>
   <action type="23" player="adluc1989" no="15" sum="4,460"/>
   <cards type="Pocket" player="Gfs1505">S2 S4</cards>
   <action type="0" player="Gfs1505" no="16" sum="0"/>
   <cards type="Pocket" player="xxmmxxiii">X X</cards>
   <action type="23" player="xxmmxxiii" no="17" sum="16,000"/>
   <cards type="Pocket" player="VladacCZ">X X</cards>
   <action type="0" player="VladacCZ" no="18" sum="0"/>
   <action type="3" player="adluc1989" no="19" sum="11,540"/>
  </round>
  <round no="2">
   <cards type="Flop">DQ C6 H2</cards>
   <action type="5" player="xxmmxxiii" no="20" sum="20,020"/>
   <action type="3" player="adluc1989" no="21" sum="20,020"/>
  </round>
  <round no="3">
   <cards type="Turn">SJ</cards>
   <action type="4" player="xxmmxxiii" no="22" sum="0"/>
   <action type="5" player="adluc1989" no="23" sum="15,288"/>
   <action type="3" player="xxmmxxiii" no="24" sum="15,288"/>
  </round>
  <round no="4">
   <cards type="River">DA</cards>
   <action type="4" player="xxmmxxiii" no="25" sum="0"/>
   <action type="5" player="adluc1989" no="26" sum="48,392"/>
   <action type="0" player="xxmmxxiii" no="27" sum="0"/>
  </round>
 </game>
 <game gamecode="11595996562">
  <general>
   <startdate>2025-07-25 15:43:32</startdate>
   <smallblind>1,000</smallblind>
   <bigblind>2,000</bigblind>
   <ante>300</ante>
   <players>
    <player win="7,400" addon="0" dealer="0" seat="1" chips="99,100" rebuy="0" bet="4,000" name="Pikobelo" reg_code=""/>
    <player win="0" addon="0" dealer="0" seat="2" chips="41,950" rebuy="0" bet="300" name="KirovBG1948" reg_code=""/>
    <player win="0" addon="0" dealer="0" seat="4" chips="155,408" rebuy="0" bet="300" name="adluc1989" reg_code=""/>
    <player win="0" addon="0" dealer="0" seat="5" chips="103,862" rebuy="0" bet="300" name="Gfs1505" reg_code="8414336795"/>
    <player win="0" addon="0" dealer="1" seat="6" chips="346,460" rebuy="0" bet="300" name="xxmmxxiii" reg_code=""/>
    <player win="0" addon="0" dealer="0" seat="7" chips="93,308" rebuy="0" bet="1,300" name="VladacCZ" reg_code=""/>
    <player win="0" addon="0" dealer="0" seat="9" chips="629,921" rebuy="0" bet="2,300" name="glazy" reg_code=""/>
    <player win="0" addon="0" dealer="0" seat="10" chips="122,900" rebuy="0" bet="300" name="vouklandu" reg_code=""/>
   </players>
  </general>
  <round no="0">
   <action type="15" player="VladacCZ" no="1" sum="300"/>
   <action type="15" player="glazy" no="2" sum="300"/>
   <action type="15" player="vouklandu" no="3" sum="300"/>
   <action type="15" player="Pikobelo" no="4" sum="300"/>
   <action type="15" player="KirovBG1948" no="5" sum="300"/>
   <action type="15" player="adluc1989" no="6" sum="300"/>
   <action type="15" player="Gfs1505" no="7" sum="300"/>
   <action type="15" player="xxmmxxiii" no="8" sum="300"/>
   <action type="1" player="VladacCZ" no="9" sum="1,000"/>
   <action type="2" player="glazy" no="10" sum="2,000"/>
  </round>
  <round no="1">
   <cards type="Pocket" player="vouklandu">X X</cards>
   <action type="0" player="vouklandu" no="11" sum="0"/>
   <cards type="Pocket" player="Pikobelo">X X</cards>
   <action type="23" player="Pikobelo" no="12" sum="4,000"/>
   <cards type="Pocket" player="KirovBG1948">X X</cards>
   <action type="0" player="KirovBG1948" no="13" sum="0"/>
   <cards type="Pocket" player="adluc1989">X X</cards>
   <action type="0" player="adluc1989" no="14" sum="0"/>
   <cards type="Pocket" player="Gfs1505">H3 H5</cards>
   <action type="0" player="Gfs1505" no="15" sum="0"/>
   <cards type="Pocket" player="xxmmxxiii">X X</cards>
   <action type="0" player="xxmmxxiii" no="16" sum="0"/>
   <cards type="Pocket" player="VladacCZ">X X</cards>
   <action type="0" player="VladacCZ" no="17" sum="0"/>
   <cards type="Pocket" player="glazy">X X</cards>
   <action type="0" player="glazy" no="18" sum="0"/>
  </round>
 </game>
 <game gamecode="11595996583">
  <general>
   <startdate>2025-07-25 15:43:58</startdate>
   <smallblind>1,000</smallblind>
   <bigblind>2,000</bigblind>
   <ante>300</ante>
   <players>
    <player win="0" addon="0" dealer="0" seat="1" chips="104,200" rebuy="0" bet="300" name="Pikobelo" reg_code=""/>
    <player win="0" addon="0" dealer="0" seat="2" chips="41,650" rebuy="0" bet="300" name="KirovBG1948" reg_code=""/>
    <player win="0" addon="0" dealer="0" seat="4" chips="155,108" rebuy="0" bet="7,224" name="adluc1989" reg_code=""/>
    <player win="0" addon="0" dealer="0" seat="5" chips="103,562" rebuy="0" bet="300" name="Gfs1505" reg_code="8414336795"/>
    <player win="0" addon="0" dealer="0" seat="6" chips="346,160" rebuy="0" bet="300" name="xxmmxxiii" reg_code=""/>
    <player win="0" addon="0" dealer="1" seat="7" chips="92,008" rebuy="0" bet="300" name="VladacCZ" reg_code=""/>
    <player win="0" addon="0" dealer="0" seat="9" chips="627,621" rebuy="0" bet="1,300" name="glazy" reg_code=""/>
    <player win="17,248" addon="0" dealer="0" seat="10" chips="122,600" rebuy="0" bet="19,297" name="vouklandu" reg_code=""/>
   </players>
  </general>
  <round no="0">
   <action type="15" player="glazy" no="1" sum="300"/>
   <action type="15" player="vouklandu" no="2" sum="300"/>
   <action type="15" player="Pikobelo" no="3" sum="300"/>
   <action type="15" player="KirovBG1948" no="4" sum="300"/>
   <action type="15" player="adluc1989" no="5" sum="300"/>
   <action type="15" player="Gfs1505" no="6" sum="300"/>
   <action type="15" player="xxmmxxiii" no="7" sum="300"/>
   <action type="15" player="VladacCZ" no="8" sum="300"/>
   <action type="1" player="glazy" no="9" sum="1,000"/>
   <action type="2" player="vouklandu" no="10" sum="2,000"/>
  </round>
  <round no="1">
   <cards type="Pocket" player="Pikobelo">X X</cards>
   <action type="0" player="Pikobelo" no="11" sum="0"/>
   <cards type="Pocket" player="KirovBG1948">X X</cards>
   <action type="0" player="KirovBG1948" no="12" sum="0"/>
   <cards type="Pocket" player="adluc1989">X X</cards>
   <action type="23" player="adluc1989" no="13" sum="4,460"/>
   <cards type="Pocket" player="Gfs1505">SK C2</cards>
   <action type="0" player="Gfs1505" no="14" sum="0"/>
   <cards type="Pocket" player="xxmmxxiii">X X</cards>
   <action type="0" player="xxmmxxiii" no="15" sum="0"/>
   <cards type="Pocket" player="VladacCZ">X X</cards>
   <action type="0" player="VladacCZ" no="16" sum="0"/>
   <cards type="Pocket" player="glazy">X X</cards>
   <action type="0" player="glazy" no="17" sum="0"/>
   <cards type="Pocket" player="vouklandu">X X</cards>
   <action type="3" player="vouklandu" no="18" sum="2,460"/>
  </round>
  <round no="2">
   <cards type="Flop">D5 C9 D3</cards>
   <action type="4" player="vouklandu" no="19" sum="0"/>
   <action type="5" player="adluc1989" no="20" sum="2,464"/>
   <action type="3" player="vouklandu" no="21" sum="2,464"/>
  </round>
  <round no="3">
   <cards type="Turn">H10</cards>
   <action type="5" player="vouklandu" no="22" sum="12,073"/>
   <action type="0" player="adluc1989" no="23" sum="0"/>
  </round>
 </game>
 <game gamecode="11595996668">
  <general>
   <startdate>2025-07-25 15:45:39</startdate>
   <smallblind>1,000</smallblind>
   <bigblind>2,000</bigblind>
   <ante>300</ante>
   <players>
    <player win="0" addon="0" dealer="0" seat="1" chips="103,900" rebuy="0" bet="2,300" name="Pikobelo" reg_code=""/>
    <player win="0" addon="0" dealer="0" seat="2" chips="41,350" rebuy="0" bet="41,350" name="KirovBG1948" reg_code=""/>
    <player win="0" addon="0" dealer="0" seat="4" chips="147,884" rebuy="0" bet="300" name="adluc1989" reg_code=""/>
    <player win="0" addon="0" dealer="0" seat="5" chips="103,262" rebuy="0" bet="300" name="Gfs1505" reg_code="8414336795"/>
    <player win="0" addon="0" dealer="0" seat="6" chips="345,860" rebuy="0" bet="300" name="xxmmxxiii" reg_code=""/>
    <player win="0" addon="0" dealer="0" seat="7" chips="91,708" rebuy="0" bet="300" name="VladacCZ" reg_code=""/>
    <player win="0" addon="0" dealer="1" seat="9" chips="626,321" rebuy="0" bet="300" name="glazy" reg_code=""/>
    <player win="86,500" addon="0" dealer="0" seat="10" chips="132,624" rebuy="0" bet="41,350" name="vouklandu" reg_code=""/>
   </players>
  </general>
  <round no="0">
   <action type="15" player="vouklandu" no="1" sum="300"/>
   <action type="15" player="Pikobelo" no="2" sum="300"/>
   <action type="15" player="KirovBG1948" no="3" sum="300"/>
   <action type="15" player="adluc1989" no="4" sum="300"/>
   <action type="15" player="Gfs1505" no="5" sum="300"/>
   <action type="15" player="xxmmxxiii" no="6" sum="300"/>
   <action type="15" player="VladacCZ" no="7" sum="300"/>
   <action type="15" player="glazy" no="8" sum="300"/>
   <action type="1" player="vouklandu" no="9" sum="1,000"/>
   <action type="2" player="Pikobelo" no="10" sum="2,000"/>
  </round>
  <round no="1">
   <cards type="Pocket" player="KirovBG1948">H5 H4</cards>
   <action type="23" player="KirovBG1948" no="11" sum="4,000"/>
   <cards type="Pocket" player="adluc1989">X X</cards>
   <action type="0" player="adluc1989" no="12" sum="0"/>
   <cards type="Pocket" player="Gfs1505">S8 CQ</cards>
   <action type="0" player="Gfs1505" no="13" sum="0"/>
   <cards type="Pocket" player="xxmmxxiii">X X</cards>
   <action type="0" player="xxmmxxiii" no="14" sum="0"/>
   <cards type="Pocket" player="VladacCZ">X X</cards>
   <action type="0" player="VladacCZ" no="15" sum="0"/>
   <cards type="Pocket" player="glazy">X X</cards>
   <action type="0" player="glazy" no="16" sum="0"/>
   <cards type="Pocket" player="vouklandu">C8 D6</cards>
   <action type="3" player="vouklandu" no="17" sum="3,000"/>
   <cards type="Pocket" player="Pikobelo">X X</cards>
   <action type="0" player="Pikobelo" no="18" sum="0"/>
  </round>
  <round no="2">
   <cards type="Flop">H8 DJ D5</cards>
   <action type="4" player="vouklandu" no="19" sum="0"/>
   <action type="5" player="KirovBG1948" no="20" sum="6,076"/>
   <action type="23" player="vouklandu" no="21" sum="20,152"/>
   <action type="23" player="KirovBG1948" no="22" sum="37,050"/>
   <action type="3" player="vouklandu" no="23" sum="16,898"/>
  </round>
  <round no="3">
   <cards type="Turn">SK</cards>
  </round>
  <round no="4">
   <cards type="River">HJ</cards>
  </round>
 </game>
 <game gamecode="11595996702">
  <general>
   <startdate>2025-07-25 15:46:29</startdate>
   <smallblind>1,000</smallblind>
   <bigblind>2,000</bigblind>
   <ante>300</ante>
   <players>
    <player win="0" addon="0" dealer="0" seat="1" chips="101,600" rebuy="0" bet="1,300" name="Pikobelo" reg_code=""/>
    <player win="16,660" addon="0" dealer="0" seat="4" chips="147,584" rebuy="0" bet="16,243" name="adluc1989" reg_code=""/>
    <player win="0" addon="0" dealer="0" seat="5" chips="102,962" rebuy="0" bet="300" name="Gfs1505" reg_code="8414336795"/>
    <player win="0" addon="0" dealer="0" seat="6" chips="345,560" rebuy="0" bet="300" name="xxmmxxiii" reg_code=""/>
    <player win="0" addon="0" dealer="0" seat="7" chips="91,408" rebuy="0" bet="7,080" name="VladacCZ" reg_code=""/>
    <player win="0" addon="0" dealer="0" seat="9" chips="626,021" rebuy="0" bet="300" name="glazy" reg_code=""/>
    <player win="0" addon="0" dealer="1" seat="10" chips="177,774" rebuy="0" bet="300" name="vouklandu" reg_code=""/>
   </players>
  </general>
  <round no="0">
   <action type="15" player="Pikobelo" no="1" sum="300"/>
   <action type="15" player="adluc1989" no="2" sum="300"/>
   <action type="15" player="Gfs1505" no="3" sum="300"/>
   <action type="15" player="xxmmxxiii" no="4" sum="300"/>
   <action type="15" player="VladacCZ" no="5" sum="300"/>
   <action type="15" player="glazy" no="6" sum="300"/>
   <action type="15" player="vouklandu" no="7" sum="300"/>
   <action type="1" player="Pikobelo" no="8" sum="1,000"/>
   <action type="2" player="adluc1989" no="9" sum="2,000"/>
  </round>
  <round no="1">
   <cards type="Pocket" player="Gfs1505">C2 H3</cards>
   <action type="0" player="Gfs1505" no="10" sum="0"/>
   <cards type="Pocket" player="xxmmxxiii">X X</cards>
   <action type="0" player="xxmmxxiii" no="11" sum="0"/>
   <cards type="Pocket" player="VladacCZ">X X</cards>
   <action type="23" player="VladacCZ" no="12" sum="4,400"/>
   <cards type="Pocket" player="glazy">X X</cards>
   <action type="0" player="glazy" no="13" sum="0"/>
   <cards type="Pocket" player="vouklandu">X X</cards>
   <action type="0" player="vouklandu" no="14" sum="0"/>
   <cards type="Pocket" player="Pikobelo">X X</cards>
   <action type="0" player="Pikobelo" no="15" sum="0"/>
   <cards type="Pocket" player="adluc1989">X X</cards>
   <action type="3" player="adluc1989" no="16" sum="2,400"/>
  </round>
  <round no="2">
   <cards type="Flop">C6 C5 D8</cards>
   <action type="4" player="adluc1989" no="17" sum="0"/>
   <action type="4" player="VladacCZ" no="18" sum="0"/>
  </round>
  <round no="3">
   <cards type="Turn">CJ</cards>
   <action type="5" player="adluc1989" no="19" sum="2,380"/>
   <action type="3" player="VladacCZ" no="20" sum="2,380"/>
  </round>
  <round no="4">
   <cards type="River">HQ</cards>
   <action type="5" player="adluc1989" no="21" sum="9,163"/>
   <action type="0" player="VladacCZ" no="22" sum="0"/>
  </round>
 </game>
 <game gamecode="11595996740">
  <general>
   <startdate>2025-07-25 15:47:24</startdate>
   <smallblind>1,000</smallblind>
   <bigblind>2,000</bigblind>
   <ante>300</ante>
   <players>
    <player win="0" addon="0" dealer="1" seat="1" chips="100,300" rebuy="0" bet="300" name="Pikobelo" reg_code=""/>
    <player win="0" addon="0" dealer="0" seat="4" chips="157,164" rebuy="0" bet="1,300" name="adluc1989" reg_code=""/>
    <player win="0" addon="0" dealer="0" seat="5" chips="102,662" rebuy="0" bet="2,300" name="Gfs1505" reg_code="8414336795"/>
    <player win="0" addon="0" dealer="0" seat="6" chips="345,260" rebuy="0" bet="4,300" name="xxmmxxiii" reg_code=""/>
    <player win="0" addon="0" dealer="0" seat="7" chips="84,328" rebuy="0" bet="300" name="VladacCZ" reg_code=""/>
    <player win="13,100" addon="0" dealer="0" seat="9" chips="625,721" rebuy="0" bet="16,000" name="glazy" reg_code=""/>
    <player win="0" addon="0" dealer="0" seat="10" chips="177,474" rebuy="0" bet="300" name="vouklandu" reg_code=""/>
   </players>
  </general>
  <round no="0">
   <action type="15" player="adluc1989" no="1" sum="300"/>
   <action type="15" player="Gfs1505" no="2" sum="300"/>
   <action type="15" player="xxmmxxiii" no="3" sum="300"/>
   <action type="15" player="VladacCZ" no="4" sum="300"/>
   <action type="15" player="glazy" no="5" sum="300"/>
   <action type="15" player="vouklandu" no="6" sum="300"/>
   <action type="15" player="Pikobelo" no="7" sum="300"/>
   <action type="1" player="adluc1989" no="8" sum="1,000"/>
   <action type="2" player="Gfs1505" no="9" sum="2,000"/>
  </round>
  <round no="1">
   <cards type="Pocket" player="xxmmxxiii">X X</cards>
   <action type="23" player="xxmmxxiii" no="10" sum="4,000"/>
   <cards type="Pocket" player="VladacCZ">X X</cards>
   <action type="0" player="VladacCZ" no="11" sum="0"/>
   <cards type="Pocket" player="glazy">X X</cards>
   <action type="23" player="glazy" no="12" sum="16,000"/>
   <cards type="Pocket" player="vouklandu">X X</cards>
   <action type="0" player="vouklandu" no="13" sum="0"/>
   <cards type="Pocket" player="Pikobelo">X X</cards>
   <action type="0" player="Pikobelo" no="14" sum="0"/>
   <cards type="Pocket" player="adluc1989">X X</cards>
   <action type="0" player="adluc1989" no="15" sum="0"/>
   <cards type="Pocket" player="Gfs1505">H3 DJ</cards>
   <action type="0" player="Gfs1505" no="16" sum="0"/>
   <action type="0" player="xxmmxxiii" no="17" sum="0"/>
  </round>
 </game>
 <game gamecode="11595996770">
  <general>
   <startdate>2025-07-25 15:48:07</startdate>
   <smallblind>1,000</smallblind>
   <bigblind>2,000</bigblind>
   <ante>300</ante>
   <players>
    <player win="0" addon="0" dealer="0" seat="1" chips="100,000" rebuy="0" bet="300" name="Pikobelo" reg_code=""/>
    <player win="0" addon="0" dealer="0" seat="2" chips="100,000" rebuy="0" bet="300" name="tiomindas" reg_code=""/>
    <player win="0" addon="0" dealer="1" seat="4" chips="155,864" rebuy="0" bet="300" name="adluc1989" reg_code=""/>
    <player win="0" addon="0" dealer="0" seat="5" chips="100,362" rebuy="0" bet="1,300" name="Gfs1505" reg_code="8414336795"/>
    <player win="0" addon="0" dealer="0" seat="6" chips="340,960" rebuy="0" bet="2,300" name="xxmmxxiii" reg_code=""/>
    <player win="0" addon="0" dealer="0" seat="7" chips="84,028" rebuy="0" bet="300" name="VladacCZ" reg_code=""/>
    <player win="0" addon="0" dealer="0" seat="9" chips="634,521" rebuy="0" bet="300" name="glazy" reg_code=""/>
    <player win="7,400" addon="0" dealer="0" seat="10" chips="177,174" rebuy="0" bet="5,000" name="vouklandu" reg_code=""/>
   </players>
  </general>
  <round no="0">
   <action type="15" player="Gfs1505" no="1" sum="300"/>
   <action type="15" player="xxmmxxiii" no="2" sum="300"/>
   <action type="15" player="VladacCZ" no="3" sum="300"/>
   <action type="15" player="glazy" no="4" sum="300"/>
   <action type="15" player="vouklandu" no="5" sum="300"/>
   <action type="15" player="Pikobelo" no="6" sum="300"/>
   <action type="15" player="tiomindas" no="7" sum="300"/>
   <action type="15" player="adluc1989" no="8" sum="300"/>
   <action type="1" player="Gfs1505" no="9" sum="1,000"/>
   <action type="2" player="xxmmxxiii" no="10" sum="2,000"/>
  </round>
  <round no="1">
   <cards type="Pocket" player="VladacCZ">X X</cards>
   <action type="0" player="VladacCZ" no="11" sum="0"/>
   <cards type="Pocket" player="glazy">X X</cards>
   <action type="0" player="glazy" no="12" sum="0"/>
   <cards type="Pocket" player="vouklandu">X X</cards>
   <action type="23" player="vouklandu" no="13" sum="5,000"/>
   <cards type="Pocket" player="Pikobelo">X X</cards>
   <action type="0" player="Pikobelo" no="14" sum="0"/>
   <cards type="Pocket" player="tiomindas">X X</cards>
   <action type="0" player="tiomindas" no="15" sum="0"/>
   <cards type="Pocket" player="adluc1989">X X</cards>
   <action type="0" player="adluc1989" no="16" sum="0"/>
   <cards type="Pocket" player="Gfs1505">CK S4</cards>
   <action type="0" player="Gfs1505" no="17" sum="0"/>
   <cards type="Pocket" player="xxmmxxiii">X X</cards>
   <action type="0" player="xxmmxxiii" no="18" sum="0"/>
  </round>
 </game>
 <game gamecode="11596026778">
  <general>
   <startdate>2025-07-25 15:49:07</startdate>
   <smallblind>1,000</smallblind>
   <bigblind>2,000</bigblind>
   <ante>300</ante>
   <players>
    <player win="0" addon="0" dealer="0" seat="1" chips="99,700" rebuy="0" bet="4,300" name="Pikobelo" reg_code=""/>
    <player win="0" addon="0" dealer="0" seat="2" chips="99,700" rebuy="0" bet="300" name="tiomindas" reg_code=""/>
    <player win="0" addon="0" dealer="0" seat="4" chips="155,564" rebuy="0" bet="300" name="adluc1989" reg_code=""/>
    <player win="0" addon="0" dealer="1" seat="5" chips="99,062" rebuy="0" bet="300" name="Gfs1505" reg_code="8414336795"/>
    <player win="0" addon="0" dealer="0" seat="6" chips="338,660" rebuy="0" bet="28,300" name="xxmmxxiii" reg_code=""/>
    <player win="62,400" addon="0" dealer="0" seat="7" chips="83,728" rebuy="0" bet="83,728" name="VladacCZ" reg_code=""/>
    <player win="0" addon="0" dealer="0" seat="9" chips="634,221" rebuy="0" bet="300" name="glazy" reg_code=""/>
    <player win="0" addon="0" dealer="0" seat="10" chips="182,274" rebuy="0" bet="300" name="vouklandu" reg_code=""/>
   </players>
  </general>
  <round no="0">
   <action type="15" player="xxmmxxiii" no="1" sum="300"/>
   <action type="15" player="VladacCZ" no="2" sum="300"/>
   <action type="15" player="glazy" no="3" sum="300"/>
   <action type="15" player="vouklandu" no="4" sum="300"/>
   <action type="15" player="Pikobelo" no="5" sum="300"/>
   <action type="15" player="tiomindas" no="6" sum="300"/>
   <action type="15" player="adluc1989" no="7" sum="300"/>
   <action type="15" player="Gfs1505" no="8" sum="300"/>
   <action type="1" player="xxmmxxiii" no="9" sum="1,000"/>
   <action type="2" player="VladacCZ" no="10" sum="2,000"/>
  </round>
  <round no="1">
   <cards type="Pocket" player="glazy">X X</cards>
   <action type="0" player="glazy" no="11" sum="0"/>
   <cards type="Pocket" player="vouklandu">X X</cards>
   <action type="0" player="vouklandu" no="12" sum="0"/>
   <cards type="Pocket" player="Pikobelo">X X</cards>
   <action type="23" player="Pikobelo" no="13" sum="4,000"/>
   <cards type="Pocket" player="tiomindas">X X</cards>
   <action type="0" player="tiomindas" no="14" sum="0"/>
   <cards type="Pocket" player="adluc1989">X X</cards>
   <action type="0" player="adluc1989" no="15" sum="0"/>
   <cards type="Pocket" player="Gfs1505">D3 C8</cards>
   <action type="0" player="Gfs1505" no="16" sum="0"/>
   <cards type="Pocket" player="xxmmxxiii">X X</cards>
   <action type="3" player="xxmmxxiii" no="17" sum="3,000"/>
   <cards type="Pocket" player="VladacCZ">X X</cards>
   <action type="23" player="VladacCZ" no="18" sum="18,000"/>
   <action type="0" player="Pikobelo" no="19" sum="0"/>
   <action type="3" player="xxmmxxiii" no="20" sum="14,000"/>
  </round>
  <round no="2">
   <cards type="Flop">CJ DQ SJ</cards>
   <action type="4" player="xxmmxxiii" no="21" sum="0"/>
   <action type="5" player="VladacCZ" no="22" sum="10,000"/>
   <action type="3" player="xxmmxxiii" no="23" sum="10,000"/>
  </round>
  <round no="3">
   <cards type="Turn">CA</cards>
   <action type="4" player="xxmmxxiii" no="24" sum="0"/>
   <action type="4" player="VladacCZ" no="25" sum="0"/>
  </round>
  <round no="4">
   <cards type="River">SQ</cards>
   <action type="4" player="xxmmxxiii" no="26" sum="0"/>
   <action type="5" player="VladacCZ" no="27" sum="55,428"/>
   <action type="0" player="xxmmxxiii" no="28" sum="0"/>
  </round>
 </game>
 <game gamecode="11596026869">
  <general>
   <startdate>2025-07-25 15:51:10</startdate>
   <smallblind>1,250</smallblind>
   <bigblind>2,500</bigblind>
   <ante>350</ante>
   <players>
    <player win="0" addon="0" dealer="0" seat="1" chips="95,400" rebuy="0" bet="350" name="Pikobelo" reg_code=""/>
    <player win="0" addon="0" dealer="0" seat="2" chips="99,400" rebuy="0" bet="350" name="tiomindas" reg_code=""/>
    <player win="0" addon="0" dealer="0" seat="4" chips="155,264" rebuy="0" bet="350" name="adluc1989" reg_code=""/>
    <player win="0" addon="0" dealer="0" seat="5" chips="98,762" rebuy="0" bet="5,350" name="Gfs1505" reg_code="8414336795"/>
    <player win="0" addon="0" dealer="1" seat="6" chips="310,360" rebuy="0" bet="350" name="xxmmxxiii" reg_code=""/>
    <player win="0" addon="0" dealer="0" seat="7" chips="117,828" rebuy="0" bet="1,600" name="VladacCZ" reg_code=""/>
    <player win="0" addon="0" dealer="0" seat="9" chips="633,921" rebuy="0" bet="41,926" name="glazy" reg_code=""/>
    <player win="92,202" addon="0" dealer="0" seat="10" chips="181,974" rebuy="0" bet="98,923" name="vouklandu" reg_code=""/>
   </players>
  </general>
  <round no="0">
   <action type="15" player="VladacCZ" no="1" sum="350"/>
   <action type="15" player="glazy" no="2" sum="350"/>
   <action type="15" player="vouklandu" no="3" sum="350"/>
   <action type="15" player="Pikobelo" no="4" sum="350"/>
   <action type="15" player="tiomindas" no="5" sum="350"/>
   <action type="15" player="adluc1989" no="6" sum="350"/>
   <action type="15" player="Gfs1505" no="7" sum="350"/>
   <action type="15" player="xxmmxxiii" no="8" sum="350"/>
   <action type="1" player="VladacCZ" no="9" sum="1,250"/>
   <action type="2" player="glazy" no="10" sum="2,500"/>
  </round>
  <round no="1">
   <cards type="Pocket" player="vouklandu">X X</cards>
   <action type="23" player="vouklandu" no="11" sum="5,000"/>
   <cards type="Pocket" player="Pikobelo">X X</cards>
   <action type="0" player="Pikobelo" no="12" sum="0"/>
   <cards type="Pocket" player="tiomindas">X X</cards>
   <action type="0" player="tiomindas" no="13" sum="0"/>
   <cards type="Pocket" player="adluc1989">X X</cards>
   <action type="0" player="adluc1989" no="14" sum="0"/>
   <cards type="Pocket" player="Gfs1505">CQ CJ</cards>
   <action type="3" player="Gfs1505" no="15" sum="5,000"/>
   <cards type="Pocket" player="xxmmxxiii">X X</cards>
   <action type="0" player="xxmmxxiii" no="16" sum="0"/>
   <cards type="Pocket" player="VladacCZ">X X</cards>
   <action type="0" player="VladacCZ" no="17" sum="0"/>
   <cards type="Pocket" player="glazy">X X</cards>
   <action type="3" player="glazy" no="18" sum="2,500"/>
  </round>
  <round no="2">
   <cards type="Flop">D9 HK S6</cards>
   <action type="4" player="glazy" no="19" sum="0"/>
   <action type="4" player="vouklandu" no="20" sum="0"/>
   <action type="4" player="Gfs1505" no="21" sum="0"/>
  </round>
  <round no="3">
   <cards type="Turn">D6</cards>
   <action type="5" player="glazy" no="22" sum="11,430"/>
   <action type="3" player="vouklandu" no="23" sum="11,430"/>
   <action type="0" player="Gfs1505" no="24" sum="0"/>
  </round>
  <round no="4">
   <cards type="River">SA</cards>
   <action type="5" player="glazy" no="25" sum="25,146"/>
   <action type="23" player="vouklandu" no="26" sum="82,143"/>
   <action type="0" player="glazy" no="27" sum="0"/>
  </round>
 </game>
 <game gamecode="11596026948">
  <general>
   <startdate>2025-07-25 15:53:04</startdate>
   <smallblind>1,250</smallblind>
   <bigblind>2,500</bigblind>
   <ante>350</ante>
   <players>
    <player win="19,050" addon="0" dealer="0" seat="1" chips="95,050" rebuy="0" bet="17,375" name="Pikobelo" reg_code=""/>
    <player win="0" addon="0" dealer="0" seat="2" chips="99,050" rebuy="0" bet="350" name="tiomindas" reg_code=""/>
    <player win="0" addon="0" dealer="0" seat="4" chips="154,914" rebuy="0" bet="350" name="adluc1989" reg_code=""/>
    <player win="0" addon="0" dealer="0" seat="5" chips="93,412" rebuy="0" bet="350" name="Gfs1505" reg_code="8414336795"/>
    <player win="0" addon="0" dealer="0" seat="6" chips="310,010" rebuy="0" bet="350" name="xxmmxxiii" reg_code=""/>
    <player win="0" addon="0" dealer="1" seat="7" chips="116,228" rebuy="0" bet="350" name="VladacCZ" reg_code=""/>
    <player win="0" addon="0" dealer="0" seat="9" chips="591,995" rebuy="0" bet="1,600" name="glazy" reg_code=""/>
    <player win="0" addon="0" dealer="0" seat="10" chips="232,250" rebuy="0" bet="7,850" name="vouklandu" reg_code=""/>
   </players>
  </general>
  <round no="0">
   <action type="15" player="glazy" no="1" sum="350"/>
   <action type="15" player="vouklandu" no="2" sum="350"/>
   <action type="15" player="Pikobelo" no="3" sum="350"/>
   <action type="15" player="tiomindas" no="4" sum="350"/>
   <action type="15" player="adluc1989" no="5" sum="350"/>
   <action type="15" player="Gfs1505" no="6" sum="350"/>
   <action type="15" player="xxmmxxiii" no="7" sum="350"/>
   <action type="15" player="VladacCZ" no="8" sum="350"/>
   <action type="1" player="glazy" no="9" sum="1,250"/>
   <action type="2" player="vouklandu" no="10" sum="2,500"/>
  </round>
  <round no="1">
   <cards type="Pocket" player="Pikobelo">X X</cards>
   <action type="23" player="Pikobelo" no="11" sum="5,000"/>
   <cards type="Pocket" player="tiomindas">X X</cards>
   <action type="0" player="tiomindas" no="12" sum="0"/>
   <cards type="Pocket" player="adluc1989">X X</cards>
   <action type="0" player="adluc1989" no="13" sum="0"/>
   <cards type="Pocket" player="Gfs1505">S6 S7</cards>
   <action type="0" player="Gfs1505" no="14" sum="0"/>
   <cards type="Pocket" player="xxmmxxiii">X X</cards>
   <action type="0" player="xxmmxxiii" no="15" sum="0"/>
   <cards type="Pocket" player="VladacCZ">X X</cards>
   <action type="0" player="VladacCZ" no="16" sum="0"/>
   <cards type="Pocket" player="glazy">X X</cards>
   <action type="0" player="glazy" no="17" sum="0"/>
   <cards type="Pocket" player="vouklandu">X X</cards>
   <action type="3" player="vouklandu" no="18" sum="2,500"/>
  </round>
  <round no="2">
   <cards type="Flop">H8 DA CK</cards>
   <action type="4" player="vouklandu" no="19" sum="0"/>
   <action type="5" player="Pikobelo" no="20" sum="2,500"/>
   <action type="3" player="vouklandu" no="21" sum="2,500"/>
  </round>
  <round no="3">
   <cards type="Turn">SQ</cards>
   <action type="4" player="vouklandu" no="22" sum="0"/>
   <action type="5" player="Pikobelo" no="23" sum="9,525"/>
   <action type="0" player="vouklandu" no="24" sum="0"/>
  </round>
 </game>
 <game gamecode="11596026987">
  <general>
   <startdate>2025-07-25 15:53:56</startdate>
   <smallblind>1,250</smallblind>
   <bigblind>2,500</bigblind>
   <ante>350</ante>
   <players>
    <player win="0" addon="0" dealer="0" seat="1" chips="106,250" rebuy="0" bet="5,350" name="Pikobelo" reg_code=""/>
    <player win="0" addon="0" dealer="0" seat="2" chips="98,700" rebuy="0" bet="350" name="tiomindas" reg_code=""/>
    <player win="0" addon="0" dealer="0" seat="4" chips="154,564" rebuy="0" bet="350" name="adluc1989" reg_code=""/>
    <player win="0" addon="0" dealer="0" seat="5" chips="93,062" rebuy="0" bet="350" name="Gfs1505" reg_code="8414336795"/>
    <player win="0" addon="0" dealer="0" seat="6" chips="309,660" rebuy="0" bet="350" name="xxmmxxiii" reg_code=""/>
    <player win="0" addon="0" dealer="0" seat="7" chips="115,878" rebuy="0" bet="350" name="VladacCZ" reg_code=""/>
    <player win="0" addon="0" dealer="1" seat="9" chips="590,395" rebuy="0" bet="350" name="glazy" reg_code=""/>
    <player win="12,800" addon="0" dealer="0" seat="10" chips="224,400" rebuy="0" bet="11,750" name="vouklandu" reg_code=""/>
   </players>
  </general>
  <round no="0">
   <action type="15" player="vouklandu" no="1" sum="350"/>
   <action type="15" player="Pikobelo" no="2" sum="350"/>
   <action type="15" player="tiomindas" no="3" sum="350"/>
   <action type="15" player="adluc1989" no="4" sum="350"/>
   <action type="15" player="Gfs1505" no="5" sum="350"/>
   <action type="15" player="xxmmxxiii" no="6" sum="350"/>
   <action type="15" player="VladacCZ" no="7" sum="350"/>
   <action type="15" player="glazy" no="8" sum="350"/>
   <action type="1" player="vouklandu" no="9" sum="1,250"/>
   <action type="2" player="Pikobelo" no="10" sum="2,500"/>
  </round>
  <round no="1">
   <cards type="Pocket" player="tiomindas">X X</cards>
   <action type="0" player="tiomindas" no="11" sum="0"/>
   <cards type="Pocket" player="adluc1989">X X</cards>
   <action type="0" player="adluc1989" no="12" sum="0"/>
   <cards type="Pocket" player="Gfs1505">H9 S10</cards>
   <action type="0" player="Gfs1505" no="13" sum="0"/>
   <cards type="Pocket" player="xxmmxxiii">X X</cards>
   <action type="0" player="xxmmxxiii" no="14" sum="0"/>
   <cards type="Pocket" player="VladacCZ">X X</cards>
   <action type="0" player="VladacCZ" no="15" sum="0"/>
   <cards type="Pocket" player="glazy">X X</cards>
   <action type="0" player="glazy" no="16" sum="0"/>
   <cards type="Pocket" player="vouklandu">X X</cards>
   <action type="23" player="vouklandu" no="17" sum="5,000"/>
   <cards type="Pocket" player="Pikobelo">X X</cards>
   <action type="3" player="Pikobelo" no="18" sum="2,500"/>
  </round>
  <round no="2">
   <cards type="Flop">HK C6 H3</cards>
   <action type="5" player="vouklandu" no="19" sum="6,400"/>
   <action type="0" player="Pikobelo" no="20" sum="0"/>
  </round>
 </game>
 <game gamecode="11596027017">
  <general>
   <startdate>2025-07-25 15:54:41</startdate>
   <smallblind>1,250</smallblind>
   <bigblind>2,500</bigblind>
   <ante>350</ante>
   <players>
    <player win="0" addon="0" dealer="0" seat="1" chips="100,900" rebuy="0" bet="5,350" name="Pikobelo" reg_code=""/>
    <player win="17,800" addon="0" dealer="0" seat="2" chips="98,350" rebuy="0" bet="20,000" name="tiomindas" reg_code=""/>
    <player win="0" addon="0" dealer="0" seat="4" chips="154,214" rebuy="0" bet="350" name="adluc1989" reg_code=""/>
    <player win="0" addon="0" dealer="0" seat="5" chips="92,712" rebuy="0" bet="350" name="Gfs1505" reg_code="8414336795"/>
    <player win="0" addon="0" dealer="0" seat="6" chips="309,310" rebuy="0" bet="5,350" name="xxmmxxiii" reg_code=""/>
    <player win="0" addon="0" dealer="0" seat="7" chips="115,528" rebuy="0" bet="350" name="VladacCZ" reg_code=""/>
    <player win="0" addon="0" dealer="0" seat="9" chips="590,045" rebuy="0" bet="350" name="glazy" reg_code=""/>
    <player win="0" addon="0" dealer="1" seat="10" chips="231,850" rebuy="0" bet="350" name="vouklandu" reg_code=""/>
   </players>
  </general>
  <round no="0">
   <action type="15" player="Pikobelo" no="1" sum="350"/>
   <action type="15" player="tiomindas" no="2" sum="350"/>
   <action type="15" player="adluc1989" no="3" sum="350"/>
   <action type="15" player="Gfs1505" no="4" sum="350"/>
   <action type="15" player="xxmmxxiii" no="5" sum="350"/>
   <action type="15" player="VladacCZ" no="6" sum="350"/>
   <action type="15" player="glazy" no="7" sum="350"/>
   <action type="15" player="vouklandu" no="8" sum="350"/>
   <action type="1" player="Pikobelo" no="9" sum="1,250"/>
   <action type="2" player="tiomindas" no="10" sum="2,500"/>
  </round>
  <round no="1">
   <cards type="Pocket" player="adluc1989">X X</cards>
   <action type="0" player="adluc1989" no="11" sum="0"/>
   <cards type="Pocket" player="Gfs1505">DK C6</cards>
   <action type="0" player="Gfs1505" no="12" sum="0"/>
   <cards type="Pocket" player="xxmmxxiii">X X</cards>
   <action type="23" player="xxmmxxiii" no="13" sum="5,000"/>
   <cards type="Pocket" player="VladacCZ">X X</cards>
   <action type="0" player="VladacCZ" no="14" sum="0"/>
   <cards type="Pocket" player="glazy">X X</cards>
   <action type="0" player="glazy" no="15" sum="0"/>
   <cards type="Pocket" player="vouklandu">X X</cards>
   <action type="0" player="vouklandu" no="16" sum="0"/>
   <cards type="Pocket" player="Pikobelo">X X</cards>
   <action type="3" player="Pikobelo" no="17" sum="3,750"/>
   <cards type="Pocket" player="tiomindas">X X</cards>
   <action type="23" player="tiomindas" no="18" sum="20,000"/>
   <action type="0" player="xxmmxxiii" no="19" sum="0"/>
   <action type="0" player="Pikobelo" no="20" sum="0"/>
  </round>
 </game>
 <game gamecode="11596027055">
  <general>
   <startdate>2025-07-25 16:03:07</startdate>
   <smallblind>1,250</smallblind>
   <bigblind>2,500</bigblind>
   <ante>350</ante>
   <players>
    <player win="0" addon="0" dealer="1" seat="1" chips="95,550" rebuy="0" bet="350" name="Pikobelo" reg_code=""/>
    <player win="0" addon="0" dealer="0" seat="2" chips="110,800" rebuy="0" bet="1,600" name="tiomindas" reg_code=""/>
    <player win="0" addon="0" dealer="0" seat="4" chips="153,864" rebuy="0" bet="2,850" name="adluc1989" reg_code=""/>
    <player win="0" addon="0" dealer="0" seat="5" chips="92,362" rebuy="0" bet="350" name="Gfs1505" reg_code="8414336795"/>
    <player win="0" addon="0" dealer="0" seat="6" chips="303,960" rebuy="0" bet="350" name="xxmmxxiii" reg_code=""/>
    <player win="0" addon="0" dealer="0" seat="7" chips="115,178" rebuy="0" bet="350" name="VladacCZ" reg_code=""/>
    <player win="0" addon="0" dealer="0" seat="9" chips="589,695" rebuy="0" bet="350" name="glazy" reg_code=""/>
    <player win="9,050" addon="0" dealer="0" seat="10" chips="231,500" rebuy="0" bet="5,000" name="vouklandu" reg_code=""/>
   </players>
  </general>
  <round no="0">
   <action type="15" player="tiomindas" no="1" sum="350"/>
   <action type="15" player="adluc1989" no="2" sum="350"/>
   <action type="15" player="Gfs1505" no="3" sum="350"/>
   <action type="15" player="xxmmxxiii" no="4" sum="350"/>
   <action type="15" player="VladacCZ" no="5" sum="350"/>
   <action type="15" player="glazy" no="6" sum="350"/>
   <action type="15" player="vouklandu" no="7" sum="350"/>
   <action type="15" player="Pikobelo" no="8" sum="350"/>
   <action type="1" player="tiomindas" no="9" sum="1,250"/>
   <action type="2" player="adluc1989" no="10" sum="2,500"/>
  </round>
  <round no="1">
   <cards type="Pocket" player="Gfs1505">SA C7</cards>
   <action type="0" player="Gfs1505" no="11" sum="0"/>
   <cards type="Pocket" player="xxmmxxiii">X X</cards>
   <action type="0" player="xxmmxxiii" no="12" sum="0"/>
   <cards type="Pocket" player="VladacCZ">X X</cards>
   <action type="0" player="VladacCZ" no="13" sum="0"/>
   <cards type="Pocket" player="glazy">X X</cards>
   <action type="0" player="glazy" no="14" sum="0"/>
   <cards type="Pocket" player="vouklandu">X X</cards>
   <action type="23" player="vouklandu" no="15" sum="5,000"/>
   <cards type="Pocket" player="Pikobelo">X X</cards>
   <action type="0" player="Pikobelo" no="16" sum="0"/>
   <cards type="Pocket" player="tiomindas">X X</cards>
   <action type="0" player="tiomindas" no="17" sum="0"/>
   <cards type="Pocket" player="adluc1989">X X</cards>
   <action type="0" player="adluc1989" no="18" sum="0"/>
  </round>
 </game>
 <game gamecode="11596027100">
  <general>
   <startdate>2025-07-25 16:04:09</startdate>
   <smallblind>1,250</smallblind>
   <bigblind>2,500</bigblind>
   <ante>350</ante>
   <players>
    <player win="29,050" addon="0" dealer="0" seat="1" chips="95,200" rebuy="0" bet="31,600" name="Pikobelo" reg_code=""/>
    <player win="0" addon="0" dealer="1" seat="2" chips="109,200" rebuy="0" bet="350" name="tiomindas" reg_code=""/>
    <player win="0" addon="0" dealer="0" seat="4" chips="151,014" rebuy="0" bet="1,600" name="adluc1989" reg_code=""/>
    <player win="0" addon="0" dealer="0" seat="5" chips="92,012" rebuy="0" bet="12,850" name="Gfs1505" reg_code="8414336795"/>
    <player win="0" addon="0" dealer="0" seat="6" chips="303,610" rebuy="0" bet="350" name="xxmmxxiii" reg_code=""/>
    <player win="0" addon="0" dealer="0" seat="7" chips="114,828" rebuy="0" bet="350" name="VladacCZ" reg_code=""/>
    <player win="0" addon="0" dealer="0" seat="9" chips="589,345" rebuy="0" bet="350" name="glazy" reg_code=""/>
    <player win="0" addon="0" dealer="0" seat="10" chips="237,700" rebuy="0" bet="350" name="vouklandu" reg_code=""/>
   </players>
  </general>
  <round no="0">
   <action type="15" player="adluc1989" no="1" sum="350"/>
   <action type="15" player="Gfs1505" no="2" sum="350"/>
   <action type="15" player="xxmmxxiii" no="3" sum="350"/>
   <action type="15" player="VladacCZ" no="4" sum="350"/>
   <action type="15" player="glazy" no="5" sum="350"/>
   <action type="15" player="vouklandu" no="6" sum="350"/>
   <action type="15" player="Pikobelo" no="7" sum="350"/>
   <action type="15" player="tiomindas" no="8" sum="350"/>
   <action type="1" player="adluc1989" no="9" sum="1,250"/>
   <action type="2" player="Gfs1505" no="10" sum="2,500"/>
  </round>
  <round no="1">
   <cards type="Pocket" player="xxmmxxiii">X X</cards>
   <action type="0" player="xxmmxxiii" no="11" sum="0"/>
   <cards type="Pocket" player="VladacCZ">X X</cards>
   <action type="0" player="VladacCZ" no="12" sum="0"/>
   <cards type="Pocket" player="glazy">X X</cards>
   <action type="0" player="glazy" no="13" sum="0"/>
   <cards type="Pocket" player="vouklandu">X X</cards>
   <action type="0" player="vouklandu" no="14" sum="0"/>
   <cards type="Pocket" player="Pikobelo">X X</cards>
   <action type="23" player="Pikobelo" no="15" sum="5,000"/>
   <cards type="Pocket" player="tiomindas">X X</cards>
   <action type="0" player="tiomindas" no="16" sum="0"/>
   <cards type="Pocket" player="adluc1989">X X</cards>
   <action type="0" player="adluc1989" no="17" sum="0"/>
   <cards type="Pocket" player="Gfs1505">DQ S8</cards>
   <action type="3" player="Gfs1505" no="18" sum="2,500"/>
  </round>
  <round no="2">
   <cards type="Flop">SJ H2 H9</cards>
   <action type="4" player="Gfs1505" no="19" sum="0"/>
   <action type="5" player="Pikobelo" no="20" sum="7,500"/>
   <action type="3" player="Gfs1505" no="21" sum="7,500"/>
  </round>
  <round no="3">
   <cards type="Turn">CJ</cards>
   <action type="4" player="Gfs1505" no="22" sum="0"/>
   <action type="5" player="Pikobelo" no="23" sum="18,750"/>
   <action type="0" player="Gfs1505" no="24" sum="0"/>
  </round>
 </game>
 <game gamecode="11596027204">
  <general>
   <startdate>2025-07-25 16:06:31</startdate>
   <smallblind>1,250</smallblind>
   <bigblind>2,500</bigblind>
   <ante>350</ante>
   <players>
    <player win="0" addon="0" dealer="0" seat="1" chips="111,400" rebuy="0" bet="350" name="Pikobelo" reg_code=""/>
    <player win="0" addon="0" dealer="0" seat="2" chips="108,850" rebuy="0" bet="350" name="tiomindas" reg_code=""/>
    <player win="0" addon="0" dealer="1" seat="4" chips="149,414" rebuy="0" bet="350" name="adluc1989" reg_code=""/>
    <player win="0" addon="0" dealer="0" seat="5" chips="79,162" rebuy="0" bet="1,600" name="Gfs1505" reg_code="8414336795"/>
    <player win="0" addon="0" dealer="0" seat="6" chips="303,260" rebuy="0" bet="2,850" name="xxmmxxiii" reg_code=""/>
    <player win="0" addon="0" dealer="0" seat="7" chips="114,478" rebuy="0" bet="350" name="VladacCZ" reg_code=""/>
    <player win="0" addon="0" dealer="0" seat="9" chips="588,995" rebuy="0" bet="350" name="glazy" reg_code=""/>
    <player win="9,050" addon="0" dealer="0" seat="10" chips="237,350" rebuy="0" bet="6,250" name="vouklandu" reg_code=""/>
   </players>
  </general>
  <round no="0">
   <action type="15" player="Gfs1505" no="1" sum="350"/>
   <action type="15" player="xxmmxxiii" no="2" sum="350"/>
   <action type="15" player="VladacCZ" no="3" sum="350"/>
   <action type="15" player="glazy" no="4" sum="350"/>
   <action type="15" player="vouklandu" no="5" sum="350"/>
   <action type="15" player="Pikobelo" no="6" sum="350"/>
   <action type="15" player="tiomindas" no="7" sum="350"/>
   <action type="15" player="adluc1989" no="8" sum="350"/>
   <action type="1" player="Gfs1505" no="9" sum="1,250"/>
   <action type="2" player="xxmmxxiii" no="10" sum="2,500"/>
  </round>
  <round no="1">
   <cards type="Pocket" player="VladacCZ">X X</cards>
   <action type="0" player="VladacCZ" no="11" sum="0"/>
   <cards type="Pocket" player="glazy">X X</cards>
   <action type="0" player="glazy" no="12" sum="0"/>
   <cards type="Pocket" player="vouklandu">X X</cards>
   <action type="23" player="vouklandu" no="13" sum="6,250"/>
   <cards type="Pocket" player="Pikobelo">X X</cards>
   <action type="0" player="Pikobelo" no="14" sum="0"/>
   <cards type="Pocket" player="tiomindas">X X</cards>
   <action type="0" player="tiomindas" no="15" sum="0"/>
   <cards type="Pocket" player="adluc1989">X X</cards>
   <action type="0" player="adluc1989" no="16" sum="0"/>
   <cards type="Pocket" player="Gfs1505">S6 DK</cards>
   <action type="0" player="Gfs1505" no="17" sum="0"/>
   <cards type="Pocket" player="xxmmxxiii">X X</cards>
   <action type="0" player="xxmmxxiii" no="18" sum="0"/>
  </round>
 </game>
 <game gamecode="11596052595">
  <general>
   <startdate>2025-07-25 16:07:23</startdate>
   <smallblind>1,250</smallblind>
   <bigblind>2,500</bigblind>
   <ante>350</ante>
   <players>
    <player win="15,300" addon="0" dealer="0" seat="1" chips="111,050" rebuy="0" bet="11,600" name="Pikobelo" reg_code=""/>
    <player win="0" addon="0" dealer="0" seat="2" chips="108,500" rebuy="0" bet="350" name="tiomindas" reg_code=""/>
    <player win="0" addon="0" dealer="0" seat="4" chips="149,064" rebuy="0" bet="350" name="adluc1989" reg_code=""/>
    <player win="0" addon="0" dealer="1" seat="5" chips="77,562" rebuy="0" bet="350" name="Gfs1505" reg_code="8414336795"/>
    <player win="0" addon="0" dealer="0" seat="6" chips="300,410" rebuy="0" bet="5,350" name="xxmmxxiii" reg_code=""/>
    <player win="0" addon="0" dealer="0" seat="7" chips="114,128" rebuy="0" bet="2,850" name="VladacCZ" reg_code=""/>
    <player win="0" addon="0" dealer="0" seat="9" chips="588,645" rebuy="0" bet="350" name="glazy" reg_code=""/>
    <player win="0" addon="0" dealer="0" seat="10" chips="243,550" rebuy="0" bet="350" name="vouklandu" reg_code=""/>
   </players>
  </general>
  <round no="0">
   <action type="15" player="xxmmxxiii" no="1" sum="350"/>
   <action type="15" player="VladacCZ" no="2" sum="350"/>
   <action type="15" player="glazy" no="3" sum="350"/>
   <action type="15" player="vouklandu" no="4" sum="350"/>
   <action type="15" player="Pikobelo" no="5" sum="350"/>
   <action type="15" player="tiomindas" no="6" sum="350"/>
   <action type="15" player="adluc1989" no="7" sum="350"/>
   <action type="15" player="Gfs1505" no="8" sum="350"/>
   <action type="1" player="xxmmxxiii" no="9" sum="1,250"/>
   <action type="2" player="VladacCZ" no="10" sum="2,500"/>
  </round>
  <round no="1">
   <cards type="Pocket" player="glazy">X X</cards>
   <action type="0" player="glazy" no="11" sum="0"/>
   <cards type="Pocket" player="vouklandu">X X</cards>
   <action type="0" player="vouklandu" no="12" sum="0"/>
   <cards type="Pocket" player="Pikobelo">X X</cards>
   <action type="23" player="Pikobelo" no="13" sum="5,000"/>
   <cards type="Pocket" player="tiomindas">X X</cards>
   <action type="0" player="tiomindas" no="14" sum="0"/>
   <cards type="Pocket" player="adluc1989">X X</cards>
   <action type="0" player="adluc1989" no="15" sum="0"/>
   <cards type="Pocket" player="Gfs1505">D8 D3</cards>
   <action type="0" player="Gfs1505" no="16" sum="0"/>
   <cards type="Pocket" player="xxmmxxiii">X X</cards>
   <action type="3" player="xxmmxxiii" no="17" sum="3,750"/>
   <cards type="Pocket" player="VladacCZ">X X</cards>
   <action type="0" player="VladacCZ" no="18" sum="0"/>
  </round>
  <round no="2">
   <cards type="Flop">C10 S7 H10</cards>
   <action type="4" player="xxmmxxiii" no="19" sum="0"/>
   <action type="5" player="Pikobelo" no="20" sum="6,250"/>
   <action type="0" player="xxmmxxiii" no="21" sum="0"/>
  </round>
 </game>
 <game gamecode="11596052663">
  <general>
   <startdate>2025-07-25 16:08:11</startdate>
   <smallblind>1,250</smallblind>
   <bigblind>2,500</bigblind>
   <ante>350</ante>
   <players>
    <player win="0" addon="0" dealer="0" seat="1" chips="121,000" rebuy="0" bet="350" name="Pikobelo" reg_code=""/>
    <player win="0" addon="0" dealer="0" seat="2" chips="108,150" rebuy="0" bet="350" name="tiomindas" reg_code=""/>
    <player win="0" addon="0" dealer="0" seat="4" chips="148,714" rebuy="0" bet="350" name="adluc1989" reg_code=""/>
    <player win="160,274" addon="0" dealer="0" seat="5" chips="77,212" rebuy="0" bet="77,212" name="Gfs1505" reg_code="8414336795"/>
    <player win="0" addon="0" dealer="1" seat="6" chips="295,060" rebuy="0" bet="350" name="xxmmxxiii" reg_code=""/>
    <player win="0" addon="0" dealer="0" seat="7" chips="111,278" rebuy="0" bet="1,600" name="VladacCZ" reg_code=""/>
    <player win="0" addon="0" dealer="0" seat="9" chips="588,295" rebuy="0" bet="2,850" name="glazy" reg_code=""/>
    <player win="0" addon="0" dealer="0" seat="10" chips="243,200" rebuy="0" bet="77,212" name="vouklandu" reg_code=""/>
   </players>
  </general>
  <round no="0">
   <action type="15" player="VladacCZ" no="1" sum="350"/>
   <action type="15" player="glazy" no="2" sum="350"/>
   <action type="15" player="vouklandu" no="3" sum="350"/>
   <action type="15" player="Pikobelo" no="4" sum="350"/>
   <action type="15" player="tiomindas" no="5" sum="350"/>
   <action type="15" player="adluc1989" no="6" sum="350"/>
   <action type="15" player="Gfs1505" no="7" sum="350"/>
   <action type="15" player="xxmmxxiii" no="8" sum="350"/>
   <action type="1" player="VladacCZ" no="9" sum="1,250"/>
   <action type="2" player="glazy" no="10" sum="2,500"/>
  </round>
  <round no="1">
   <cards type="Pocket" player="vouklandu">H9 HA</cards>
   <action type="23" player="vouklandu" no="11" sum="5,000"/>
   <cards type="Pocket" player="Pikobelo">X X</cards>
   <action type="0" player="Pikobelo" no="12" sum="0"/>
   <cards type="Pocket" player="tiomindas">X X</cards>
   <action type="0" player="tiomindas" no="13" sum="0"/>
   <cards type="Pocket" player="adluc1989">X X</cards>
   <action type="0" player="adluc1989" no="14" sum="0"/>
   <cards type="Pocket" player="Gfs1505">D3 H3</cards>
   <action type="3" player="Gfs1505" no="15" sum="5,000"/>
   <cards type="Pocket" player="xxmmxxiii">X X</cards>
   <action type="0" player="xxmmxxiii" no="16" sum="0"/>
   <cards type="Pocket" player="VladacCZ">X X</cards>
   <action type="0" player="VladacCZ" no="17" sum="0"/>
   <cards type="Pocket" player="glazy">X X</cards>
   <action type="0" player="glazy" no="18" sum="0"/>
  </round>
  <round no="2">
   <cards type="Flop">CK S3 H6</cards>
   <action type="4" player="vouklandu" no="19" sum="0"/>
   <action type="5" player="Gfs1505" no="20" sum="5,461"/>
   <action type="3" player="vouklandu" no="21" sum="5,461"/>
  </round>
  <round no="3">
   <cards type="Turn">CA</cards>
   <action type="4" player="vouklandu" no="22" sum="0"/>
   <action type="5" player="Gfs1505" no="23" sum="18,131"/>
   <action type="3" player="vouklandu" no="24" sum="18,131"/>
  </round>
  <round no="4">
   <cards type="River">HK</cards>
   <action type="4" player="vouklandu" no="25" sum="0"/>
   <action type="5" player="Gfs1505" no="26" sum="48,270"/>
   <action type="3" player="vouklandu" no="27" sum="48,270"/>
  </round>
 </game>
 <game gamecode="11596052795">
  <general>
   <startdate>2025-07-25 16:09:41</startdate>
   <smallblind>1,250</smallblind>
   <bigblind>2,500</bigblind>
   <ante>350</ante>
   <players>
    <player win="0" addon="0" dealer="0" seat="1" chips="120,650" rebuy="0" bet="350" name="Pikobelo" reg_code=""/>
    <player win="0" addon="0" dealer="0" seat="2" chips="107,800" rebuy="0" bet="350" name="tiomindas" reg_code=""/>
    <player win="0" addon="0" dealer="0" seat="4" chips="148,364" rebuy="0" bet="350" name="adluc1989" reg_code=""/>
    <player win="0" addon="0" dealer="0" seat="5" chips="160,274" rebuy="0" bet="350" name="Gfs1505" reg_code="8414336795"/>
    <player win="0" addon="0" dealer="0" seat="6" chips="294,710" rebuy="0" bet="5,350" name="xxmmxxiii" reg_code=""/>
    <player win="0" addon="0" dealer="1" seat="7" chips="109,678" rebuy="0" bet="350" name="VladacCZ" reg_code=""/>
    <player win="15,300" addon="0" dealer="0" seat="9" chips="585,445" rebuy="0" bet="26,250" name="glazy" reg_code=""/>
    <player win="0" addon="0" dealer="0" seat="10" chips="165,988" rebuy="0" bet="2,850" name="vouklandu" reg_code=""/>
   </players>
  </general>
  <round no="0">
   <action type="15" player="glazy" no="1" sum="350"/>
   <action type="15" player="vouklandu" no="2" sum="350"/>
   <action type="15" player="Pikobelo" no="3" sum="350"/>
   <action type="15" player="tiomindas" no="4" sum="350"/>
   <action type="15" player="adluc1989" no="5" sum="350"/>
   <action type="15" player="Gfs1505" no="6" sum="350"/>
   <action type="15" player="xxmmxxiii" no="7" sum="350"/>
   <action type="15" player="VladacCZ" no="8" sum="350"/>
   <action type="1" player="glazy" no="9" sum="1,250"/>
   <action type="2" player="vouklandu" no="10" sum="2,500"/>
  </round>
  <round no="1">
   <cards type="Pocket" player="Pikobelo">X X</cards>
   <action type="0" player="Pikobelo" no="11" sum="0"/>
   <cards type="Pocket" player="tiomindas">X X</cards>
   <action type="0" player="tiomindas" no="12" sum="0"/>
   <cards type="Pocket" player="adluc1989">X X</cards>
   <action type="0" player="adluc1989" no="13" sum="0"/>
   <cards type="Pocket" player="Gfs1505">H5 DA</cards>
   <action type="0" player="Gfs1505" no="14" sum="0"/>
   <cards type="Pocket" player="xxmmxxiii">X X</cards>
   <action type="23" player="xxmmxxiii" no="15" sum="5,000"/>
   <cards type="Pocket" player="VladacCZ">X X</cards>
   <action type="0" player="VladacCZ" no="16" sum="0"/>
   <cards type="Pocket" player="glazy">X X</cards>
   <action type="23" player="glazy" no="17" sum="26,250"/>
   <cards type="Pocket" player="vouklandu">X X</cards>
   <action type="0" player="vouklandu" no="18" sum="0"/>
   <action type="0" player="xxmmxxiii" no="19" sum="0"/>
  </round>
 </game>
 <game gamecode="11596052861">
  <general>
   <startdate>2025-07-25 16:10:31</startdate>
   <smallblind>1,250</smallblind>
   <bigblind>2,500</bigblind>
   <ante>350</ante>
   <players>
    <player win="0" addon="0" dealer="0" seat="1" chips="120,300" rebuy="0" bet="5,350" name="Pikobelo" reg_code=""/>
    <player win="0" addon="0" dealer="0" seat="2" chips="107,450" rebuy="0" bet="350" name="tiomindas" reg_code=""/>
    <player win="0" addon="0" dealer="0" seat="4" chips="148,014" rebuy="0" bet="350" name="adluc1989" reg_code=""/>
    <player win="0" addon="0" dealer="0" seat="5" chips="159,924" rebuy="0" bet="350" name="Gfs1505" reg_code="8414336795"/>
    <player win="0" addon="0" dealer="0" seat="6" chips="289,360" rebuy="0" bet="350" name="xxmmxxiii" reg_code=""/>
    <player win="0" addon="0" dealer="0" seat="7" chips="109,328" rebuy="0" bet="350" name="VladacCZ" reg_code=""/>
    <player win="17,800" addon="0" dealer="1" seat="9" chips="595,395" rebuy="0" bet="9,800" name="glazy" reg_code=""/>
    <player win="0" addon="0" dealer="0" seat="10" chips="163,138" rebuy="0" bet="5,350" name="vouklandu" reg_code=""/>
   </players>
  </general>
  <round no="0">
   <action type="15" player="vouklandu" no="1" sum="350"/>
   <action type="15" player="Pikobelo" no="2" sum="350"/>
   <action type="15" player="tiomindas" no="3" sum="350"/>
   <action type="15" player="adluc1989" no="4" sum="350"/>
   <action type="15" player="Gfs1505" no="5" sum="350"/>
   <action type="15" player="xxmmxxiii" no="6" sum="350"/>
   <action type="15" player="VladacCZ" no="7" sum="350"/>
   <action type="15" player="glazy" no="8" sum="350"/>
   <action type="1" player="vouklandu" no="9" sum="1,250"/>
   <action type="2" player="Pikobelo" no="10" sum="2,500"/>
  </round>
  <round no="1">
   <cards type="Pocket" player="tiomindas">X X</cards>
   <action type="0" player="tiomindas" no="11" sum="0"/>
   <cards type="Pocket" player="adluc1989">X X</cards>
   <action type="0" player="adluc1989" no="12" sum="0"/>
   <cards type="Pocket" player="Gfs1505">S8 C9</cards>
   <action type="0" player="Gfs1505" no="13" sum="0"/>
   <cards type="Pocket" player="xxmmxxiii">X X</cards>
   <action type="0" player="xxmmxxiii" no="14" sum="0"/>
   <cards type="Pocket" player="VladacCZ">X X</cards>
   <action type="0" player="VladacCZ" no="15" sum="0"/>
   <cards type="Pocket" player="glazy">X X</cards>
   <action type="23" player="glazy" no="16" sum="5,000"/>
   <cards type="Pocket" player="vouklandu">X X</cards>
   <action type="3" player="vouklandu" no="17" sum="3,750"/>
   <cards type="Pocket" player="Pikobelo">X X</cards>
   <action type="3" player="Pikobelo" no="18" sum="2,500"/>
  </round>
  <round no="2">
   <cards type="Flop">DQ D3 SQ</cards>
   <action type="4" player="vouklandu" no="19" sum="0"/>
   <action type="4" player="Pikobelo" no="20" sum="0"/>
   <action type="5" player="glazy" no="21" sum="4,450"/>
   <action type="0" player="vouklandu" no="22" sum="0"/>
   <action type="0" player="Pikobelo" no="23" sum="0"/>
  </round>
 </game>
 <game gamecode="11596052969">
  <general>
   <startdate>2025-07-25 16:11:51</startdate>
   <smallblind>1,250</smallblind>
   <bigblind>2,500</bigblind>
   <ante>350</ante>
   <players>
    <player win="0" addon="0" dealer="0" seat="1" chips="114,950" rebuy="0" bet="1,600" name="Pikobelo" reg_code=""/>
    <player win="0" addon="0" dealer="0" seat="2" chips="107,100" rebuy="0" bet="5,350" name="tiomindas" reg_code=""/>
    <player win="0" addon="0" dealer="0" seat="4" chips="147,664" rebuy="0" bet="350" name="adluc1989" reg_code=""/>
    <player win="0" addon="0" dealer="0" seat="5" chips="159,574" rebuy="0" bet="350" name="Gfs1505" reg_code="8414336795"/>
    <player win="14,050" addon="0" dealer="0" seat="6" chips="289,010" rebuy="0" bet="8,862" name="xxmmxxiii" reg_code=""/>
    <player win="0" addon="0" dealer="0" seat="7" chips="108,978" rebuy="0" bet="350" name="VladacCZ" reg_code=""/>
    <player win="0" addon="0" dealer="0" seat="9" chips="607,845" rebuy="0" bet="350" name="glazy" reg_code=""/>
    <player win="0" addon="0" dealer="1" seat="10" chips="157,788" rebuy="0" bet="350" name="vouklandu" reg_code=""/>
   </players>
  </general>
  <round no="0">
   <action type="15" player="Pikobelo" no="1" sum="350"/>
   <action type="15" player="tiomindas" no="2" sum="350"/>
   <action type="15" player="adluc1989" no="3" sum="350"/>
   <action type="15" player="Gfs1505" no="4" sum="350"/>
   <action type="15" player="xxmmxxiii" no="5" sum="350"/>
   <action type="15" player="VladacCZ" no="6" sum="350"/>
   <action type="15" player="glazy" no="7" sum="350"/>
   <action type="15" player="vouklandu" no="8" sum="350"/>
   <action type="1" player="Pikobelo" no="9" sum="1,250"/>
   <action type="2" player="tiomindas" no="10" sum="2,500"/>
  </round>
  <round no="1">
   <cards type="Pocket" player="adluc1989">X X</cards>
   <action type="0" player="adluc1989" no="11" sum="0"/>
   <cards type="Pocket" player="Gfs1505">C4 H6</cards>
   <action type="0" player="Gfs1505" no="12" sum="0"/>
   <cards type="Pocket" player="xxmmxxiii">X X</cards>
   <action type="23" player="xxmmxxiii" no="13" sum="5,000"/>
   <cards type="Pocket" player="VladacCZ">X X</cards>
   <action type="0" player="VladacCZ" no="14" sum="0"/>
   <cards type="Pocket" player="glazy">X X</cards>
   <action type="0" player="glazy" no="15" sum="0"/>
   <cards type="Pocket" player="vouklandu">X X</cards>
   <action type="0" player="vouklandu" no="16" sum="0"/>
   <cards type="Pocket" player="Pikobelo">X X</cards>
   <action type="0" player="Pikobelo" no="17" sum="0"/>
   <cards type="Pocket" player="tiomindas">X X</cards>
   <action type="3" player="tiomindas" no="18" sum="2,500"/>
  </round>
  <round no="2">
   <cards type="Flop">C2 DQ H2</cards>
   <action type="4" player="tiomindas" no="19" sum="0"/>
   <action type="5" player="xxmmxxiii" no="20" sum="3,512"/>
   <action type="0" player="tiomindas" no="21" sum="0"/>
  </round>
 </game>
 <game gamecode="11596053043">
  <general>
   <startdate>2025-07-25 16:12:43</startdate>
   <smallblind>1,250</smallblind>
   <bigblind>2,500</bigblind>
   <ante>350</ante>
   <players>
    <player win="0" addon="0" dealer="1" seat="1" chips="113,350" rebuy="0" bet="350" name="Pikobelo" reg_code=""/>
    <player win="0" addon="0" dealer="0" seat="2" chips="101,750" rebuy="0" bet="6,600" name="tiomindas" reg_code=""/>
    <player win="0" addon="0" dealer="0" seat="4" chips="147,314" rebuy="0" bet="2,850" name="adluc1989" reg_code=""/>
    <player win="0" addon="0" dealer="0" seat="5" chips="159,224" rebuy="0" bet="350" name="Gfs1505" reg_code="8414336795"/>
    <player win="0" addon="0" dealer="0" seat="6" chips="297,710" rebuy="0" bet="350" name="xxmmxxiii" reg_code=""/>
    <player win="0" addon="0" dealer="0" seat="7" chips="108,628" rebuy="0" bet="350" name="VladacCZ" reg_code=""/>
    <player win="0" addon="0" dealer="0" seat="9" chips="607,495" rebuy="0" bet="350" name="glazy" reg_code=""/>
    <player win="17,800" addon="0" dealer="0" seat="10" chips="157,438" rebuy="0" bet="19,060" name="vouklandu" reg_code=""/>
   </players>
  </general>
  <round no="0">
   <action type="15" player="tiomindas" no="1" sum="350"/>
   <action type="15" player="adluc1989" no="2" sum="350"/>
   <action type="15" player="Gfs1505" no="3" sum="350"/>
   <action type="15" player="xxmmxxiii" no="4" sum="350"/>
   <action type="15" player="VladacCZ" no="5" sum="350"/>
   <action type="15" player="glazy" no="6" sum="350"/>
   <action type="15" player="vouklandu" no="7" sum="350"/>
   <action type="15" player="Pikobelo" no="8" sum="350"/>
   <action type="1" player="tiomindas" no="9" sum="1,250"/>
   <action type="2" player="adluc1989" no="10" sum="2,500"/>
  </round>
  <round no="1">
   <cards type="Pocket" player="Gfs1505">CJ S10</cards>
   <action type="0" player="Gfs1505" no="11" sum="0"/>
   <cards type="Pocket" player="xxmmxxiii">X X</cards>
   <action type="0" player="xxmmxxiii" no="12" sum="0"/>
   <cards type="Pocket" player="VladacCZ">X X</cards>
   <action type="0" player="VladacCZ" no="13" sum="0"/>
   <cards type="Pocket" player="glazy">X X</cards>
   <action type="0" player="glazy" no="14" sum="0"/>
   <cards type="Pocket" player="vouklandu">X X</cards>
   <action type="23" player="vouklandu" no="15" sum="6,250"/>
   <cards type="Pocket" player="Pikobelo">X X</cards>
   <action type="0" player="Pikobelo" no="16" sum="0"/>
   <cards type="Pocket" player="tiomindas">X X</cards>
   <action type="3" player="tiomindas" no="17" sum="5,000"/>
   <cards type="Pocket" player="adluc1989">X X</cards>
   <action type="0" player="adluc1989" no="18" sum="0"/>
  </round>
  <round no="2">
   <cards type="Flop">C2 HJ SJ</cards>
   <action type="4" player="tiomindas" no="19" sum="0"/>
   <action type="4" player="vouklandu" no="20" sum="0"/>
  </round>
  <round no="3">
   <cards type="Turn">SA</cards>
   <action type="4" player="tiomindas" no="21" sum="0"/>
   <action type="4" player="vouklandu" no="22" sum="0"/>
  </round>
  <round no="4">
   <cards type="River">HK</cards>
   <action type="4" player="tiomindas" no="23" sum="0"/>
   <action type="5" player="vouklandu" no="24" sum="12,460"/>
   <action type="0" player="tiomindas" no="25" sum="0"/>
  </round>
 </game>
 <game gamecode="11596053203">
  <general>
   <startdate>2025-07-25 16:14:33</startdate>
   <smallblind>1,500</smallblind>
   <bigblind>3,000</bigblind>
   <ante>400</ante>
   <players>
    <player win="0" addon="0" dealer="1" seat="2" chips="95,150" rebuy="0" bet="400" name="tiomindas" reg_code=""/>
    <player win="0" addon="0" dealer="0" seat="4" chips="144,464" rebuy="0" bet="6,400" name="adluc1989" reg_code=""/>
    <player win="0" addon="0" dealer="0" seat="5" chips="158,874" rebuy="0" bet="158,874" name="Gfs1505" reg_code="8414336795"/>
    <player win="0" addon="0" dealer="0" seat="6" chips="297,360" rebuy="0" bet="400" name="xxmmxxiii" reg_code=""/>
    <player win="0" addon="0" dealer="0" seat="7" chips="108,278" rebuy="0" bet="400" name="VladacCZ" reg_code=""/>
    <player win="325,748" addon="0" dealer="0" seat="9" chips="607,145" rebuy="0" bet="193,190" name="glazy" reg_code=""/>
    <player win="0" addon="0" dealer="0" seat="10" chips="168,638" rebuy="0" bet="400" name="vouklandu" reg_code=""/>
   </players>
  </general>
  <round no="0">
   <action type="15" player="adluc1989" no="1" sum="400"/>
   <action type="15" player="Gfs1505" no="2" sum="400"/>
   <action type="15" player="xxmmxxiii" no="3" sum="400"/>
   <action type="15" player="VladacCZ" no="4" sum="400"/>
   <action type="15" player="glazy" no="5" sum="400"/>
   <action type="15" player="vouklandu" no="6" sum="400"/>
   <action type="15" player="tiomindas" no="7" sum="400"/>
   <action type="1" player="adluc1989" no="8" sum="1,500"/>
   <action type="2" player="Gfs1505" no="9" sum="3,000"/>
  </round>
  <round no="1">
   <cards type="Pocket" player="xxmmxxiii">X X</cards>
   <action type="0" player="xxmmxxiii" no="10" sum="0"/>
   <cards type="Pocket" player="VladacCZ">X X</cards>
   <action type="0" player="VladacCZ" no="11" sum="0"/>
   <cards type="Pocket" player="glazy">S5 D5</cards>
   <action type="23" player="glazy" no="12" sum="6,000"/>
   <cards type="Pocket" player="vouklandu">X X</cards>
   <action type="0" player="vouklandu" no="13" sum="0"/>
   <cards type="Pocket" player="tiomindas">X X</cards>
   <action type="0" player="tiomindas" no="14" sum="0"/>
   <cards type="Pocket" player="adluc1989">X X</cards>
   <action type="3" player="adluc1989" no="15" sum="4,500"/>
   <cards type="Pocket" player="Gfs1505">CJ C5</cards>
   <action type="3" player="Gfs1505" no="16" sum="3,000"/>
  </round>
  <round no="2">
   <cards type="Flop">S7 H5 S2</cards>
   <action type="4" player="adluc1989" no="17" sum="0"/>
   <action type="4" player="Gfs1505" no="18" sum="0"/>
   <action type="5" player="glazy" no="19" sum="11,440"/>
   <action type="0" player="adluc1989" no="20" sum="0"/>
   <action type="3" player="Gfs1505" no="21" sum="11,440"/>
  </round>
  <round no="3">
   <cards type="Turn">D10</cards>
   <action type="4" player="Gfs1505" no="22" sum="0"/>
   <action type="5" player="glazy" no="23" sum="34,500"/>
   <action type="3" player="Gfs1505" no="24" sum="34,500"/>
  </round>
  <round no="4">
   <cards type="River">CK</cards>
   <action type="4" player="Gfs1505" no="25" sum="0"/>
   <action type="5" player="glazy" no="26" sum="140,850"/>
   <action type="7" player="Gfs1505" no="27" sum="106,534"/>
  </round>
 </game>
</session>
