<?xml version="1.0" encoding="utf-8"?>
<session sessioncode="8424211799">
 <general>
  <client_version>25.1.1.9</client_version>
  <mode>real</mode>
  <gametype>Holdem NL</gametype>
  <tablename>€30 THURSDAY ELIMINATOR XL, 1132924957</tablename>
  <tournamentcurrency>EUR</tournamentcurrency>
  <duration>00:22:28</duration>
  <gamecount>22</gamecount>
  <startdate>2025-08-07 13:42:11</startdate>
  <currency>USD</currency>
  <nickname>Gfs1505</nickname>
  <bets>112,700</bets>
  <wins>10,600</wins>
  <chipsin>99,650</chipsin>
  <chipsout>0</chipsout>
  <statuspoints>0.00</statuspoints>
  <awardpoints>0.00</awardpoints>
  <ipoints>0.00</ipoints>
  <tablesize>8</tablesize>
  <tournamentcode>1132171017</tournamentcode>
  <tournamentname>€30 THURSDAY ELIMINATOR XL</tournamentname>
  <place>N/A</place>
  <buyin>€13.65 + €13.65 + €2.70</buyin>
  <totalbuyin>€30</totalbuyin>
  <win>N/A</win>
 </general>
 <game gamecode="11624064252">
  <general>
   <startdate>2025-08-07 13:42:11</startdate>
   <smallblind>1,250</smallblind>
   <bigblind>2,500</bigblind>
   <ante>350</ante>
   <players>
    <player dealer="1" win="0" rebuy="0" addon="0" chips="100,000" seat="1" name="Gfs1505" bet="350" reg_code="8424211799"/>
    <player dealer="0" win="0" rebuy="0" addon="0" chips="90,115" seat="4" name="GorillaGorilla" bet="1,600" reg_code=""/>
    <player dealer="0" win="4,950" rebuy="0" addon="0" chips="229,656" seat="5" name="leotoledo96" bet="2,850" reg_code=""/>
    <player dealer="0" win="0" rebuy="0" addon="0" chips="127,500" seat="6" name="insanium1" bet="350" reg_code=""/>
    <player dealer="0" win="0" rebuy="0" addon="0" chips="92,806" seat="7" name="XxVaselinusxX" bet="350" reg_code=""/>
    <player dealer="0" win="0" rebuy="0" addon="0" chips="317,400" seat="9" name="MrAssistant" bet="350" reg_code=""/>
    <player dealer="0" win="0" rebuy="0" addon="0" chips="136,560" seat="10" name="lammy10runcorn" bet="350" reg_code=""/>
   </players>
  </general>
  <round no="0">
   <action sum="350" no="1" type="15" player="GorillaGorilla"/>
   <action sum="350" no="2" type="15" player="leotoledo96"/>
   <action sum="350" no="3" type="15" player="insanium1"/>
   <action sum="350" no="4" type="15" player="XxVaselinusxX"/>
   <action sum="350" no="5" type="15" player="MrAssistant"/>
   <action sum="350" no="6" type="15" player="lammy10runcorn"/>
   <action sum="350" no="7" type="15" player="Gfs1505"/>
   <action sum="1,250" no="8" type="1" player="GorillaGorilla"/>
   <action sum="2,500" no="9" type="2" player="leotoledo96"/>
  </round>
  <round no="1">
   <cards type="Pocket" player="leotoledo96">X X</cards>
   <cards type="Pocket" player="insanium1">X X</cards>
   <action sum="0" no="10" type="0" player="insanium1"/>
   <cards type="Pocket" player="XxVaselinusxX">X X</cards>
   <action sum="0" no="11" type="0" player="XxVaselinusxX"/>
   <cards type="Pocket" player="MrAssistant">X X</cards>
   <action sum="0" no="12" type="0" player="MrAssistant"/>
   <cards type="Pocket" player="lammy10runcorn">X X</cards>
   <action sum="0" no="13" type="0" player="lammy10runcorn"/>
   <cards type="Pocket" player="Gfs1505">H7 S3</cards>
   <action sum="0" no="14" type="0" player="Gfs1505"/>
   <cards type="Pocket" player="GorillaGorilla">X X</cards>
   <action sum="0" no="15" type="0" player="GorillaGorilla"/>
  </round>
 </game>
 <game gamecode="11624064278">
  <general>
   <startdate>2025-08-07 13:42:25</startdate>
   <smallblind>1,250</smallblind>
   <bigblind>2,500</bigblind>
   <ante>350</ante>
   <players>
    <player dealer="0" win="0" rebuy="0" addon="0" chips="99,650" seat="1" name="Gfs1505" bet="350" reg_code="8424211799"/>
    <player dealer="0" win="9,050" rebuy="0" addon="0" chips="153,345" seat="2" name="Newerkla10" bet="5,000" reg_code=""/>
    <player dealer="1" win="0" rebuy="0" addon="0" chips="88,515" seat="4" name="GorillaGorilla" bet="350" reg_code=""/>
    <player dealer="0" win="0" rebuy="0" addon="0" chips="233,006" seat="5" name="leotoledo96" bet="1,600" reg_code=""/>
    <player dealer="0" win="0" rebuy="0" addon="0" chips="127,150" seat="6" name="insanium1" bet="2,850" reg_code=""/>
    <player dealer="0" win="0" rebuy="0" addon="0" chips="92,456" seat="7" name="XxVaselinusxX" bet="350" reg_code=""/>
    <player dealer="0" win="0" rebuy="0" addon="0" chips="317,050" seat="9" name="MrAssistant" bet="350" reg_code=""/>
    <player dealer="0" win="0" rebuy="0" addon="0" chips="136,210" seat="10" name="lammy10runcorn" bet="350" reg_code=""/>
   </players>
  </general>
  <round no="0">
   <action sum="350" no="1" type="15" player="leotoledo96"/>
   <action sum="350" no="2" type="15" player="insanium1"/>
   <action sum="350" no="3" type="15" player="XxVaselinusxX"/>
   <action sum="350" no="4" type="15" player="MrAssistant"/>
   <action sum="350" no="5" type="15" player="lammy10runcorn"/>
   <action sum="350" no="6" type="15" player="Gfs1505"/>
   <action sum="350" no="7" type="15" player="Newerkla10"/>
   <action sum="350" no="8" type="15" player="GorillaGorilla"/>
   <action sum="1,250" no="9" type="1" player="leotoledo96"/>
   <action sum="2,500" no="10" type="2" player="insanium1"/>
  </round>
  <round no="1">
   <cards type="Pocket" player="XxVaselinusxX">X X</cards>
   <action sum="0" no="11" type="0" player="XxVaselinusxX"/>
   <cards type="Pocket" player="MrAssistant">X X</cards>
   <action sum="0" no="12" type="0" player="MrAssistant"/>
   <cards type="Pocket" player="lammy10runcorn">X X</cards>
   <action sum="0" no="13" type="0" player="lammy10runcorn"/>
   <cards type="Pocket" player="Gfs1505">DK S2</cards>
   <action sum="0" no="14" type="0" player="Gfs1505"/>
   <cards type="Pocket" player="Newerkla10">X X</cards>
   <action sum="5,000" no="15" type="23" player="Newerkla10"/>
   <cards type="Pocket" player="GorillaGorilla">X X</cards>
   <action sum="0" no="16" type="0" player="GorillaGorilla"/>
   <cards type="Pocket" player="leotoledo96">X X</cards>
   <action sum="0" no="17" type="0" player="leotoledo96"/>
   <cards type="Pocket" player="insanium1">X X</cards>
   <action sum="0" no="18" type="0" player="insanium1"/>
  </round>
 </game>
 <game gamecode="11624064347">
  <general>
   <startdate>2025-08-07 13:43:05</startdate>
   <smallblind>1,250</smallblind>
   <bigblind>2,500</bigblind>
   <ante>350</ante>
   <players>
    <player dealer="0" win="0" rebuy="0" addon="0" chips="99,300" seat="1" name="Gfs1505" bet="350" reg_code="8424211799"/>
    <player dealer="0" win="0" rebuy="0" addon="0" chips="159,545" seat="2" name="Newerkla10" bet="350" reg_code=""/>
    <player dealer="0" win="0" rebuy="0" addon="0" chips="88,165" seat="4" name="GorillaGorilla" bet="350" reg_code=""/>
    <player dealer="1" win="0" rebuy="0" addon="0" chips="231,406" seat="5" name="leotoledo96" bet="350" reg_code=""/>
    <player dealer="0" win="57,800" rebuy="0" addon="0" chips="124,300" seat="6" name="insanium1" bet="27,850" reg_code=""/>
    <player dealer="0" win="0" rebuy="0" addon="0" chips="92,106" seat="7" name="XxVaselinusxX" bet="27,850" reg_code=""/>
    <player dealer="0" win="0" rebuy="0" addon="0" chips="316,700" seat="9" name="MrAssistant" bet="350" reg_code=""/>
    <player dealer="0" win="0" rebuy="0" addon="0" chips="135,860" seat="10" name="lammy10runcorn" bet="350" reg_code=""/>
   </players>
  </general>
  <round no="0">
   <action sum="350" no="1" type="15" player="insanium1"/>
   <action sum="350" no="2" type="15" player="XxVaselinusxX"/>
   <action sum="350" no="3" type="15" player="MrAssistant"/>
   <action sum="350" no="4" type="15" player="lammy10runcorn"/>
   <action sum="350" no="5" type="15" player="Gfs1505"/>
   <action sum="350" no="6" type="15" player="Newerkla10"/>
   <action sum="350" no="7" type="15" player="GorillaGorilla"/>
   <action sum="350" no="8" type="15" player="leotoledo96"/>
   <action sum="1,250" no="9" type="1" player="insanium1"/>
   <action sum="2,500" no="10" type="2" player="XxVaselinusxX"/>
  </round>
  <round no="1">
   <cards type="Pocket" player="MrAssistant">X X</cards>
   <action sum="0" no="11" type="0" player="MrAssistant"/>
   <cards type="Pocket" player="lammy10runcorn">X X</cards>
   <action sum="0" no="12" type="0" player="lammy10runcorn"/>
   <cards type="Pocket" player="Gfs1505">SA H8</cards>
   <action sum="0" no="13" type="0" player="Gfs1505"/>
   <cards type="Pocket" player="Newerkla10">X X</cards>
   <action sum="0" no="14" type="0" player="Newerkla10"/>
   <cards type="Pocket" player="GorillaGorilla">X X</cards>
   <action sum="0" no="15" type="0" player="GorillaGorilla"/>
   <cards type="Pocket" player="leotoledo96">X X</cards>
   <action sum="0" no="16" type="0" player="leotoledo96"/>
   <cards type="Pocket" player="insanium1">S5 CK</cards>
   <action sum="7,500" no="17" type="23" player="insanium1"/>
   <cards type="Pocket" player="XxVaselinusxX">HA C9</cards>
   <action sum="5,000" no="18" type="3" player="XxVaselinusxX"/>
  </round>
  <round no="2">
   <cards type="Flop">D9 C3 SK</cards>
   <action sum="5,000" no="19" type="5" player="insanium1"/>
   <action sum="5,000" no="20" type="3" player="XxVaselinusxX"/>
  </round>
  <round no="3">
   <cards type="Turn">H10</cards>
   <action sum="0" no="21" type="4" player="insanium1"/>
   <action sum="0" no="22" type="4" player="XxVaselinusxX"/>
  </round>
  <round no="4">
   <cards type="River">H7</cards>
   <action sum="15,000" no="23" type="5" player="insanium1"/>
   <action sum="15,000" no="24" type="3" player="XxVaselinusxX"/>
  </round>
 </game>
 <game gamecode="11624064448">
  <general>
   <startdate>2025-08-07 13:44:12</startdate>
   <smallblind>1,250</smallblind>
   <bigblind>2,500</bigblind>
   <ante>350</ante>
   <players>
    <player dealer="0" win="0" rebuy="0" addon="0" chips="98,950" seat="1" name="Gfs1505" bet="350" reg_code="8424211799"/>
    <player dealer="0" win="9,050" rebuy="0" addon="0" chips="159,195" seat="2" name="Newerkla10" bet="5,000" reg_code=""/>
    <player dealer="0" win="0" rebuy="0" addon="0" chips="87,815" seat="4" name="GorillaGorilla" bet="350" reg_code=""/>
    <player dealer="0" win="0" rebuy="0" addon="0" chips="231,056" seat="5" name="leotoledo96" bet="350" reg_code=""/>
    <player dealer="1" win="0" rebuy="0" addon="0" chips="154,250" seat="6" name="insanium1" bet="350" reg_code=""/>
    <player dealer="0" win="0" rebuy="0" addon="0" chips="64,256" seat="7" name="XxVaselinusxX" bet="1,600" reg_code=""/>
    <player dealer="0" win="0" rebuy="0" addon="0" chips="316,350" seat="9" name="MrAssistant" bet="2,850" reg_code=""/>
    <player dealer="0" win="0" rebuy="0" addon="0" chips="135,510" seat="10" name="lammy10runcorn" bet="350" reg_code=""/>
   </players>
  </general>
  <round no="0">
   <action sum="350" no="1" type="15" player="XxVaselinusxX"/>
   <action sum="350" no="2" type="15" player="MrAssistant"/>
   <action sum="350" no="3" type="15" player="lammy10runcorn"/>
   <action sum="350" no="4" type="15" player="Gfs1505"/>
   <action sum="350" no="5" type="15" player="Newerkla10"/>
   <action sum="350" no="6" type="15" player="GorillaGorilla"/>
   <action sum="350" no="7" type="15" player="leotoledo96"/>
   <action sum="350" no="8" type="15" player="insanium1"/>
   <action sum="1,250" no="9" type="1" player="XxVaselinusxX"/>
   <action sum="2,500" no="10" type="2" player="MrAssistant"/>
  </round>
  <round no="1">
   <cards type="Pocket" player="lammy10runcorn">X X</cards>
   <action sum="0" no="11" type="0" player="lammy10runcorn"/>
   <cards type="Pocket" player="Gfs1505">DQ S6</cards>
   <action sum="0" no="12" type="0" player="Gfs1505"/>
   <cards type="Pocket" player="Newerkla10">X X</cards>
   <action sum="5,000" no="13" type="23" player="Newerkla10"/>
   <cards type="Pocket" player="GorillaGorilla">X X</cards>
   <action sum="0" no="14" type="0" player="GorillaGorilla"/>
   <cards type="Pocket" player="leotoledo96">X X</cards>
   <action sum="0" no="15" type="0" player="leotoledo96"/>
   <cards type="Pocket" player="insanium1">X X</cards>
   <action sum="0" no="16" type="0" player="insanium1"/>
   <cards type="Pocket" player="XxVaselinusxX">X X</cards>
   <action sum="0" no="17" type="0" player="XxVaselinusxX"/>
   <cards type="Pocket" player="MrAssistant">X X</cards>
   <action sum="0" no="18" type="0" player="MrAssistant"/>
  </round>
 </game>
 <game gamecode="11624064496">
  <general>
   <startdate>2025-08-07 13:44:45</startdate>
   <smallblind>1,250</smallblind>
   <bigblind>2,500</bigblind>
   <ante>350</ante>
   <players>
    <player dealer="0" win="0" rebuy="0" addon="0" chips="98,600" seat="1" name="Gfs1505" bet="350" reg_code="8424211799"/>
    <player dealer="0" win="0" rebuy="0" addon="0" chips="165,395" seat="2" name="Newerkla10" bet="350" reg_code=""/>
    <player dealer="0" win="0" rebuy="0" addon="0" chips="87,465" seat="4" name="GorillaGorilla" bet="350" reg_code=""/>
    <player dealer="0" win="0" rebuy="0" addon="0" chips="230,706" seat="5" name="leotoledo96" bet="350" reg_code=""/>
    <player dealer="0" win="0" rebuy="0" addon="0" chips="153,900" seat="6" name="insanium1" bet="18,850" reg_code=""/>
    <player dealer="1" win="0" rebuy="0" addon="0" chips="62,656" seat="7" name="XxVaselinusxX" bet="350" reg_code=""/>
    <player dealer="0" win="42,300" rebuy="0" addon="0" chips="313,500" seat="9" name="MrAssistant" bet="29,425" reg_code=""/>
    <player dealer="0" win="0" rebuy="0" addon="0" chips="135,160" seat="10" name="lammy10runcorn" bet="2,850" reg_code=""/>
   </players>
  </general>
  <round no="0">
   <action sum="350" no="1" type="15" player="MrAssistant"/>
   <action sum="350" no="2" type="15" player="lammy10runcorn"/>
   <action sum="350" no="3" type="15" player="Gfs1505"/>
   <action sum="350" no="4" type="15" player="Newerkla10"/>
   <action sum="350" no="5" type="15" player="GorillaGorilla"/>
   <action sum="350" no="6" type="15" player="leotoledo96"/>
   <action sum="350" no="7" type="15" player="insanium1"/>
   <action sum="350" no="8" type="15" player="XxVaselinusxX"/>
   <action sum="1,250" no="9" type="1" player="MrAssistant"/>
   <action sum="2,500" no="10" type="2" player="lammy10runcorn"/>
  </round>
  <round no="1">
   <cards type="Pocket" player="Gfs1505">D6 DJ</cards>
   <action sum="0" no="11" type="0" player="Gfs1505"/>
   <cards type="Pocket" player="Newerkla10">X X</cards>
   <action sum="0" no="12" type="0" player="Newerkla10"/>
   <cards type="Pocket" player="GorillaGorilla">X X</cards>
   <action sum="0" no="13" type="0" player="GorillaGorilla"/>
   <cards type="Pocket" player="leotoledo96">X X</cards>
   <action sum="0" no="14" type="0" player="leotoledo96"/>
   <cards type="Pocket" player="insanium1">X X</cards>
   <action sum="5,500" no="15" type="23" player="insanium1"/>
   <cards type="Pocket" player="XxVaselinusxX">X X</cards>
   <action sum="0" no="16" type="0" player="XxVaselinusxX"/>
   <cards type="Pocket" player="MrAssistant">X X</cards>
   <action sum="18,500" no="17" type="23" player="MrAssistant"/>
   <cards type="Pocket" player="lammy10runcorn">X X</cards>
   <action sum="0" no="18" type="0" player="lammy10runcorn"/>
   <action sum="13,000" no="19" type="3" player="insanium1"/>
  </round>
  <round no="2">
   <cards type="Flop">H7 H2 C7</cards>
   <action sum="10,575" no="20" type="5" player="MrAssistant"/>
   <action sum="0" no="21" type="0" player="insanium1"/>
  </round>
 </game>
 <game gamecode="11624064586">
  <general>
   <startdate>2025-08-07 13:45:36</startdate>
   <smallblind>1,250</smallblind>
   <bigblind>2,500</bigblind>
   <ante>350</ante>
   <players>
    <player dealer="0" win="5,300" rebuy="0" addon="0" chips="98,250" seat="1" name="Gfs1505" bet="2,850" reg_code="8424211799"/>
    <player dealer="0" win="0" rebuy="0" addon="0" chips="165,045" seat="2" name="Newerkla10" bet="350" reg_code=""/>
    <player dealer="0" win="0" rebuy="0" addon="0" chips="87,115" seat="4" name="GorillaGorilla" bet="350" reg_code=""/>
    <player dealer="0" win="0" rebuy="0" addon="0" chips="230,356" seat="5" name="leotoledo96" bet="350" reg_code=""/>
    <player dealer="0" win="0" rebuy="0" addon="0" chips="135,050" seat="6" name="insanium1" bet="350" reg_code=""/>
    <player dealer="0" win="0" rebuy="0" addon="0" chips="62,306" seat="7" name="XxVaselinusxX" bet="350" reg_code=""/>
    <player dealer="1" win="0" rebuy="0" addon="0" chips="336,950" seat="9" name="MrAssistant" bet="350" reg_code=""/>
    <player dealer="0" win="0" rebuy="0" addon="0" chips="132,310" seat="10" name="lammy10runcorn" bet="1,600" reg_code=""/>
   </players>
  </general>
  <round no="0">
   <action sum="350" no="1" type="15" player="lammy10runcorn"/>
   <action sum="350" no="2" type="15" player="Gfs1505"/>
   <action sum="350" no="3" type="15" player="Newerkla10"/>
   <action sum="350" no="4" type="15" player="GorillaGorilla"/>
   <action sum="350" no="5" type="15" player="leotoledo96"/>
   <action sum="350" no="6" type="15" player="insanium1"/>
   <action sum="350" no="7" type="15" player="XxVaselinusxX"/>
   <action sum="350" no="8" type="15" player="MrAssistant"/>
   <action sum="1,250" no="9" type="1" player="lammy10runcorn"/>
   <action sum="2,500" no="10" type="2" player="Gfs1505"/>
  </round>
  <round no="1">
   <cards type="Pocket" player="Gfs1505">H9 H5</cards>
   <cards type="Pocket" player="Newerkla10">X X</cards>
   <action sum="0" no="11" type="0" player="Newerkla10"/>
   <cards type="Pocket" player="GorillaGorilla">X X</cards>
   <action sum="0" no="12" type="0" player="GorillaGorilla"/>
   <cards type="Pocket" player="leotoledo96">X X</cards>
   <action sum="0" no="13" type="0" player="leotoledo96"/>
   <cards type="Pocket" player="insanium1">X X</cards>
   <action sum="0" no="14" type="0" player="insanium1"/>
   <cards type="Pocket" player="XxVaselinusxX">X X</cards>
   <action sum="0" no="15" type="0" player="XxVaselinusxX"/>
   <cards type="Pocket" player="MrAssistant">X X</cards>
   <action sum="0" no="16" type="0" player="MrAssistant"/>
   <cards type="Pocket" player="lammy10runcorn">X X</cards>
   <action sum="0" no="17" type="0" player="lammy10runcorn"/>
  </round>
 </game>
 <game gamecode="11624064615">
  <general>
   <startdate>2025-08-07 13:45:56</startdate>
   <smallblind>1,250</smallblind>
   <bigblind>2,500</bigblind>
   <ante>350</ante>
   <players>
    <player dealer="0" win="0" rebuy="0" addon="0" chips="101,950" seat="1" name="Gfs1505" bet="1,600" reg_code="8424211799"/>
    <player dealer="0" win="0" rebuy="0" addon="0" chips="164,695" seat="2" name="Newerkla10" bet="47,850" reg_code=""/>
    <player dealer="0" win="0" rebuy="0" addon="0" chips="86,765" seat="4" name="GorillaGorilla" bet="350" reg_code=""/>
    <player dealer="0" win="0" rebuy="0" addon="0" chips="230,006" seat="5" name="leotoledo96" bet="350" reg_code=""/>
    <player dealer="0" win="0" rebuy="0" addon="0" chips="134,700" seat="6" name="insanium1" bet="350" reg_code=""/>
    <player dealer="0" win="0" rebuy="0" addon="0" chips="61,956" seat="7" name="XxVaselinusxX" bet="350" reg_code=""/>
    <player dealer="0" win="99,050" rebuy="0" addon="0" chips="336,600" seat="9" name="MrAssistant" bet="47,850" reg_code=""/>
    <player dealer="1" win="0" rebuy="0" addon="0" chips="130,710" seat="10" name="lammy10runcorn" bet="350" reg_code=""/>
   </players>
  </general>
  <round no="0">
   <action sum="350" no="1" type="15" player="Gfs1505"/>
   <action sum="350" no="2" type="15" player="Newerkla10"/>
   <action sum="350" no="3" type="15" player="GorillaGorilla"/>
   <action sum="350" no="4" type="15" player="leotoledo96"/>
   <action sum="350" no="5" type="15" player="insanium1"/>
   <action sum="350" no="6" type="15" player="XxVaselinusxX"/>
   <action sum="350" no="7" type="15" player="MrAssistant"/>
   <action sum="350" no="8" type="15" player="lammy10runcorn"/>
   <action sum="1,250" no="9" type="1" player="Gfs1505"/>
   <action sum="2,500" no="10" type="2" player="Newerkla10"/>
  </round>
  <round no="1">
   <cards type="Pocket" player="GorillaGorilla">X X</cards>
   <action sum="0" no="11" type="0" player="GorillaGorilla"/>
   <cards type="Pocket" player="leotoledo96">X X</cards>
   <action sum="0" no="12" type="0" player="leotoledo96"/>
   <cards type="Pocket" player="insanium1">X X</cards>
   <action sum="0" no="13" type="0" player="insanium1"/>
   <cards type="Pocket" player="XxVaselinusxX">X X</cards>
   <action sum="0" no="14" type="0" player="XxVaselinusxX"/>
   <cards type="Pocket" player="MrAssistant">H8 HJ</cards>
   <action sum="5,000" no="15" type="23" player="MrAssistant"/>
   <cards type="Pocket" player="lammy10runcorn">X X</cards>
   <action sum="0" no="16" type="0" player="lammy10runcorn"/>
   <cards type="Pocket" player="Gfs1505">C4 D7</cards>
   <action sum="0" no="17" type="0" player="Gfs1505"/>
   <cards type="Pocket" player="Newerkla10">H6 SQ</cards>
   <action sum="2,500" no="18" type="3" player="Newerkla10"/>
  </round>
  <round no="2">
   <cards type="Flop">CK H2 SJ</cards>
   <action sum="0" no="19" type="4" player="Newerkla10"/>
   <action sum="0" no="20" type="4" player="MrAssistant"/>
  </round>
  <round no="3">
   <cards type="Turn">H10</cards>
   <action sum="12,500" no="21" type="5" player="Newerkla10"/>
   <action sum="12,500" no="22" type="3" player="MrAssistant"/>
  </round>
  <round no="4">
   <cards type="River">D2</cards>
   <action sum="30,000" no="23" type="5" player="Newerkla10"/>
   <action sum="30,000" no="24" type="3" player="MrAssistant"/>
  </round>
 </game>
 <game gamecode="11624064695">
  <general>
   <startdate>2025-08-07 13:46:49</startdate>
   <smallblind>1,250</smallblind>
   <bigblind>2,500</bigblind>
   <ante>350</ante>
   <players>
    <player dealer="1" win="0" rebuy="0" addon="0" chips="100,350" seat="1" name="Gfs1505" bet="350" reg_code="8424211799"/>
    <player dealer="0" win="15,300" rebuy="0" addon="0" chips="116,845" seat="2" name="Newerkla10" bet="11,649" reg_code=""/>
    <player dealer="0" win="0" rebuy="0" addon="0" chips="86,415" seat="4" name="GorillaGorilla" bet="6,600" reg_code=""/>
    <player dealer="0" win="0" rebuy="0" addon="0" chips="229,656" seat="5" name="leotoledo96" bet="350" reg_code=""/>
    <player dealer="0" win="0" rebuy="0" addon="0" chips="134,350" seat="6" name="insanium1" bet="350" reg_code=""/>
    <player dealer="0" win="0" rebuy="0" addon="0" chips="61,606" seat="7" name="XxVaselinusxX" bet="350" reg_code=""/>
    <player dealer="0" win="0" rebuy="0" addon="0" chips="387,800" seat="9" name="MrAssistant" bet="350" reg_code=""/>
    <player dealer="0" win="0" rebuy="0" addon="0" chips="130,360" seat="10" name="lammy10runcorn" bet="350" reg_code=""/>
   </players>
  </general>
  <round no="0">
   <action sum="350" no="1" type="15" player="Newerkla10"/>
   <action sum="350" no="2" type="15" player="GorillaGorilla"/>
   <action sum="350" no="3" type="15" player="leotoledo96"/>
   <action sum="350" no="4" type="15" player="insanium1"/>
   <action sum="350" no="5" type="15" player="XxVaselinusxX"/>
   <action sum="350" no="6" type="15" player="MrAssistant"/>
   <action sum="350" no="7" type="15" player="lammy10runcorn"/>
   <action sum="350" no="8" type="15" player="Gfs1505"/>
   <action sum="1,250" no="9" type="1" player="Newerkla10"/>
   <action sum="2,500" no="10" type="2" player="GorillaGorilla"/>
  </round>
  <round no="1">
   <cards type="Pocket" player="leotoledo96">X X</cards>
   <action sum="0" no="11" type="0" player="leotoledo96"/>
   <cards type="Pocket" player="insanium1">X X</cards>
   <action sum="0" no="12" type="0" player="insanium1"/>
   <cards type="Pocket" player="XxVaselinusxX">X X</cards>
   <action sum="0" no="13" type="0" player="XxVaselinusxX"/>
   <cards type="Pocket" player="MrAssistant">X X</cards>
   <action sum="0" no="14" type="0" player="MrAssistant"/>
   <cards type="Pocket" player="lammy10runcorn">X X</cards>
   <action sum="0" no="15" type="0" player="lammy10runcorn"/>
   <cards type="Pocket" player="Gfs1505">C8 C3</cards>
   <action sum="0" no="16" type="0" player="Gfs1505"/>
   <cards type="Pocket" player="Newerkla10">X X</cards>
   <action sum="6,250" no="17" type="23" player="Newerkla10"/>
   <cards type="Pocket" player="GorillaGorilla">X X</cards>
   <action sum="3,750" no="18" type="3" player="GorillaGorilla"/>
  </round>
  <round no="2">
   <cards type="Flop">S9 H4 H8</cards>
   <action sum="5,049" no="19" type="5" player="Newerkla10"/>
   <action sum="0" no="20" type="0" player="GorillaGorilla"/>
  </round>
 </game>
 <game gamecode="11624064762">
  <general>
   <startdate>2025-08-07 13:47:32</startdate>
   <smallblind>1,250</smallblind>
   <bigblind>2,500</bigblind>
   <ante>350</ante>
   <players>
    <player dealer="0" win="0" rebuy="0" addon="0" chips="100,000" seat="1" name="Gfs1505" bet="350" reg_code="8424211799"/>
    <player dealer="1" win="0" rebuy="0" addon="0" chips="125,545" seat="2" name="Newerkla10" bet="350" reg_code=""/>
    <player dealer="0" win="0" rebuy="0" addon="0" chips="79,815" seat="4" name="GorillaGorilla" bet="1,600" reg_code=""/>
    <player dealer="0" win="0" rebuy="0" addon="0" chips="229,306" seat="5" name="leotoledo96" bet="2,850" reg_code=""/>
    <player dealer="0" win="19,050" rebuy="0" addon="0" chips="134,000" seat="6" name="insanium1" bet="14,220" reg_code=""/>
    <player dealer="0" win="0" rebuy="0" addon="0" chips="61,256" seat="7" name="XxVaselinusxX" bet="6,600" reg_code=""/>
    <player dealer="0" win="0" rebuy="0" addon="0" chips="387,450" seat="9" name="MrAssistant" bet="350" reg_code=""/>
    <player dealer="0" win="0" rebuy="0" addon="0" chips="130,010" seat="10" name="lammy10runcorn" bet="350" reg_code=""/>
   </players>
  </general>
  <round no="0">
   <action sum="350" no="1" type="15" player="GorillaGorilla"/>
   <action sum="350" no="2" type="15" player="leotoledo96"/>
   <action sum="350" no="3" type="15" player="insanium1"/>
   <action sum="350" no="4" type="15" player="XxVaselinusxX"/>
   <action sum="350" no="5" type="15" player="MrAssistant"/>
   <action sum="350" no="6" type="15" player="lammy10runcorn"/>
   <action sum="350" no="7" type="15" player="Gfs1505"/>
   <action sum="350" no="8" type="15" player="Newerkla10"/>
   <action sum="1,250" no="9" type="1" player="GorillaGorilla"/>
   <action sum="2,500" no="10" type="2" player="leotoledo96"/>
  </round>
  <round no="1">
   <cards type="Pocket" player="insanium1">X X</cards>
   <action sum="6,250" no="11" type="23" player="insanium1"/>
   <cards type="Pocket" player="XxVaselinusxX">X X</cards>
   <action sum="6,250" no="12" type="3" player="XxVaselinusxX"/>
   <cards type="Pocket" player="MrAssistant">X X</cards>
   <action sum="0" no="13" type="0" player="MrAssistant"/>
   <cards type="Pocket" player="lammy10runcorn">X X</cards>
   <action sum="0" no="14" type="0" player="lammy10runcorn"/>
   <cards type="Pocket" player="Gfs1505">S2 H5</cards>
   <action sum="0" no="15" type="0" player="Gfs1505"/>
   <cards type="Pocket" player="Newerkla10">X X</cards>
   <action sum="0" no="16" type="0" player="Newerkla10"/>
   <cards type="Pocket" player="GorillaGorilla">X X</cards>
   <action sum="0" no="17" type="0" player="GorillaGorilla"/>
   <cards type="Pocket" player="leotoledo96">X X</cards>
   <action sum="0" no="18" type="0" player="leotoledo96"/>
  </round>
  <round no="2">
   <cards type="Flop">D5 C5 S8</cards>
   <action sum="7,620" no="19" type="5" player="insanium1"/>
   <action sum="0" no="20" type="0" player="XxVaselinusxX"/>
  </round>
 </game>
 <game gamecode="11624064825">
  <general>
   <startdate>2025-08-07 13:48:13</startdate>
   <smallblind>1,250</smallblind>
   <bigblind>2,500</bigblind>
   <ante>350</ante>
   <players>
    <player dealer="0" win="0" rebuy="0" addon="0" chips="99,650" seat="1" name="Gfs1505" bet="350" reg_code="8424211799"/>
    <player dealer="1" win="0" rebuy="0" addon="0" chips="78,215" seat="4" name="GorillaGorilla" bet="350" reg_code=""/>
    <player dealer="0" win="0" rebuy="0" addon="0" chips="226,456" seat="5" name="leotoledo96" bet="1,600" reg_code=""/>
    <player dealer="0" win="4,950" rebuy="0" addon="0" chips="146,450" seat="6" name="insanium1" bet="2,850" reg_code=""/>
    <player dealer="0" win="0" rebuy="0" addon="0" chips="54,656" seat="7" name="XxVaselinusxX" bet="350" reg_code=""/>
    <player dealer="0" win="0" rebuy="0" addon="0" chips="387,100" seat="9" name="MrAssistant" bet="350" reg_code=""/>
    <player dealer="0" win="0" rebuy="0" addon="0" chips="129,660" seat="10" name="lammy10runcorn" bet="350" reg_code=""/>
   </players>
  </general>
  <round no="0">
   <action sum="350" no="1" type="15" player="leotoledo96"/>
   <action sum="350" no="2" type="15" player="insanium1"/>
   <action sum="350" no="3" type="15" player="XxVaselinusxX"/>
   <action sum="350" no="4" type="15" player="MrAssistant"/>
   <action sum="350" no="5" type="15" player="lammy10runcorn"/>
   <action sum="350" no="6" type="15" player="Gfs1505"/>
   <action sum="350" no="7" type="15" player="GorillaGorilla"/>
   <action sum="1,250" no="8" type="1" player="leotoledo96"/>
   <action sum="2,500" no="9" type="2" player="insanium1"/>
  </round>
  <round no="1">
   <cards type="Pocket" player="insanium1">X X</cards>
   <cards type="Pocket" player="XxVaselinusxX">X X</cards>
   <action sum="0" no="10" type="0" player="XxVaselinusxX"/>
   <cards type="Pocket" player="MrAssistant">X X</cards>
   <action sum="0" no="11" type="0" player="MrAssistant"/>
   <cards type="Pocket" player="lammy10runcorn">X X</cards>
   <action sum="0" no="12" type="0" player="lammy10runcorn"/>
   <cards type="Pocket" player="Gfs1505">SJ D7</cards>
   <action sum="0" no="13" type="0" player="Gfs1505"/>
   <cards type="Pocket" player="GorillaGorilla">X X</cards>
   <action sum="0" no="14" type="0" player="GorillaGorilla"/>
   <cards type="Pocket" player="leotoledo96">X X</cards>
   <action sum="0" no="15" type="0" player="leotoledo96"/>
  </round>
 </game>
 <game gamecode="11624087998">
  <general>
   <startdate>2025-08-07 13:48:48</startdate>
   <smallblind>1,250</smallblind>
   <bigblind>2,500</bigblind>
   <ante>350</ante>
   <players>
    <player dealer="0" win="0" rebuy="0" addon="0" chips="99,300" seat="1" name="Gfs1505" bet="350" reg_code="8424211799"/>
    <player dealer="0" win="0" rebuy="0" addon="0" chips="125,195" seat="2" name="Newerkla10" bet="350" reg_code=""/>
    <player dealer="0" win="0" rebuy="0" addon="0" chips="77,865" seat="4" name="GorillaGorilla" bet="350" reg_code=""/>
    <player dealer="1" win="0" rebuy="0" addon="0" chips="224,856" seat="5" name="leotoledo96" bet="350" reg_code=""/>
    <player dealer="0" win="0" rebuy="0" addon="0" chips="149,800" seat="6" name="insanium1" bet="1,600" reg_code=""/>
    <player dealer="0" win="0" rebuy="0" addon="0" chips="54,306" seat="7" name="XxVaselinusxX" bet="2,850" reg_code=""/>
    <player dealer="0" win="16,550" rebuy="0" addon="0" chips="386,750" seat="9" name="MrAssistant" bet="10,811" reg_code=""/>
    <player dealer="0" win="0" rebuy="0" addon="0" chips="129,310" seat="10" name="lammy10runcorn" bet="5,350" reg_code=""/>
   </players>
  </general>
  <round no="0">
   <action sum="350" no="1" type="15" player="insanium1"/>
   <action sum="350" no="2" type="15" player="XxVaselinusxX"/>
   <action sum="350" no="3" type="15" player="MrAssistant"/>
   <action sum="350" no="4" type="15" player="lammy10runcorn"/>
   <action sum="350" no="5" type="15" player="Gfs1505"/>
   <action sum="350" no="6" type="15" player="Newerkla10"/>
   <action sum="350" no="7" type="15" player="GorillaGorilla"/>
   <action sum="350" no="8" type="15" player="leotoledo96"/>
   <action sum="1,250" no="9" type="1" player="insanium1"/>
   <action sum="2,500" no="10" type="2" player="XxVaselinusxX"/>
  </round>
  <round no="1">
   <cards type="Pocket" player="MrAssistant">X X</cards>
   <action sum="5,000" no="11" type="23" player="MrAssistant"/>
   <cards type="Pocket" player="lammy10runcorn">X X</cards>
   <action sum="5,000" no="12" type="3" player="lammy10runcorn"/>
   <cards type="Pocket" player="Gfs1505">H10 H4</cards>
   <action sum="0" no="13" type="0" player="Gfs1505"/>
   <cards type="Pocket" player="Newerkla10">X X</cards>
   <action sum="0" no="14" type="0" player="Newerkla10"/>
   <cards type="Pocket" player="GorillaGorilla">X X</cards>
   <action sum="0" no="15" type="0" player="GorillaGorilla"/>
   <cards type="Pocket" player="leotoledo96">X X</cards>
   <action sum="0" no="16" type="0" player="leotoledo96"/>
   <cards type="Pocket" player="insanium1">X X</cards>
   <action sum="0" no="17" type="0" player="insanium1"/>
   <cards type="Pocket" player="XxVaselinusxX">X X</cards>
   <action sum="0" no="18" type="0" player="XxVaselinusxX"/>
  </round>
  <round no="2">
   <cards type="Flop">C10 SK S10</cards>
   <action sum="5,461" no="19" type="5" player="MrAssistant"/>
   <action sum="0" no="20" type="0" player="lammy10runcorn"/>
  </round>
 </game>
 <game gamecode="11624088054">
  <general>
   <startdate>2025-08-07 13:49:22</startdate>
   <smallblind>1,250</smallblind>
   <bigblind>2,500</bigblind>
   <ante>350</ante>
   <players>
    <player dealer="0" win="0" rebuy="0" addon="0" chips="98,950" seat="1" name="Gfs1505" bet="21,799" reg_code="8424211799"/>
    <player dealer="0" win="49,448" rebuy="0" addon="0" chips="124,845" seat="2" name="Newerkla10" bet="56,412" reg_code=""/>
    <player dealer="0" win="0" rebuy="0" addon="0" chips="77,515" seat="4" name="GorillaGorilla" bet="350" reg_code=""/>
    <player dealer="0" win="0" rebuy="0" addon="0" chips="224,506" seat="5" name="leotoledo96" bet="350" reg_code=""/>
    <player dealer="1" win="0" rebuy="0" addon="0" chips="148,200" seat="6" name="insanium1" bet="350" reg_code=""/>
    <player dealer="0" win="0" rebuy="0" addon="0" chips="51,456" seat="7" name="XxVaselinusxX" bet="1,600" reg_code=""/>
    <player dealer="0" win="0" rebuy="0" addon="0" chips="397,950" seat="9" name="MrAssistant" bet="2,850" reg_code=""/>
    <player dealer="0" win="0" rebuy="0" addon="0" chips="123,960" seat="10" name="lammy10runcorn" bet="350" reg_code=""/>
   </players>
  </general>
  <round no="0">
   <action sum="350" no="1" type="15" player="XxVaselinusxX"/>
   <action sum="350" no="2" type="15" player="MrAssistant"/>
   <action sum="350" no="3" type="15" player="lammy10runcorn"/>
   <action sum="350" no="4" type="15" player="Gfs1505"/>
   <action sum="350" no="5" type="15" player="Newerkla10"/>
   <action sum="350" no="6" type="15" player="GorillaGorilla"/>
   <action sum="350" no="7" type="15" player="leotoledo96"/>
   <action sum="350" no="8" type="15" player="insanium1"/>
   <action sum="1,250" no="9" type="1" player="XxVaselinusxX"/>
   <action sum="2,500" no="10" type="2" player="MrAssistant"/>
  </round>
  <round no="1">
   <cards type="Pocket" player="lammy10runcorn">X X</cards>
   <action sum="0" no="11" type="0" player="lammy10runcorn"/>
   <cards type="Pocket" player="Gfs1505">SA CQ</cards>
   <action sum="5,000" no="12" type="23" player="Gfs1505"/>
   <cards type="Pocket" player="Newerkla10">X X</cards>
   <action sum="5,000" no="13" type="3" player="Newerkla10"/>
   <cards type="Pocket" player="GorillaGorilla">X X</cards>
   <action sum="0" no="14" type="0" player="GorillaGorilla"/>
   <cards type="Pocket" player="leotoledo96">X X</cards>
   <action sum="0" no="15" type="0" player="leotoledo96"/>
   <cards type="Pocket" player="insanium1">X X</cards>
   <action sum="0" no="16" type="0" player="insanium1"/>
   <cards type="Pocket" player="XxVaselinusxX">X X</cards>
   <action sum="0" no="17" type="0" player="XxVaselinusxX"/>
   <cards type="Pocket" player="MrAssistant">X X</cards>
   <action sum="0" no="18" type="0" player="MrAssistant"/>
  </round>
  <round no="2">
   <cards type="Flop">SK H9 HQ</cards>
   <action sum="0" no="19" type="4" player="Gfs1505"/>
   <action sum="5,461" no="20" type="5" player="Newerkla10"/>
   <action sum="5,461" no="21" type="3" player="Gfs1505"/>
  </round>
  <round no="3">
   <cards type="Turn">S6</cards>
   <action sum="0" no="22" type="4" player="Gfs1505"/>
   <action sum="10,988" no="23" type="5" player="Newerkla10"/>
   <action sum="10,988" no="24" type="3" player="Gfs1505"/>
  </round>
  <round no="4">
   <cards type="River">H10</cards>
   <action sum="0" no="25" type="4" player="Gfs1505"/>
   <action sum="34,613" no="26" type="5" player="Newerkla10"/>
   <action sum="0" no="27" type="0" player="Gfs1505"/>
  </round>
 </game>
 <game gamecode="11624088185">
  <general>
   <startdate>2025-08-07 13:50:44</startdate>
   <smallblind>1,250</smallblind>
   <bigblind>2,500</bigblind>
   <ante>350</ante>
   <players>
    <player dealer="0" win="0" rebuy="0" addon="0" chips="77,151" seat="1" name="Gfs1505" bet="350" reg_code="8424211799"/>
    <player dealer="0" win="0" rebuy="0" addon="0" chips="152,494" seat="2" name="Newerkla10" bet="350" reg_code=""/>
    <player dealer="0" win="0" rebuy="0" addon="0" chips="77,165" seat="4" name="GorillaGorilla" bet="350" reg_code=""/>
    <player dealer="0" win="0" rebuy="0" addon="0" chips="224,156" seat="5" name="leotoledo96" bet="350" reg_code=""/>
    <player dealer="0" win="0" rebuy="0" addon="0" chips="147,850" seat="6" name="insanium1" bet="350" reg_code=""/>
    <player dealer="1" win="0" rebuy="0" addon="0" chips="49,856" seat="7" name="XxVaselinusxX" bet="350" reg_code=""/>
    <player dealer="0" win="29,548" rebuy="0" addon="0" chips="395,100" seat="9" name="MrAssistant" bet="35,885" reg_code=""/>
    <player dealer="0" win="0" rebuy="0" addon="0" chips="123,610" seat="10" name="lammy10runcorn" bet="13,724" reg_code=""/>
   </players>
  </general>
  <round no="0">
   <action sum="350" no="1" type="15" player="MrAssistant"/>
   <action sum="350" no="2" type="15" player="lammy10runcorn"/>
   <action sum="350" no="3" type="15" player="Gfs1505"/>
   <action sum="350" no="4" type="15" player="Newerkla10"/>
   <action sum="350" no="5" type="15" player="GorillaGorilla"/>
   <action sum="350" no="6" type="15" player="leotoledo96"/>
   <action sum="350" no="7" type="15" player="insanium1"/>
   <action sum="350" no="8" type="15" player="XxVaselinusxX"/>
   <action sum="1,250" no="9" type="1" player="MrAssistant"/>
   <action sum="2,500" no="10" type="2" player="lammy10runcorn"/>
  </round>
  <round no="1">
   <cards type="Pocket" player="Gfs1505">C4 S7</cards>
   <action sum="0" no="11" type="0" player="Gfs1505"/>
   <cards type="Pocket" player="Newerkla10">X X</cards>
   <action sum="0" no="12" type="0" player="Newerkla10"/>
   <cards type="Pocket" player="GorillaGorilla">X X</cards>
   <action sum="0" no="13" type="0" player="GorillaGorilla"/>
   <cards type="Pocket" player="leotoledo96">X X</cards>
   <action sum="0" no="14" type="0" player="leotoledo96"/>
   <cards type="Pocket" player="insanium1">X X</cards>
   <action sum="0" no="15" type="0" player="insanium1"/>
   <cards type="Pocket" player="XxVaselinusxX">X X</cards>
   <action sum="0" no="16" type="0" player="XxVaselinusxX"/>
   <cards type="Pocket" player="MrAssistant">X X</cards>
   <action sum="7,500" no="17" type="23" player="MrAssistant"/>
   <cards type="Pocket" player="lammy10runcorn">X X</cards>
   <action sum="5,000" no="18" type="3" player="lammy10runcorn"/>
  </round>
  <round no="2">
   <cards type="Flop">D4 H2 HK</cards>
   <action sum="5,874" no="19" type="5" player="MrAssistant"/>
   <action sum="5,874" no="20" type="3" player="lammy10runcorn"/>
  </round>
  <round no="3">
   <cards type="Turn">C9</cards>
   <action sum="22,161" no="21" type="5" player="MrAssistant"/>
   <action sum="0" no="22" type="0" player="lammy10runcorn"/>
  </round>
 </game>
 <game gamecode="11624088265">
  <general>
   <startdate>2025-08-07 13:51:34</startdate>
   <smallblind>1,250</smallblind>
   <bigblind>2,500</bigblind>
   <ante>350</ante>
   <players>
    <player dealer="0" win="5,300" rebuy="0" addon="0" chips="76,801" seat="1" name="Gfs1505" bet="2,850" reg_code="8424211799"/>
    <player dealer="0" win="0" rebuy="0" addon="0" chips="152,144" seat="2" name="Newerkla10" bet="350" reg_code=""/>
    <player dealer="0" win="0" rebuy="0" addon="0" chips="76,815" seat="4" name="GorillaGorilla" bet="350" reg_code=""/>
    <player dealer="0" win="0" rebuy="0" addon="0" chips="223,806" seat="5" name="leotoledo96" bet="350" reg_code=""/>
    <player dealer="0" win="0" rebuy="0" addon="0" chips="147,500" seat="6" name="insanium1" bet="350" reg_code=""/>
    <player dealer="0" win="0" rebuy="0" addon="0" chips="49,506" seat="7" name="XxVaselinusxX" bet="350" reg_code=""/>
    <player dealer="1" win="0" rebuy="0" addon="0" chips="410,924" seat="9" name="MrAssistant" bet="350" reg_code=""/>
    <player dealer="0" win="0" rebuy="0" addon="0" chips="109,886" seat="10" name="lammy10runcorn" bet="1,600" reg_code=""/>
   </players>
  </general>
  <round no="0">
   <action sum="350" no="1" type="15" player="lammy10runcorn"/>
   <action sum="350" no="2" type="15" player="Gfs1505"/>
   <action sum="350" no="3" type="15" player="Newerkla10"/>
   <action sum="350" no="4" type="15" player="GorillaGorilla"/>
   <action sum="350" no="5" type="15" player="leotoledo96"/>
   <action sum="350" no="6" type="15" player="insanium1"/>
   <action sum="350" no="7" type="15" player="XxVaselinusxX"/>
   <action sum="350" no="8" type="15" player="MrAssistant"/>
   <action sum="1,250" no="9" type="1" player="lammy10runcorn"/>
   <action sum="2,500" no="10" type="2" player="Gfs1505"/>
  </round>
  <round no="1">
   <cards type="Pocket" player="Gfs1505">H10 D6</cards>
   <cards type="Pocket" player="Newerkla10">X X</cards>
   <action sum="0" no="11" type="0" player="Newerkla10"/>
   <cards type="Pocket" player="GorillaGorilla">X X</cards>
   <action sum="0" no="12" type="0" player="GorillaGorilla"/>
   <cards type="Pocket" player="leotoledo96">X X</cards>
   <action sum="0" no="13" type="0" player="leotoledo96"/>
   <cards type="Pocket" player="insanium1">X X</cards>
   <action sum="0" no="14" type="0" player="insanium1"/>
   <cards type="Pocket" player="XxVaselinusxX">X X</cards>
   <action sum="0" no="15" type="0" player="XxVaselinusxX"/>
   <cards type="Pocket" player="MrAssistant">X X</cards>
   <action sum="0" no="16" type="0" player="MrAssistant"/>
   <cards type="Pocket" player="lammy10runcorn">X X</cards>
   <action sum="0" no="17" type="0" player="lammy10runcorn"/>
  </round>
 </game>
 <game gamecode="11624088302">
  <general>
   <startdate>2025-08-07 13:51:56</startdate>
   <smallblind>1,250</smallblind>
   <bigblind>2,500</bigblind>
   <ante>350</ante>
   <players>
    <player dealer="0" win="0" rebuy="0" addon="0" chips="80,501" seat="1" name="Gfs1505" bet="1,600" reg_code="8424211799"/>
    <player dealer="0" win="0" rebuy="0" addon="0" chips="151,794" seat="2" name="Newerkla10" bet="2,850" reg_code=""/>
    <player dealer="0" win="0" rebuy="0" addon="0" chips="76,465" seat="4" name="GorillaGorilla" bet="15,350" reg_code=""/>
    <player dealer="0" win="0" rebuy="0" addon="0" chips="223,456" seat="5" name="leotoledo96" bet="350" reg_code=""/>
    <player dealer="0" win="36,550" rebuy="0" addon="0" chips="147,150" seat="6" name="insanium1" bet="24,487" reg_code=""/>
    <player dealer="0" win="0" rebuy="0" addon="0" chips="49,156" seat="7" name="XxVaselinusxX" bet="350" reg_code=""/>
    <player dealer="0" win="0" rebuy="0" addon="0" chips="410,574" seat="9" name="MrAssistant" bet="350" reg_code=""/>
    <player dealer="1" win="0" rebuy="0" addon="0" chips="108,286" seat="10" name="lammy10runcorn" bet="350" reg_code=""/>
   </players>
  </general>
  <round no="0">
   <action sum="350" no="1" type="15" player="Gfs1505"/>
   <action sum="350" no="2" type="15" player="Newerkla10"/>
   <action sum="350" no="3" type="15" player="GorillaGorilla"/>
   <action sum="350" no="4" type="15" player="leotoledo96"/>
   <action sum="350" no="5" type="15" player="insanium1"/>
   <action sum="350" no="6" type="15" player="XxVaselinusxX"/>
   <action sum="350" no="7" type="15" player="MrAssistant"/>
   <action sum="350" no="8" type="15" player="lammy10runcorn"/>
   <action sum="1,250" no="9" type="1" player="Gfs1505"/>
   <action sum="2,500" no="10" type="2" player="Newerkla10"/>
  </round>
  <round no="1">
   <cards type="Pocket" player="GorillaGorilla">X X</cards>
   <action sum="5,000" no="11" type="23" player="GorillaGorilla"/>
   <cards type="Pocket" player="leotoledo96">X X</cards>
   <action sum="0" no="12" type="0" player="leotoledo96"/>
   <cards type="Pocket" player="insanium1">X X</cards>
   <action sum="15,000" no="13" type="23" player="insanium1"/>
   <cards type="Pocket" player="XxVaselinusxX">X X</cards>
   <action sum="0" no="14" type="0" player="XxVaselinusxX"/>
   <cards type="Pocket" player="MrAssistant">X X</cards>
   <action sum="0" no="15" type="0" player="MrAssistant"/>
   <cards type="Pocket" player="lammy10runcorn">X X</cards>
   <action sum="0" no="16" type="0" player="lammy10runcorn"/>
   <cards type="Pocket" player="Gfs1505">H2 C6</cards>
   <action sum="0" no="17" type="0" player="Gfs1505"/>
   <cards type="Pocket" player="Newerkla10">X X</cards>
   <action sum="0" no="18" type="0" player="Newerkla10"/>
   <action sum="10,000" no="19" type="3" player="GorillaGorilla"/>
  </round>
  <round no="2">
   <cards type="Flop">D9 DK D10</cards>
   <action sum="0" no="20" type="4" player="GorillaGorilla"/>
   <action sum="9,137" no="21" type="5" player="insanium1"/>
   <action sum="0" no="22" type="0" player="GorillaGorilla"/>
  </round>
 </game>
 <game gamecode="11624088402">
  <general>
   <startdate>2025-08-07 13:52:57</startdate>
   <smallblind>1,250</smallblind>
   <bigblind>2,500</bigblind>
   <ante>350</ante>
   <players>
    <player dealer="1" win="0" rebuy="0" addon="0" chips="78,901" seat="1" name="Gfs1505" bet="350" reg_code="8424211799"/>
    <player dealer="0" win="12,450" rebuy="0" addon="0" chips="61,115" seat="4" name="GorillaGorilla" bet="15,000" reg_code=""/>
    <player dealer="0" win="0" rebuy="0" addon="0" chips="223,106" seat="5" name="leotoledo96" bet="350" reg_code=""/>
    <player dealer="0" win="0" rebuy="0" addon="0" chips="168,350" seat="6" name="insanium1" bet="350" reg_code=""/>
    <player dealer="0" win="0" rebuy="0" addon="0" chips="48,806" seat="7" name="XxVaselinusxX" bet="350" reg_code=""/>
    <player dealer="0" win="0" rebuy="0" addon="0" chips="410,224" seat="9" name="MrAssistant" bet="5,350" reg_code=""/>
    <player dealer="0" win="0" rebuy="0" addon="0" chips="107,936" seat="10" name="lammy10runcorn" bet="350" reg_code=""/>
   </players>
  </general>
  <round no="0">
   <action sum="350" no="1" type="15" player="GorillaGorilla"/>
   <action sum="350" no="2" type="15" player="leotoledo96"/>
   <action sum="350" no="3" type="15" player="insanium1"/>
   <action sum="350" no="4" type="15" player="XxVaselinusxX"/>
   <action sum="350" no="5" type="15" player="MrAssistant"/>
   <action sum="350" no="6" type="15" player="lammy10runcorn"/>
   <action sum="350" no="7" type="15" player="Gfs1505"/>
   <action sum="2,500" no="8" type="2" player="GorillaGorilla"/>
  </round>
  <round no="1">
   <cards type="Pocket" player="leotoledo96">X X</cards>
   <action sum="0" no="9" type="0" player="leotoledo96"/>
   <cards type="Pocket" player="insanium1">X X</cards>
   <action sum="0" no="10" type="0" player="insanium1"/>
   <cards type="Pocket" player="XxVaselinusxX">X X</cards>
   <action sum="0" no="11" type="0" player="XxVaselinusxX"/>
   <cards type="Pocket" player="MrAssistant">X X</cards>
   <action sum="5,000" no="12" type="23" player="MrAssistant"/>
   <cards type="Pocket" player="lammy10runcorn">X X</cards>
   <action sum="0" no="13" type="0" player="lammy10runcorn"/>
   <cards type="Pocket" player="Gfs1505">HQ C2</cards>
   <action sum="0" no="14" type="0" player="Gfs1505"/>
   <cards type="Pocket" player="GorillaGorilla">X X</cards>
   <action sum="15,000" no="15" type="23" player="GorillaGorilla"/>
   <action sum="0" no="16" type="0" player="MrAssistant"/>
  </round>
 </game>
 <game gamecode="11624088468">
  <general>
   <startdate>2025-08-07 13:53:30</startdate>
   <smallblind>1,250</smallblind>
   <bigblind>2,500</bigblind>
   <ante>350</ante>
   <players>
    <player dealer="0" win="0" rebuy="0" addon="0" chips="78,551" seat="1" name="Gfs1505" bet="350" reg_code="8424211799"/>
    <player dealer="0" win="0" rebuy="0" addon="0" chips="68,215" seat="4" name="GorillaGorilla" bet="1,600" reg_code=""/>
    <player dealer="0" win="0" rebuy="0" addon="0" chips="222,756" seat="5" name="leotoledo96" bet="2,850" reg_code=""/>
    <player dealer="0" win="8,700" rebuy="0" addon="0" chips="168,000" seat="6" name="insanium1" bet="6,250" reg_code=""/>
    <player dealer="0" win="0" rebuy="0" addon="0" chips="48,456" seat="7" name="XxVaselinusxX" bet="350" reg_code=""/>
    <player dealer="0" win="0" rebuy="0" addon="0" chips="404,874" seat="9" name="MrAssistant" bet="350" reg_code=""/>
    <player dealer="0" win="0" rebuy="0" addon="0" chips="107,586" seat="10" name="lammy10runcorn" bet="350" reg_code=""/>
   </players>
  </general>
  <round no="0">
   <action sum="350" no="1" type="15" player="GorillaGorilla"/>
   <action sum="350" no="2" type="15" player="leotoledo96"/>
   <action sum="350" no="3" type="15" player="insanium1"/>
   <action sum="350" no="4" type="15" player="XxVaselinusxX"/>
   <action sum="350" no="5" type="15" player="MrAssistant"/>
   <action sum="350" no="6" type="15" player="lammy10runcorn"/>
   <action sum="350" no="7" type="15" player="Gfs1505"/>
   <action sum="1,250" no="8" type="1" player="GorillaGorilla"/>
   <action sum="2,500" no="9" type="2" player="leotoledo96"/>
  </round>
  <round no="1">
   <cards type="Pocket" player="insanium1">X X</cards>
   <action sum="6,250" no="10" type="23" player="insanium1"/>
   <cards type="Pocket" player="XxVaselinusxX">X X</cards>
   <action sum="0" no="11" type="0" player="XxVaselinusxX"/>
   <cards type="Pocket" player="MrAssistant">X X</cards>
   <action sum="0" no="12" type="0" player="MrAssistant"/>
   <cards type="Pocket" player="lammy10runcorn">X X</cards>
   <action sum="0" no="13" type="0" player="lammy10runcorn"/>
   <cards type="Pocket" player="Gfs1505">H4 D3</cards>
   <action sum="0" no="14" type="0" player="Gfs1505"/>
   <cards type="Pocket" player="GorillaGorilla">X X</cards>
   <action sum="0" no="15" type="0" player="GorillaGorilla"/>
   <cards type="Pocket" player="leotoledo96">X X</cards>
   <action sum="0" no="16" type="0" player="leotoledo96"/>
  </round>
 </game>
 <game gamecode="11624088520">
  <general>
   <startdate>2025-08-07 13:54:04</startdate>
   <smallblind>1,500</smallblind>
   <bigblind>3,000</bigblind>
   <ante>400</ante>
   <players>
    <player dealer="0" win="0" rebuy="0" addon="0" chips="78,201" seat="1" name="Gfs1505" bet="21,400" reg_code="8424211799"/>
    <player dealer="1" win="0" rebuy="0" addon="0" chips="66,615" seat="4" name="GorillaGorilla" bet="400" reg_code=""/>
    <player dealer="0" win="0" rebuy="0" addon="0" chips="219,906" seat="5" name="leotoledo96" bet="1,900" reg_code=""/>
    <player dealer="0" win="46,300" rebuy="0" addon="0" chips="173,850" seat="6" name="insanium1" bet="32,975" reg_code=""/>
    <player dealer="0" win="0" rebuy="0" addon="0" chips="48,106" seat="7" name="XxVaselinusxX" bet="400" reg_code=""/>
    <player dealer="0" win="0" rebuy="0" addon="0" chips="404,524" seat="9" name="MrAssistant" bet="400" reg_code=""/>
    <player dealer="0" win="0" rebuy="0" addon="0" chips="107,236" seat="10" name="lammy10runcorn" bet="400" reg_code=""/>
   </players>
  </general>
  <round no="0">
   <action sum="400" no="1" type="15" player="leotoledo96"/>
   <action sum="400" no="2" type="15" player="insanium1"/>
   <action sum="400" no="3" type="15" player="XxVaselinusxX"/>
   <action sum="400" no="4" type="15" player="MrAssistant"/>
   <action sum="400" no="5" type="15" player="lammy10runcorn"/>
   <action sum="400" no="6" type="15" player="Gfs1505"/>
   <action sum="400" no="7" type="15" player="GorillaGorilla"/>
   <action sum="1,500" no="8" type="1" player="leotoledo96"/>
   <action sum="3,000" no="9" type="2" player="insanium1"/>
  </round>
  <round no="1">
   <cards type="Pocket" player="XxVaselinusxX">X X</cards>
   <action sum="0" no="10" type="0" player="XxVaselinusxX"/>
   <cards type="Pocket" player="MrAssistant">X X</cards>
   <action sum="0" no="11" type="0" player="MrAssistant"/>
   <cards type="Pocket" player="lammy10runcorn">X X</cards>
   <action sum="0" no="12" type="0" player="lammy10runcorn"/>
   <cards type="Pocket" player="Gfs1505">C10 C8</cards>
   <action sum="6,000" no="13" type="23" player="Gfs1505"/>
   <cards type="Pocket" player="GorillaGorilla">X X</cards>
   <action sum="0" no="14" type="0" player="GorillaGorilla"/>
   <cards type="Pocket" player="leotoledo96">X X</cards>
   <action sum="0" no="15" type="0" player="leotoledo96"/>
   <cards type="Pocket" player="insanium1">X X</cards>
   <action sum="21,000" no="16" type="23" player="insanium1"/>
   <action sum="15,000" no="17" type="3" player="Gfs1505"/>
  </round>
  <round no="2">
   <cards type="Flop">SA H5 HA</cards>
   <action sum="11,575" no="18" type="5" player="insanium1"/>
   <action sum="0" no="19" type="0" player="Gfs1505"/>
  </round>
 </game>
 <game gamecode="11624088725">
  <general>
   <startdate>2025-08-07 14:01:56</startdate>
   <smallblind>1,500</smallblind>
   <bigblind>3,000</bigblind>
   <ante>400</ante>
   <players>
    <player dealer="0" win="0" rebuy="0" addon="0" chips="56,801" seat="1" name="Gfs1505" bet="400" reg_code="8424211799"/>
    <player dealer="0" win="0" rebuy="0" addon="0" chips="197,947" seat="2" name="albzyk" bet="400" reg_code=""/>
    <player dealer="0" win="0" rebuy="0" addon="0" chips="66,215" seat="4" name="GorillaGorilla" bet="66,215" reg_code=""/>
    <player dealer="1" win="0" rebuy="0" addon="0" chips="218,006" seat="5" name="leotoledo96" bet="400" reg_code=""/>
    <player dealer="0" win="137,830" rebuy="0" addon="0" chips="198,750" seat="6" name="insanium1" bet="198,350" reg_code="">
     <knockout tobalance="€6.83" tobounty="€6.82" kicked="GorillaGorilla"/>
    </player>
    <player dealer="0" win="0" rebuy="0" addon="0" chips="47,706" seat="7" name="XxVaselinusxX" bet="3,400" reg_code=""/>
    <player dealer="0" win="0" rebuy="0" addon="0" chips="404,124" seat="9" name="MrAssistant" bet="400" reg_code=""/>
    <player dealer="0" win="0" rebuy="0" addon="0" chips="106,836" seat="10" name="lammy10runcorn" bet="400" reg_code=""/>
   </players>
  </general>
  <round no="0">
   <action sum="400" no="1" type="15" player="insanium1"/>
   <action sum="400" no="2" type="15" player="XxVaselinusxX"/>
   <action sum="400" no="3" type="15" player="MrAssistant"/>
   <action sum="400" no="4" type="15" player="lammy10runcorn"/>
   <action sum="400" no="5" type="15" player="Gfs1505"/>
   <action sum="400" no="6" type="15" player="albzyk"/>
   <action sum="400" no="7" type="15" player="GorillaGorilla"/>
   <action sum="400" no="8" type="15" player="leotoledo96"/>
   <action sum="1,500" no="9" type="1" player="insanium1"/>
   <action sum="3,000" no="10" type="2" player="XxVaselinusxX"/>
  </round>
  <round no="1">
   <cards type="Pocket" player="MrAssistant">X X</cards>
   <action sum="0" no="11" type="0" player="MrAssistant"/>
   <cards type="Pocket" player="lammy10runcorn">X X</cards>
   <action sum="0" no="12" type="0" player="lammy10runcorn"/>
   <cards type="Pocket" player="Gfs1505">S7 DQ</cards>
   <action sum="0" no="13" type="0" player="Gfs1505"/>
   <cards type="Pocket" player="albzyk">X X</cards>
   <action sum="0" no="14" type="0" player="albzyk"/>
   <cards type="Pocket" player="GorillaGorilla">D7 SA</cards>
   <action sum="6,000" no="15" type="23" player="GorillaGorilla"/>
   <cards type="Pocket" player="leotoledo96">X X</cards>
   <action sum="0" no="16" type="0" player="leotoledo96"/>
   <cards type="Pocket" player="insanium1">S9 CA</cards>
   <action sum="198,350" no="17" type="23" player="insanium1"/>
   <cards type="Pocket" player="XxVaselinusxX">X X</cards>
   <action sum="0" no="18" type="0" player="XxVaselinusxX"/>
   <action sum="59,815" no="19" type="7" player="GorillaGorilla"/>
  </round>
  <round no="2">
   <cards type="Flop">C5 S4 C2</cards>
  </round>
  <round no="3">
   <cards type="Turn">C10</cards>
  </round>
  <round no="4">
   <cards type="River">D5</cards>
  </round>
 </game>
 <game gamecode="11624088854">
  <general>
   <startdate>2025-08-07 14:03:00</startdate>
   <smallblind>1,500</smallblind>
   <bigblind>3,000</bigblind>
   <ante>400</ante>
   <players>
    <player dealer="0" win="0" rebuy="0" addon="0" chips="56,401" seat="1" name="Gfs1505" bet="400" reg_code="8424211799"/>
    <player dealer="0" win="0" rebuy="0" addon="0" chips="197,547" seat="2" name="albzyk" bet="400" reg_code=""/>
    <player dealer="0" win="0" rebuy="0" addon="0" chips="217,606" seat="5" name="leotoledo96" bet="400" reg_code=""/>
    <player dealer="1" win="0" rebuy="0" addon="0" chips="270,365" seat="6" name="insanium1" bet="400" reg_code=""/>
    <player dealer="0" win="90,612" rebuy="0" addon="0" chips="44,306" seat="7" name="XxVaselinusxX" bet="43,906" reg_code=""/>
    <player dealer="0" win="0" rebuy="0" addon="0" chips="403,724" seat="9" name="MrAssistant" bet="44,306" reg_code=""/>
    <player dealer="0" win="0" rebuy="0" addon="0" chips="106,436" seat="10" name="lammy10runcorn" bet="400" reg_code=""/>
   </players>
  </general>
  <round no="0">
   <action sum="400" no="1" type="15" player="XxVaselinusxX"/>
   <action sum="400" no="2" type="15" player="MrAssistant"/>
   <action sum="400" no="3" type="15" player="lammy10runcorn"/>
   <action sum="400" no="4" type="15" player="Gfs1505"/>
   <action sum="400" no="5" type="15" player="albzyk"/>
   <action sum="400" no="6" type="15" player="leotoledo96"/>
   <action sum="400" no="7" type="15" player="insanium1"/>
   <action sum="1,500" no="8" type="1" player="XxVaselinusxX"/>
   <action sum="3,000" no="9" type="2" player="MrAssistant"/>
  </round>
  <round no="1">
   <cards type="Pocket" player="lammy10runcorn">X X</cards>
   <action sum="0" no="10" type="0" player="lammy10runcorn"/>
   <cards type="Pocket" player="Gfs1505">C8 D7</cards>
   <action sum="0" no="11" type="0" player="Gfs1505"/>
   <cards type="Pocket" player="albzyk">X X</cards>
   <action sum="0" no="12" type="0" player="albzyk"/>
   <cards type="Pocket" player="leotoledo96">X X</cards>
   <action sum="0" no="13" type="0" player="leotoledo96"/>
   <cards type="Pocket" player="insanium1">X X</cards>
   <action sum="0" no="14" type="0" player="insanium1"/>
   <cards type="Pocket" player="XxVaselinusxX">CA C3</cards>
   <action sum="1,500" no="15" type="3" player="XxVaselinusxX"/>
   <cards type="Pocket" player="MrAssistant">HQ SQ</cards>
   <action sum="7,500" no="16" type="23" player="MrAssistant"/>
   <action sum="43,906" no="17" type="23" player="XxVaselinusxX"/>
   <action sum="36,406" no="18" type="3" player="MrAssistant"/>
  </round>
  <round no="2">
   <cards type="Flop">H7 C10 SA</cards>
  </round>
  <round no="3">
   <cards type="Turn">C5</cards>
  </round>
  <round no="4">
   <cards type="River">D3</cards>
  </round>
 </game>
 <game gamecode="11624088936">
  <general>
   <startdate>2025-08-07 14:03:33</startdate>
   <smallblind>1,500</smallblind>
   <bigblind>3,000</bigblind>
   <ante>400</ante>
   <players>
    <player dealer="0" win="0" rebuy="0" addon="0" chips="56,001" seat="1" name="Gfs1505" bet="400" reg_code="8424211799"/>
    <player dealer="0" win="16,300" rebuy="0" addon="0" chips="197,147" seat="2" name="albzyk" bet="10,900" reg_code=""/>
    <player dealer="0" win="0" rebuy="0" addon="0" chips="217,206" seat="5" name="leotoledo96" bet="400" reg_code=""/>
    <player dealer="0" win="0" rebuy="0" addon="0" chips="269,965" seat="6" name="insanium1" bet="400" reg_code=""/>
    <player dealer="1" win="0" rebuy="0" addon="0" chips="90,612" seat="7" name="XxVaselinusxX" bet="400" reg_code=""/>
    <player dealer="0" win="0" rebuy="0" addon="0" chips="359,418" seat="9" name="MrAssistant" bet="1,900" reg_code=""/>
    <player dealer="0" win="0" rebuy="0" addon="0" chips="106,036" seat="10" name="lammy10runcorn" bet="6,400" reg_code=""/>
   </players>
  </general>
  <round no="0">
   <action sum="400" no="1" type="15" player="MrAssistant"/>
   <action sum="400" no="2" type="15" player="lammy10runcorn"/>
   <action sum="400" no="3" type="15" player="Gfs1505"/>
   <action sum="400" no="4" type="15" player="albzyk"/>
   <action sum="400" no="5" type="15" player="leotoledo96"/>
   <action sum="400" no="6" type="15" player="insanium1"/>
   <action sum="400" no="7" type="15" player="XxVaselinusxX"/>
   <action sum="1,500" no="8" type="1" player="MrAssistant"/>
   <action sum="3,000" no="9" type="2" player="lammy10runcorn"/>
  </round>
  <round no="1">
   <cards type="Pocket" player="Gfs1505">H7 HQ</cards>
   <action sum="0" no="10" type="0" player="Gfs1505"/>
   <cards type="Pocket" player="albzyk">X X</cards>
   <action sum="6,000" no="11" type="23" player="albzyk"/>
   <cards type="Pocket" player="leotoledo96">X X</cards>
   <action sum="0" no="12" type="0" player="leotoledo96"/>
   <cards type="Pocket" player="insanium1">X X</cards>
   <action sum="0" no="13" type="0" player="insanium1"/>
   <cards type="Pocket" player="XxVaselinusxX">X X</cards>
   <action sum="0" no="14" type="0" player="XxVaselinusxX"/>
   <cards type="Pocket" player="MrAssistant">X X</cards>
   <action sum="0" no="15" type="0" player="MrAssistant"/>
   <cards type="Pocket" player="lammy10runcorn">X X</cards>
   <action sum="3,000" no="16" type="3" player="lammy10runcorn"/>
  </round>
  <round no="2">
   <cards type="Flop">H9 DJ D10</cards>
   <action sum="0" no="17" type="4" player="lammy10runcorn"/>
   <action sum="4,500" no="18" type="5" player="albzyk"/>
   <action sum="0" no="19" type="0" player="lammy10runcorn"/>
  </round>
 </game>
 <game gamecode="11624107992">
  <general>
   <startdate>2025-08-07 14:04:18</startdate>
   <smallblind>1,500</smallblind>
   <bigblind>3,000</bigblind>
   <ante>400</ante>
   <players>
    <player dealer="0" win="0" rebuy="0" addon="0" chips="55,601" seat="1" name="Gfs1505" bet="55,201" reg_code="8424211799"/>
    <player dealer="0" win="0" rebuy="0" addon="0" chips="207,047" seat="2" name="albzyk" bet="400" reg_code=""/>
    <player dealer="0" win="0" rebuy="0" addon="0" chips="216,806" seat="5" name="leotoledo96" bet="400" reg_code=""/>
    <player dealer="0" win="114,702" rebuy="0" addon="0" chips="269,565" seat="6" name="insanium1" bet="55,601" reg_code="">
     <knockout tobalance="€6.83" tobounty="€6.82" kicked="Gfs1505"/>
    </player>
    <player dealer="0" win="0" rebuy="0" addon="0" chips="90,212" seat="7" name="XxVaselinusxX" bet="400" reg_code=""/>
    <player dealer="1" win="0" rebuy="0" addon="0" chips="357,518" seat="9" name="MrAssistant" bet="400" reg_code=""/>
    <player dealer="0" win="0" rebuy="0" addon="0" chips="99,636" seat="10" name="lammy10runcorn" bet="1,900" reg_code=""/>
   </players>
  </general>
  <round no="0">
   <action sum="400" no="1" type="15" player="lammy10runcorn"/>
   <action sum="400" no="2" type="15" player="Gfs1505"/>
   <action sum="400" no="3" type="15" player="albzyk"/>
   <action sum="400" no="4" type="15" player="leotoledo96"/>
   <action sum="400" no="5" type="15" player="insanium1"/>
   <action sum="400" no="6" type="15" player="XxVaselinusxX"/>
   <action sum="400" no="7" type="15" player="MrAssistant"/>
   <action sum="1,500" no="8" type="1" player="lammy10runcorn"/>
   <action sum="3,000" no="9" type="2" player="Gfs1505"/>
  </round>
  <round no="1">
   <cards type="Pocket" player="albzyk">X X</cards>
   <action sum="0" no="10" type="0" player="albzyk"/>
   <cards type="Pocket" player="leotoledo96">X X</cards>
   <action sum="0" no="11" type="0" player="leotoledo96"/>
   <cards type="Pocket" player="insanium1">S10 C10</cards>
   <action sum="6,600" no="12" type="23" player="insanium1"/>
   <cards type="Pocket" player="XxVaselinusxX">X X</cards>
   <action sum="0" no="13" type="0" player="XxVaselinusxX"/>
   <cards type="Pocket" player="MrAssistant">X X</cards>
   <action sum="0" no="14" type="0" player="MrAssistant"/>
   <cards type="Pocket" player="lammy10runcorn">X X</cards>
   <action sum="0" no="15" type="0" player="lammy10runcorn"/>
   <cards type="Pocket" player="Gfs1505">H6 S6</cards>
   <action sum="55,201" no="16" type="23" player="Gfs1505"/>
   <action sum="48,601" no="17" type="3" player="insanium1"/>
  </round>
  <round no="2">
   <cards type="Flop">C4 H3 C8</cards>
  </round>
  <round no="3">
   <cards type="Turn">HA</cards>
  </round>
  <round no="4">
   <cards type="River">D8</cards>
  </round>
 </game>
</session>
