<?xml version="1.0" encoding="utf-8"?>
<session sessioncode="8424211799">
 <general>
  <mode>real</mode>
  <gametype>Holdem NL</gametype>
  <tablename>€30 THURSDAY ELIMINATOR XL, 1132924957</tablename>
  <tournamentcurrency>1</tournamentcurrency>
  <currency>USD</currency>
  <nickname>Gfs1505</nickname>
  <buyin>€13.65 + €13.65 + €2.70</buyin>
  <totalbuyin>€16.35</totalbuyin>
 </general>
 <game gamecode="11624064252">
  <general>
   <players>
    <player dealer="1" chips="100,000" seat="1" name="Gfs1505" reg_code="8424211799"/>
    <player dealer="0" chips="90,115" seat="4" name="GorillaGorilla" reg_code=""/>
    <player dealer="0" chips="229,656" seat="5" name="leotoledo96" reg_code=""/>
    <player dealer="0" chips="127,500" seat="6" name="insanium1" reg_code=""/>
    <player dealer="0" chips="92,806" seat="7" name="XxVaselinusxX" reg_code=""/>
    <player dealer="0" chips="317,400" seat="9" name="MrAssistant" reg_code=""/>
    <player dealer="0" chips="136,560" seat="10" name="lammy10runcorn" reg_code=""/>
   </players>
  </general>
  <round no="0">
   <action sum="€350" no="1" type="15" player="GorillaGorilla"/>
   <action sum="€350" no="2" type="15" player="leotoledo96"/>
   <action sum="€350" no="3" type="15" player="insanium1"/>
   <action sum="€350" no="4" type="15" player="XxVaselinusxX"/>
   <action sum="€350" no="5" type="15" player="MrAssistant"/>
   <action sum="€350" no="6" type="15" player="lammy10runcorn"/>
   <action sum="€350" no="7" type="15" player="Gfs1505"/>
   <action sum="€1,250" no="8" type="1" player="GorillaGorilla"/>
   <action sum="€2,500" no="9" type="2" player="leotoledo96"/>
  </round>
 </game>
 <game gamecode="11624064278">
  <general>
   <players>
    <player dealer="0" chips="99,650" seat="1" name="Gfs1505" reg_code="8424211799"/>
    <player dealer="0" chips="153,345" seat="2" name="Newerkla10" reg_code=""/>
    <player dealer="1" chips="88,515" seat="4" name="GorillaGorilla" reg_code=""/>
    <player dealer="0" chips="233,006" seat="5" name="leotoledo96" reg_code=""/>
    <player dealer="0" chips="127,150" seat="6" name="insanium1" reg_code=""/>
    <player dealer="0" chips="92,456" seat="7" name="XxVaselinusxX" reg_code=""/>
    <player dealer="0" chips="317,050" seat="9" name="MrAssistant" reg_code=""/>
    <player dealer="0" chips="136,210" seat="10" name="lammy10runcorn" reg_code=""/>
   </players>
  </general>
  <round no="0">
   <action sum="€350" no="1" type="15" player="leotoledo96"/>
   <action sum="€350" no="2" type="15" player="insanium1"/>
   <action sum="€350" no="3" type="15" player="XxVaselinusxX"/>
   <action sum="€350" no="4" type="15" player="MrAssistant"/>
   <action sum="€350" no="5" type="15" player="lammy10runcorn"/>
   <action sum="€350" no="6" type="15" player="Gfs1505"/>
   <action sum="€350" no="7" type="15" player="Newerkla10"/>
   <action sum="€350" no="8" type="15" player="GorillaGorilla"/>
   <action sum="€1,250" no="9" type="1" player="leotoledo96"/>
   <action sum="€2,500" no="10" type="2" player="insanium1"/>
  </round>
 </game>
 <game gamecode="11624064347">
  <general>
   <players>
    <player dealer="0" chips="99,300" seat="1" name="Gfs1505" reg_code="8424211799"/>
    <player dealer="0" chips="159,545" seat="2" name="Newerkla10" reg_code=""/>
    <player dealer="0" chips="88,165" seat="4" name="GorillaGorilla" reg_code=""/>
    <player dealer="1" chips="231,406" seat="5" name="leotoledo96" reg_code=""/>
    <player dealer="0" chips="124,300" seat="6" name="insanium1" reg_code=""/>
    <player dealer="0" chips="92,106" seat="7" name="XxVaselinusxX" reg_code=""/>
    <player dealer="0" chips="316,700" seat="9" name="MrAssistant" reg_code=""/>
    <player dealer="0" chips="135,860" seat="10" name="lammy10runcorn" reg_code=""/>
   </players>
  </general>
  <round no="0">
   <action sum="€350" no="1" type="15" player="insanium1"/>
   <action sum="€350" no="2" type="15" player="XxVaselinusxX"/>
   <action sum="€350" no="3" type="15" player="MrAssistant"/>
   <action sum="€350" no="4" type="15" player="lammy10runcorn"/>
   <action sum="€350" no="5" type="15" player="Gfs1505"/>
   <action sum="€350" no="6" type="15" player="Newerkla10"/>
   <action sum="€350" no="7" type="15" player="GorillaGorilla"/>
   <action sum="€350" no="8" type="15" player="leotoledo96"/>
   <action sum="€1,250" no="9" type="1" player="insanium1"/>
   <action sum="€2,500" no="10" type="2" player="XxVaselinusxX"/>
  </round>
 </game>
 <game gamecode="11624064448">
  <general>
   <players>
    <player dealer="0" chips="98,950" seat="1" name="Gfs1505" reg_code="8424211799"/>
    <player dealer="0" chips="159,195" seat="2" name="Newerkla10" reg_code=""/>
    <player dealer="0" chips="87,815" seat="4" name="GorillaGorilla" reg_code=""/>
    <player dealer="0" chips="231,056" seat="5" name="leotoledo96" reg_code=""/>
    <player dealer="1" chips="154,250" seat="6" name="insanium1" reg_code=""/>
    <player dealer="0" chips="64,256" seat="7" name="XxVaselinusxX" reg_code=""/>
    <player dealer="0" chips="316,350" seat="9" name="MrAssistant" reg_code=""/>
    <player dealer="0" chips="135,510" seat="10" name="lammy10runcorn" reg_code=""/>
   </players>
  </general>
  <round no="0">
   <action sum="€350" no="1" type="15" player="XxVaselinusxX"/>
   <action sum="€350" no="2" type="15" player="MrAssistant"/>
   <action sum="€350" no="3" type="15" player="lammy10runcorn"/>
   <action sum="€350" no="4" type="15" player="Gfs1505"/>
   <action sum="€350" no="5" type="15" player="Newerkla10"/>
   <action sum="€350" no="6" type="15" player="GorillaGorilla"/>
   <action sum="€350" no="7" type="15" player="leotoledo96"/>
   <action sum="€350" no="8" type="15" player="insanium1"/>
   <action sum="€1,250" no="9" type="1" player="XxVaselinusxX"/>
   <action sum="€2,500" no="10" type="2" player="MrAssistant"/>
  </round>
 </game>
 <game gamecode="11624064496">
  <general>
   <players>
    <player dealer="0" chips="98,600" seat="1" name="Gfs1505" reg_code="8424211799"/>
    <player dealer="0" chips="165,395" seat="2" name="Newerkla10" reg_code=""/>
    <player dealer="0" chips="87,465" seat="4" name="GorillaGorilla" reg_code=""/>
    <player dealer="0" chips="230,706" seat="5" name="leotoledo96" reg_code=""/>
    <player dealer="0" chips="153,900" seat="6" name="insanium1" reg_code=""/>
    <player dealer="1" chips="62,656" seat="7" name="XxVaselinusxX" reg_code=""/>
    <player dealer="0" chips="313,500" seat="9" name="MrAssistant" reg_code=""/>
    <player dealer="0" chips="135,160" seat="10" name="lammy10runcorn" reg_code=""/>
   </players>
  </general>
  <round no="0">
   <action sum="€350" no="1" type="15" player="MrAssistant"/>
   <action sum="€350" no="2" type="15" player="lammy10runcorn"/>
   <action sum="€350" no="3" type="15" player="Gfs1505"/>
   <action sum="€350" no="4" type="15" player="Newerkla10"/>
   <action sum="€350" no="5" type="15" player="GorillaGorilla"/>
   <action sum="€350" no="6" type="15" player="leotoledo96"/>
   <action sum="€350" no="7" type="15" player="insanium1"/>
   <action sum="€350" no="8" type="15" player="XxVaselinusxX"/>
   <action sum="€1,250" no="9" type="1" player="MrAssistant"/>
   <action sum="€2,500" no="10" type="2" player="lammy10runcorn"/>
  </round>
 </game>
 <game gamecode="11624064586">
  <general>
   <players>
    <player dealer="0" chips="98,250" seat="1" name="Gfs1505" reg_code="8424211799"/>
    <player dealer="0" chips="165,045" seat="2" name="Newerkla10" reg_code=""/>
    <player dealer="0" chips="87,115" seat="4" name="GorillaGorilla" reg_code=""/>
    <player dealer="0" chips="230,356" seat="5" name="leotoledo96" reg_code=""/>
    <player dealer="0" chips="135,050" seat="6" name="insanium1" reg_code=""/>
    <player dealer="0" chips="62,306" seat="7" name="XxVaselinusxX" reg_code=""/>
    <player dealer="1" chips="336,950" seat="9" name="MrAssistant" reg_code=""/>
    <player dealer="0" chips="132,310" seat="10" name="lammy10runcorn" reg_code=""/>
   </players>
  </general>
  <round no="0">
   <action sum="€350" no="1" type="15" player="lammy10runcorn"/>
   <action sum="€350" no="2" type="15" player="Gfs1505"/>
   <action sum="€350" no="3" type="15" player="Newerkla10"/>
   <action sum="€350" no="4" type="15" player="GorillaGorilla"/>
   <action sum="€350" no="5" type="15" player="leotoledo96"/>
   <action sum="€350" no="6" type="15" player="insanium1"/>
   <action sum="€350" no="7" type="15" player="XxVaselinusxX"/>
   <action sum="€350" no="8" type="15" player="MrAssistant"/>
   <action sum="€1,250" no="9" type="1" player="lammy10runcorn"/>
   <action sum="€2,500" no="10" type="2" player="Gfs1505"/>
  </round>
 </game>
 <game gamecode="11624064615">
  <general>
   <players>
    <player dealer="0" chips="101,950" seat="1" name="Gfs1505" reg_code="8424211799"/>
    <player dealer="0" chips="164,695" seat="2" name="Newerkla10" reg_code=""/>
    <player dealer="0" chips="86,765" seat="4" name="GorillaGorilla" reg_code=""/>
    <player dealer="0" chips="230,006" seat="5" name="leotoledo96" reg_code=""/>
    <player dealer="0" chips="134,700" seat="6" name="insanium1" reg_code=""/>
    <player dealer="0" chips="61,956" seat="7" name="XxVaselinusxX" reg_code=""/>
    <player dealer="0" chips="336,600" seat="9" name="MrAssistant" reg_code=""/>
    <player dealer="1" chips="130,710" seat="10" name="lammy10runcorn" reg_code=""/>
   </players>
  </general>
  <round no="0">
   <action sum="€350" no="1" type="15" player="Gfs1505"/>
   <action sum="€350" no="2" type="15" player="Newerkla10"/>
   <action sum="€350" no="3" type="15" player="GorillaGorilla"/>
   <action sum="€350" no="4" type="15" player="leotoledo96"/>
   <action sum="€350" no="5" type="15" player="insanium1"/>
   <action sum="€350" no="6" type="15" player="XxVaselinusxX"/>
   <action sum="€350" no="7" type="15" player="MrAssistant"/>
   <action sum="€350" no="8" type="15" player="lammy10runcorn"/>
   <action sum="€1,250" no="9" type="1" player="Gfs1505"/>
   <action sum="€2,500" no="10" type="2" player="Newerkla10"/>
  </round>
 </game>
 <game gamecode="11624064695">
  <general>
   <players>
    <player dealer="1" chips="100,350" seat="1" name="Gfs1505" reg_code="8424211799"/>
    <player dealer="0" chips="116,845" seat="2" name="Newerkla10" reg_code=""/>
    <player dealer="0" chips="86,415" seat="4" name="GorillaGorilla" reg_code=""/>
    <player dealer="0" chips="229,656" seat="5" name="leotoledo96" reg_code=""/>
    <player dealer="0" chips="134,350" seat="6" name="insanium1" reg_code=""/>
    <player dealer="0" chips="61,606" seat="7" name="XxVaselinusxX" reg_code=""/>
    <player dealer="0" chips="387,800" seat="9" name="MrAssistant" reg_code=""/>
    <player dealer="0" chips="130,360" seat="10" name="lammy10runcorn" reg_code=""/>
   </players>
  </general>
  <round no="0">
   <action sum="€350" no="1" type="15" player="Newerkla10"/>
   <action sum="€350" no="2" type="15" player="GorillaGorilla"/>
   <action sum="€350" no="3" type="15" player="leotoledo96"/>
   <action sum="€350" no="4" type="15" player="insanium1"/>
   <action sum="€350" no="5" type="15" player="XxVaselinusxX"/>
   <action sum="€350" no="6" type="15" player="MrAssistant"/>
   <action sum="€350" no="7" type="15" player="lammy10runcorn"/>
   <action sum="€350" no="8" type="15" player="Gfs1505"/>
   <action sum="€1,250" no="9" type="1" player="Newerkla10"/>
   <action sum="€2,500" no="10" type="2" player="GorillaGorilla"/>
  </round>
 </game>
 <game gamecode="11624064762">
  <general>
   <players>
    <player dealer="0" chips="100,000" seat="1" name="Gfs1505" reg_code="8424211799"/>
    <player dealer="1" chips="125,545" seat="2" name="Newerkla10" reg_code=""/>
    <player dealer="0" chips="79,815" seat="4" name="GorillaGorilla" reg_code=""/>
    <player dealer="0" chips="229,306" seat="5" name="leotoledo96" reg_code=""/>
    <player dealer="0" chips="134,000" seat="6" name="insanium1" reg_code=""/>
    <player dealer="0" chips="61,256" seat="7" name="XxVaselinusxX" reg_code=""/>
    <player dealer="0" chips="387,450" seat="9" name="MrAssistant" reg_code=""/>
    <player dealer="0" chips="130,010" seat="10" name="lammy10runcorn" reg_code=""/>
   </players>
  </general>
  <round no="0">
   <action sum="€350" no="1" type="15" player="GorillaGorilla"/>
   <action sum="€350" no="2" type="15" player="leotoledo96"/>
   <action sum="€350" no="3" type="15" player="insanium1"/>
   <action sum="€350" no="4" type="15" player="XxVaselinusxX"/>
   <action sum="€350" no="5" type="15" player="MrAssistant"/>
   <action sum="€350" no="6" type="15" player="lammy10runcorn"/>
   <action sum="€350" no="7" type="15" player="Gfs1505"/>
   <action sum="€350" no="8" type="15" player="Newerkla10"/>
   <action sum="€1,250" no="9" type="1" player="GorillaGorilla"/>
   <action sum="€2,500" no="10" type="2" player="leotoledo96"/>
  </round>
 </game>
 <game gamecode="11624064825">
  <general>
   <players>
    <player dealer="0" chips="99,650" seat="1" name="Gfs1505" reg_code="8424211799"/>
    <player dealer="1" chips="78,215" seat="4" name="GorillaGorilla" reg_code=""/>
    <player dealer="0" chips="226,456" seat="5" name="leotoledo96" reg_code=""/>
    <player dealer="0" chips="146,450" seat="6" name="insanium1" reg_code=""/>
    <player dealer="0" chips="54,656" seat="7" name="XxVaselinusxX" reg_code=""/>
    <player dealer="0" chips="387,100" seat="9" name="MrAssistant" reg_code=""/>
    <player dealer="0" chips="129,660" seat="10" name="lammy10runcorn" reg_code=""/>
   </players>
  </general>
  <round no="0">
   <action sum="€350" no="1" type="15" player="leotoledo96"/>
   <action sum="€350" no="2" type="15" player="insanium1"/>
   <action sum="€350" no="3" type="15" player="XxVaselinusxX"/>
   <action sum="€350" no="4" type="15" player="MrAssistant"/>
   <action sum="€350" no="5" type="15" player="lammy10runcorn"/>
   <action sum="€350" no="6" type="15" player="Gfs1505"/>
   <action sum="€350" no="7" type="15" player="GorillaGorilla"/>
   <action sum="€1,250" no="8" type="1" player="leotoledo96"/>
   <action sum="€2,500" no="9" type="2" player="insanium1"/>
  </round>
 </game>
 <game gamecode="11624087998">
  <general>
   <players>
    <player dealer="0" chips="99,300" seat="1" name="Gfs1505" reg_code="8424211799"/>
    <player dealer="0" chips="125,195" seat="2" name="Newerkla10" reg_code=""/>
    <player dealer="0" chips="77,865" seat="4" name="GorillaGorilla" reg_code=""/>
    <player dealer="1" chips="224,856" seat="5" name="leotoledo96" reg_code=""/>
    <player dealer="0" chips="149,800" seat="6" name="insanium1" reg_code=""/>
    <player dealer="0" chips="54,306" seat="7" name="XxVaselinusxX" reg_code=""/>
    <player dealer="0" chips="386,750" seat="9" name="MrAssistant" reg_code=""/>
    <player dealer="0" chips="129,310" seat="10" name="lammy10runcorn" reg_code=""/>
   </players>
  </general>
  <round no="0">
   <action sum="€350" no="1" type="15" player="insanium1"/>
   <action sum="€350" no="2" type="15" player="XxVaselinusxX"/>
   <action sum="€350" no="3" type="15" player="MrAssistant"/>
   <action sum="€350" no="4" type="15" player="lammy10runcorn"/>
   <action sum="€350" no="5" type="15" player="Gfs1505"/>
   <action sum="€350" no="6" type="15" player="Newerkla10"/>
   <action sum="€350" no="7" type="15" player="GorillaGorilla"/>
   <action sum="€350" no="8" type="15" player="leotoledo96"/>
   <action sum="€1,250" no="9" type="1" player="insanium1"/>
   <action sum="€2,500" no="10" type="2" player="XxVaselinusxX"/>
  </round>
 </game>
 <game gamecode="11624088054">
  <general>
   <players>
    <player dealer="0" chips="98,950" seat="1" name="Gfs1505" reg_code="8424211799"/>
    <player dealer="0" chips="124,845" seat="2" name="Newerkla10" reg_code=""/>
    <player dealer="0" chips="77,515" seat="4" name="GorillaGorilla" reg_code=""/>
    <player dealer="0" chips="224,506" seat="5" name="leotoledo96" reg_code=""/>
    <player dealer="1" chips="148,200" seat="6" name="insanium1" reg_code=""/>
    <player dealer="0" chips="51,456" seat="7" name="XxVaselinusxX" reg_code=""/>
    <player dealer="0" chips="397,950" seat="9" name="MrAssistant" reg_code=""/>
    <player dealer="0" chips="123,960" seat="10" name="lammy10runcorn" reg_code=""/>
   </players>
  </general>
  <round no="0">
   <action sum="€350" no="1" type="15" player="XxVaselinusxX"/>
   <action sum="€350" no="2" type="15" player="MrAssistant"/>
   <action sum="€350" no="3" type="15" player="lammy10runcorn"/>
   <action sum="€350" no="4" type="15" player="Gfs1505"/>
   <action sum="€350" no="5" type="15" player="Newerkla10"/>
   <action sum="€350" no="6" type="15" player="GorillaGorilla"/>
   <action sum="€350" no="7" type="15" player="leotoledo96"/>
   <action sum="€350" no="8" type="15" player="insanium1"/>
   <action sum="€1,250" no="9" type="1" player="XxVaselinusxX"/>
   <action sum="€2,500" no="10" type="2" player="MrAssistant"/>
  </round>
 </game>
 <game gamecode="11624088185">
  <general>
   <players>
    <player dealer="0" chips="77,151" seat="1" name="Gfs1505" reg_code="8424211799"/>
    <player dealer="0" chips="152,494" seat="2" name="Newerkla10" reg_code=""/>
    <player dealer="0" chips="77,165" seat="4" name="GorillaGorilla" reg_code=""/>
    <player dealer="0" chips="224,156" seat="5" name="leotoledo96" reg_code=""/>
    <player dealer="0" chips="147,850" seat="6" name="insanium1" reg_code=""/>
    <player dealer="1" chips="49,856" seat="7" name="XxVaselinusxX" reg_code=""/>
    <player dealer="0" chips="395,100" seat="9" name="MrAssistant" reg_code=""/>
    <player dealer="0" chips="123,610" seat="10" name="lammy10runcorn" reg_code=""/>
   </players>
  </general>
  <round no="0">
   <action sum="€350" no="1" type="15" player="MrAssistant"/>
   <action sum="€350" no="2" type="15" player="lammy10runcorn"/>
   <action sum="€350" no="3" type="15" player="Gfs1505"/>
   <action sum="€350" no="4" type="15" player="Newerkla10"/>
   <action sum="€350" no="5" type="15" player="GorillaGorilla"/>
   <action sum="€350" no="6" type="15" player="leotoledo96"/>
   <action sum="€350" no="7" type="15" player="insanium1"/>
   <action sum="€350" no="8" type="15" player="XxVaselinusxX"/>
   <action sum="€1,250" no="9" type="1" player="MrAssistant"/>
   <action sum="€2,500" no="10" type="2" player="lammy10runcorn"/>
  </round>
 </game>
 <game gamecode="11624088265">
  <general>
   <players>
    <player dealer="0" chips="76,801" seat="1" name="Gfs1505" reg_code="8424211799"/>
    <player dealer="0" chips="152,144" seat="2" name="Newerkla10" reg_code=""/>
    <player dealer="0" chips="76,815" seat="4" name="GorillaGorilla" reg_code=""/>
    <player dealer="0" chips="223,806" seat="5" name="leotoledo96" reg_code=""/>
    <player dealer="0" chips="147,500" seat="6" name="insanium1" reg_code=""/>
    <player dealer="0" chips="49,506" seat="7" name="XxVaselinusxX" reg_code=""/>
    <player dealer="1" chips="410,924" seat="9" name="MrAssistant" reg_code=""/>
    <player dealer="0" chips="109,886" seat="10" name="lammy10runcorn" reg_code=""/>
   </players>
  </general>
  <round no="0">
   <action sum="€350" no="1" type="15" player="lammy10runcorn"/>
   <action sum="€350" no="2" type="15" player="Gfs1505"/>
   <action sum="€350" no="3" type="15" player="Newerkla10"/>
   <action sum="€350" no="4" type="15" player="GorillaGorilla"/>
   <action sum="€350" no="5" type="15" player="leotoledo96"/>
   <action sum="€350" no="6" type="15" player="insanium1"/>
   <action sum="€350" no="7" type="15" player="XxVaselinusxX"/>
   <action sum="€350" no="8" type="15" player="MrAssistant"/>
   <action sum="€1,250" no="9" type="1" player="lammy10runcorn"/>
   <action sum="€2,500" no="10" type="2" player="Gfs1505"/>
  </round>
 </game>
 <game gamecode="11624088302">
  <general>
   <players>
    <player dealer="0" chips="80,501" seat="1" name="Gfs1505" reg_code="8424211799"/>
    <player dealer="0" chips="151,794" seat="2" name="Newerkla10" reg_code=""/>
    <player dealer="0" chips="76,465" seat="4" name="GorillaGorilla" reg_code=""/>
    <player dealer="0" chips="223,456" seat="5" name="leotoledo96" reg_code=""/>
    <player dealer="0" chips="147,150" seat="6" name="insanium1" reg_code=""/>
    <player dealer="0" chips="49,156" seat="7" name="XxVaselinusxX" reg_code=""/>
    <player dealer="0" chips="410,574" seat="9" name="MrAssistant" reg_code=""/>
    <player dealer="1" chips="108,286" seat="10" name="lammy10runcorn" reg_code=""/>
   </players>
  </general>
  <round no="0">
   <action sum="€350" no="1" type="15" player="Gfs1505"/>
   <action sum="€350" no="2" type="15" player="Newerkla10"/>
   <action sum="€350" no="3" type="15" player="GorillaGorilla"/>
   <action sum="€350" no="4" type="15" player="leotoledo96"/>
   <action sum="€350" no="5" type="15" player="insanium1"/>
   <action sum="€350" no="6" type="15" player="XxVaselinusxX"/>
   <action sum="€350" no="7" type="15" player="MrAssistant"/>
   <action sum="€350" no="8" type="15" player="lammy10runcorn"/>
   <action sum="€1,250" no="9" type="1" player="Gfs1505"/>
   <action sum="€2,500" no="10" type="2" player="Newerkla10"/>
  </round>
 </game>
 <game gamecode="11624088402">
  <general>
   <players>
    <player dealer="1" chips="78,901" seat="1" name="Gfs1505" reg_code="8424211799"/>
    <player dealer="0" chips="61,115" seat="4" name="GorillaGorilla" reg_code=""/>
    <player dealer="0" chips="223,106" seat="5" name="leotoledo96" reg_code=""/>
    <player dealer="0" chips="168,350" seat="6" name="insanium1" reg_code=""/>
    <player dealer="0" chips="48,806" seat="7" name="XxVaselinusxX" reg_code=""/>
    <player dealer="0" chips="410,224" seat="9" name="MrAssistant" reg_code=""/>
    <player dealer="0" chips="107,936" seat="10" name="lammy10runcorn" reg_code=""/>
   </players>
  </general>
  <round no="0">
   <action sum="€350" no="1" type="15" player="GorillaGorilla"/>
   <action sum="€350" no="2" type="15" player="leotoledo96"/>
   <action sum="€350" no="3" type="15" player="insanium1"/>
   <action sum="€350" no="4" type="15" player="XxVaselinusxX"/>
   <action sum="€350" no="5" type="15" player="MrAssistant"/>
   <action sum="€350" no="6" type="15" player="lammy10runcorn"/>
   <action sum="€350" no="7" type="15" player="Gfs1505"/>
   <action sum="€2,500" no="8" type="2" player="GorillaGorilla"/>
  </round>
 </game>
 <game gamecode="11624088468">
  <general>
   <players>
    <player dealer="0" chips="78,551" seat="1" name="Gfs1505" reg_code="8424211799"/>
    <player dealer="0" chips="68,215" seat="4" name="GorillaGorilla" reg_code=""/>
    <player dealer="0" chips="222,756" seat="5" name="leotoledo96" reg_code=""/>
    <player dealer="0" chips="168,000" seat="6" name="insanium1" reg_code=""/>
    <player dealer="0" chips="48,456" seat="7" name="XxVaselinusxX" reg_code=""/>
    <player dealer="0" chips="404,874" seat="9" name="MrAssistant" reg_code=""/>
    <player dealer="0" chips="107,586" seat="10" name="lammy10runcorn" reg_code=""/>
   </players>
  </general>
  <round no="0">
   <action sum="€350" no="1" type="15" player="GorillaGorilla"/>
   <action sum="€350" no="2" type="15" player="leotoledo96"/>
   <action sum="€350" no="3" type="15" player="insanium1"/>
   <action sum="€350" no="4" type="15" player="XxVaselinusxX"/>
   <action sum="€350" no="5" type="15" player="MrAssistant"/>
   <action sum="€350" no="6" type="15" player="lammy10runcorn"/>
   <action sum="€350" no="7" type="15" player="Gfs1505"/>
   <action sum="€1,250" no="8" type="1" player="GorillaGorilla"/>
   <action sum="€2,500" no="9" type="2" player="leotoledo96"/>
  </round>
 </game>
 <game gamecode="11624088520">
  <general>
   <players>
    <player dealer="0" chips="78,201" seat="1" name="Gfs1505" reg_code="8424211799"/>
    <player dealer="1" chips="66,615" seat="4" name="GorillaGorilla" reg_code=""/>
    <player dealer="0" chips="219,906" seat="5" name="leotoledo96" reg_code=""/>
    <player dealer="0" chips="173,850" seat="6" name="insanium1" reg_code=""/>
    <player dealer="0" chips="48,106" seat="7" name="XxVaselinusxX" reg_code=""/>
    <player dealer="0" chips="404,524" seat="9" name="MrAssistant" reg_code=""/>
    <player dealer="0" chips="107,236" seat="10" name="lammy10runcorn" reg_code=""/>
   </players>
  </general>
  <round no="0">
   <action sum="€400" no="1" type="15" player="leotoledo96"/>
   <action sum="€400" no="2" type="15" player="insanium1"/>
   <action sum="€400" no="3" type="15" player="XxVaselinusxX"/>
   <action sum="€400" no="4" type="15" player="MrAssistant"/>
   <action sum="€400" no="5" type="15" player="lammy10runcorn"/>
   <action sum="€400" no="6" type="15" player="Gfs1505"/>
   <action sum="€400" no="7" type="15" player="GorillaGorilla"/>
   <action sum="€1,500" no="8" type="1" player="leotoledo96"/>
   <action sum="€3,000" no="9" type="2" player="insanium1"/>
  </round>
 </game>
 <game gamecode="11624088725">
  <general>
   <players>
    <player dealer="0" chips="56,801" seat="1" name="Gfs1505" reg_code="8424211799"/>
    <player dealer="0" chips="197,947" seat="2" name="albzyk" reg_code=""/>
    <player dealer="0" chips="66,215" seat="4" name="GorillaGorilla" reg_code=""/>
    <player dealer="1" chips="218,006" seat="5" name="leotoledo96" reg_code=""/>
    <player dealer="0" chips="198,750" seat="6" name="insanium1" reg_code=""/>
    <player dealer="0" chips="47,706" seat="7" name="XxVaselinusxX" reg_code=""/>
    <player dealer="0" chips="404,124" seat="9" name="MrAssistant" reg_code=""/>
    <player dealer="0" chips="106,836" seat="10" name="lammy10runcorn" reg_code=""/>
   </players>
  </general>
  <round no="0">
   <action sum="€400" no="1" type="15" player="insanium1"/>
   <action sum="€400" no="2" type="15" player="XxVaselinusxX"/>
   <action sum="€400" no="3" type="15" player="MrAssistant"/>
   <action sum="€400" no="4" type="15" player="lammy10runcorn"/>
   <action sum="€400" no="5" type="15" player="Gfs1505"/>
   <action sum="€400" no="6" type="15" player="albzyk"/>
   <action sum="€400" no="7" type="15" player="GorillaGorilla"/>
   <action sum="€400" no="8" type="15" player="leotoledo96"/>
   <action sum="€1,500" no="9" type="1" player="insanium1"/>
   <action sum="€3,000" no="10" type="2" player="XxVaselinusxX"/>
  </round>
 </game>
 <game gamecode="11624088854">
  <general>
   <players>
    <player dealer="0" chips="56,401" seat="1" name="Gfs1505" reg_code="8424211799"/>
    <player dealer="0" chips="197,547" seat="2" name="albzyk" reg_code=""/>
    <player dealer="0" chips="217,606" seat="5" name="leotoledo96" reg_code=""/>
    <player dealer="1" chips="270,365" seat="6" name="insanium1" reg_code=""/>
    <player dealer="0" chips="44,306" seat="7" name="XxVaselinusxX" reg_code=""/>
    <player dealer="0" chips="403,724" seat="9" name="MrAssistant" reg_code=""/>
    <player dealer="0" chips="106,436" seat="10" name="lammy10runcorn" reg_code=""/>
   </players>
  </general>
  <round no="0">
   <action sum="€400" no="1" type="15" player="XxVaselinusxX"/>
   <action sum="€400" no="2" type="15" player="MrAssistant"/>
   <action sum="€400" no="3" type="15" player="lammy10runcorn"/>
   <action sum="€400" no="4" type="15" player="Gfs1505"/>
   <action sum="€400" no="5" type="15" player="albzyk"/>
   <action sum="€400" no="6" type="15" player="leotoledo96"/>
   <action sum="€400" no="7" type="15" player="insanium1"/>
   <action sum="€1,500" no="8" type="1" player="XxVaselinusxX"/>
   <action sum="€3,000" no="9" type="2" player="MrAssistant"/>
  </round>
 </game>
 <game gamecode="11624088936">
  <general>
   <players>
    <player dealer="0" chips="56,001" seat="1" name="Gfs1505" reg_code="8424211799"/>
    <player dealer="0" chips="197,147" seat="2" name="albzyk" reg_code=""/>
    <player dealer="0" chips="217,206" seat="5" name="leotoledo96" reg_code=""/>
    <player dealer="0" chips="269,965" seat="6" name="insanium1" reg_code=""/>
    <player dealer="1" chips="90,612" seat="7" name="XxVaselinusxX" reg_code=""/>
    <player dealer="0" chips="359,418" seat="9" name="MrAssistant" reg_code=""/>
    <player dealer="0" chips="106,036" seat="10" name="lammy10runcorn" reg_code=""/>
   </players>
  </general>
  <round no="0">
   <action sum="€400" no="1" type="15" player="MrAssistant"/>
   <action sum="€400" no="2" type="15" player="lammy10runcorn"/>
   <action sum="€400" no="3" type="15" player="Gfs1505"/>
   <action sum="€400" no="4" type="15" player="albzyk"/>
   <action sum="€400" no="5" type="15" player="leotoledo96"/>
   <action sum="€400" no="6" type="15" player="insanium1"/>
   <action sum="€400" no="7" type="15" player="XxVaselinusxX"/>
   <action sum="€1,500" no="8" type="1" player="MrAssistant"/>
   <action sum="€3,000" no="9" type="2" player="lammy10runcorn"/>
  </round>
 </game>
 <game gamecode="11624107992">
  <general>
   <players>
    <player dealer="0" chips="55,601" seat="1" name="Gfs1505" reg_code="8424211799"/>
    <player dealer="0" chips="207,047" seat="2" name="albzyk" reg_code=""/>
    <player dealer="0" chips="216,806" seat="5" name="leotoledo96" reg_code=""/>
    <player dealer="0" chips="269,565" seat="6" name="insanium1" reg_code=""/>
    <player dealer="0" chips="90,212" seat="7" name="XxVaselinusxX" reg_code=""/>
    <player dealer="1" chips="357,518" seat="9" name="MrAssistant" reg_code=""/>
    <player dealer="0" chips="99,636" seat="10" name="lammy10runcorn" reg_code=""/>
   </players>
  </general>
  <round no="0">
   <action sum="€400" no="1" type="15" player="lammy10runcorn"/>
   <action sum="€400" no="2" type="15" player="Gfs1505"/>
   <action sum="€400" no="3" type="15" player="albzyk"/>
   <action sum="€400" no="4" type="15" player="leotoledo96"/>
   <action sum="€400" no="5" type="15" player="insanium1"/>
   <action sum="€400" no="6" type="15" player="XxVaselinusxX"/>
   <action sum="€400" no="7" type="15" player="MrAssistant"/>
   <action sum="€1,500" no="8" type="1" player="lammy10runcorn"/>
   <action sum="€3,000" no="9" type="2" player="Gfs1505"/>
  </round>
 </game>
</session>
