<?xml version="1.0" encoding="utf-8"?>
<session sessioncode="8410309244">
 <general>
  <mode>real</mode>
  <gametype>Holdem NL</gametype>
  <tablename>€25,000|Sunday Bounty King, 1131021444</tablename>
  <tournamentcurrency>1</tournamentcurrency>
  <currency>USD</currency>
  <nickname>Gfs1505</nickname>
  <buyin>€11.37 + €11.38 + €2.25</buyin>
  <totalbuyin>€13.62</totalbuyin>
 </general>
 <game gamecode="11585073765">
  <general>
   <players>
    <player dealer="0" seat="1" reg_code="" chips="99,520" name="GewoonAccepteren"/>
    <player dealer="0" seat="2" reg_code="" chips="93,120" name="lIliLlu"/>
    <player dealer="0" seat="4" reg_code="" chips="143,352" name="xlusha2000"/>
    <player dealer="0" seat="5" reg_code="8410309244" chips="100,000" name="Gfs1505"/>
    <player dealer="1" seat="6" reg_code="" chips="98,320" name="ILoveSlots789"/>
    <player dealer="0" seat="7" reg_code="" chips="86,400" name="dyadkaZloy"/>
    <player dealer="0" seat="9" reg_code="" chips="65,928" name="phostar"/>
    <player dealer="0" seat="10" reg_code="" chips="99,640" name="Engastamento90"/>
   </players>
  </general>
  <round no="0">
   <action player="dyadkaZloy" no="1" type="15" sum="€120"/>
   <action player="phostar" no="2" type="15" sum="€120"/>
   <action player="Engastamento90" no="3" type="15" sum="€120"/>
   <action player="GewoonAccepteren" no="4" type="15" sum="€120"/>
   <action player="lIliLlu" no="5" type="15" sum="€120"/>
   <action player="xlusha2000" no="6" type="15" sum="€120"/>
   <action player="Gfs1505" no="7" type="15" sum="€120"/>
   <action player="ILoveSlots789" no="8" type="15" sum="€120"/>
   <action player="dyadkaZloy" no="9" type="1" sum="€400"/>
   <action player="phostar" no="10" type="2" sum="€800"/>
  </round>
 </game>
 <game gamecode="11585073813">
  <general>
   <players>
    <player dealer="0" seat="1" reg_code="" chips="99,400" name="GewoonAccepteren"/>
    <player dealer="0" seat="2" reg_code="" chips="93,000" name="lIliLlu"/>
    <player dealer="0" seat="4" reg_code="" chips="143,232" name="xlusha2000"/>
    <player dealer="0" seat="5" reg_code="8410309244" chips="103,640" name="Gfs1505"/>
    <player dealer="0" seat="6" reg_code="" chips="96,600" name="ILoveSlots789"/>
    <player dealer="1" seat="7" reg_code="" chips="85,880" name="dyadkaZloy"/>
    <player dealer="0" seat="9" reg_code="" chips="65,008" name="phostar"/>
    <player dealer="0" seat="10" reg_code="" chips="99,520" name="Engastamento90"/>
   </players>
  </general>
  <round no="0">
   <action player="phostar" no="1" type="15" sum="€120"/>
   <action player="Engastamento90" no="2" type="15" sum="€120"/>
   <action player="GewoonAccepteren" no="3" type="15" sum="€120"/>
   <action player="lIliLlu" no="4" type="15" sum="€120"/>
   <action player="xlusha2000" no="5" type="15" sum="€120"/>
   <action player="Gfs1505" no="6" type="15" sum="€120"/>
   <action player="ILoveSlots789" no="7" type="15" sum="€120"/>
   <action player="dyadkaZloy" no="8" type="15" sum="€120"/>
   <action player="phostar" no="9" type="1" sum="€400"/>
   <action player="Engastamento90" no="10" type="2" sum="€800"/>
  </round>
 </game>
 <game gamecode="11585073851">
  <general>
   <players>
    <player dealer="0" seat="1" reg_code="" chips="97,520" name="GewoonAccepteren"/>
    <player dealer="0" seat="2" reg_code="" chips="92,880" name="lIliLlu"/>
    <player dealer="0" seat="4" reg_code="" chips="143,112" name="xlusha2000"/>
    <player dealer="0" seat="5" reg_code="8410309244" chips="103,520" name="Gfs1505"/>
    <player dealer="0" seat="6" reg_code="" chips="96,480" name="ILoveSlots789"/>
    <player dealer="0" seat="7" reg_code="" chips="85,760" name="dyadkaZloy"/>
    <player dealer="1" seat="9" reg_code="" chips="68,408" name="phostar"/>
    <player dealer="0" seat="10" reg_code="" chips="98,600" name="Engastamento90"/>
   </players>
  </general>
  <round no="0">
   <action player="Engastamento90" no="1" type="15" sum="€120"/>
   <action player="GewoonAccepteren" no="2" type="15" sum="€120"/>
   <action player="lIliLlu" no="3" type="15" sum="€120"/>
   <action player="xlusha2000" no="4" type="15" sum="€120"/>
   <action player="Gfs1505" no="5" type="15" sum="€120"/>
   <action player="ILoveSlots789" no="6" type="15" sum="€120"/>
   <action player="dyadkaZloy" no="7" type="15" sum="€120"/>
   <action player="phostar" no="8" type="15" sum="€120"/>
   <action player="Engastamento90" no="9" type="1" sum="€400"/>
   <action player="GewoonAccepteren" no="10" type="2" sum="€800"/>
  </round>
 </game>
 <game gamecode="11585073902">
  <general>
   <players>
    <player dealer="0" seat="1" reg_code="" chips="95,800" name="GewoonAccepteren"/>
    <player dealer="0" seat="2" reg_code="" chips="97,320" name="lIliLlu"/>
    <player dealer="0" seat="4" reg_code="" chips="141,392" name="xlusha2000"/>
    <player dealer="0" seat="5" reg_code="8410309244" chips="103,400" name="Gfs1505"/>
    <player dealer="0" seat="6" reg_code="" chips="96,360" name="ILoveSlots789"/>
    <player dealer="0" seat="7" reg_code="" chips="85,640" name="dyadkaZloy"/>
    <player dealer="0" seat="9" reg_code="" chips="68,288" name="phostar"/>
    <player dealer="1" seat="10" reg_code="" chips="98,080" name="Engastamento90"/>
   </players>
  </general>
  <round no="0">
   <action player="GewoonAccepteren" no="1" type="15" sum="€120"/>
   <action player="lIliLlu" no="2" type="15" sum="€120"/>
   <action player="xlusha2000" no="3" type="15" sum="€120"/>
   <action player="Gfs1505" no="4" type="15" sum="€120"/>
   <action player="ILoveSlots789" no="5" type="15" sum="€120"/>
   <action player="dyadkaZloy" no="6" type="15" sum="€120"/>
   <action player="phostar" no="7" type="15" sum="€120"/>
   <action player="Engastamento90" no="8" type="15" sum="€120"/>
   <action player="GewoonAccepteren" no="9" type="1" sum="€400"/>
   <action player="lIliLlu" no="10" type="2" sum="€800"/>
  </round>
 </game>
 <game gamecode="11585073940">
  <general>
   <players>
    <player dealer="1" seat="1" reg_code="" chips="95,280" name="GewoonAccepteren"/>
    <player dealer="0" seat="2" reg_code="" chips="96,400" name="lIliLlu"/>
    <player dealer="0" seat="4" reg_code="" chips="141,272" name="xlusha2000"/>
    <player dealer="0" seat="5" reg_code="8410309244" chips="103,280" name="Gfs1505"/>
    <player dealer="0" seat="6" reg_code="" chips="96,240" name="ILoveSlots789"/>
    <player dealer="0" seat="7" reg_code="" chips="77,520" name="dyadkaZloy"/>
    <player dealer="0" seat="9" reg_code="" chips="68,168" name="phostar"/>
    <player dealer="0" seat="10" reg_code="" chips="108,120" name="Engastamento90"/>
   </players>
  </general>
  <round no="0">
   <action player="lIliLlu" no="1" type="15" sum="€120"/>
   <action player="xlusha2000" no="2" type="15" sum="€120"/>
   <action player="Gfs1505" no="3" type="15" sum="€120"/>
   <action player="ILoveSlots789" no="4" type="15" sum="€120"/>
   <action player="dyadkaZloy" no="5" type="15" sum="€120"/>
   <action player="phostar" no="6" type="15" sum="€120"/>
   <action player="Engastamento90" no="7" type="15" sum="€120"/>
   <action player="GewoonAccepteren" no="8" type="15" sum="€120"/>
   <action player="lIliLlu" no="9" type="1" sum="€400"/>
   <action player="xlusha2000" no="10" type="2" sum="€800"/>
  </round>
 </game>
 <game gamecode="11585073967">
  <general>
   <players>
    <player dealer="1" seat="2" reg_code="" chips="98,040" name="lIliLlu"/>
    <player dealer="0" seat="4" reg_code="" chips="140,352" name="xlusha2000"/>
    <player dealer="0" seat="5" reg_code="8410309244" chips="103,160" name="Gfs1505"/>
    <player dealer="0" seat="6" reg_code="" chips="96,120" name="ILoveSlots789"/>
    <player dealer="0" seat="7" reg_code="" chips="77,400" name="dyadkaZloy"/>
    <player dealer="0" seat="9" reg_code="" chips="68,048" name="phostar"/>
    <player dealer="0" seat="10" reg_code="" chips="108,000" name="Engastamento90"/>
   </players>
  </general>
  <round no="0">
   <action player="xlusha2000" no="1" type="15" sum="€120"/>
   <action player="Gfs1505" no="2" type="15" sum="€120"/>
   <action player="ILoveSlots789" no="3" type="15" sum="€120"/>
   <action player="dyadkaZloy" no="4" type="15" sum="€120"/>
   <action player="phostar" no="5" type="15" sum="€120"/>
   <action player="Engastamento90" no="6" type="15" sum="€120"/>
   <action player="lIliLlu" no="7" type="15" sum="€120"/>
   <action player="xlusha2000" no="8" type="1" sum="€400"/>
   <action player="Gfs1505" no="9" type="2" sum="€800"/>
  </round>
 </game>
 <game gamecode="11585074015">
  <general>
   <players>
    <player dealer="0" seat="2" reg_code="" chips="97,920" name="lIliLlu"/>
    <player dealer="1" seat="4" reg_code="" chips="139,832" name="xlusha2000"/>
    <player dealer="0" seat="5" reg_code="8410309244" chips="102,240" name="Gfs1505"/>
    <player dealer="0" seat="6" reg_code="" chips="96,000" name="ILoveSlots789"/>
    <player dealer="0" seat="7" reg_code="" chips="77,280" name="dyadkaZloy"/>
    <player dealer="0" seat="9" reg_code="" chips="67,928" name="phostar"/>
    <player dealer="0" seat="10" reg_code="" chips="109,920" name="Engastamento90"/>
   </players>
  </general>
  <round no="0">
   <action player="Gfs1505" no="1" type="15" sum="€120"/>
   <action player="ILoveSlots789" no="2" type="15" sum="€120"/>
   <action player="dyadkaZloy" no="3" type="15" sum="€120"/>
   <action player="phostar" no="4" type="15" sum="€120"/>
   <action player="Engastamento90" no="5" type="15" sum="€120"/>
   <action player="lIliLlu" no="6" type="15" sum="€120"/>
   <action player="xlusha2000" no="7" type="15" sum="€120"/>
   <action player="Gfs1505" no="8" type="1" sum="€400"/>
   <action player="ILoveSlots789" no="9" type="2" sum="€800"/>
  </round>
 </game>
 <game gamecode="11585074044">
  <general>
   <players>
    <player dealer="0" seat="1" reg_code="" chips="100,000" name="Prinsessen8"/>
    <player dealer="0" seat="2" reg_code="" chips="101,440" name="lIliLlu"/>
    <player dealer="0" seat="4" reg_code="" chips="139,712" name="xlusha2000"/>
    <player dealer="1" seat="5" reg_code="8410309244" chips="101,720" name="Gfs1505"/>
    <player dealer="0" seat="6" reg_code="" chips="95,080" name="ILoveSlots789"/>
    <player dealer="0" seat="7" reg_code="" chips="77,160" name="dyadkaZloy"/>
    <player dealer="0" seat="9" reg_code="" chips="66,208" name="phostar"/>
    <player dealer="0" seat="10" reg_code="" chips="109,800" name="Engastamento90"/>
   </players>
  </general>
  <round no="0">
   <action player="ILoveSlots789" no="1" type="15" sum="€120"/>
   <action player="dyadkaZloy" no="2" type="15" sum="€120"/>
   <action player="phostar" no="3" type="15" sum="€120"/>
   <action player="Engastamento90" no="4" type="15" sum="€120"/>
   <action player="Prinsessen8" no="5" type="15" sum="€120"/>
   <action player="lIliLlu" no="6" type="15" sum="€120"/>
   <action player="xlusha2000" no="7" type="15" sum="€120"/>
   <action player="Gfs1505" no="8" type="15" sum="€120"/>
   <action player="ILoveSlots789" no="9" type="1" sum="€400"/>
   <action player="dyadkaZloy" no="10" type="2" sum="€800"/>
  </round>
 </game>
 <game gamecode="11585074076">
  <general>
   <players>
    <player dealer="0" seat="1" reg_code="" chips="99,880" name="Prinsessen8"/>
    <player dealer="0" seat="2" reg_code="" chips="101,320" name="lIliLlu"/>
    <player dealer="0" seat="4" reg_code="" chips="139,592" name="xlusha2000"/>
    <player dealer="0" seat="5" reg_code="8410309244" chips="100,000" name="Gfs1505"/>
    <player dealer="1" seat="6" reg_code="" chips="98,320" name="ILoveSlots789"/>
    <player dealer="0" seat="7" reg_code="" chips="76,240" name="dyadkaZloy"/>
    <player dealer="0" seat="9" reg_code="" chips="66,088" name="phostar"/>
    <player dealer="0" seat="10" reg_code="" chips="109,680" name="Engastamento90"/>
   </players>
  </general>
  <round no="0">
   <action player="dyadkaZloy" no="1" type="15" sum="€120"/>
   <action player="phostar" no="2" type="15" sum="€120"/>
   <action player="Engastamento90" no="3" type="15" sum="€120"/>
   <action player="Prinsessen8" no="4" type="15" sum="€120"/>
   <action player="lIliLlu" no="5" type="15" sum="€120"/>
   <action player="xlusha2000" no="6" type="15" sum="€120"/>
   <action player="Gfs1505" no="7" type="15" sum="€120"/>
   <action player="ILoveSlots789" no="8" type="15" sum="€120"/>
   <action player="dyadkaZloy" no="9" type="1" sum="€400"/>
   <action player="phostar" no="10" type="2" sum="€800"/>
  </round>
 </game>
 <game gamecode="11585074135">
  <general>
   <players>
    <player dealer="0" seat="1" reg_code="" chips="97,760" name="Prinsessen8"/>
    <player dealer="0" seat="2" reg_code="" chips="135,284" name="lIliLlu"/>
    <player dealer="0" seat="4" reg_code="" chips="109,548" name="xlusha2000"/>
    <player dealer="0" seat="5" reg_code="8410309244" chips="99,880" name="Gfs1505"/>
    <player dealer="0" seat="6" reg_code="" chips="98,200" name="ILoveSlots789"/>
    <player dealer="0" seat="9" reg_code="" chips="65,168" name="phostar"/>
    <player dealer="0" seat="10" reg_code="" chips="109,560" name="Engastamento90"/>
   </players>
  </general>
  <round no="0">
   <action player="phostar" no="1" type="15" sum="€120"/>
   <action player="Engastamento90" no="2" type="15" sum="€120"/>
   <action player="Prinsessen8" no="3" type="15" sum="€120"/>
   <action player="lIliLlu" no="4" type="15" sum="€120"/>
   <action player="xlusha2000" no="5" type="15" sum="€120"/>
   <action player="Gfs1505" no="6" type="15" sum="€120"/>
   <action player="ILoveSlots789" no="7" type="15" sum="€120"/>
   <action player="phostar" no="8" type="1" sum="€400"/>
   <action player="Engastamento90" no="9" type="2" sum="€800"/>
  </round>
 </game>
 <game gamecode="11585074174">
  <general>
   <players>
    <player dealer="0" seat="1" reg_code="" chips="88,730" name="Prinsessen8"/>
    <player dealer="0" seat="2" reg_code="" chips="135,164" name="lIliLlu"/>
    <player dealer="0" seat="4" reg_code="" chips="109,428" name="xlusha2000"/>
    <player dealer="0" seat="5" reg_code="8410309244" chips="110,710" name="Gfs1505"/>
    <player dealer="0" seat="6" reg_code="" chips="98,080" name="ILoveSlots789"/>
    <player dealer="0" seat="7" reg_code="" chips="100,000" name="B3773rCallSaul"/>
    <player dealer="1" seat="9" reg_code="" chips="64,648" name="phostar"/>
    <player dealer="0" seat="10" reg_code="" chips="108,640" name="Engastamento90"/>
   </players>
  </general>
  <round no="0">
   <action player="Engastamento90" no="1" type="15" sum="€120"/>
   <action player="Prinsessen8" no="2" type="15" sum="€120"/>
   <action player="lIliLlu" no="3" type="15" sum="€120"/>
   <action player="xlusha2000" no="4" type="15" sum="€120"/>
   <action player="Gfs1505" no="5" type="15" sum="€120"/>
   <action player="ILoveSlots789" no="6" type="15" sum="€120"/>
   <action player="B3773rCallSaul" no="7" type="15" sum="€120"/>
   <action player="phostar" no="8" type="15" sum="€120"/>
   <action player="Engastamento90" no="9" type="1" sum="€400"/>
   <action player="Prinsessen8" no="10" type="2" sum="€800"/>
  </round>
 </game>
 <game gamecode="11585103699">
  <general>
   <players>
    <player dealer="0" seat="1" reg_code="" chips="92,770" name="Prinsessen8"/>
    <player dealer="0" seat="2" reg_code="" chips="135,044" name="lIliLlu"/>
    <player dealer="0" seat="4" reg_code="" chips="107,708" name="xlusha2000"/>
    <player dealer="0" seat="5" reg_code="8410309244" chips="110,590" name="Gfs1505"/>
    <player dealer="0" seat="6" reg_code="" chips="97,960" name="ILoveSlots789"/>
    <player dealer="0" seat="7" reg_code="" chips="99,880" name="B3773rCallSaul"/>
    <player dealer="0" seat="9" reg_code="" chips="64,528" name="phostar"/>
    <player dealer="1" seat="10" reg_code="" chips="106,920" name="Engastamento90"/>
   </players>
  </general>
  <round no="0">
   <action player="Prinsessen8" no="1" type="15" sum="€120"/>
   <action player="lIliLlu" no="2" type="15" sum="€120"/>
   <action player="xlusha2000" no="3" type="15" sum="€120"/>
   <action player="Gfs1505" no="4" type="15" sum="€120"/>
   <action player="ILoveSlots789" no="5" type="15" sum="€120"/>
   <action player="B3773rCallSaul" no="6" type="15" sum="€120"/>
   <action player="phostar" no="7" type="15" sum="€120"/>
   <action player="Engastamento90" no="8" type="15" sum="€120"/>
   <action player="Prinsessen8" no="9" type="1" sum="€400"/>
   <action player="lIliLlu" no="10" type="2" sum="€800"/>
  </round>
 </game>
 <game gamecode="11585103759">
  <general>
   <players>
    <player dealer="1" seat="1" reg_code="" chips="92,250" name="Prinsessen8"/>
    <player dealer="0" seat="2" reg_code="" chips="134,124" name="lIliLlu"/>
    <player dealer="0" seat="4" reg_code="" chips="105,988" name="xlusha2000"/>
    <player dealer="0" seat="5" reg_code="8410309244" chips="83,670" name="Gfs1505"/>
    <player dealer="0" seat="6" reg_code="" chips="97,840" name="ILoveSlots789"/>
    <player dealer="0" seat="7" reg_code="" chips="130,320" name="B3773rCallSaul"/>
    <player dealer="0" seat="9" reg_code="" chips="64,408" name="phostar"/>
    <player dealer="0" seat="10" reg_code="" chips="106,800" name="Engastamento90"/>
   </players>
  </general>
  <round no="0">
   <action player="lIliLlu" no="1" type="15" sum="€120"/>
   <action player="xlusha2000" no="2" type="15" sum="€120"/>
   <action player="Gfs1505" no="3" type="15" sum="€120"/>
   <action player="ILoveSlots789" no="4" type="15" sum="€120"/>
   <action player="B3773rCallSaul" no="5" type="15" sum="€120"/>
   <action player="phostar" no="6" type="15" sum="€120"/>
   <action player="Engastamento90" no="7" type="15" sum="€120"/>
   <action player="Prinsessen8" no="8" type="15" sum="€120"/>
   <action player="lIliLlu" no="9" type="1" sum="€400"/>
   <action player="xlusha2000" no="10" type="2" sum="€800"/>
  </round>
 </game>
 <game gamecode="11585103810">
  <general>
   <players>
    <player dealer="0" seat="1" reg_code="" chips="92,130" name="Prinsessen8"/>
    <player dealer="1" seat="2" reg_code="" chips="133,604" name="lIliLlu"/>
    <player dealer="0" seat="4" reg_code="" chips="105,068" name="xlusha2000"/>
    <player dealer="0" seat="5" reg_code="8410309244" chips="75,734" name="Gfs1505"/>
    <player dealer="0" seat="6" reg_code="" chips="97,720" name="ILoveSlots789"/>
    <player dealer="0" seat="7" reg_code="" chips="130,200" name="B3773rCallSaul"/>
    <player dealer="0" seat="9" reg_code="" chips="74,264" name="phostar"/>
    <player dealer="0" seat="10" reg_code="" chips="106,680" name="Engastamento90"/>
   </players>
  </general>
  <round no="0">
   <action player="xlusha2000" no="1" type="15" sum="€120"/>
   <action player="Gfs1505" no="2" type="15" sum="€120"/>
   <action player="ILoveSlots789" no="3" type="15" sum="€120"/>
   <action player="B3773rCallSaul" no="4" type="15" sum="€120"/>
   <action player="phostar" no="5" type="15" sum="€120"/>
   <action player="Engastamento90" no="6" type="15" sum="€120"/>
   <action player="Prinsessen8" no="7" type="15" sum="€120"/>
   <action player="lIliLlu" no="8" type="15" sum="€120"/>
   <action player="xlusha2000" no="9" type="1" sum="€400"/>
   <action player="Gfs1505" no="10" type="2" sum="€800"/>
  </round>
 </game>
 <game gamecode="11585103874">
  <general>
   <players>
    <player dealer="0" seat="1" reg_code="" chips="170,584" name="Prinsessen8"/>
    <player dealer="0" seat="2" reg_code="" chips="133,484" name="lIliLlu"/>
    <player dealer="1" seat="4" reg_code="" chips="104,548" name="xlusha2000"/>
    <player dealer="0" seat="6" reg_code="" chips="97,600" name="ILoveSlots789"/>
    <player dealer="0" seat="7" reg_code="" chips="130,080" name="B3773rCallSaul"/>
    <player dealer="0" seat="9" reg_code="" chips="74,144" name="phostar"/>
    <player dealer="0" seat="10" reg_code="" chips="104,960" name="Engastamento90"/>
   </players>
  </general>
  <round no="0">
   <action player="ILoveSlots789" no="1" type="15" sum="€120"/>
   <action player="B3773rCallSaul" no="2" type="15" sum="€120"/>
   <action player="phostar" no="3" type="15" sum="€120"/>
   <action player="Engastamento90" no="4" type="15" sum="€120"/>
   <action player="Prinsessen8" no="5" type="15" sum="€120"/>
   <action player="lIliLlu" no="6" type="15" sum="€120"/>
   <action player="xlusha2000" no="7" type="15" sum="€120"/>
   <action player="ILoveSlots789" no="8" type="2" sum="€800"/>
  </round>
 </game>
</session>
