<?xml version="1.0" encoding="utf-8"?>
<session sessioncode="8410309244">
 <general>
  <client_version>25.1.1.9</client_version>
  <mode>real</mode>
  <gametype>Holdem NL</gametype>
  <tablename>€25,000|Sunday Bounty King, 1131021444</tablename>
  <tournamentcurrency>EUR</tournamentcurrency>
  <duration>00:17:53</duration>
  <gamecount>15</gamecount>
  <startdate>2025-07-20 12:35:05</startdate>
  <currency>USD</currency>
  <nickname>Gfs1505</nickname>
  <bets>127,900</bets>
  <wins>25,220</wins>
  <chipsin>103,640</chipsin>
  <chipsout>0</chipsout>
  <statuspoints>RSP22.50</statuspoints>
  <awardpoints>RSP22.50</awardpoints>
  <ipoints>RSP22.50</ipoints>
  <tablesize>8</tablesize>
  <tournamentcode>1130288786</tournamentcode>
  <tournamentname>€25,000|Sunday Bounty King</tournamentname>
  <place>263</place>
  <buyin>€11.37 + €11.38 + €2.25</buyin>
  <totalbuyin>€25</totalbuyin>
  <win>0</win>
 </general>
 <game gamecode="11585073740">
  <general>
   <startdate>2025-07-20 12:35:05</startdate>
   <smallblind>400</smallblind>
   <bigblind>800</bigblind>
   <ante>120</ante>
   <players>
    <player dealer="0" addon="0" bet="120" seat="1" win="0" reg_code="" chips="99,640" name="GewoonAccepteren" rebuy="0"/>
    <player dealer="0" addon="0" bet="120" seat="2" win="0" reg_code="" chips="93,240" name="lIliLlu" rebuy="0"/>
    <player dealer="0" addon="0" bet="120" seat="4" win="0" reg_code="" chips="143,472" name="xlusha2000" rebuy="0"/>
    <player dealer="0" addon="0" bet="520" seat="6" win="0" reg_code="" chips="98,840" name="ILoveSlots789" rebuy="0"/>
    <player dealer="0" addon="0" bet="1,880" seat="7" win="0" reg_code="" chips="88,280" name="dyadkaZloy" rebuy="0"/>
    <player dealer="0" addon="0" bet="3,448" seat="9" win="4,760" reg_code="" chips="63,048" name="phostar" rebuy="0"/>
    <player dealer="0" addon="0" bet="120" seat="10" win="0" reg_code="" chips="99,760" name="Engastamento90" rebuy="0"/>
   </players>
  </general>
  <round no="0">
   <action player="ILoveSlots789" no="1" type="15" sum="120"/>
   <action player="dyadkaZloy" no="2" type="15" sum="120"/>
   <action player="phostar" no="3" type="15" sum="120"/>
   <action player="Engastamento90" no="4" type="15" sum="120"/>
   <action player="GewoonAccepteren" no="5" type="15" sum="120"/>
   <action player="lIliLlu" no="6" type="15" sum="120"/>
   <action player="xlusha2000" no="7" type="15" sum="120"/>
   <action player="ILoveSlots789" no="8" type="1" sum="400"/>
   <action player="dyadkaZloy" no="9" type="2" sum="800"/>
  </round>
  <round no="1">
   <cards player="phostar" type="Pocket">X X</cards>
   <action player="phostar" no="10" type="23" sum="1,760"/>
   <cards player="Engastamento90" type="Pocket">X X</cards>
   <action player="Engastamento90" no="11" type="0" sum="0"/>
   <cards player="GewoonAccepteren" type="Pocket">X X</cards>
   <action player="GewoonAccepteren" no="12" type="0" sum="0"/>
   <cards player="lIliLlu" type="Pocket">X X</cards>
   <action player="lIliLlu" no="13" type="0" sum="0"/>
   <cards player="xlusha2000" type="Pocket">X X</cards>
   <action player="xlusha2000" no="14" type="0" sum="0"/>
   <cards player="ILoveSlots789" type="Pocket">X X</cards>
   <action player="ILoveSlots789" no="15" type="0" sum="0"/>
   <cards player="dyadkaZloy" type="Pocket">X X</cards>
   <action player="dyadkaZloy" no="16" type="3" sum="960"/>
  </round>
  <round no="2">
   <cards type="Flop">DJ CJ D10</cards>
   <action player="dyadkaZloy" no="17" type="4" sum="0"/>
   <action player="phostar" no="18" type="5" sum="1,568"/>
   <action player="dyadkaZloy" no="19" type="0" sum="0"/>
  </round>
 </game>
 <game gamecode="11585073765">
  <general>
   <startdate>2025-07-20 12:35:55</startdate>
   <smallblind>400</smallblind>
   <bigblind>800</bigblind>
   <ante>120</ante>
   <players>
    <player dealer="0" addon="0" bet="120" seat="1" win="0" reg_code="" chips="99,520" name="GewoonAccepteren" rebuy="0"/>
    <player dealer="0" addon="0" bet="120" seat="2" win="0" reg_code="" chips="93,120" name="lIliLlu" rebuy="0"/>
    <player dealer="0" addon="0" bet="120" seat="4" win="0" reg_code="" chips="143,352" name="xlusha2000" rebuy="0"/>
    <player dealer="0" addon="0" bet="4,400" seat="5" win="5,360" reg_code="8410309244" chips="100,000" name="Gfs1505" rebuy="0"/>
    <player dealer="1" addon="0" bet="1,720" seat="6" win="0" reg_code="" chips="98,320" name="ILoveSlots789" rebuy="0"/>
    <player dealer="0" addon="0" bet="520" seat="7" win="0" reg_code="" chips="86,400" name="dyadkaZloy" rebuy="0"/>
    <player dealer="0" addon="0" bet="920" seat="9" win="0" reg_code="" chips="65,928" name="phostar" rebuy="0"/>
    <player dealer="0" addon="0" bet="120" seat="10" win="0" reg_code="" chips="99,640" name="Engastamento90" rebuy="0"/>
   </players>
  </general>
  <round no="0">
   <action player="dyadkaZloy" no="1" type="15" sum="120"/>
   <action player="phostar" no="2" type="15" sum="120"/>
   <action player="Engastamento90" no="3" type="15" sum="120"/>
   <action player="GewoonAccepteren" no="4" type="15" sum="120"/>
   <action player="lIliLlu" no="5" type="15" sum="120"/>
   <action player="xlusha2000" no="6" type="15" sum="120"/>
   <action player="Gfs1505" no="7" type="15" sum="120"/>
   <action player="ILoveSlots789" no="8" type="15" sum="120"/>
   <action player="dyadkaZloy" no="9" type="1" sum="400"/>
   <action player="phostar" no="10" type="2" sum="800"/>
  </round>
  <round no="1">
   <cards player="Engastamento90" type="Pocket">X X</cards>
   <action player="Engastamento90" no="11" type="0" sum="0"/>
   <cards player="GewoonAccepteren" type="Pocket">X X</cards>
   <action player="GewoonAccepteren" no="12" type="0" sum="0"/>
   <cards player="lIliLlu" type="Pocket">X X</cards>
   <action player="lIliLlu" no="13" type="0" sum="0"/>
   <cards player="xlusha2000" type="Pocket">X X</cards>
   <action player="xlusha2000" no="14" type="0" sum="0"/>
   <cards player="Gfs1505" type="Pocket">CK D10</cards>
   <action player="Gfs1505" no="15" type="23" sum="1,600"/>
   <cards player="ILoveSlots789" type="Pocket">X X</cards>
   <action player="ILoveSlots789" no="16" type="3" sum="1,600"/>
   <cards player="dyadkaZloy" type="Pocket">X X</cards>
   <action player="dyadkaZloy" no="17" type="0" sum="0"/>
   <cards player="phostar" type="Pocket">X X</cards>
   <action player="phostar" no="18" type="0" sum="0"/>
  </round>
  <round no="2">
   <cards type="Flop">CJ HK S6</cards>
   <action player="Gfs1505" no="19" type="4" sum="0"/>
   <action player="ILoveSlots789" no="20" type="4" sum="0"/>
  </round>
  <round no="3">
   <cards type="Turn">SJ</cards>
   <action player="Gfs1505" no="21" type="5" sum="2,680"/>
   <action player="ILoveSlots789" no="22" type="0" sum="0"/>
  </round>
 </game>
 <game gamecode="11585073813">
  <general>
   <startdate>2025-07-20 12:37:23</startdate>
   <smallblind>400</smallblind>
   <bigblind>800</bigblind>
   <ante>120</ante>
   <players>
    <player dealer="0" addon="0" bet="1,880" seat="1" win="0" reg_code="" chips="99,400" name="GewoonAccepteren" rebuy="0"/>
    <player dealer="0" addon="0" bet="120" seat="2" win="0" reg_code="" chips="93,000" name="lIliLlu" rebuy="0"/>
    <player dealer="0" addon="0" bet="120" seat="4" win="0" reg_code="" chips="143,232" name="xlusha2000" rebuy="0"/>
    <player dealer="0" addon="0" bet="120" seat="5" win="0" reg_code="8410309244" chips="103,640" name="Gfs1505" rebuy="0"/>
    <player dealer="0" addon="0" bet="120" seat="6" win="0" reg_code="" chips="96,600" name="ILoveSlots789" rebuy="0"/>
    <player dealer="1" addon="0" bet="120" seat="7" win="0" reg_code="" chips="85,880" name="dyadkaZloy" rebuy="0"/>
    <player dealer="0" addon="0" bet="7,920" seat="9" win="5,280" reg_code="" chips="65,008" name="phostar" rebuy="0"/>
    <player dealer="0" addon="0" bet="920" seat="10" win="0" reg_code="" chips="99,520" name="Engastamento90" rebuy="0"/>
   </players>
  </general>
  <round no="0">
   <action player="phostar" no="1" type="15" sum="120"/>
   <action player="Engastamento90" no="2" type="15" sum="120"/>
   <action player="GewoonAccepteren" no="3" type="15" sum="120"/>
   <action player="lIliLlu" no="4" type="15" sum="120"/>
   <action player="xlusha2000" no="5" type="15" sum="120"/>
   <action player="Gfs1505" no="6" type="15" sum="120"/>
   <action player="ILoveSlots789" no="7" type="15" sum="120"/>
   <action player="dyadkaZloy" no="8" type="15" sum="120"/>
   <action player="phostar" no="9" type="1" sum="400"/>
   <action player="Engastamento90" no="10" type="2" sum="800"/>
  </round>
  <round no="1">
   <cards player="GewoonAccepteren" type="Pocket">X X</cards>
   <action player="GewoonAccepteren" no="11" type="23" sum="1,760"/>
   <cards player="lIliLlu" type="Pocket">X X</cards>
   <action player="lIliLlu" no="12" type="0" sum="0"/>
   <cards player="xlusha2000" type="Pocket">X X</cards>
   <action player="xlusha2000" no="13" type="0" sum="0"/>
   <cards player="Gfs1505" type="Pocket">S10 DJ</cards>
   <action player="Gfs1505" no="14" type="0" sum="0"/>
   <cards player="ILoveSlots789" type="Pocket">X X</cards>
   <action player="ILoveSlots789" no="15" type="0" sum="0"/>
   <cards player="dyadkaZloy" type="Pocket">X X</cards>
   <action player="dyadkaZloy" no="16" type="0" sum="0"/>
   <cards player="phostar" type="Pocket">X X</cards>
   <action player="phostar" no="17" type="23" sum="7,920"/>
   <cards player="Engastamento90" type="Pocket">X X</cards>
   <action player="Engastamento90" no="18" type="0" sum="0"/>
   <action player="GewoonAccepteren" no="19" type="0" sum="0"/>
  </round>
 </game>
 <game gamecode="11585073851">
  <general>
   <startdate>2025-07-20 12:38:34</startdate>
   <smallblind>400</smallblind>
   <bigblind>800</bigblind>
   <ante>120</ante>
   <players>
    <player dealer="0" addon="0" bet="1,720" seat="1" win="0" reg_code="" chips="97,520" name="GewoonAccepteren" rebuy="0"/>
    <player dealer="0" addon="0" bet="6,340" seat="2" win="6,160" reg_code="" chips="92,880" name="lIliLlu" rebuy="0"/>
    <player dealer="0" addon="0" bet="1,720" seat="4" win="0" reg_code="" chips="143,112" name="xlusha2000" rebuy="0"/>
    <player dealer="0" addon="0" bet="120" seat="5" win="0" reg_code="8410309244" chips="103,520" name="Gfs1505" rebuy="0"/>
    <player dealer="0" addon="0" bet="120" seat="6" win="0" reg_code="" chips="96,480" name="ILoveSlots789" rebuy="0"/>
    <player dealer="0" addon="0" bet="120" seat="7" win="0" reg_code="" chips="85,760" name="dyadkaZloy" rebuy="0"/>
    <player dealer="1" addon="0" bet="120" seat="9" win="0" reg_code="" chips="68,408" name="phostar" rebuy="0"/>
    <player dealer="0" addon="0" bet="520" seat="10" win="0" reg_code="" chips="98,600" name="Engastamento90" rebuy="0"/>
   </players>
  </general>
  <round no="0">
   <action player="Engastamento90" no="1" type="15" sum="120"/>
   <action player="GewoonAccepteren" no="2" type="15" sum="120"/>
   <action player="lIliLlu" no="3" type="15" sum="120"/>
   <action player="xlusha2000" no="4" type="15" sum="120"/>
   <action player="Gfs1505" no="5" type="15" sum="120"/>
   <action player="ILoveSlots789" no="6" type="15" sum="120"/>
   <action player="dyadkaZloy" no="7" type="15" sum="120"/>
   <action player="phostar" no="8" type="15" sum="120"/>
   <action player="Engastamento90" no="9" type="1" sum="400"/>
   <action player="GewoonAccepteren" no="10" type="2" sum="800"/>
  </round>
  <round no="1">
   <cards player="lIliLlu" type="Pocket">X X</cards>
   <action player="lIliLlu" no="11" type="23" sum="1,600"/>
   <cards player="xlusha2000" type="Pocket">X X</cards>
   <action player="xlusha2000" no="12" type="3" sum="1,600"/>
   <cards player="Gfs1505" type="Pocket">C7 DA</cards>
   <action player="Gfs1505" no="13" type="0" sum="0"/>
   <cards player="ILoveSlots789" type="Pocket">X X</cards>
   <action player="ILoveSlots789" no="14" type="0" sum="0"/>
   <cards player="dyadkaZloy" type="Pocket">X X</cards>
   <action player="dyadkaZloy" no="15" type="0" sum="0"/>
   <cards player="phostar" type="Pocket">X X</cards>
   <action player="phostar" no="16" type="0" sum="0"/>
   <cards player="Engastamento90" type="Pocket">X X</cards>
   <action player="Engastamento90" no="17" type="0" sum="0"/>
   <cards player="GewoonAccepteren" type="Pocket">X X</cards>
   <action player="GewoonAccepteren" no="18" type="3" sum="800"/>
  </round>
  <round no="2">
   <cards type="Flop">S3 CJ DQ</cards>
   <action player="GewoonAccepteren" no="19" type="4" sum="0"/>
   <action player="lIliLlu" no="20" type="4" sum="0"/>
   <action player="xlusha2000" no="21" type="4" sum="0"/>
  </round>
  <round no="3">
   <cards type="Turn">S10</cards>
   <action player="GewoonAccepteren" no="22" type="4" sum="0"/>
   <action player="lIliLlu" no="23" type="5" sum="4,620"/>
   <action player="xlusha2000" no="24" type="0" sum="0"/>
   <action player="GewoonAccepteren" no="25" type="0" sum="0"/>
  </round>
 </game>
 <game gamecode="11585073902">
  <general>
   <startdate>2025-07-20 12:40:03</startdate>
   <smallblind>400</smallblind>
   <bigblind>800</bigblind>
   <ante>120</ante>
   <players>
    <player dealer="0" addon="0" bet="520" seat="1" win="0" reg_code="" chips="95,800" name="GewoonAccepteren" rebuy="0"/>
    <player dealer="0" addon="0" bet="920" seat="2" win="0" reg_code="" chips="97,320" name="lIliLlu" rebuy="0"/>
    <player dealer="0" addon="0" bet="120" seat="4" win="0" reg_code="" chips="141,392" name="xlusha2000" rebuy="0"/>
    <player dealer="0" addon="0" bet="120" seat="5" win="0" reg_code="8410309244" chips="103,400" name="Gfs1505" rebuy="0"/>
    <player dealer="0" addon="0" bet="120" seat="6" win="0" reg_code="" chips="96,360" name="ILoveSlots789" rebuy="0"/>
    <player dealer="0" addon="0" bet="8,120" seat="7" win="0" reg_code="" chips="85,640" name="dyadkaZloy" rebuy="0"/>
    <player dealer="0" addon="0" bet="120" seat="9" win="0" reg_code="" chips="68,288" name="phostar" rebuy="0"/>
    <player dealer="1" addon="0" bet="14,112" seat="10" win="18,160" reg_code="" chips="98,080" name="Engastamento90" rebuy="0"/>
   </players>
  </general>
  <round no="0">
   <action player="GewoonAccepteren" no="1" type="15" sum="120"/>
   <action player="lIliLlu" no="2" type="15" sum="120"/>
   <action player="xlusha2000" no="3" type="15" sum="120"/>
   <action player="Gfs1505" no="4" type="15" sum="120"/>
   <action player="ILoveSlots789" no="5" type="15" sum="120"/>
   <action player="dyadkaZloy" no="6" type="15" sum="120"/>
   <action player="phostar" no="7" type="15" sum="120"/>
   <action player="Engastamento90" no="8" type="15" sum="120"/>
   <action player="GewoonAccepteren" no="9" type="1" sum="400"/>
   <action player="lIliLlu" no="10" type="2" sum="800"/>
  </round>
  <round no="1">
   <cards player="xlusha2000" type="Pocket">X X</cards>
   <action player="xlusha2000" no="11" type="0" sum="0"/>
   <cards player="Gfs1505" type="Pocket">HJ S4</cards>
   <action player="Gfs1505" no="12" type="0" sum="0"/>
   <cards player="ILoveSlots789" type="Pocket">X X</cards>
   <action player="ILoveSlots789" no="13" type="0" sum="0"/>
   <cards player="dyadkaZloy" type="Pocket">X X</cards>
   <action player="dyadkaZloy" no="14" type="23" sum="1,600"/>
   <cards player="phostar" type="Pocket">X X</cards>
   <action player="phostar" no="15" type="0" sum="0"/>
   <cards player="Engastamento90" type="Pocket">X X</cards>
   <action player="Engastamento90" no="16" type="23" sum="8,000"/>
   <cards player="GewoonAccepteren" type="Pocket">X X</cards>
   <action player="GewoonAccepteren" no="17" type="0" sum="0"/>
   <cards player="lIliLlu" type="Pocket">X X</cards>
   <action player="lIliLlu" no="18" type="0" sum="0"/>
   <action player="dyadkaZloy" no="19" type="3" sum="6,400"/>
  </round>
  <round no="2">
   <cards type="Flop">CQ HA C6</cards>
   <action player="dyadkaZloy" no="20" type="4" sum="0"/>
   <action player="Engastamento90" no="21" type="5" sum="5,992"/>
   <action player="dyadkaZloy" no="22" type="0" sum="0"/>
  </round>
 </game>
 <game gamecode="11585073940">
  <general>
   <startdate>2025-07-20 12:41:13</startdate>
   <smallblind>400</smallblind>
   <bigblind>800</bigblind>
   <ante>120</ante>
   <players>
    <player dealer="1" addon="0" bet="120" seat="1" win="0" reg_code="" chips="95,280" name="GewoonAccepteren" rebuy="0"/>
    <player dealer="0" addon="0" bet="2,800" seat="2" win="2,560" reg_code="" chips="96,400" name="lIliLlu" rebuy="0"/>
    <player dealer="0" addon="0" bet="920" seat="4" win="0" reg_code="" chips="141,272" name="xlusha2000" rebuy="0"/>
    <player dealer="0" addon="0" bet="120" seat="5" win="0" reg_code="8410309244" chips="103,280" name="Gfs1505" rebuy="0"/>
    <player dealer="0" addon="0" bet="120" seat="6" win="0" reg_code="" chips="96,240" name="ILoveSlots789" rebuy="0"/>
    <player dealer="0" addon="0" bet="120" seat="7" win="0" reg_code="" chips="77,520" name="dyadkaZloy" rebuy="0"/>
    <player dealer="0" addon="0" bet="120" seat="9" win="0" reg_code="" chips="68,168" name="phostar" rebuy="0"/>
    <player dealer="0" addon="0" bet="120" seat="10" win="0" reg_code="" chips="108,120" name="Engastamento90" rebuy="0"/>
   </players>
  </general>
  <round no="0">
   <action player="lIliLlu" no="1" type="15" sum="120"/>
   <action player="xlusha2000" no="2" type="15" sum="120"/>
   <action player="Gfs1505" no="3" type="15" sum="120"/>
   <action player="ILoveSlots789" no="4" type="15" sum="120"/>
   <action player="dyadkaZloy" no="5" type="15" sum="120"/>
   <action player="phostar" no="6" type="15" sum="120"/>
   <action player="Engastamento90" no="7" type="15" sum="120"/>
   <action player="GewoonAccepteren" no="8" type="15" sum="120"/>
   <action player="lIliLlu" no="9" type="1" sum="400"/>
   <action player="xlusha2000" no="10" type="2" sum="800"/>
  </round>
  <round no="1">
   <cards player="Gfs1505" type="Pocket">D3 HJ</cards>
   <action player="Gfs1505" no="11" type="0" sum="0"/>
   <cards player="ILoveSlots789" type="Pocket">X X</cards>
   <action player="ILoveSlots789" no="12" type="0" sum="0"/>
   <cards player="dyadkaZloy" type="Pocket">X X</cards>
   <action player="dyadkaZloy" no="13" type="0" sum="0"/>
   <cards player="phostar" type="Pocket">X X</cards>
   <action player="phostar" no="14" type="0" sum="0"/>
   <cards player="Engastamento90" type="Pocket">X X</cards>
   <action player="Engastamento90" no="15" type="0" sum="0"/>
   <cards player="GewoonAccepteren" type="Pocket">X X</cards>
   <action player="GewoonAccepteren" no="16" type="0" sum="0"/>
   <cards player="lIliLlu" type="Pocket">X X</cards>
   <action player="lIliLlu" no="17" type="23" sum="2,800"/>
   <cards player="xlusha2000" type="Pocket">X X</cards>
   <action player="xlusha2000" no="18" type="0" sum="0"/>
  </round>
 </game>
 <game gamecode="11585073967">
  <general>
   <startdate>2025-07-20 12:41:50</startdate>
   <smallblind>400</smallblind>
   <bigblind>800</bigblind>
   <ante>120</ante>
   <players>
    <player dealer="1" addon="0" bet="120" seat="2" win="0" reg_code="" chips="98,040" name="lIliLlu" rebuy="0"/>
    <player dealer="0" addon="0" bet="520" seat="4" win="0" reg_code="" chips="140,352" name="xlusha2000" rebuy="0"/>
    <player dealer="0" addon="0" bet="920" seat="5" win="0" reg_code="8410309244" chips="103,160" name="Gfs1505" rebuy="0"/>
    <player dealer="0" addon="0" bet="120" seat="6" win="0" reg_code="" chips="96,120" name="ILoveSlots789" rebuy="0"/>
    <player dealer="0" addon="0" bet="120" seat="7" win="0" reg_code="" chips="77,400" name="dyadkaZloy" rebuy="0"/>
    <player dealer="0" addon="0" bet="120" seat="9" win="0" reg_code="" chips="68,048" name="phostar" rebuy="0"/>
    <player dealer="0" addon="0" bet="1,600" seat="10" win="2,840" reg_code="" chips="108,000" name="Engastamento90" rebuy="0"/>
   </players>
  </general>
  <round no="0">
   <action player="xlusha2000" no="1" type="15" sum="120"/>
   <action player="Gfs1505" no="2" type="15" sum="120"/>
   <action player="ILoveSlots789" no="3" type="15" sum="120"/>
   <action player="dyadkaZloy" no="4" type="15" sum="120"/>
   <action player="phostar" no="5" type="15" sum="120"/>
   <action player="Engastamento90" no="6" type="15" sum="120"/>
   <action player="lIliLlu" no="7" type="15" sum="120"/>
   <action player="xlusha2000" no="8" type="1" sum="400"/>
   <action player="Gfs1505" no="9" type="2" sum="800"/>
  </round>
  <round no="1">
   <cards player="ILoveSlots789" type="Pocket">X X</cards>
   <action player="ILoveSlots789" no="10" type="0" sum="0"/>
   <cards player="dyadkaZloy" type="Pocket">X X</cards>
   <action player="dyadkaZloy" no="11" type="0" sum="0"/>
   <cards player="phostar" type="Pocket">X X</cards>
   <action player="phostar" no="12" type="0" sum="0"/>
   <cards player="Engastamento90" type="Pocket">X X</cards>
   <action player="Engastamento90" no="13" type="23" sum="1,600"/>
   <cards player="lIliLlu" type="Pocket">X X</cards>
   <action player="lIliLlu" no="14" type="0" sum="0"/>
   <cards player="xlusha2000" type="Pocket">X X</cards>
   <action player="xlusha2000" no="15" type="0" sum="0"/>
   <cards player="Gfs1505" type="Pocket">H3 H8</cards>
   <action player="Gfs1505" no="16" type="0" sum="0"/>
  </round>
 </game>
 <game gamecode="11585074015">
  <general>
   <startdate>2025-07-20 12:43:15</startdate>
   <smallblind>400</smallblind>
   <bigblind>800</bigblind>
   <ante>120</ante>
   <players>
    <player dealer="0" addon="0" bet="8,000" seat="2" win="5,240" reg_code="" chips="97,920" name="lIliLlu" rebuy="0"/>
    <player dealer="1" addon="0" bet="120" seat="4" win="0" reg_code="" chips="139,832" name="xlusha2000" rebuy="0"/>
    <player dealer="0" addon="0" bet="520" seat="5" win="0" reg_code="8410309244" chips="102,240" name="Gfs1505" rebuy="0"/>
    <player dealer="0" addon="0" bet="920" seat="6" win="0" reg_code="" chips="96,000" name="ILoveSlots789" rebuy="0"/>
    <player dealer="0" addon="0" bet="120" seat="7" win="0" reg_code="" chips="77,280" name="dyadkaZloy" rebuy="0"/>
    <player dealer="0" addon="0" bet="1,720" seat="9" win="0" reg_code="" chips="67,928" name="phostar" rebuy="0"/>
    <player dealer="0" addon="0" bet="120" seat="10" win="0" reg_code="" chips="109,920" name="Engastamento90" rebuy="0"/>
   </players>
  </general>
  <round no="0">
   <action player="Gfs1505" no="1" type="15" sum="120"/>
   <action player="ILoveSlots789" no="2" type="15" sum="120"/>
   <action player="dyadkaZloy" no="3" type="15" sum="120"/>
   <action player="phostar" no="4" type="15" sum="120"/>
   <action player="Engastamento90" no="5" type="15" sum="120"/>
   <action player="lIliLlu" no="6" type="15" sum="120"/>
   <action player="xlusha2000" no="7" type="15" sum="120"/>
   <action player="Gfs1505" no="8" type="1" sum="400"/>
   <action player="ILoveSlots789" no="9" type="2" sum="800"/>
  </round>
  <round no="1">
   <cards player="dyadkaZloy" type="Pocket">X X</cards>
   <action player="dyadkaZloy" no="10" type="0" sum="0"/>
   <cards player="phostar" type="Pocket">X X</cards>
   <action player="phostar" no="11" type="23" sum="1,600"/>
   <cards player="Engastamento90" type="Pocket">X X</cards>
   <action player="Engastamento90" no="12" type="0" sum="0"/>
   <cards player="lIliLlu" type="Pocket">X X</cards>
   <action player="lIliLlu" no="13" type="23" sum="8,000"/>
   <cards player="xlusha2000" type="Pocket">X X</cards>
   <action player="xlusha2000" no="14" type="0" sum="0"/>
   <cards player="Gfs1505" type="Pocket">C5 S8</cards>
   <action player="Gfs1505" no="15" type="0" sum="0"/>
   <cards player="ILoveSlots789" type="Pocket">X X</cards>
   <action player="ILoveSlots789" no="16" type="0" sum="0"/>
   <action player="phostar" no="17" type="0" sum="0"/>
  </round>
 </game>
 <game gamecode="11585074044">
  <general>
   <startdate>2025-07-20 12:44:03</startdate>
   <smallblind>400</smallblind>
   <bigblind>800</bigblind>
   <ante>120</ante>
   <players>
    <player dealer="0" addon="0" bet="120" seat="1" win="0" reg_code="" chips="100,000" name="Prinsessen8" rebuy="0"/>
    <player dealer="0" addon="0" bet="120" seat="2" win="0" reg_code="" chips="101,440" name="lIliLlu" rebuy="0"/>
    <player dealer="0" addon="0" bet="120" seat="4" win="0" reg_code="" chips="139,712" name="xlusha2000" rebuy="0"/>
    <player dealer="1" addon="0" bet="1,720" seat="5" win="0" reg_code="8410309244" chips="101,720" name="Gfs1505" rebuy="0"/>
    <player dealer="0" addon="0" bet="6,400" seat="6" win="4,960" reg_code="" chips="95,080" name="ILoveSlots789" rebuy="0"/>
    <player dealer="0" addon="0" bet="920" seat="7" win="0" reg_code="" chips="77,160" name="dyadkaZloy" rebuy="0"/>
    <player dealer="0" addon="0" bet="120" seat="9" win="0" reg_code="" chips="66,208" name="phostar" rebuy="0"/>
    <player dealer="0" addon="0" bet="120" seat="10" win="0" reg_code="" chips="109,800" name="Engastamento90" rebuy="0"/>
   </players>
  </general>
  <round no="0">
   <action player="ILoveSlots789" no="1" type="15" sum="120"/>
   <action player="dyadkaZloy" no="2" type="15" sum="120"/>
   <action player="phostar" no="3" type="15" sum="120"/>
   <action player="Engastamento90" no="4" type="15" sum="120"/>
   <action player="Prinsessen8" no="5" type="15" sum="120"/>
   <action player="lIliLlu" no="6" type="15" sum="120"/>
   <action player="xlusha2000" no="7" type="15" sum="120"/>
   <action player="Gfs1505" no="8" type="15" sum="120"/>
   <action player="ILoveSlots789" no="9" type="1" sum="400"/>
   <action player="dyadkaZloy" no="10" type="2" sum="800"/>
  </round>
  <round no="1">
   <cards player="phostar" type="Pocket">X X</cards>
   <action player="phostar" no="11" type="0" sum="0"/>
   <cards player="Engastamento90" type="Pocket">X X</cards>
   <action player="Engastamento90" no="12" type="0" sum="0"/>
   <cards player="Prinsessen8" type="Pocket">X X</cards>
   <action player="Prinsessen8" no="13" type="0" sum="0"/>
   <cards player="lIliLlu" type="Pocket">X X</cards>
   <action player="lIliLlu" no="14" type="0" sum="0"/>
   <cards player="xlusha2000" type="Pocket">X X</cards>
   <action player="xlusha2000" no="15" type="0" sum="0"/>
   <cards player="Gfs1505" type="Pocket">D2 H2</cards>
   <action player="Gfs1505" no="16" type="23" sum="1,600"/>
   <cards player="ILoveSlots789" type="Pocket">X X</cards>
   <action player="ILoveSlots789" no="17" type="23" sum="6,400"/>
   <cards player="dyadkaZloy" type="Pocket">X X</cards>
   <action player="dyadkaZloy" no="18" type="0" sum="0"/>
   <action player="Gfs1505" no="19" type="0" sum="0"/>
  </round>
 </game>
 <game gamecode="11585074076">
  <general>
   <startdate>2025-07-20 12:45:06</startdate>
   <smallblind>400</smallblind>
   <bigblind>800</bigblind>
   <ante>120</ante>
   <players>
    <player dealer="0" addon="0" bet="2,120" seat="1" win="0" reg_code="" chips="99,880" name="Prinsessen8" rebuy="0"/>
    <player dealer="0" addon="0" bet="62,048" seat="2" win="64,008" reg_code="" chips="101,320" name="lIliLlu" rebuy="0"/>
    <player dealer="0" addon="0" bet="30,044" seat="4" win="0" reg_code="" chips="139,592" name="xlusha2000" rebuy="0"/>
    <player dealer="0" addon="0" bet="120" seat="5" win="0" reg_code="8410309244" chips="100,000" name="Gfs1505" rebuy="0"/>
    <player dealer="1" addon="0" bet="120" seat="6" win="0" reg_code="" chips="98,320" name="ILoveSlots789" rebuy="0"/>
    <player dealer="0" addon="0" bet="520" seat="7" win="0" reg_code="" chips="76,240" name="dyadkaZloy" rebuy="0"/>
    <player dealer="0" addon="0" bet="920" seat="9" win="0" reg_code="" chips="66,088" name="phostar" rebuy="0"/>
    <player dealer="0" addon="0" bet="120" seat="10" win="0" reg_code="" chips="109,680" name="Engastamento90" rebuy="0"/>
   </players>
  </general>
  <round no="0">
   <action player="dyadkaZloy" no="1" type="15" sum="120"/>
   <action player="phostar" no="2" type="15" sum="120"/>
   <action player="Engastamento90" no="3" type="15" sum="120"/>
   <action player="Prinsessen8" no="4" type="15" sum="120"/>
   <action player="lIliLlu" no="5" type="15" sum="120"/>
   <action player="xlusha2000" no="6" type="15" sum="120"/>
   <action player="Gfs1505" no="7" type="15" sum="120"/>
   <action player="ILoveSlots789" no="8" type="15" sum="120"/>
   <action player="dyadkaZloy" no="9" type="1" sum="400"/>
   <action player="phostar" no="10" type="2" sum="800"/>
  </round>
  <round no="1">
   <cards player="Engastamento90" type="Pocket">X X</cards>
   <action player="Engastamento90" no="11" type="0" sum="0"/>
   <cards player="Prinsessen8" type="Pocket">X X</cards>
   <action player="Prinsessen8" no="12" type="23" sum="2,000"/>
   <cards player="lIliLlu" type="Pocket">X X</cards>
   <action player="lIliLlu" no="13" type="23" sum="8,000"/>
   <cards player="xlusha2000" type="Pocket">X X</cards>
   <action player="xlusha2000" no="14" type="23" sum="17,200"/>
   <cards player="Gfs1505" type="Pocket">S4 H4</cards>
   <action player="Gfs1505" no="15" type="0" sum="0"/>
   <cards player="ILoveSlots789" type="Pocket">X X</cards>
   <action player="ILoveSlots789" no="16" type="0" sum="0"/>
   <cards player="dyadkaZloy" type="Pocket">X X</cards>
   <action player="dyadkaZloy" no="17" type="0" sum="0"/>
   <cards player="phostar" type="Pocket">X X</cards>
   <action player="phostar" no="18" type="0" sum="0"/>
   <action player="Prinsessen8" no="19" type="0" sum="0"/>
   <action player="lIliLlu" no="20" type="3" sum="9,200"/>
  </round>
  <round no="2">
   <cards type="Flop">DK S5 H7</cards>
   <action player="lIliLlu" no="21" type="4" sum="0"/>
   <action player="xlusha2000" no="22" type="4" sum="0"/>
  </round>
  <round no="3">
   <cards type="Turn">D5</cards>
   <action player="lIliLlu" no="23" type="5" sum="12,724"/>
   <action player="xlusha2000" no="24" type="3" sum="12,724"/>
  </round>
  <round no="4">
   <cards type="River">CJ</cards>
   <action player="lIliLlu" no="25" type="5" sum="32,004"/>
   <action player="xlusha2000" no="26" type="0" sum="0"/>
  </round>
 </game>
 <game gamecode="11585074135">
  <general>
   <startdate>2025-07-20 12:46:35</startdate>
   <smallblind>400</smallblind>
   <bigblind>800</bigblind>
   <ante>120</ante>
   <players>
    <player dealer="0" addon="0" bet="9,030" seat="1" win="0" reg_code="" chips="97,760" name="Prinsessen8" rebuy="0"/>
    <player dealer="0" addon="0" bet="120" seat="2" win="0" reg_code="" chips="135,284" name="lIliLlu" rebuy="0"/>
    <player dealer="0" addon="0" bet="120" seat="4" win="0" reg_code="" chips="109,548" name="xlusha2000" rebuy="0"/>
    <player dealer="0" addon="0" bet="9,030" seat="5" win="19,860" reg_code="8410309244" chips="99,880" name="Gfs1505" rebuy="0"/>
    <player dealer="0" addon="0" bet="120" seat="6" win="0" reg_code="" chips="98,200" name="ILoveSlots789" rebuy="0"/>
    <player dealer="0" addon="0" bet="520" seat="9" win="0" reg_code="" chips="65,168" name="phostar" rebuy="0"/>
    <player dealer="0" addon="0" bet="920" seat="10" win="0" reg_code="" chips="109,560" name="Engastamento90" rebuy="0"/>
   </players>
  </general>
  <round no="0">
   <action player="phostar" no="1" type="15" sum="120"/>
   <action player="Engastamento90" no="2" type="15" sum="120"/>
   <action player="Prinsessen8" no="3" type="15" sum="120"/>
   <action player="lIliLlu" no="4" type="15" sum="120"/>
   <action player="xlusha2000" no="5" type="15" sum="120"/>
   <action player="Gfs1505" no="6" type="15" sum="120"/>
   <action player="ILoveSlots789" no="7" type="15" sum="120"/>
   <action player="phostar" no="8" type="1" sum="400"/>
   <action player="Engastamento90" no="9" type="2" sum="800"/>
  </round>
  <round no="1">
   <cards player="Prinsessen8" type="Pocket">SK S9</cards>
   <action player="Prinsessen8" no="10" type="23" sum="2,000"/>
   <cards player="lIliLlu" type="Pocket">X X</cards>
   <action player="lIliLlu" no="11" type="0" sum="0"/>
   <cards player="xlusha2000" type="Pocket">X X</cards>
   <action player="xlusha2000" no="12" type="0" sum="0"/>
   <cards player="Gfs1505" type="Pocket">CK DK</cards>
   <action player="Gfs1505" no="13" type="23" sum="5,600"/>
   <cards player="ILoveSlots789" type="Pocket">X X</cards>
   <action player="ILoveSlots789" no="14" type="0" sum="0"/>
   <cards player="phostar" type="Pocket">X X</cards>
   <action player="phostar" no="15" type="0" sum="0"/>
   <cards player="Engastamento90" type="Pocket">X X</cards>
   <action player="Engastamento90" no="16" type="0" sum="0"/>
   <action player="Prinsessen8" no="17" type="3" sum="3,600"/>
  </round>
  <round no="2">
   <cards type="Flop">D3 SA D9</cards>
   <action player="Prinsessen8" no="18" type="4" sum="0"/>
   <action player="Gfs1505" no="19" type="5" sum="3,310"/>
   <action player="Prinsessen8" no="20" type="3" sum="3,310"/>
  </round>
  <round no="3">
   <cards type="Turn">H4</cards>
   <action player="Prinsessen8" no="21" type="4" sum="0"/>
   <action player="Gfs1505" no="22" type="4" sum="0"/>
  </round>
  <round no="4">
   <cards type="River">S7</cards>
   <action player="Prinsessen8" no="23" type="4" sum="0"/>
   <action player="Gfs1505" no="24" type="4" sum="0"/>
  </round>
 </game>
 <game gamecode="11585074174">
  <general>
   <startdate>2025-07-20 12:47:39</startdate>
   <smallblind>400</smallblind>
   <bigblind>800</bigblind>
   <ante>120</ante>
   <players>
    <player dealer="0" addon="0" bet="4,600" seat="1" win="5,760" reg_code="" chips="88,730" name="Prinsessen8" rebuy="0"/>
    <player dealer="0" addon="0" bet="120" seat="2" win="0" reg_code="" chips="135,164" name="lIliLlu" rebuy="0"/>
    <player dealer="0" addon="0" bet="1,720" seat="4" win="0" reg_code="" chips="109,428" name="xlusha2000" rebuy="0"/>
    <player dealer="0" addon="0" bet="120" seat="5" win="0" reg_code="8410309244" chips="110,710" name="Gfs1505" rebuy="0"/>
    <player dealer="0" addon="0" bet="120" seat="6" win="0" reg_code="" chips="98,080" name="ILoveSlots789" rebuy="0"/>
    <player dealer="0" addon="0" bet="120" seat="7" win="0" reg_code="" chips="100,000" name="B3773rCallSaul" rebuy="0"/>
    <player dealer="1" addon="0" bet="120" seat="9" win="0" reg_code="" chips="64,648" name="phostar" rebuy="0"/>
    <player dealer="0" addon="0" bet="1,720" seat="10" win="0" reg_code="" chips="108,640" name="Engastamento90" rebuy="0"/>
   </players>
  </general>
  <round no="0">
   <action player="Engastamento90" no="1" type="15" sum="120"/>
   <action player="Prinsessen8" no="2" type="15" sum="120"/>
   <action player="lIliLlu" no="3" type="15" sum="120"/>
   <action player="xlusha2000" no="4" type="15" sum="120"/>
   <action player="Gfs1505" no="5" type="15" sum="120"/>
   <action player="ILoveSlots789" no="6" type="15" sum="120"/>
   <action player="B3773rCallSaul" no="7" type="15" sum="120"/>
   <action player="phostar" no="8" type="15" sum="120"/>
   <action player="Engastamento90" no="9" type="1" sum="400"/>
   <action player="Prinsessen8" no="10" type="2" sum="800"/>
  </round>
  <round no="1">
   <cards player="lIliLlu" type="Pocket">X X</cards>
   <action player="lIliLlu" no="11" type="0" sum="0"/>
   <cards player="xlusha2000" type="Pocket">X X</cards>
   <action player="xlusha2000" no="12" type="23" sum="1,600"/>
   <cards player="Gfs1505" type="Pocket">D6 D9</cards>
   <action player="Gfs1505" no="13" type="0" sum="0"/>
   <cards player="ILoveSlots789" type="Pocket">X X</cards>
   <action player="ILoveSlots789" no="14" type="0" sum="0"/>
   <cards player="B3773rCallSaul" type="Pocket">X X</cards>
   <action player="B3773rCallSaul" no="15" type="0" sum="0"/>
   <cards player="phostar" type="Pocket">X X</cards>
   <action player="phostar" no="16" type="0" sum="0"/>
   <cards player="Engastamento90" type="Pocket">X X</cards>
   <action player="Engastamento90" no="17" type="3" sum="1,200"/>
   <cards player="Prinsessen8" type="Pocket">X X</cards>
   <action player="Prinsessen8" no="18" type="3" sum="800"/>
  </round>
  <round no="2">
   <cards type="Flop">S9 H2 C2</cards>
   <action player="Engastamento90" no="19" type="4" sum="0"/>
   <action player="Prinsessen8" no="20" type="4" sum="0"/>
   <action player="xlusha2000" no="21" type="4" sum="0"/>
  </round>
  <round no="3">
   <cards type="Turn">H5</cards>
   <action player="Engastamento90" no="22" type="4" sum="0"/>
   <action player="Prinsessen8" no="23" type="5" sum="2,880"/>
   <action player="xlusha2000" no="24" type="0" sum="0"/>
   <action player="Engastamento90" no="25" type="0" sum="0"/>
  </round>
 </game>
 <game gamecode="11585103699">
  <general>
   <startdate>2025-07-20 12:48:39</startdate>
   <smallblind>400</smallblind>
   <bigblind>800</bigblind>
   <ante>120</ante>
   <players>
    <player dealer="0" addon="0" bet="520" seat="1" win="0" reg_code="" chips="92,770" name="Prinsessen8" rebuy="0"/>
    <player dealer="0" addon="0" bet="920" seat="2" win="0" reg_code="" chips="135,044" name="lIliLlu" rebuy="0"/>
    <player dealer="0" addon="0" bet="1,720" seat="4" win="0" reg_code="" chips="107,708" name="xlusha2000" rebuy="0"/>
    <player dealer="0" addon="0" bet="26,920" seat="5" win="0" reg_code="8410309244" chips="110,590" name="Gfs1505" rebuy="0"/>
    <player dealer="0" addon="0" bet="120" seat="6" win="0" reg_code="" chips="97,960" name="ILoveSlots789" rebuy="0"/>
    <player dealer="0" addon="0" bet="26,920" seat="7" win="57,360" reg_code="" chips="99,880" name="B3773rCallSaul" rebuy="0"/>
    <player dealer="0" addon="0" bet="120" seat="9" win="0" reg_code="" chips="64,528" name="phostar" rebuy="0"/>
    <player dealer="1" addon="0" bet="120" seat="10" win="0" reg_code="" chips="106,920" name="Engastamento90" rebuy="0"/>
   </players>
  </general>
  <round no="0">
   <action player="Prinsessen8" no="1" type="15" sum="120"/>
   <action player="lIliLlu" no="2" type="15" sum="120"/>
   <action player="xlusha2000" no="3" type="15" sum="120"/>
   <action player="Gfs1505" no="4" type="15" sum="120"/>
   <action player="ILoveSlots789" no="5" type="15" sum="120"/>
   <action player="B3773rCallSaul" no="6" type="15" sum="120"/>
   <action player="phostar" no="7" type="15" sum="120"/>
   <action player="Engastamento90" no="8" type="15" sum="120"/>
   <action player="Prinsessen8" no="9" type="1" sum="400"/>
   <action player="lIliLlu" no="10" type="2" sum="800"/>
  </round>
  <round no="1">
   <cards player="xlusha2000" type="Pocket">X X</cards>
   <action player="xlusha2000" no="11" type="23" sum="1,600"/>
   <cards player="Gfs1505" type="Pocket">S8 C8</cards>
   <action player="Gfs1505" no="12" type="3" sum="1,600"/>
   <cards player="ILoveSlots789" type="Pocket">X X</cards>
   <action player="ILoveSlots789" no="13" type="0" sum="0"/>
   <cards player="B3773rCallSaul" type="Pocket">CJ HA</cards>
   <action player="B3773rCallSaul" no="14" type="23" sum="7,200"/>
   <cards player="phostar" type="Pocket">X X</cards>
   <action player="phostar" no="15" type="0" sum="0"/>
   <cards player="Engastamento90" type="Pocket">X X</cards>
   <action player="Engastamento90" no="16" type="0" sum="0"/>
   <cards player="Prinsessen8" type="Pocket">X X</cards>
   <action player="Prinsessen8" no="17" type="0" sum="0"/>
   <cards player="lIliLlu" type="Pocket">X X</cards>
   <action player="lIliLlu" no="18" type="0" sum="0"/>
   <action player="xlusha2000" no="19" type="0" sum="0"/>
   <action player="Gfs1505" no="20" type="3" sum="5,600"/>
  </round>
  <round no="2">
   <cards type="Flop">D2 C7 S2</cards>
   <action player="Gfs1505" no="21" type="4" sum="0"/>
   <action player="B3773rCallSaul" no="22" type="5" sum="5,200"/>
   <action player="Gfs1505" no="23" type="3" sum="5,200"/>
  </round>
  <round no="3">
   <cards type="Turn">D9</cards>
   <action player="Gfs1505" no="24" type="4" sum="0"/>
   <action player="B3773rCallSaul" no="25" type="4" sum="0"/>
  </round>
  <round no="4">
   <cards type="River">DJ</cards>
   <action player="Gfs1505" no="26" type="4" sum="0"/>
   <action player="B3773rCallSaul" no="27" type="5" sum="14,400"/>
   <action player="Gfs1505" no="28" type="3" sum="14,400"/>
  </round>
 </game>
 <game gamecode="11585103759">
  <general>
   <startdate>2025-07-20 12:50:11</startdate>
   <smallblind>400</smallblind>
   <bigblind>800</bigblind>
   <ante>120</ante>
   <players>
    <player dealer="1" addon="0" bet="120" seat="1" win="0" reg_code="" chips="92,250" name="Prinsessen8" rebuy="0"/>
    <player dealer="0" addon="0" bet="520" seat="2" win="0" reg_code="" chips="134,124" name="lIliLlu" rebuy="0"/>
    <player dealer="0" addon="0" bet="920" seat="4" win="0" reg_code="" chips="105,988" name="xlusha2000" rebuy="0"/>
    <player dealer="0" addon="0" bet="7,936" seat="5" win="0" reg_code="8410309244" chips="83,670" name="Gfs1505" rebuy="0"/>
    <player dealer="0" addon="0" bet="120" seat="6" win="0" reg_code="" chips="97,840" name="ILoveSlots789" rebuy="0"/>
    <player dealer="0" addon="0" bet="120" seat="7" win="0" reg_code="" chips="130,320" name="B3773rCallSaul" rebuy="0"/>
    <player dealer="0" addon="0" bet="7,936" seat="9" win="17,792" reg_code="" chips="64,408" name="phostar" rebuy="0"/>
    <player dealer="0" addon="0" bet="120" seat="10" win="0" reg_code="" chips="106,800" name="Engastamento90" rebuy="0"/>
   </players>
  </general>
  <round no="0">
   <action player="lIliLlu" no="1" type="15" sum="120"/>
   <action player="xlusha2000" no="2" type="15" sum="120"/>
   <action player="Gfs1505" no="3" type="15" sum="120"/>
   <action player="ILoveSlots789" no="4" type="15" sum="120"/>
   <action player="B3773rCallSaul" no="5" type="15" sum="120"/>
   <action player="phostar" no="6" type="15" sum="120"/>
   <action player="Engastamento90" no="7" type="15" sum="120"/>
   <action player="Prinsessen8" no="8" type="15" sum="120"/>
   <action player="lIliLlu" no="9" type="1" sum="400"/>
   <action player="xlusha2000" no="10" type="2" sum="800"/>
  </round>
  <round no="1">
   <cards player="Gfs1505" type="Pocket">CA HJ</cards>
   <action player="Gfs1505" no="11" type="23" sum="1,600"/>
   <cards player="ILoveSlots789" type="Pocket">X X</cards>
   <action player="ILoveSlots789" no="12" type="0" sum="0"/>
   <cards player="B3773rCallSaul" type="Pocket">X X</cards>
   <action player="B3773rCallSaul" no="13" type="0" sum="0"/>
   <cards player="phostar" type="Pocket">C7 S7</cards>
   <action player="phostar" no="14" type="3" sum="1,600"/>
   <cards player="Engastamento90" type="Pocket">X X</cards>
   <action player="Engastamento90" no="15" type="0" sum="0"/>
   <cards player="Prinsessen8" type="Pocket">X X</cards>
   <action player="Prinsessen8" no="16" type="0" sum="0"/>
   <cards player="lIliLlu" type="Pocket">X X</cards>
   <action player="lIliLlu" no="17" type="0" sum="0"/>
   <cards player="xlusha2000" type="Pocket">X X</cards>
   <action player="xlusha2000" no="18" type="0" sum="0"/>
  </round>
  <round no="2">
   <cards type="Flop">C3 C8 DK</cards>
   <action player="Gfs1505" no="19" type="5" sum="2,680"/>
   <action player="phostar" no="20" type="3" sum="2,680"/>
  </round>
  <round no="3">
   <cards type="Turn">S8</cards>
   <action player="Gfs1505" no="21" type="4" sum="0"/>
   <action player="phostar" no="22" type="5" sum="3,536"/>
   <action player="Gfs1505" no="23" type="3" sum="3,536"/>
  </round>
  <round no="4">
   <cards type="River">S10</cards>
   <action player="Gfs1505" no="24" type="4" sum="0"/>
   <action player="phostar" no="25" type="4" sum="0"/>
  </round>
 </game>
 <game gamecode="11585103810">
  <general>
   <startdate>2025-07-20 12:51:27</startdate>
   <smallblind>400</smallblind>
   <bigblind>800</bigblind>
   <ante>120</ante>
   <players>
    <player dealer="0" addon="0" bet="75,734" seat="1" win="154,188" reg_code="" chips="92,130" name="Prinsessen8" rebuy="0">
     <knockout tobalance="€5.69" tobounty="€5.69" kicked="Gfs1505"/>
    </player>
    <player dealer="1" addon="0" bet="120" seat="2" win="0" reg_code="" chips="133,604" name="lIliLlu" rebuy="0"/>
    <player dealer="0" addon="0" bet="520" seat="4" win="0" reg_code="" chips="105,068" name="xlusha2000" rebuy="0"/>
    <player dealer="0" addon="0" bet="75,734" seat="5" win="0" reg_code="8410309244" chips="75,734" name="Gfs1505" rebuy="0"/>
    <player dealer="0" addon="0" bet="120" seat="6" win="0" reg_code="" chips="97,720" name="ILoveSlots789" rebuy="0"/>
    <player dealer="0" addon="0" bet="120" seat="7" win="0" reg_code="" chips="130,200" name="B3773rCallSaul" rebuy="0"/>
    <player dealer="0" addon="0" bet="120" seat="9" win="0" reg_code="" chips="74,264" name="phostar" rebuy="0"/>
    <player dealer="0" addon="0" bet="1,720" seat="10" win="0" reg_code="" chips="106,680" name="Engastamento90" rebuy="0"/>
   </players>
  </general>
  <round no="0">
   <action player="xlusha2000" no="1" type="15" sum="120"/>
   <action player="Gfs1505" no="2" type="15" sum="120"/>
   <action player="ILoveSlots789" no="3" type="15" sum="120"/>
   <action player="B3773rCallSaul" no="4" type="15" sum="120"/>
   <action player="phostar" no="5" type="15" sum="120"/>
   <action player="Engastamento90" no="6" type="15" sum="120"/>
   <action player="Prinsessen8" no="7" type="15" sum="120"/>
   <action player="lIliLlu" no="8" type="15" sum="120"/>
   <action player="xlusha2000" no="9" type="1" sum="400"/>
   <action player="Gfs1505" no="10" type="2" sum="800"/>
  </round>
  <round no="1">
   <cards player="ILoveSlots789" type="Pocket">X X</cards>
   <action player="ILoveSlots789" no="11" type="0" sum="0"/>
   <cards player="B3773rCallSaul" type="Pocket">X X</cards>
   <action player="B3773rCallSaul" no="12" type="0" sum="0"/>
   <cards player="phostar" type="Pocket">X X</cards>
   <action player="phostar" no="13" type="0" sum="0"/>
   <cards player="Engastamento90" type="Pocket">X X</cards>
   <action player="Engastamento90" no="14" type="23" sum="1,600"/>
   <cards player="Prinsessen8" type="Pocket">S5 SK</cards>
   <action player="Prinsessen8" no="15" type="3" sum="1,600"/>
   <cards player="lIliLlu" type="Pocket">X X</cards>
   <action player="lIliLlu" no="16" type="0" sum="0"/>
   <cards player="xlusha2000" type="Pocket">X X</cards>
   <action player="xlusha2000" no="17" type="0" sum="0"/>
   <cards player="Gfs1505" type="Pocket">CA H2</cards>
   <action player="Gfs1505" no="18" type="23" sum="8,000"/>
   <action player="Engastamento90" no="19" type="0" sum="0"/>
   <action player="Prinsessen8" no="20" type="3" sum="6,400"/>
  </round>
  <round no="2">
   <cards type="Flop">C10 H5 D6</cards>
   <action player="Gfs1505" no="21" type="5" sum="9,480"/>
   <action player="Prinsessen8" no="22" type="3" sum="9,480"/>
  </round>
  <round no="3">
   <cards type="Turn">C9</cards>
   <action player="Gfs1505" no="23" type="5" sum="18,960"/>
   <action player="Prinsessen8" no="24" type="3" sum="18,960"/>
  </round>
  <round no="4">
   <cards type="River">H6</cards>
   <action player="Gfs1505" no="25" type="5" sum="39,174"/>
   <action player="Prinsessen8" no="26" type="3" sum="39,174"/>
  </round>
 </game>
</session>
