<?xml version="1.0" encoding="utf-8"?>
<session sessioncode="8415758624">
 <general>
  <mode>real</mode>
  <gametype>Holdem NL</gametype>
  <tablename>€12,500|Sunday Bounty XL, 1131751909</tablename>
  <tournamentcurrency>1</tournamentcurrency>
  <currency>USD</currency>
  <nickname>Gfs1505</nickname>
  <buyin>€11.37 + €11.38 + €2.25</buyin>
  <totalbuyin>€13.62</totalbuyin>
 </general>
 <game gamecode="11599995154">
  <general>
   <players>
    <player seat="1" chips="491,396" name="BlueEyedGir1" dealer="1" reg_code=""/>
    <player seat="2" chips="84,870" name="Fabolous93" dealer="0" reg_code=""/>
    <player seat="4" chips="66,958" name="ElPotenteGigante" dealer="0" reg_code=""/>
    <player seat="5" chips="107,875" name="IillIillliIlliI" dealer="0" reg_code=""/>
    <player seat="6" chips="154,791" name="RoccoG" dealer="0" reg_code=""/>
    <player seat="7" chips="64,308" name="Shibaguerson" dealer="0" reg_code=""/>
    <player seat="9" chips="100,000" name="Gfs1505" dealer="0" reg_code="8415758624"/>
    <player seat="10" chips="121,400" name="TioMG96" dealer="0" reg_code=""/>
   </players>
  </general>
  <round no="0">
   <action type="15" no="1" player="Fabolous93" sum="€300"/>
   <action type="15" no="2" player="ElPotenteGigante" sum="€300"/>
   <action type="15" no="3" player="IillIillliIlliI" sum="€300"/>
   <action type="15" no="4" player="RoccoG" sum="€300"/>
   <action type="15" no="5" player="Shibaguerson" sum="€300"/>
   <action type="15" no="6" player="Gfs1505" sum="€300"/>
   <action type="15" no="7" player="TioMG96" sum="€300"/>
   <action type="15" no="8" player="BlueEyedGir1" sum="€300"/>
   <action type="1" no="9" player="Fabolous93" sum="€1,000"/>
   <action type="2" no="10" player="ElPotenteGigante" sum="€2,000"/>
  </round>
 </game>
 <game gamecode="11599995221">
  <general>
   <players>
    <player seat="1" chips="491,096" name="BlueEyedGir1" dealer="0" reg_code=""/>
    <player seat="2" chips="83,570" name="Fabolous93" dealer="1" reg_code=""/>
    <player seat="4" chips="64,658" name="ElPotenteGigante" dealer="0" reg_code=""/>
    <player seat="5" chips="107,575" name="IillIillliIlliI" dealer="0" reg_code=""/>
    <player seat="6" chips="154,491" name="RoccoG" dealer="0" reg_code=""/>
    <player seat="7" chips="69,408" name="Shibaguerson" dealer="0" reg_code=""/>
    <player seat="9" chips="99,700" name="Gfs1505" dealer="0" reg_code="8415758624"/>
    <player seat="10" chips="121,100" name="TioMG96" dealer="0" reg_code=""/>
   </players>
  </general>
  <round no="0">
   <action type="15" no="1" player="ElPotenteGigante" sum="€350"/>
   <action type="15" no="2" player="IillIillliIlliI" sum="€350"/>
   <action type="15" no="3" player="RoccoG" sum="€350"/>
   <action type="15" no="4" player="Shibaguerson" sum="€350"/>
   <action type="15" no="5" player="Gfs1505" sum="€350"/>
   <action type="15" no="6" player="TioMG96" sum="€350"/>
   <action type="15" no="7" player="BlueEyedGir1" sum="€350"/>
   <action type="15" no="8" player="Fabolous93" sum="€350"/>
   <action type="1" no="9" player="ElPotenteGigante" sum="€1,250"/>
   <action type="2" no="10" player="IillIillliIlliI" sum="€2,500"/>
  </round>
 </game>
 <game gamecode="11599995418">
  <general>
   <players>
    <player seat="1" chips="522,296" name="BlueEyedGir1" dealer="0" reg_code=""/>
    <player seat="2" chips="83,220" name="Fabolous93" dealer="0" reg_code=""/>
    <player seat="4" chips="63,058" name="ElPotenteGigante" dealer="1" reg_code=""/>
    <player seat="5" chips="104,725" name="IillIillliIlliI" dealer="0" reg_code=""/>
    <player seat="6" chips="154,141" name="RoccoG" dealer="0" reg_code=""/>
    <player seat="7" chips="64,058" name="Shibaguerson" dealer="0" reg_code=""/>
    <player seat="9" chips="79,350" name="Gfs1505" dealer="0" reg_code="8415758624"/>
    <player seat="10" chips="120,750" name="TioMG96" dealer="0" reg_code=""/>
   </players>
  </general>
  <round no="0">
   <action type="15" no="1" player="IillIillliIlliI" sum="€350"/>
   <action type="15" no="2" player="RoccoG" sum="€350"/>
   <action type="15" no="3" player="Shibaguerson" sum="€350"/>
   <action type="15" no="4" player="Gfs1505" sum="€350"/>
   <action type="15" no="5" player="TioMG96" sum="€350"/>
   <action type="15" no="6" player="BlueEyedGir1" sum="€350"/>
   <action type="15" no="7" player="Fabolous93" sum="€350"/>
   <action type="15" no="8" player="ElPotenteGigante" sum="€350"/>
   <action type="1" no="9" player="IillIillliIlliI" sum="€1,250"/>
   <action type="2" no="10" player="RoccoG" sum="€2,500"/>
  </round>
 </game>
</session>
