<?xml version="1.0" encoding="utf-8"?>
<session sessioncode="8415760578">
 <general>
  <mode>real</mode>
  <gametype>Holdem NL</gametype>
  <tablename>€25,000|Sunday Bounty King, 1131758315</tablename>
  <tournamentcurrency>1</tournamentcurrency>
  <currency>USD</currency>
  <nickname>Gfs1505</nickname>
  <buyin>€11.37 + €11.38 + €2.25</buyin>
  <totalbuyin>€13.62</totalbuyin>
 </general>
 <game gamecode="11599963621">
  <general>
   <players>
    <player seat="1" chips="100,000" name="NicetoVega" dealer="1" reg_code=""/>
    <player seat="2" chips="100,000" name="MrMilchick" dealer="0" reg_code=""/>
    <player seat="4" chips="100,000" name="Gfs1505" dealer="0" reg_code="8415760578"/>
    <player seat="6" chips="115,991" name="QwinQ1" dealer="0" reg_code=""/>
    <player seat="7" chips="130,360" name="nagibatorvalera" dealer="0" reg_code=""/>
    <player seat="9" chips="98,200" name="ninjaboat559" dealer="0" reg_code=""/>
    <player seat="10" chips="101,571" name="Krimbuz" dealer="0" reg_code=""/>
   </players>
  </general>
  <round no="0">
   <action type="15" no="1" player="MrMilchick" sum="€120"/>
   <action type="15" no="2" player="Gfs1505" sum="€120"/>
   <action type="15" no="3" player="QwinQ1" sum="€120"/>
   <action type="15" no="4" player="nagibatorvalera" sum="€120"/>
   <action type="15" no="5" player="ninjaboat559" sum="€120"/>
   <action type="15" no="6" player="Krimbuz" sum="€120"/>
   <action type="15" no="7" player="NicetoVega" sum="€120"/>
   <action type="1" no="8" player="MrMilchick" sum="€400"/>
   <action type="2" no="9" player="Gfs1505" sum="€800"/>
  </round>
 </game>
</session>
