<?xml version="1.0" encoding="utf-8"?>
<session sessioncode="8415758624">
 <general>
  <client_version>25.1.1.9</client_version>
  <mode>real</mode>
  <gametype>Holdem NL</gametype>
  <tablename>€12,500|Sunday Bounty XL, 1131751909</tablename>
  <tournamentcurrency>EUR</tournamentcurrency>
  <duration>00:01:00</duration>
  <gamecount>1</gamecount>
  <startdate>2025-07-27 13:23:58</startdate>
  <currency>USD</currency>
  <nickname>Gfs1505</nickname>
  <bets>350</bets>
  <wins>0</wins>
  <chipsin>73,500</chipsin>
  <chipsout>73,500</chipsout>
  <statuspoints>0.00</statuspoints>
  <awardpoints>0.00</awardpoints>
  <ipoints>0.00</ipoints>
  <tablesize>8</tablesize>
  <tournamentcode>1131016465</tournamentcode>
  <tournamentname>€12,500|Sunday Bounty XL</tournamentname>
  <place>N/A</place>
  <buyin>€11.37 + €11.38 + €2.25</buyin>
  <totalbuyin>€25</totalbuyin>
  <win>N/A</win>
 </general>
 <game gamecode="11599995038">
  <general>
   <startdate>2025-07-27 13:23:58</startdate>
   <smallblind>1,000</smallblind>
   <bigblind>2,000</bigblind>
   <ante>300</ante>
   <players>
    <player bet="1,300" dealer="0" chips="492,696" addon="0" seat="1" reg_code="" win="0" name="BlueEyedGir1" rebuy="0"/>
    <player bet="4,500" dealer="0" chips="89,370" addon="0" seat="2" reg_code="" win="0" name="Fabolous93" rebuy="0"/>
    <player bet="300" dealer="0" chips="67,258" addon="0" seat="4" reg_code="" win="0" name="ElPotenteGigante" rebuy="0"/>
    <player bet="16,275" dealer="0" chips="96,675" addon="0" seat="5" reg_code="" win="15,700" name="IillIillliIlliI" rebuy="0"/>
    <player bet="4,500" dealer="0" chips="159,291" addon="0" seat="6" reg_code="" win="0" name="RoccoG" rebuy="0"/>
    <player bet="300" dealer="0" chips="64,608" addon="0" seat="7" reg_code="" win="0" name="Shibaguerson" rebuy="0"/>
    <player bet="300" dealer="1" chips="121,700" addon="0" seat="10" reg_code="" win="0" name="TioMG96" rebuy="0"/>
   </players>
  </general>
  <round no="0">
   <action type="15" sum="300" player="BlueEyedGir1" no="1"/>
   <action type="15" sum="300" player="Fabolous93" no="2"/>
   <action type="15" sum="300" player="ElPotenteGigante" no="3"/>
   <action type="15" sum="300" player="IillIillliIlliI" no="4"/>
   <action type="15" sum="300" player="RoccoG" no="5"/>
   <action type="15" sum="300" player="Shibaguerson" no="6"/>
   <action type="15" sum="300" player="TioMG96" no="7"/>
   <action type="1" sum="1,000" player="BlueEyedGir1" no="8"/>
   <action type="2" sum="2,000" player="Fabolous93" no="9"/>
  </round>
  <round no="1">
   <cards type="Pocket" player="ElPotenteGigante">X X</cards>
   <action type="0" sum="0" player="ElPotenteGigante" no="10"/>
   <cards type="Pocket" player="IillIillliIlliI">X X</cards>
   <action type="23" sum="4,200" player="IillIillliIlliI" no="11"/>
   <cards type="Pocket" player="RoccoG">X X</cards>
   <action type="3" sum="4,200" player="RoccoG" no="12"/>
   <cards type="Pocket" player="Shibaguerson">X X</cards>
   <action type="0" sum="0" player="Shibaguerson" no="13"/>
   <cards type="Pocket" player="TioMG96">X X</cards>
   <action type="0" sum="0" player="TioMG96" no="14"/>
   <cards type="Pocket" player="BlueEyedGir1">X X</cards>
   <action type="0" sum="0" player="BlueEyedGir1" no="15"/>
   <cards type="Pocket" player="Fabolous93">X X</cards>
   <action type="3" sum="2,200" player="Fabolous93" no="16"/>
  </round>
  <round no="2">
   <cards type="Flop">S2 H9 S3</cards>
   <action type="4" sum="0" player="Fabolous93" no="17"/>
   <action type="4" sum="0" player="IillIillliIlliI" no="18"/>
   <action type="4" sum="0" player="RoccoG" no="19"/>
  </round>
  <round no="3">
   <cards type="Turn">C4</cards>
   <action type="4" sum="0" player="Fabolous93" no="20"/>
   <action type="5" sum="11,775" player="IillIillliIlliI" no="21"/>
   <action type="0" sum="0" player="RoccoG" no="22"/>
   <action type="0" sum="0" player="Fabolous93" no="23"/>
  </round>
 </game>
 <game gamecode="11599995154">
  <general>
   <startdate>2025-07-27 13:24:58</startdate>
   <smallblind>1,000</smallblind>
   <bigblind>2,000</bigblind>
   <ante>300</ante>
   <players>
    <player bet="300" dealer="1" chips="491,396" addon="0" seat="1" reg_code="" win="0" name="BlueEyedGir1" rebuy="0"/>
    <player bet="1,300" dealer="0" chips="84,870" addon="0" seat="2" reg_code="" win="0" name="Fabolous93" rebuy="0"/>
    <player bet="2,300" dealer="0" chips="66,958" addon="0" seat="4" reg_code="" win="0" name="ElPotenteGigante" rebuy="0"/>
    <player bet="300" dealer="0" chips="107,875" addon="0" seat="5" reg_code="" win="0" name="IillIillliIlliI" rebuy="0"/>
    <player bet="300" dealer="0" chips="154,791" addon="0" seat="6" reg_code="" win="0" name="RoccoG" rebuy="0"/>
    <player bet="4,000" dealer="0" chips="64,308" addon="0" seat="7" reg_code="" win="7,400" name="Shibaguerson" rebuy="0"/>
    <player bet="300" dealer="0" chips="100,000" addon="0" seat="9" reg_code="8415758624" win="0" name="Gfs1505" rebuy="0"/>
    <player bet="300" dealer="0" chips="121,400" addon="0" seat="10" reg_code="" win="0" name="TioMG96" rebuy="0"/>
   </players>
  </general>
  <round no="0">
   <action type="15" sum="300" player="Fabolous93" no="1"/>
   <action type="15" sum="300" player="ElPotenteGigante" no="2"/>
   <action type="15" sum="300" player="IillIillliIlliI" no="3"/>
   <action type="15" sum="300" player="RoccoG" no="4"/>
   <action type="15" sum="300" player="Shibaguerson" no="5"/>
   <action type="15" sum="300" player="Gfs1505" no="6"/>
   <action type="15" sum="300" player="TioMG96" no="7"/>
   <action type="15" sum="300" player="BlueEyedGir1" no="8"/>
   <action type="1" sum="1,000" player="Fabolous93" no="9"/>
   <action type="2" sum="2,000" player="ElPotenteGigante" no="10"/>
  </round>
  <round no="1">
   <cards type="Pocket" player="IillIillliIlliI">X X</cards>
   <action type="0" sum="0" player="IillIillliIlliI" no="11"/>
   <cards type="Pocket" player="RoccoG">X X</cards>
   <action type="0" sum="0" player="RoccoG" no="12"/>
   <cards type="Pocket" player="Shibaguerson">X X</cards>
   <action type="23" sum="4,000" player="Shibaguerson" no="13"/>
   <cards type="Pocket" player="Gfs1505">H5 C4</cards>
   <action type="0" sum="0" player="Gfs1505" no="14"/>
   <cards type="Pocket" player="TioMG96">X X</cards>
   <action type="0" sum="0" player="TioMG96" no="15"/>
   <cards type="Pocket" player="BlueEyedGir1">X X</cards>
   <action type="0" sum="0" player="BlueEyedGir1" no="16"/>
   <cards type="Pocket" player="Fabolous93">X X</cards>
   <action type="0" sum="0" player="Fabolous93" no="17"/>
   <cards type="Pocket" player="ElPotenteGigante">X X</cards>
   <action type="0" sum="0" player="ElPotenteGigante" no="18"/>
  </round>
 </game>
 <game gamecode="11599995221">
  <general>
   <startdate>2025-07-27 13:25:37</startdate>
   <smallblind>1,250</smallblind>
   <bigblind>2,500</bigblind>
   <ante>350</ante>
   <players>
    <player bet="40,350" dealer="0" chips="491,096" addon="0" seat="1" reg_code="" win="51,550" name="BlueEyedGir1" rebuy="0"/>
    <player bet="350" dealer="1" chips="83,570" addon="0" seat="2" reg_code="" win="0" name="Fabolous93" rebuy="0"/>
    <player bet="1,600" dealer="0" chips="64,658" addon="0" seat="4" reg_code="" win="0" name="ElPotenteGigante" rebuy="0"/>
    <player bet="2,850" dealer="0" chips="107,575" addon="0" seat="5" reg_code="" win="0" name="IillIillliIlliI" rebuy="0"/>
    <player bet="350" dealer="0" chips="154,491" addon="0" seat="6" reg_code="" win="0" name="RoccoG" rebuy="0"/>
    <player bet="5,350" dealer="0" chips="69,408" addon="0" seat="7" reg_code="" win="0" name="Shibaguerson" rebuy="0"/>
    <player bet="20,350" dealer="0" chips="99,700" addon="0" seat="9" reg_code="8415758624" win="0" name="Gfs1505" rebuy="0"/>
    <player bet="350" dealer="0" chips="121,100" addon="0" seat="10" reg_code="" win="0" name="TioMG96" rebuy="0"/>
   </players>
  </general>
  <round no="0">
   <action type="15" sum="350" player="ElPotenteGigante" no="1"/>
   <action type="15" sum="350" player="IillIillliIlliI" no="2"/>
   <action type="15" sum="350" player="RoccoG" no="3"/>
   <action type="15" sum="350" player="Shibaguerson" no="4"/>
   <action type="15" sum="350" player="Gfs1505" no="5"/>
   <action type="15" sum="350" player="TioMG96" no="6"/>
   <action type="15" sum="350" player="BlueEyedGir1" no="7"/>
   <action type="15" sum="350" player="Fabolous93" no="8"/>
   <action type="1" sum="1,250" player="ElPotenteGigante" no="9"/>
   <action type="2" sum="2,500" player="IillIillliIlliI" no="10"/>
  </round>
  <round no="1">
   <cards type="Pocket" player="RoccoG">X X</cards>
   <action type="0" sum="0" player="RoccoG" no="11"/>
   <cards type="Pocket" player="Shibaguerson">X X</cards>
   <action type="23" sum="5,000" player="Shibaguerson" no="12"/>
   <cards type="Pocket" player="Gfs1505">DJ DK</cards>
   <action type="3" sum="5,000" player="Gfs1505" no="13"/>
   <cards type="Pocket" player="TioMG96">X X</cards>
   <action type="0" sum="0" player="TioMG96" no="14"/>
   <cards type="Pocket" player="BlueEyedGir1">X X</cards>
   <action type="23" sum="20,000" player="BlueEyedGir1" no="15"/>
   <cards type="Pocket" player="Fabolous93">X X</cards>
   <action type="0" sum="0" player="Fabolous93" no="16"/>
   <cards type="Pocket" player="ElPotenteGigante">X X</cards>
   <action type="0" sum="0" player="ElPotenteGigante" no="17"/>
   <cards type="Pocket" player="IillIillliIlliI">X X</cards>
   <action type="0" sum="0" player="IillIillliIlliI" no="18"/>
   <action type="0" sum="0" player="Shibaguerson" no="19"/>
   <action type="3" sum="15,000" player="Gfs1505" no="20"/>
  </round>
  <round no="2">
   <cards type="Flop">H6 C4 C9</cards>
   <action type="4" sum="0" player="Gfs1505" no="21"/>
   <action type="5" sum="20,000" player="BlueEyedGir1" no="22"/>
   <action type="0" sum="0" player="Gfs1505" no="23"/>
  </round>
 </game>
 <game gamecode="11600018149">
  <general>
   <startdate>2025-07-27 13:33:30</startdate>
   <smallblind>1,250</smallblind>
   <bigblind>2,500</bigblind>
   <ante>350</ante>
   <players>
    <player dealer="0" bet="1,600" chips="725,532" addon="0" seat="1" reg_code="" win="0" name="BlueEyedGir1" rebuy="0"/>
    <player dealer="0" bet="5,350" chips="75,220" addon="0" seat="2" reg_code="" win="0" name="Fabolous93" rebuy="0"/>
    <player dealer="0" bet="67,508" chips="67,508" addon="0" seat="4" reg_code="" win="0" name="ElPotenteGigante" rebuy="0"/>
    <player dealer="0" bet="350" chips="99,300" addon="0" seat="5" reg_code="" win="0" name="Nangino89" rebuy="0"/>
    <player dealer="0" bet="350" chips="64,758" addon="0" seat="7" reg_code="" win="0" name="Shibaguerson" rebuy="0"/>
    <player dealer="0" bet="350" chips="73,850" addon="0" seat="9" reg_code="8415758624" win="0" name="Gfs1505" rebuy="0"/>
    <player dealer="1" bet="67,508" chips="86,055" addon="0" seat="10" reg_code="" win="143,016" name="TioMG96" rebuy="0">
     <knockout tobounty="€5.69" kicked="ElPotenteGigante" tobalance="€5.69"/>
    </player>
   </players>
  </general>
  <round no="0">
   <action type="15" sum="350" player="BlueEyedGir1" no="1"/>
   <action type="15" sum="350" player="Fabolous93" no="2"/>
   <action type="15" sum="350" player="ElPotenteGigante" no="3"/>
   <action type="15" sum="350" player="Nangino89" no="4"/>
   <action type="15" sum="350" player="Shibaguerson" no="5"/>
   <action type="15" sum="350" player="Gfs1505" no="6"/>
   <action type="15" sum="350" player="TioMG96" no="7"/>
   <action type="1" sum="1,250" player="BlueEyedGir1" no="8"/>
   <action type="2" sum="2,500" player="Fabolous93" no="9"/>
  </round>
  <round no="1">
   <cards type="Pocket" player="ElPotenteGigante">DQ DJ</cards>
   <action type="23" sum="5,000" player="ElPotenteGigante" no="10"/>
   <cards type="Pocket" player="Nangino89">X X</cards>
   <action type="0" sum="0" player="Nangino89" no="11"/>
   <cards type="Pocket" player="Shibaguerson">X X</cards>
   <action type="0" sum="0" player="Shibaguerson" no="12"/>
   <cards type="Pocket" player="Gfs1505">C6 CJ</cards>
   <action type="0" sum="0" player="Gfs1505" no="13"/>
   <cards type="Pocket" player="TioMG96">HA H5</cards>
   <action type="3" sum="5,000" player="TioMG96" no="14"/>
   <cards type="Pocket" player="BlueEyedGir1">X X</cards>
   <action type="0" sum="0" player="BlueEyedGir1" no="15"/>
   <cards type="Pocket" player="Fabolous93">X X</cards>
   <action type="3" sum="2,500" player="Fabolous93" no="16"/>
  </round>
  <round no="2">
   <cards type="Flop">HJ HK S10</cards>
   <action type="4" sum="0" player="Fabolous93" no="17"/>
   <action type="5" sum="5,000" player="ElPotenteGigante" no="18"/>
   <action type="23" sum="20,000" player="TioMG96" no="19"/>
   <action type="0" sum="0" player="Fabolous93" no="20"/>
   <action type="23" sum="62,158" player="ElPotenteGigante" no="21"/>
   <action type="3" sum="42,158" player="TioMG96" no="22"/>
  </round>
  <round no="3">
   <cards type="Turn">C3</cards>
  </round>
  <round no="4">
   <cards type="River">H6</cards>
  </round>
 </game>
</session>
