<?xml version="1.0" encoding="utf-8"?>
<session sessioncode="8415758624">
 <general>
  <mode>real</mode>
  <gametype>Holdem NL</gametype>
  <tablename>€12,500|Sunday Bounty XL, 1131751909</tablename>
  <tournamentcurrency>1</tournamentcurrency>
  <currency>USD</currency>
  <nickname>Gfs1505</nickname>
  <buyin>€11.37 + €11.38 + €2.25</buyin>
  <totalbuyin>€13.62</totalbuyin>
 </general>
 <game gamecode="11600018281">
  <general>
   <players>
    <player dealer="1" chips="723,932" seat="1" reg_code="" name="BlueEyedGir1"/>
    <player dealer="0" chips="69,870" seat="2" reg_code="" name="Fabolous93"/>
    <player dealer="0" chips="98,950" seat="5" reg_code="" name="Nangino89"/>
    <player dealer="0" chips="91,150" seat="6" reg_code="" name="BANYTHEMAN8"/>
    <player dealer="0" chips="64,408" seat="7" reg_code="" name="Shibaguerson"/>
    <player dealer="0" chips="73,500" seat="9" reg_code="8415758624" name="Gfs1505"/>
    <player dealer="0" chips="161,563" seat="10" reg_code="" name="TioMG96"/>
   </players>
  </general>
  <round no="0">
   <action type="15" sum="€350" player="Fabolous93" no="1"/>
   <action type="15" sum="€350" player="Nangino89" no="2"/>
   <action type="15" sum="€350" player="BANYTHEMAN8" no="3"/>
   <action type="15" sum="€350" player="Shibaguerson" no="4"/>
   <action type="15" sum="€350" player="Gfs1505" no="5"/>
   <action type="15" sum="€350" player="TioMG96" no="6"/>
   <action type="15" sum="€350" player="BlueEyedGir1" no="7"/>
   <action type="1" sum="€1,250" player="Fabolous93" no="8"/>
   <action type="2" sum="€2,500" player="Nangino89" no="9"/>
  </round>
 </game>
</session>
