<?xml version="1.0" encoding="utf-8"?>
<session sessioncode="8406679913">
 <general>
  <mode>real</mode>
  <gametype>Holdem NL</gametype>
  <tablename>€12.5 TUESDAY MINI MAIN, 1130521716</tablename>
  <tournamentcurrency>1</tournamentcurrency>
  <currency>USD</currency>
  <nickname>Gfs1505</nickname>
  <buyin>€5.69 + €5.69 + €1.12</buyin>
  <totalbuyin>€6.81</totalbuyin>
 </general>
 <game gamecode="11575090837">
  <general>
   <players>
    <player seat="1" chips="100,000" reg_code="8406679913" name="Gfs1505" dealer="1"/>
    <player seat="3" chips="100,000" reg_code="" name="peshi11" dealer="0"/>
    <player seat="4" chips="116,739" reg_code="" name="mthrfcr" dealer="0"/>
    <player seat="6" chips="259,593" reg_code="" name="WatchHerDance" dealer="0"/>
    <player seat="8" chips="124,650" reg_code="" name="ChapeuPanama" dealer="0"/>
    <player seat="9" chips="290,964" reg_code="" name="Sveabonuscom" dealer="0"/>
    <player seat="10" chips="103,982" reg_code="" name="Zurymec" dealer="0"/>
   </players>
  </general>
  <round no="0">
   <action no="1" player="peshi11" sum="€600" type="15"/>
   <action no="2" player="mthrfcr" sum="€600" type="15"/>
   <action no="3" player="WatchHerDance" sum="€600" type="15"/>
   <action no="4" player="ChapeuPanama" sum="€600" type="15"/>
   <action no="5" player="Sveabonuscom" sum="€600" type="15"/>
   <action no="6" player="Zurymec" sum="€600" type="15"/>
   <action no="7" player="Gfs1505" sum="€600" type="15"/>
   <action no="8" player="peshi11" sum="€3,000" type="1"/>
   <action no="9" player="mthrfcr" sum="€6,000" type="2"/>
  </round>
 </game>
 <game gamecode="11575090906">
  <general>
   <players>
    <player seat="1" chips="212,000" reg_code="8406679913" name="Gfs1505" dealer="0"/>
    <player seat="3" chips="96,400" reg_code="" name="peshi11" dealer="1"/>
    <player seat="4" chips="110,139" reg_code="" name="mthrfcr" dealer="0"/>
    <player seat="6" chips="258,993" reg_code="" name="WatchHerDance" dealer="0"/>
    <player seat="8" chips="124,050" reg_code="" name="ChapeuPanama" dealer="0"/>
    <player seat="9" chips="190,964" reg_code="" name="Sveabonuscom" dealer="0"/>
    <player seat="10" chips="103,382" reg_code="" name="Zurymec" dealer="0"/>
   </players>
  </general>
  <round no="0">
   <action no="1" player="mthrfcr" sum="€600" type="15"/>
   <action no="2" player="WatchHerDance" sum="€600" type="15"/>
   <action no="3" player="ChapeuPanama" sum="€600" type="15"/>
   <action no="4" player="Sveabonuscom" sum="€600" type="15"/>
   <action no="5" player="Zurymec" sum="€600" type="15"/>
   <action no="6" player="Gfs1505" sum="€600" type="15"/>
   <action no="7" player="peshi11" sum="€600" type="15"/>
   <action no="8" player="mthrfcr" sum="€3,000" type="1"/>
   <action no="9" player="WatchHerDance" sum="€6,000" type="2"/>
  </round>
 </game>
 <game gamecode="11575090982">
  <general>
   <players>
    <player seat="1" chips="211,400" reg_code="8406679913" name="Gfs1505" dealer="0"/>
    <player seat="3" chips="204,800" reg_code="" name="peshi11" dealer="0"/>
    <player seat="4" chips="106,539" reg_code="" name="mthrfcr" dealer="1"/>
    <player seat="6" chips="252,393" reg_code="" name="WatchHerDance" dealer="0"/>
    <player seat="8" chips="123,450" reg_code="" name="ChapeuPanama" dealer="0"/>
    <player seat="9" chips="94,564" reg_code="" name="Sveabonuscom" dealer="0"/>
    <player seat="10" chips="102,782" reg_code="" name="Zurymec" dealer="0"/>
   </players>
  </general>
  <round no="0">
   <action no="1" player="WatchHerDance" sum="€600" type="15"/>
   <action no="2" player="ChapeuPanama" sum="€600" type="15"/>
   <action no="3" player="Sveabonuscom" sum="€600" type="15"/>
   <action no="4" player="Zurymec" sum="€600" type="15"/>
   <action no="5" player="Gfs1505" sum="€600" type="15"/>
   <action no="6" player="peshi11" sum="€600" type="15"/>
   <action no="7" player="mthrfcr" sum="€600" type="15"/>
   <action no="8" player="WatchHerDance" sum="€3,000" type="1"/>
   <action no="9" player="ChapeuPanama" sum="€6,000" type="2"/>
  </round>
 </game>
 <game gamecode="11575091027">
  <general>
   <players>
    <player seat="1" chips="210,800" reg_code="8406679913" name="Gfs1505" dealer="0"/>
    <player seat="3" chips="204,200" reg_code="" name="peshi11" dealer="0"/>
    <player seat="4" chips="105,939" reg_code="" name="mthrfcr" dealer="0"/>
    <player seat="6" chips="164,200" reg_code="" name="pilotblue453" dealer="0"/>
    <player seat="8" chips="116,850" reg_code="" name="ChapeuPanama" dealer="1"/>
    <player seat="9" chips="107,164" reg_code="" name="Sveabonuscom" dealer="0"/>
    <player seat="10" chips="102,182" reg_code="" name="Zurymec" dealer="0"/>
   </players>
  </general>
  <round no="0">
   <action no="1" player="Sveabonuscom" sum="€600" type="15"/>
   <action no="2" player="Zurymec" sum="€600" type="15"/>
   <action no="3" player="Gfs1505" sum="€600" type="15"/>
   <action no="4" player="peshi11" sum="€600" type="15"/>
   <action no="5" player="mthrfcr" sum="€600" type="15"/>
   <action no="6" player="pilotblue453" sum="€600" type="15"/>
   <action no="7" player="ChapeuPanama" sum="€600" type="15"/>
   <action no="8" player="Sveabonuscom" sum="€3,000" type="1"/>
   <action no="9" player="Zurymec" sum="€6,000" type="2"/>
  </round>
 </game>
 <game gamecode="11575091284">
  <general>
   <players>
    <player seat="1" chips="210,200" reg_code="8406679913" name="Gfs1505" dealer="0"/>
    <player seat="3" chips="203,600" reg_code="" name="peshi11" dealer="0"/>
    <player seat="4" chips="105,339" reg_code="" name="mthrfcr" dealer="0"/>
    <player seat="6" chips="163,600" reg_code="" name="pilotblue453" dealer="0"/>
    <player seat="8" chips="91,050" reg_code="" name="ChapeuPanama" dealer="0"/>
    <player seat="9" chips="141,964" reg_code="" name="Sveabonuscom" dealer="1"/>
    <player seat="10" chips="95,582" reg_code="" name="Zurymec" dealer="0"/>
   </players>
  </general>
  <round no="0">
   <action no="1" player="Zurymec" sum="€600" type="15"/>
   <action no="2" player="Gfs1505" sum="€600" type="15"/>
   <action no="3" player="peshi11" sum="€600" type="15"/>
   <action no="4" player="mthrfcr" sum="€600" type="15"/>
   <action no="5" player="pilotblue453" sum="€600" type="15"/>
   <action no="6" player="ChapeuPanama" sum="€600" type="15"/>
   <action no="7" player="Sveabonuscom" sum="€600" type="15"/>
   <action no="8" player="Zurymec" sum="€3,000" type="1"/>
   <action no="9" player="Gfs1505" sum="€6,000" type="2"/>
  </round>
 </game>
 <game gamecode="11575091552">
  <general>
   <players>
    <player seat="1" chips="203,600" reg_code="8406679913" name="Gfs1505" dealer="0"/>
    <player seat="3" chips="203,000" reg_code="" name="peshi11" dealer="0"/>
    <player seat="4" chips="104,739" reg_code="" name="mthrfcr" dealer="0"/>
    <player seat="6" chips="157,000" reg_code="" name="pilotblue453" dealer="0"/>
    <player seat="8" chips="90,450" reg_code="" name="ChapeuPanama" dealer="0"/>
    <player seat="9" chips="160,564" reg_code="" name="Sveabonuscom" dealer="0"/>
    <player seat="10" chips="91,982" reg_code="" name="Zurymec" dealer="1"/>
   </players>
  </general>
  <round no="0">
   <action no="1" player="Gfs1505" sum="€700" type="15"/>
   <action no="2" player="peshi11" sum="€700" type="15"/>
   <action no="3" player="mthrfcr" sum="€700" type="15"/>
   <action no="4" player="pilotblue453" sum="€700" type="15"/>
   <action no="5" player="ChapeuPanama" sum="€700" type="15"/>
   <action no="6" player="Sveabonuscom" sum="€700" type="15"/>
   <action no="7" player="Zurymec" sum="€700" type="15"/>
   <action no="8" player="Gfs1505" sum="€3,500" type="1"/>
   <action no="9" player="peshi11" sum="€7,000" type="2"/>
  </round>
 </game>
 <game gamecode="11575091647">
  <general>
   <players>
    <player seat="1" chips="199,400" reg_code="8406679913" name="Gfs1505" dealer="1"/>
    <player seat="3" chips="210,700" reg_code="" name="peshi11" dealer="0"/>
    <player seat="4" chips="104,039" reg_code="" name="mthrfcr" dealer="0"/>
    <player seat="6" chips="156,300" reg_code="" name="pilotblue453" dealer="0"/>
    <player seat="8" chips="89,750" reg_code="" name="ChapeuPanama" dealer="0"/>
    <player seat="9" chips="159,864" reg_code="" name="Sveabonuscom" dealer="0"/>
    <player seat="10" chips="91,282" reg_code="" name="Zurymec" dealer="0"/>
   </players>
  </general>
  <round no="0">
   <action no="1" player="peshi11" sum="€700" type="15"/>
   <action no="2" player="mthrfcr" sum="€700" type="15"/>
   <action no="3" player="pilotblue453" sum="€700" type="15"/>
   <action no="4" player="ChapeuPanama" sum="€700" type="15"/>
   <action no="5" player="Sveabonuscom" sum="€700" type="15"/>
   <action no="6" player="Zurymec" sum="€700" type="15"/>
   <action no="7" player="Gfs1505" sum="€700" type="15"/>
   <action no="8" player="peshi11" sum="€3,500" type="1"/>
   <action no="9" player="mthrfcr" sum="€7,000" type="2"/>
  </round>
 </game>
 <game gamecode="11575119651">
  <general>
   <players>
    <player seat="1" chips="221,100" reg_code="8406679913" name="Gfs1505" dealer="0"/>
    <player seat="3" chips="206,500" reg_code="" name="peshi11" dealer="1"/>
    <player seat="4" chips="89,339" reg_code="" name="mthrfcr" dealer="0"/>
    <player seat="6" chips="155,600" reg_code="" name="pilotblue453" dealer="0"/>
    <player seat="8" chips="89,050" reg_code="" name="ChapeuPanama" dealer="0"/>
    <player seat="9" chips="159,164" reg_code="" name="Sveabonuscom" dealer="0"/>
    <player seat="10" chips="90,582" reg_code="" name="Zurymec" dealer="0"/>
   </players>
  </general>
  <round no="0">
   <action no="1" player="mthrfcr" sum="€700" type="15"/>
   <action no="2" player="pilotblue453" sum="€700" type="15"/>
   <action no="3" player="ChapeuPanama" sum="€700" type="15"/>
   <action no="4" player="Sveabonuscom" sum="€700" type="15"/>
   <action no="5" player="Zurymec" sum="€700" type="15"/>
   <action no="6" player="Gfs1505" sum="€700" type="15"/>
   <action no="7" player="peshi11" sum="€700" type="15"/>
   <action no="8" player="mthrfcr" sum="€3,500" type="1"/>
   <action no="9" player="pilotblue453" sum="€7,000" type="2"/>
  </round>
 </game>
 <game gamecode="11575119846">
  <general>
   <players>
    <player seat="1" chips="220,400" reg_code="8406679913" name="Gfs1505" dealer="0"/>
    <player seat="3" chips="177,800" reg_code="" name="peshi11" dealer="0"/>
    <player seat="4" chips="85,139" reg_code="" name="mthrfcr" dealer="1"/>
    <player seat="6" chips="191,300" reg_code="" name="pilotblue453" dealer="0"/>
    <player seat="8" chips="88,350" reg_code="" name="ChapeuPanama" dealer="0"/>
    <player seat="9" chips="158,464" reg_code="" name="Sveabonuscom" dealer="0"/>
    <player seat="10" chips="89,882" reg_code="" name="Zurymec" dealer="0"/>
   </players>
  </general>
  <round no="0">
   <action no="1" player="pilotblue453" sum="€700" type="15"/>
   <action no="2" player="ChapeuPanama" sum="€700" type="15"/>
   <action no="3" player="Sveabonuscom" sum="€700" type="15"/>
   <action no="4" player="Zurymec" sum="€700" type="15"/>
   <action no="5" player="Gfs1505" sum="€700" type="15"/>
   <action no="6" player="peshi11" sum="€700" type="15"/>
   <action no="7" player="mthrfcr" sum="€700" type="15"/>
   <action no="8" player="pilotblue453" sum="€3,500" type="1"/>
   <action no="9" player="ChapeuPanama" sum="€7,000" type="2"/>
  </round>
 </game>
 <game gamecode="11575119974">
  <general>
   <players>
    <player seat="1" chips="219,700" reg_code="8406679913" name="Gfs1505" dealer="0"/>
    <player seat="3" chips="177,100" reg_code="" name="peshi11" dealer="0"/>
    <player seat="4" chips="99,839" reg_code="" name="mthrfcr" dealer="0"/>
    <player seat="6" chips="187,100" reg_code="" name="pilotblue453" dealer="1"/>
    <player seat="8" chips="80,650" reg_code="" name="ChapeuPanama" dealer="0"/>
    <player seat="9" chips="157,764" reg_code="" name="Sveabonuscom" dealer="0"/>
    <player seat="10" chips="89,182" reg_code="" name="Zurymec" dealer="0"/>
   </players>
  </general>
  <round no="0">
   <action no="1" player="ChapeuPanama" sum="€700" type="15"/>
   <action no="2" player="Sveabonuscom" sum="€700" type="15"/>
   <action no="3" player="Zurymec" sum="€700" type="15"/>
   <action no="4" player="Gfs1505" sum="€700" type="15"/>
   <action no="5" player="peshi11" sum="€700" type="15"/>
   <action no="6" player="mthrfcr" sum="€700" type="15"/>
   <action no="7" player="pilotblue453" sum="€700" type="15"/>
   <action no="8" player="ChapeuPanama" sum="€3,500" type="1"/>
   <action no="9" player="Sveabonuscom" sum="€7,000" type="2"/>
  </round>
 </game>
 <game gamecode="11575120212">
  <general>
   <players>
    <player seat="1" chips="219,000" reg_code="8406679913" name="Gfs1505" dealer="0"/>
    <player seat="3" chips="176,400" reg_code="" name="peshi11" dealer="0"/>
    <player seat="4" chips="99,139" reg_code="" name="mthrfcr" dealer="0"/>
    <player seat="6" chips="217,480" reg_code="" name="pilotblue453" dealer="0"/>
    <player seat="8" chips="76,450" reg_code="" name="ChapeuPanama" dealer="1"/>
    <player seat="9" chips="134,384" reg_code="" name="Sveabonuscom" dealer="0"/>
    <player seat="10" chips="88,482" reg_code="" name="Zurymec" dealer="0"/>
   </players>
  </general>
  <round no="0">
   <action no="1" player="Sveabonuscom" sum="€700" type="15"/>
   <action no="2" player="Zurymec" sum="€700" type="15"/>
   <action no="3" player="Gfs1505" sum="€700" type="15"/>
   <action no="4" player="peshi11" sum="€700" type="15"/>
   <action no="5" player="mthrfcr" sum="€700" type="15"/>
   <action no="6" player="pilotblue453" sum="€700" type="15"/>
   <action no="7" player="ChapeuPanama" sum="€700" type="15"/>
   <action no="8" player="Sveabonuscom" sum="€3,500" type="1"/>
   <action no="9" player="Zurymec" sum="€7,000" type="2"/>
  </round>
 </game>
 <game gamecode="11575124838">
  <general>
   <players>
    <player seat="1" chips="218,300" reg_code="8406679913" name="Gfs1505" dealer="0"/>
    <player seat="3" chips="175,700" reg_code="" name="peshi11" dealer="0"/>
    <player seat="4" chips="98,439" reg_code="" name="mthrfcr" dealer="0"/>
    <player seat="6" chips="216,780" reg_code="" name="pilotblue453" dealer="0"/>
    <player seat="8" chips="75,750" reg_code="" name="ChapeuPanama" dealer="0"/>
    <player seat="9" chips="45,902" reg_code="" name="Sveabonuscom" dealer="1"/>
    <player seat="10" chips="180,464" reg_code="" name="Zurymec" dealer="0"/>
   </players>
  </general>
  <round no="0">
   <action no="1" player="Zurymec" sum="€700" type="15"/>
   <action no="2" player="Gfs1505" sum="€700" type="15"/>
   <action no="3" player="peshi11" sum="€700" type="15"/>
   <action no="4" player="mthrfcr" sum="€700" type="15"/>
   <action no="5" player="pilotblue453" sum="€700" type="15"/>
   <action no="6" player="ChapeuPanama" sum="€700" type="15"/>
   <action no="7" player="Sveabonuscom" sum="€700" type="15"/>
   <action no="8" player="Zurymec" sum="€3,500" type="1"/>
   <action no="9" player="Gfs1505" sum="€7,000" type="2"/>
  </round>
 </game>
 <game gamecode="11575125296">
  <general>
   <players>
    <player seat="1" chips="210,600" reg_code="8406679913" name="Gfs1505" dealer="0"/>
    <player seat="3" chips="175,000" reg_code="" name="peshi11" dealer="0"/>
    <player seat="4" chips="62,739" reg_code="" name="mthrfcr" dealer="0"/>
    <player seat="6" chips="266,480" reg_code="" name="pilotblue453" dealer="0"/>
    <player seat="8" chips="75,050" reg_code="" name="ChapeuPanama" dealer="0"/>
    <player seat="9" chips="45,202" reg_code="" name="Sveabonuscom" dealer="0"/>
    <player seat="10" chips="176,264" reg_code="" name="Zurymec" dealer="1"/>
   </players>
  </general>
  <round no="0">
   <action no="1" player="Gfs1505" sum="€700" type="15"/>
   <action no="2" player="peshi11" sum="€700" type="15"/>
   <action no="3" player="mthrfcr" sum="€700" type="15"/>
   <action no="4" player="pilotblue453" sum="€700" type="15"/>
   <action no="5" player="ChapeuPanama" sum="€700" type="15"/>
   <action no="6" player="Sveabonuscom" sum="€700" type="15"/>
   <action no="7" player="Zurymec" sum="€700" type="15"/>
   <action no="8" player="Gfs1505" sum="€3,500" type="1"/>
   <action no="9" player="peshi11" sum="€7,000" type="2"/>
  </round>
 </game>
 <game gamecode="11575125555">
  <general>
   <players>
    <player seat="1" chips="206,400" reg_code="8406679913" name="Gfs1505" dealer="1"/>
    <player seat="3" chips="112,261" reg_code="" name="peshi11" dealer="0"/>
    <player seat="4" chips="132,478" reg_code="" name="mthrfcr" dealer="0"/>
    <player seat="6" chips="265,780" reg_code="" name="pilotblue453" dealer="0"/>
    <player seat="8" chips="74,350" reg_code="" name="ChapeuPanama" dealer="0"/>
    <player seat="9" chips="44,502" reg_code="" name="Sveabonuscom" dealer="0"/>
    <player seat="10" chips="175,564" reg_code="" name="Zurymec" dealer="0"/>
   </players>
  </general>
  <round no="0">
   <action no="1" player="peshi11" sum="€700" type="15"/>
   <action no="2" player="mthrfcr" sum="€700" type="15"/>
   <action no="3" player="pilotblue453" sum="€700" type="15"/>
   <action no="4" player="ChapeuPanama" sum="€700" type="15"/>
   <action no="5" player="Sveabonuscom" sum="€700" type="15"/>
   <action no="6" player="Zurymec" sum="€700" type="15"/>
   <action no="7" player="Gfs1505" sum="€700" type="15"/>
   <action no="8" player="peshi11" sum="€3,500" type="1"/>
   <action no="9" player="mthrfcr" sum="€7,000" type="2"/>
  </round>
 </game>
 <game gamecode="11575126275">
  <general>
   <players>
    <player seat="1" chips="205,700" reg_code="8406679913" name="Gfs1505" dealer="0"/>
    <player seat="3" chips="108,061" reg_code="" name="peshi11" dealer="1"/>
    <player seat="4" chips="147,178" reg_code="" name="mthrfcr" dealer="0"/>
    <player seat="6" chips="265,080" reg_code="" name="pilotblue453" dealer="0"/>
    <player seat="8" chips="73,650" reg_code="" name="ChapeuPanama" dealer="0"/>
    <player seat="9" chips="36,802" reg_code="" name="Sveabonuscom" dealer="0"/>
    <player seat="10" chips="174,864" reg_code="" name="Zurymec" dealer="0"/>
   </players>
  </general>
  <round no="0">
   <action no="1" player="mthrfcr" sum="€700" type="15"/>
   <action no="2" player="pilotblue453" sum="€700" type="15"/>
   <action no="3" player="ChapeuPanama" sum="€700" type="15"/>
   <action no="4" player="Sveabonuscom" sum="€700" type="15"/>
   <action no="5" player="Zurymec" sum="€700" type="15"/>
   <action no="6" player="Gfs1505" sum="€700" type="15"/>
   <action no="7" player="peshi11" sum="€700" type="15"/>
   <action no="8" player="mthrfcr" sum="€3,500" type="1"/>
   <action no="9" player="pilotblue453" sum="€7,000" type="2"/>
  </round>
 </game>
 <game gamecode="11575126806">
  <general>
   <players>
    <player seat="1" chips="205,000" reg_code="8406679913" name="Gfs1505" dealer="0"/>
    <player seat="3" chips="129,761" reg_code="" name="peshi11" dealer="0"/>
    <player seat="4" chips="142,978" reg_code="" name="mthrfcr" dealer="1"/>
    <player seat="6" chips="257,380" reg_code="" name="pilotblue453" dealer="0"/>
    <player seat="8" chips="72,950" reg_code="" name="ChapeuPanama" dealer="0"/>
    <player seat="9" chips="29,102" reg_code="" name="Sveabonuscom" dealer="0"/>
    <player seat="10" chips="174,164" reg_code="" name="Zurymec" dealer="0"/>
   </players>
  </general>
  <round no="0">
   <action no="1" player="pilotblue453" sum="€700" type="15"/>
   <action no="2" player="ChapeuPanama" sum="€700" type="15"/>
   <action no="3" player="Sveabonuscom" sum="€700" type="15"/>
   <action no="4" player="Zurymec" sum="€700" type="15"/>
   <action no="5" player="Gfs1505" sum="€700" type="15"/>
   <action no="6" player="peshi11" sum="€700" type="15"/>
   <action no="7" player="mthrfcr" sum="€700" type="15"/>
   <action no="8" player="pilotblue453" sum="€3,500" type="1"/>
   <action no="9" player="ChapeuPanama" sum="€7,000" type="2"/>
  </round>
 </game>
 <game gamecode="11575127366">
  <general>
   <players>
    <player seat="1" chips="204,300" reg_code="8406679913" name="Gfs1505" dealer="0"/>
    <player seat="3" chips="172,863" reg_code="" name="peshi11" dealer="0"/>
    <player seat="4" chips="142,278" reg_code="" name="mthrfcr" dealer="0"/>
    <player seat="6" chips="253,180" reg_code="" name="pilotblue453" dealer="1"/>
    <player seat="8" chips="65,250" reg_code="" name="ChapeuPanama" dealer="0"/>
    <player seat="10" chips="173,464" reg_code="" name="Zurymec" dealer="0"/>
   </players>
  </general>
  <round no="0">
   <action no="1" player="ChapeuPanama" sum="€700" type="15"/>
   <action no="2" player="Zurymec" sum="€700" type="15"/>
   <action no="3" player="Gfs1505" sum="€700" type="15"/>
   <action no="4" player="peshi11" sum="€700" type="15"/>
   <action no="5" player="mthrfcr" sum="€700" type="15"/>
   <action no="6" player="pilotblue453" sum="€700" type="15"/>
   <action no="7" player="ChapeuPanama" sum="€3,500" type="1"/>
   <action no="8" player="Zurymec" sum="€7,000" type="2"/>
  </round>
 </game>
 <game gamecode="11575127809">
  <general>
   <players>
    <player seat="1" chips="203,600" reg_code="8406679913" name="Gfs1505" dealer="0"/>
    <player seat="3" chips="172,163" reg_code="" name="peshi11" dealer="0"/>
    <player seat="4" chips="141,578" reg_code="" name="mthrfcr" dealer="0"/>
    <player seat="6" chips="224,480" reg_code="" name="pilotblue453" dealer="0"/>
    <player seat="8" chips="61,050" reg_code="" name="ChapeuPanama" dealer="1"/>
    <player seat="9" chips="100,000" reg_code="" name="PvPete101" dealer="0"/>
    <player seat="10" chips="208,464" reg_code="" name="Zurymec" dealer="0"/>
   </players>
  </general>
  <round no="0">
   <action no="1" player="Zurymec" sum="€700" type="15"/>
   <action no="2" player="Gfs1505" sum="€700" type="15"/>
   <action no="3" player="peshi11" sum="€700" type="15"/>
   <action no="4" player="mthrfcr" sum="€700" type="15"/>
   <action no="5" player="pilotblue453" sum="€700" type="15"/>
   <action no="6" player="ChapeuPanama" sum="€700" type="15"/>
   <action no="7" player="Zurymec" sum="€3,500" type="1"/>
   <action no="8" player="Gfs1505" sum="€7,000" type="2"/>
  </round>
 </game>
 <game gamecode="11575128094">
  <general>
   <players>
    <player seat="1" chips="221,100" reg_code="8406679913" name="Gfs1505" dealer="0"/>
    <player seat="3" chips="171,463" reg_code="" name="peshi11" dealer="0"/>
    <player seat="4" chips="140,878" reg_code="" name="mthrfcr" dealer="0"/>
    <player seat="6" chips="216,780" reg_code="" name="pilotblue453" dealer="0"/>
    <player seat="8" chips="60,350" reg_code="" name="ChapeuPanama" dealer="0"/>
    <player seat="9" chips="100,000" reg_code="" name="PvPete101" dealer="0"/>
    <player seat="10" chips="200,764" reg_code="" name="Zurymec" dealer="1"/>
   </players>
  </general>
  <round no="0">
   <action no="1" player="Gfs1505" sum="€700" type="15"/>
   <action no="2" player="peshi11" sum="€700" type="15"/>
   <action no="3" player="mthrfcr" sum="€700" type="15"/>
   <action no="4" player="pilotblue453" sum="€700" type="15"/>
   <action no="5" player="ChapeuPanama" sum="€700" type="15"/>
   <action no="6" player="PvPete101" sum="€700" type="15"/>
   <action no="7" player="Zurymec" sum="€700" type="15"/>
   <action no="8" player="Gfs1505" sum="€3,500" type="1"/>
   <action no="9" player="peshi11" sum="€7,000" type="2"/>
  </round>
 </game>
 <game gamecode="11575128427">
  <general>
   <players>
    <player seat="1" chips="216,900" reg_code="8406679913" name="Gfs1505" dealer="1"/>
    <player seat="3" chips="163,763" reg_code="" name="peshi11" dealer="0"/>
    <player seat="4" chips="140,178" reg_code="" name="mthrfcr" dealer="0"/>
    <player seat="6" chips="216,080" reg_code="" name="pilotblue453" dealer="0"/>
    <player seat="8" chips="59,650" reg_code="" name="ChapeuPanama" dealer="0"/>
    <player seat="9" chips="99,300" reg_code="" name="PvPete101" dealer="0"/>
    <player seat="10" chips="215,464" reg_code="" name="Zurymec" dealer="0"/>
   </players>
  </general>
  <round no="0">
   <action no="1" player="peshi11" sum="€700" type="15"/>
   <action no="2" player="mthrfcr" sum="€700" type="15"/>
   <action no="3" player="pilotblue453" sum="€700" type="15"/>
   <action no="4" player="ChapeuPanama" sum="€700" type="15"/>
   <action no="5" player="PvPete101" sum="€700" type="15"/>
   <action no="6" player="Zurymec" sum="€700" type="15"/>
   <action no="7" player="Gfs1505" sum="€700" type="15"/>
   <action no="8" player="peshi11" sum="€3,500" type="1"/>
   <action no="9" player="mthrfcr" sum="€7,000" type="2"/>
  </round>
 </game>
 <game gamecode="11575128679">
  <general>
   <players>
    <player seat="1" chips="216,200" reg_code="8406679913" name="Gfs1505" dealer="0"/>
    <player seat="3" chips="159,563" reg_code="" name="peshi11" dealer="1"/>
    <player seat="4" chips="147,878" reg_code="" name="mthrfcr" dealer="0"/>
    <player seat="6" chips="215,380" reg_code="" name="pilotblue453" dealer="0"/>
    <player seat="8" chips="58,950" reg_code="" name="ChapeuPanama" dealer="0"/>
    <player seat="9" chips="98,600" reg_code="" name="PvPete101" dealer="0"/>
    <player seat="10" chips="214,764" reg_code="" name="Zurymec" dealer="0"/>
   </players>
  </general>
  <round no="0">
   <action no="1" player="mthrfcr" sum="€700" type="15"/>
   <action no="2" player="pilotblue453" sum="€700" type="15"/>
   <action no="3" player="ChapeuPanama" sum="€700" type="15"/>
   <action no="4" player="PvPete101" sum="€700" type="15"/>
   <action no="5" player="Zurymec" sum="€700" type="15"/>
   <action no="6" player="Gfs1505" sum="€700" type="15"/>
   <action no="7" player="peshi11" sum="€700" type="15"/>
   <action no="8" player="mthrfcr" sum="€3,500" type="1"/>
   <action no="9" player="pilotblue453" sum="€7,000" type="2"/>
  </round>
 </game>
 <game gamecode="11575157613">
  <general>
   <players>
    <player seat="1" chips="215,500" reg_code="8406679913" name="Gfs1505" dealer="0"/>
    <player seat="3" chips="326,126" reg_code="" name="peshi11" dealer="0"/>
    <player seat="4" chips="143,678" reg_code="" name="mthrfcr" dealer="1"/>
    <player seat="6" chips="55,817" reg_code="" name="pilotblue453" dealer="0"/>
    <player seat="8" chips="58,250" reg_code="" name="ChapeuPanama" dealer="0"/>
    <player seat="9" chips="97,900" reg_code="" name="PvPete101" dealer="0"/>
    <player seat="10" chips="214,064" reg_code="" name="Zurymec" dealer="0"/>
   </players>
  </general>
  <round no="0">
   <action no="1" player="pilotblue453" sum="€700" type="15"/>
   <action no="2" player="ChapeuPanama" sum="€700" type="15"/>
   <action no="3" player="PvPete101" sum="€700" type="15"/>
   <action no="4" player="Zurymec" sum="€700" type="15"/>
   <action no="5" player="Gfs1505" sum="€700" type="15"/>
   <action no="6" player="peshi11" sum="€700" type="15"/>
   <action no="7" player="mthrfcr" sum="€700" type="15"/>
   <action no="8" player="pilotblue453" sum="€3,500" type="1"/>
   <action no="9" player="ChapeuPanama" sum="€7,000" type="2"/>
  </round>
 </game>
 <game gamecode="11575157879">
  <general>
   <players>
    <player seat="1" chips="214,800" reg_code="8406679913" name="Gfs1505" dealer="0"/>
    <player seat="3" chips="325,426" reg_code="" name="peshi11" dealer="0"/>
    <player seat="4" chips="142,978" reg_code="" name="mthrfcr" dealer="0"/>
    <player seat="6" chips="81,017" reg_code="" name="pilotblue453" dealer="1"/>
    <player seat="8" chips="50,550" reg_code="" name="ChapeuPanama" dealer="0"/>
    <player seat="9" chips="97,200" reg_code="" name="PvPete101" dealer="0"/>
    <player seat="10" chips="199,364" reg_code="" name="Zurymec" dealer="0"/>
   </players>
  </general>
  <round no="0">
   <action no="1" player="ChapeuPanama" sum="€800" type="15"/>
   <action no="2" player="PvPete101" sum="€800" type="15"/>
   <action no="3" player="Zurymec" sum="€800" type="15"/>
   <action no="4" player="Gfs1505" sum="€800" type="15"/>
   <action no="5" player="peshi11" sum="€800" type="15"/>
   <action no="6" player="mthrfcr" sum="€800" type="15"/>
   <action no="7" player="pilotblue453" sum="€800" type="15"/>
   <action no="8" player="ChapeuPanama" sum="€4,000" type="1"/>
   <action no="9" player="PvPete101" sum="€8,000" type="2"/>
  </round>
 </game>
 <game gamecode="11575157984">
  <general>
   <players>
    <player seat="1" chips="214,000" reg_code="8406679913" name="Gfs1505" dealer="0"/>
    <player seat="3" chips="324,626" reg_code="" name="peshi11" dealer="0"/>
    <player seat="4" chips="159,778" reg_code="" name="mthrfcr" dealer="0"/>
    <player seat="6" chips="80,217" reg_code="" name="pilotblue453" dealer="0"/>
    <player seat="8" chips="45,750" reg_code="" name="ChapeuPanama" dealer="1"/>
    <player seat="9" chips="88,400" reg_code="" name="PvPete101" dealer="0"/>
    <player seat="10" chips="198,564" reg_code="" name="Zurymec" dealer="0"/>
   </players>
  </general>
  <round no="0">
   <action no="1" player="PvPete101" sum="€800" type="15"/>
   <action no="2" player="Zurymec" sum="€800" type="15"/>
   <action no="3" player="Gfs1505" sum="€800" type="15"/>
   <action no="4" player="peshi11" sum="€800" type="15"/>
   <action no="5" player="mthrfcr" sum="€800" type="15"/>
   <action no="6" player="pilotblue453" sum="€800" type="15"/>
   <action no="7" player="ChapeuPanama" sum="€800" type="15"/>
   <action no="8" player="PvPete101" sum="€4,000" type="1"/>
   <action no="9" player="Zurymec" sum="€8,000" type="2"/>
  </round>
 </game>
 <game gamecode="11575158557">
  <general>
   <players>
    <player seat="1" chips="213,200" reg_code="8406679913" name="Gfs1505" dealer="0"/>
    <player seat="3" chips="323,826" reg_code="" name="peshi11" dealer="0"/>
    <player seat="4" chips="158,978" reg_code="" name="mthrfcr" dealer="0"/>
    <player seat="6" chips="79,417" reg_code="" name="pilotblue453" dealer="0"/>
    <player seat="8" chips="44,950" reg_code="" name="ChapeuPanama" dealer="0"/>
    <player seat="10" chips="290,964" reg_code="" name="Zurymec" dealer="0"/>
   </players>
  </general>
  <round no="0">
   <action no="1" player="Zurymec" sum="€800" type="15"/>
   <action no="2" player="Gfs1505" sum="€800" type="15"/>
   <action no="3" player="peshi11" sum="€800" type="15"/>
   <action no="4" player="mthrfcr" sum="€800" type="15"/>
   <action no="5" player="pilotblue453" sum="€800" type="15"/>
   <action no="6" player="ChapeuPanama" sum="€800" type="15"/>
   <action no="7" player="Zurymec" sum="€4,000" type="1"/>
   <action no="8" player="Gfs1505" sum="€8,000" type="2"/>
  </round>
 </game>
 <game gamecode="11575158765">
  <general>
   <players>
    <player seat="1" chips="133,783" reg_code="8406679913" name="Gfs1505" dealer="0"/>
    <player seat="3" chips="323,026" reg_code="" name="peshi11" dealer="0"/>
    <player seat="4" chips="158,178" reg_code="" name="mthrfcr" dealer="0"/>
    <player seat="6" chips="166,034" reg_code="" name="pilotblue453" dealer="0"/>
    <player seat="8" chips="44,150" reg_code="" name="ChapeuPanama" dealer="0"/>
    <player seat="9" chips="100,000" reg_code="" name="HonzaRizek" dealer="0"/>
    <player seat="10" chips="286,164" reg_code="" name="Zurymec" dealer="1"/>
   </players>
  </general>
  <round no="0">
   <action no="1" player="Gfs1505" sum="€800" type="15"/>
   <action no="2" player="peshi11" sum="€800" type="15"/>
   <action no="3" player="mthrfcr" sum="€800" type="15"/>
   <action no="4" player="pilotblue453" sum="€800" type="15"/>
   <action no="5" player="ChapeuPanama" sum="€800" type="15"/>
   <action no="6" player="HonzaRizek" sum="€800" type="15"/>
   <action no="7" player="Zurymec" sum="€800" type="15"/>
   <action no="8" player="Gfs1505" sum="€4,000" type="1"/>
   <action no="9" player="peshi11" sum="€8,000" type="2"/>
  </round>
 </game>
 <game gamecode="11575158934">
  <general>
   <players>
    <player seat="1" chips="160,839" reg_code="8406679913" name="Gfs1505" dealer="1"/>
    <player seat="3" chips="299,970" reg_code="" name="peshi11" dealer="0"/>
    <player seat="4" chips="157,378" reg_code="" name="mthrfcr" dealer="0"/>
    <player seat="6" chips="165,234" reg_code="" name="pilotblue453" dealer="0"/>
    <player seat="8" chips="43,350" reg_code="" name="ChapeuPanama" dealer="0"/>
    <player seat="9" chips="99,200" reg_code="" name="HonzaRizek" dealer="0"/>
    <player seat="10" chips="285,364" reg_code="" name="Zurymec" dealer="0"/>
   </players>
  </general>
  <round no="0">
   <action no="1" player="peshi11" sum="€800" type="15"/>
   <action no="2" player="mthrfcr" sum="€800" type="15"/>
   <action no="3" player="pilotblue453" sum="€800" type="15"/>
   <action no="4" player="ChapeuPanama" sum="€800" type="15"/>
   <action no="5" player="HonzaRizek" sum="€800" type="15"/>
   <action no="6" player="Zurymec" sum="€800" type="15"/>
   <action no="7" player="Gfs1505" sum="€800" type="15"/>
   <action no="8" player="peshi11" sum="€4,000" type="1"/>
   <action no="9" player="mthrfcr" sum="€8,000" type="2"/>
  </round>
 </game>
 <game gamecode="11575159083">
  <general>
   <players>
    <player seat="1" chips="160,039" reg_code="8406679913" name="Gfs1505" dealer="0"/>
    <player seat="3" chips="295,170" reg_code="" name="peshi11" dealer="1"/>
    <player seat="4" chips="148,578" reg_code="" name="mthrfcr" dealer="0"/>
    <player seat="6" chips="164,434" reg_code="" name="pilotblue453" dealer="0"/>
    <player seat="8" chips="60,150" reg_code="" name="ChapeuPanama" dealer="0"/>
    <player seat="9" chips="98,400" reg_code="" name="HonzaRizek" dealer="0"/>
    <player seat="10" chips="284,564" reg_code="" name="Zurymec" dealer="0"/>
   </players>
  </general>
  <round no="0">
   <action no="1" player="mthrfcr" sum="€800" type="15"/>
   <action no="2" player="pilotblue453" sum="€800" type="15"/>
   <action no="3" player="ChapeuPanama" sum="€800" type="15"/>
   <action no="4" player="HonzaRizek" sum="€800" type="15"/>
   <action no="5" player="Zurymec" sum="€800" type="15"/>
   <action no="6" player="Gfs1505" sum="€800" type="15"/>
   <action no="7" player="peshi11" sum="€800" type="15"/>
   <action no="8" player="mthrfcr" sum="€4,000" type="1"/>
   <action no="9" player="pilotblue453" sum="€8,000" type="2"/>
  </round>
 </game>
 <game gamecode="11575159270">
  <general>
   <players>
    <player seat="1" chips="184,839" reg_code="8406679913" name="Gfs1505" dealer="0"/>
    <player seat="3" chips="294,370" reg_code="" name="peshi11" dealer="0"/>
    <player seat="4" chips="143,778" reg_code="" name="mthrfcr" dealer="1"/>
    <player seat="6" chips="147,634" reg_code="" name="pilotblue453" dealer="0"/>
    <player seat="8" chips="59,350" reg_code="" name="ChapeuPanama" dealer="0"/>
    <player seat="9" chips="97,600" reg_code="" name="HonzaRizek" dealer="0"/>
    <player seat="10" chips="283,764" reg_code="" name="Zurymec" dealer="0"/>
   </players>
  </general>
  <round no="0">
   <action no="1" player="pilotblue453" sum="€800" type="15"/>
   <action no="2" player="ChapeuPanama" sum="€800" type="15"/>
   <action no="3" player="HonzaRizek" sum="€800" type="15"/>
   <action no="4" player="Zurymec" sum="€800" type="15"/>
   <action no="5" player="Gfs1505" sum="€800" type="15"/>
   <action no="6" player="peshi11" sum="€800" type="15"/>
   <action no="7" player="mthrfcr" sum="€800" type="15"/>
   <action no="8" player="pilotblue453" sum="€4,000" type="1"/>
   <action no="9" player="ChapeuPanama" sum="€8,000" type="2"/>
  </round>
 </game>
 <game gamecode="11575159504">
  <general>
   <players>
    <player seat="1" chips="184,039" reg_code="8406679913" name="Gfs1505" dealer="0"/>
    <player seat="3" chips="293,570" reg_code="" name="peshi11" dealer="0"/>
    <player seat="4" chips="142,978" reg_code="" name="mthrfcr" dealer="0"/>
    <player seat="6" chips="168,434" reg_code="" name="pilotblue453" dealer="1"/>
    <player seat="8" chips="50,550" reg_code="" name="ChapeuPanama" dealer="0"/>
    <player seat="9" chips="88,800" reg_code="" name="HonzaRizek" dealer="0"/>
    <player seat="10" chips="282,964" reg_code="" name="Zurymec" dealer="0"/>
   </players>
  </general>
  <round no="0">
   <action no="1" player="ChapeuPanama" sum="€800" type="15"/>
   <action no="2" player="HonzaRizek" sum="€800" type="15"/>
   <action no="3" player="Zurymec" sum="€800" type="15"/>
   <action no="4" player="Gfs1505" sum="€800" type="15"/>
   <action no="5" player="peshi11" sum="€800" type="15"/>
   <action no="6" player="mthrfcr" sum="€800" type="15"/>
   <action no="7" player="pilotblue453" sum="€800" type="15"/>
   <action no="8" player="ChapeuPanama" sum="€4,000" type="1"/>
   <action no="9" player="HonzaRizek" sum="€8,000" type="2"/>
  </round>
 </game>
 <game gamecode="11575159637">
  <general>
   <players>
    <player seat="1" chips="183,239" reg_code="8406679913" name="Gfs1505" dealer="0"/>
    <player seat="3" chips="310,370" reg_code="" name="peshi11" dealer="0"/>
    <player seat="4" chips="142,178" reg_code="" name="mthrfcr" dealer="0"/>
    <player seat="6" chips="167,634" reg_code="" name="pilotblue453" dealer="0"/>
    <player seat="8" chips="45,750" reg_code="" name="ChapeuPanama" dealer="1"/>
    <player seat="9" chips="80,000" reg_code="" name="HonzaRizek" dealer="0"/>
    <player seat="10" chips="282,164" reg_code="" name="Zurymec" dealer="0"/>
   </players>
  </general>
  <round no="0">
   <action no="1" player="HonzaRizek" sum="€800" type="15"/>
   <action no="2" player="Zurymec" sum="€800" type="15"/>
   <action no="3" player="Gfs1505" sum="€800" type="15"/>
   <action no="4" player="peshi11" sum="€800" type="15"/>
   <action no="5" player="mthrfcr" sum="€800" type="15"/>
   <action no="6" player="pilotblue453" sum="€800" type="15"/>
   <action no="7" player="ChapeuPanama" sum="€800" type="15"/>
   <action no="8" player="HonzaRizek" sum="€4,000" type="1"/>
   <action no="9" player="Zurymec" sum="€8,000" type="2"/>
  </round>
 </game>
 <game gamecode="11575185345">
  <general>
   <players>
    <player seat="1" chips="182,439" reg_code="8406679913" name="Gfs1505" dealer="0"/>
    <player seat="3" chips="309,570" reg_code="" name="peshi11" dealer="0"/>
    <player seat="4" chips="141,378" reg_code="" name="mthrfcr" dealer="0"/>
    <player seat="6" chips="166,834" reg_code="" name="pilotblue453" dealer="0"/>
    <player seat="8" chips="44,950" reg_code="" name="ChapeuPanama" dealer="0"/>
    <player seat="9" chips="75,200" reg_code="" name="HonzaRizek" dealer="1"/>
    <player seat="10" chips="290,964" reg_code="" name="Zurymec" dealer="0"/>
   </players>
  </general>
  <round no="0">
   <action no="1" player="Zurymec" sum="€800" type="15"/>
   <action no="2" player="Gfs1505" sum="€800" type="15"/>
   <action no="3" player="peshi11" sum="€800" type="15"/>
   <action no="4" player="mthrfcr" sum="€800" type="15"/>
   <action no="5" player="pilotblue453" sum="€800" type="15"/>
   <action no="6" player="ChapeuPanama" sum="€800" type="15"/>
   <action no="7" player="HonzaRizek" sum="€800" type="15"/>
   <action no="8" player="Zurymec" sum="€4,000" type="1"/>
   <action no="9" player="Gfs1505" sum="€8,000" type="2"/>
  </round>
 </game>
 <game gamecode="11575185731">
  <general>
   <players>
    <player seat="1" chips="137,489" reg_code="8406679913" name="Gfs1505" dealer="0"/>
    <player seat="3" chips="308,770" reg_code="" name="peshi11" dealer="0"/>
    <player seat="4" chips="140,578" reg_code="" name="mthrfcr" dealer="0"/>
    <player seat="6" chips="166,034" reg_code="" name="pilotblue453" dealer="0"/>
    <player seat="8" chips="138,050" reg_code="" name="ChapeuPanama" dealer="0"/>
    <player seat="9" chips="74,400" reg_code="" name="HonzaRizek" dealer="0"/>
    <player seat="10" chips="246,014" reg_code="" name="Zurymec" dealer="1"/>
   </players>
  </general>
  <round no="0">
   <action no="1" player="Gfs1505" sum="€800" type="15"/>
   <action no="2" player="peshi11" sum="€800" type="15"/>
   <action no="3" player="mthrfcr" sum="€800" type="15"/>
   <action no="4" player="pilotblue453" sum="€800" type="15"/>
   <action no="5" player="ChapeuPanama" sum="€800" type="15"/>
   <action no="6" player="HonzaRizek" sum="€800" type="15"/>
   <action no="7" player="Zurymec" sum="€800" type="15"/>
   <action no="8" player="Gfs1505" sum="€4,000" type="1"/>
   <action no="9" player="peshi11" sum="€8,000" type="2"/>
  </round>
 </game>
 <game gamecode="11575185890">
  <general>
   <players>
    <player seat="1" chips="150,289" reg_code="8406679913" name="Gfs1505" dealer="1"/>
    <player seat="3" chips="299,970" reg_code="" name="peshi11" dealer="0"/>
    <player seat="4" chips="139,778" reg_code="" name="mthrfcr" dealer="0"/>
    <player seat="6" chips="165,234" reg_code="" name="pilotblue453" dealer="0"/>
    <player seat="8" chips="137,250" reg_code="" name="ChapeuPanama" dealer="0"/>
    <player seat="9" chips="73,600" reg_code="" name="HonzaRizek" dealer="0"/>
    <player seat="10" chips="245,214" reg_code="" name="Zurymec" dealer="0"/>
   </players>
  </general>
  <round no="0">
   <action no="1" player="peshi11" sum="€800" type="15"/>
   <action no="2" player="mthrfcr" sum="€800" type="15"/>
   <action no="3" player="pilotblue453" sum="€800" type="15"/>
   <action no="4" player="ChapeuPanama" sum="€800" type="15"/>
   <action no="5" player="HonzaRizek" sum="€800" type="15"/>
   <action no="6" player="Zurymec" sum="€800" type="15"/>
   <action no="7" player="Gfs1505" sum="€800" type="15"/>
   <action no="8" player="peshi11" sum="€4,000" type="1"/>
   <action no="9" player="mthrfcr" sum="€8,000" type="2"/>
  </round>
 </game>
 <game gamecode="11575186173">
  <general>
   <players>
    <player seat="1" chips="149,489" reg_code="8406679913" name="Gfs1505" dealer="0"/>
    <player seat="3" chips="295,170" reg_code="" name="peshi11" dealer="1"/>
    <player seat="4" chips="114,978" reg_code="" name="mthrfcr" dealer="0"/>
    <player seat="6" chips="198,034" reg_code="" name="pilotblue453" dealer="0"/>
    <player seat="8" chips="136,450" reg_code="" name="ChapeuPanama" dealer="0"/>
    <player seat="9" chips="72,800" reg_code="" name="HonzaRizek" dealer="0"/>
    <player seat="10" chips="244,414" reg_code="" name="Zurymec" dealer="0"/>
   </players>
  </general>
  <round no="0">
   <action no="1" player="mthrfcr" sum="€800" type="15"/>
   <action no="2" player="pilotblue453" sum="€800" type="15"/>
   <action no="3" player="ChapeuPanama" sum="€800" type="15"/>
   <action no="4" player="HonzaRizek" sum="€800" type="15"/>
   <action no="5" player="Zurymec" sum="€800" type="15"/>
   <action no="6" player="Gfs1505" sum="€800" type="15"/>
   <action no="7" player="peshi11" sum="€800" type="15"/>
   <action no="8" player="mthrfcr" sum="€4,000" type="1"/>
   <action no="9" player="pilotblue453" sum="€8,000" type="2"/>
  </round>
 </game>
 <game gamecode="11575186372">
  <general>
   <players>
    <player seat="1" chips="148,689" reg_code="8406679913" name="Gfs1505" dealer="0"/>
    <player seat="3" chips="327,970" reg_code="" name="peshi11" dealer="0"/>
    <player seat="4" chips="110,178" reg_code="" name="mthrfcr" dealer="1"/>
    <player seat="6" chips="189,234" reg_code="" name="pilotblue453" dealer="0"/>
    <player seat="8" chips="135,650" reg_code="" name="ChapeuPanama" dealer="0"/>
    <player seat="9" chips="72,000" reg_code="" name="HonzaRizek" dealer="0"/>
    <player seat="10" chips="227,614" reg_code="" name="Zurymec" dealer="0"/>
   </players>
  </general>
  <round no="0">
   <action no="1" player="pilotblue453" sum="€800" type="15"/>
   <action no="2" player="ChapeuPanama" sum="€800" type="15"/>
   <action no="3" player="HonzaRizek" sum="€800" type="15"/>
   <action no="4" player="Zurymec" sum="€800" type="15"/>
   <action no="5" player="Gfs1505" sum="€800" type="15"/>
   <action no="6" player="peshi11" sum="€800" type="15"/>
   <action no="7" player="mthrfcr" sum="€800" type="15"/>
   <action no="8" player="pilotblue453" sum="€4,000" type="1"/>
   <action no="9" player="ChapeuPanama" sum="€8,000" type="2"/>
  </round>
 </game>
 <game gamecode="11575186616">
  <general>
   <players>
    <player seat="1" chips="147,889" reg_code="8406679913" name="Gfs1505" dealer="0"/>
    <player seat="3" chips="327,170" reg_code="" name="peshi11" dealer="0"/>
    <player seat="4" chips="109,378" reg_code="" name="mthrfcr" dealer="0"/>
    <player seat="6" chips="202,034" reg_code="" name="pilotblue453" dealer="1"/>
    <player seat="8" chips="126,850" reg_code="" name="ChapeuPanama" dealer="0"/>
    <player seat="9" chips="71,200" reg_code="" name="HonzaRizek" dealer="0"/>
    <player seat="10" chips="226,814" reg_code="" name="Zurymec" dealer="0"/>
   </players>
  </general>
  <round no="0">
   <action no="1" player="ChapeuPanama" sum="€800" type="15"/>
   <action no="2" player="HonzaRizek" sum="€800" type="15"/>
   <action no="3" player="Zurymec" sum="€800" type="15"/>
   <action no="4" player="Gfs1505" sum="€800" type="15"/>
   <action no="5" player="peshi11" sum="€800" type="15"/>
   <action no="6" player="mthrfcr" sum="€800" type="15"/>
   <action no="7" player="pilotblue453" sum="€800" type="15"/>
   <action no="8" player="ChapeuPanama" sum="€4,000" type="1"/>
   <action no="9" player="HonzaRizek" sum="€8,000" type="2"/>
  </round>
 </game>
 <game gamecode="11575186963">
  <general>
   <players>
    <player seat="1" chips="147,089" reg_code="8406679913" name="Gfs1505" dealer="0"/>
    <player seat="3" chips="326,370" reg_code="" name="peshi11" dealer="0"/>
    <player seat="4" chips="160,578" reg_code="" name="mthrfcr" dealer="0"/>
    <player seat="6" chips="201,234" reg_code="" name="pilotblue453" dealer="0"/>
    <player seat="8" chips="122,050" reg_code="" name="ChapeuPanama" dealer="1"/>
    <player seat="9" chips="54,400" reg_code="" name="HonzaRizek" dealer="0"/>
    <player seat="10" chips="199,614" reg_code="" name="Zurymec" dealer="0"/>
   </players>
  </general>
  <round no="0">
   <action no="1" player="HonzaRizek" sum="€1,000" type="15"/>
   <action no="2" player="Zurymec" sum="€1,000" type="15"/>
   <action no="3" player="Gfs1505" sum="€1,000" type="15"/>
   <action no="4" player="peshi11" sum="€1,000" type="15"/>
   <action no="5" player="mthrfcr" sum="€1,000" type="15"/>
   <action no="6" player="pilotblue453" sum="€1,000" type="15"/>
   <action no="7" player="ChapeuPanama" sum="€1,000" type="15"/>
   <action no="8" player="HonzaRizek" sum="€5,000" type="1"/>
   <action no="9" player="Zurymec" sum="€10,000" type="2"/>
  </round>
 </game>
 <game gamecode="11575187326">
  <general>
   <players>
    <player seat="1" chips="146,089" reg_code="8406679913" name="Gfs1505" dealer="0"/>
    <player seat="3" chips="260,370" reg_code="" name="peshi11" dealer="0"/>
    <player seat="4" chips="159,578" reg_code="" name="mthrfcr" dealer="0"/>
    <player seat="6" chips="200,234" reg_code="" name="pilotblue453" dealer="0"/>
    <player seat="8" chips="121,050" reg_code="" name="ChapeuPanama" dealer="0"/>
    <player seat="9" chips="48,400" reg_code="" name="HonzaRizek" dealer="1"/>
    <player seat="10" chips="275,614" reg_code="" name="Zurymec" dealer="0"/>
   </players>
  </general>
  <round no="0">
   <action no="1" player="Zurymec" sum="€1,000" type="15"/>
   <action no="2" player="Gfs1505" sum="€1,000" type="15"/>
   <action no="3" player="peshi11" sum="€1,000" type="15"/>
   <action no="4" player="mthrfcr" sum="€1,000" type="15"/>
   <action no="5" player="pilotblue453" sum="€1,000" type="15"/>
   <action no="6" player="ChapeuPanama" sum="€1,000" type="15"/>
   <action no="7" player="HonzaRizek" sum="€1,000" type="15"/>
   <action no="8" player="Zurymec" sum="€5,000" type="1"/>
   <action no="9" player="Gfs1505" sum="€10,000" type="2"/>
  </round>
 </game>
 <game gamecode="11575187528">
  <general>
   <players>
    <player seat="1" chips="115,089" reg_code="8406679913" name="Gfs1505" dealer="0"/>
    <player seat="3" chips="259,370" reg_code="" name="peshi11" dealer="0"/>
    <player seat="4" chips="158,578" reg_code="" name="mthrfcr" dealer="0"/>
    <player seat="6" chips="241,234" reg_code="" name="pilotblue453" dealer="0"/>
    <player seat="8" chips="120,050" reg_code="" name="ChapeuPanama" dealer="0"/>
    <player seat="9" chips="47,400" reg_code="" name="HonzaRizek" dealer="0"/>
    <player seat="10" chips="269,614" reg_code="" name="Zurymec" dealer="1"/>
   </players>
  </general>
  <round no="0">
   <action no="1" player="Gfs1505" sum="€1,000" type="15"/>
   <action no="2" player="peshi11" sum="€1,000" type="15"/>
   <action no="3" player="mthrfcr" sum="€1,000" type="15"/>
   <action no="4" player="pilotblue453" sum="€1,000" type="15"/>
   <action no="5" player="ChapeuPanama" sum="€1,000" type="15"/>
   <action no="6" player="HonzaRizek" sum="€1,000" type="15"/>
   <action no="7" player="Zurymec" sum="€1,000" type="15"/>
   <action no="8" player="Gfs1505" sum="€5,000" type="1"/>
   <action no="9" player="peshi11" sum="€10,000" type="2"/>
  </round>
 </game>
 <game gamecode="11575218774">
  <general>
   <players>
    <player seat="1" chips="109,089" reg_code="8406679913" name="Gfs1505" dealer="1"/>
    <player seat="3" chips="248,370" reg_code="" name="peshi11" dealer="0"/>
    <player seat="4" chips="157,578" reg_code="" name="mthrfcr" dealer="0"/>
    <player seat="6" chips="220,234" reg_code="" name="pilotblue453" dealer="0"/>
    <player seat="8" chips="161,050" reg_code="" name="ChapeuPanama" dealer="0"/>
    <player seat="9" chips="46,400" reg_code="" name="HonzaRizek" dealer="0"/>
    <player seat="10" chips="268,614" reg_code="" name="Zurymec" dealer="0"/>
   </players>
  </general>
  <round no="0">
   <action no="1" player="peshi11" sum="€1,000" type="15"/>
   <action no="2" player="mthrfcr" sum="€1,000" type="15"/>
   <action no="3" player="pilotblue453" sum="€1,000" type="15"/>
   <action no="4" player="ChapeuPanama" sum="€1,000" type="15"/>
   <action no="5" player="HonzaRizek" sum="€1,000" type="15"/>
   <action no="6" player="Zurymec" sum="€1,000" type="15"/>
   <action no="7" player="Gfs1505" sum="€1,000" type="15"/>
   <action no="8" player="peshi11" sum="€5,000" type="1"/>
   <action no="9" player="mthrfcr" sum="€10,000" type="2"/>
  </round>
 </game>
 <game gamecode="11575218926">
  <general>
   <players>
    <player seat="1" chips="108,089" reg_code="8406679913" name="Gfs1505" dealer="0"/>
    <player seat="3" chips="242,370" reg_code="" name="peshi11" dealer="1"/>
    <player seat="4" chips="146,578" reg_code="" name="mthrfcr" dealer="0"/>
    <player seat="6" chips="219,234" reg_code="" name="pilotblue453" dealer="0"/>
    <player seat="8" chips="114,650" reg_code="" name="ChapeuPanama" dealer="0"/>
    <player seat="9" chips="112,800" reg_code="" name="HonzaRizek" dealer="0"/>
    <player seat="10" chips="267,614" reg_code="" name="Zurymec" dealer="0"/>
   </players>
  </general>
  <round no="0">
   <action no="1" player="mthrfcr" sum="€1,000" type="15"/>
   <action no="2" player="pilotblue453" sum="€1,000" type="15"/>
   <action no="3" player="ChapeuPanama" sum="€1,000" type="15"/>
   <action no="4" player="HonzaRizek" sum="€1,000" type="15"/>
   <action no="5" player="Zurymec" sum="€1,000" type="15"/>
   <action no="6" player="Gfs1505" sum="€1,000" type="15"/>
   <action no="7" player="peshi11" sum="€1,000" type="15"/>
   <action no="8" player="mthrfcr" sum="€5,000" type="1"/>
   <action no="9" player="pilotblue453" sum="€10,000" type="2"/>
  </round>
 </game>
 <game gamecode="11575219112">
  <general>
   <players>
    <player seat="1" chips="107,089" reg_code="8406679913" name="Gfs1505" dealer="0"/>
    <player seat="3" chips="241,370" reg_code="" name="peshi11" dealer="0"/>
    <player seat="4" chips="140,578" reg_code="" name="mthrfcr" dealer="1"/>
    <player seat="6" chips="198,234" reg_code="" name="pilotblue453" dealer="0"/>
    <player seat="8" chips="145,650" reg_code="" name="ChapeuPanama" dealer="0"/>
    <player seat="9" chips="111,800" reg_code="" name="HonzaRizek" dealer="0"/>
    <player seat="10" chips="266,614" reg_code="" name="Zurymec" dealer="0"/>
   </players>
  </general>
  <round no="0">
   <action no="1" player="pilotblue453" sum="€1,000" type="15"/>
   <action no="2" player="ChapeuPanama" sum="€1,000" type="15"/>
   <action no="3" player="HonzaRizek" sum="€1,000" type="15"/>
   <action no="4" player="Zurymec" sum="€1,000" type="15"/>
   <action no="5" player="Gfs1505" sum="€1,000" type="15"/>
   <action no="6" player="peshi11" sum="€1,000" type="15"/>
   <action no="7" player="mthrfcr" sum="€1,000" type="15"/>
   <action no="8" player="pilotblue453" sum="€5,000" type="1"/>
   <action no="9" player="ChapeuPanama" sum="€10,000" type="2"/>
  </round>
 </game>
 <game gamecode="11575219496">
  <general>
   <players>
    <player seat="1" chips="106,089" reg_code="8406679913" name="Gfs1505" dealer="0"/>
    <player seat="3" chips="218,370" reg_code="" name="peshi11" dealer="0"/>
    <player seat="4" chips="139,578" reg_code="" name="mthrfcr" dealer="0"/>
    <player seat="6" chips="52,584" reg_code="" name="pilotblue453" dealer="1"/>
    <player seat="8" chips="318,300" reg_code="" name="ChapeuPanama" dealer="0"/>
    <player seat="9" chips="110,800" reg_code="" name="HonzaRizek" dealer="0"/>
    <player seat="10" chips="265,614" reg_code="" name="Zurymec" dealer="0"/>
   </players>
  </general>
  <round no="0">
   <action no="1" player="ChapeuPanama" sum="€1,000" type="15"/>
   <action no="2" player="HonzaRizek" sum="€1,000" type="15"/>
   <action no="3" player="Zurymec" sum="€1,000" type="15"/>
   <action no="4" player="Gfs1505" sum="€1,000" type="15"/>
   <action no="5" player="peshi11" sum="€1,000" type="15"/>
   <action no="6" player="mthrfcr" sum="€1,000" type="15"/>
   <action no="7" player="pilotblue453" sum="€1,000" type="15"/>
   <action no="8" player="ChapeuPanama" sum="€5,000" type="1"/>
   <action no="9" player="HonzaRizek" sum="€10,000" type="2"/>
  </round>
 </game>
 <game gamecode="11575219609">
  <general>
   <players>
    <player seat="1" chips="105,089" reg_code="8406679913" name="Gfs1505" dealer="0"/>
    <player seat="3" chips="217,370" reg_code="" name="peshi11" dealer="0"/>
    <player seat="4" chips="138,578" reg_code="" name="mthrfcr" dealer="0"/>
    <player seat="6" chips="73,584" reg_code="" name="pilotblue453" dealer="0"/>
    <player seat="8" chips="312,300" reg_code="" name="ChapeuPanama" dealer="1"/>
    <player seat="9" chips="99,800" reg_code="" name="HonzaRizek" dealer="0"/>
    <player seat="10" chips="264,614" reg_code="" name="Zurymec" dealer="0"/>
   </players>
  </general>
  <round no="0">
   <action no="1" player="HonzaRizek" sum="€1,000" type="15"/>
   <action no="2" player="Zurymec" sum="€1,000" type="15"/>
   <action no="3" player="Gfs1505" sum="€1,000" type="15"/>
   <action no="4" player="peshi11" sum="€1,000" type="15"/>
   <action no="5" player="mthrfcr" sum="€1,000" type="15"/>
   <action no="6" player="pilotblue453" sum="€1,000" type="15"/>
   <action no="7" player="ChapeuPanama" sum="€1,000" type="15"/>
   <action no="8" player="HonzaRizek" sum="€5,000" type="1"/>
   <action no="9" player="Zurymec" sum="€10,000" type="2"/>
  </round>
 </game>
 <game gamecode="11575219776">
  <general>
   <players>
    <player seat="1" chips="104,089" reg_code="8406679913" name="Gfs1505" dealer="0"/>
    <player seat="3" chips="238,370" reg_code="" name="peshi11" dealer="0"/>
    <player seat="4" chips="137,578" reg_code="" name="mthrfcr" dealer="0"/>
    <player seat="6" chips="72,584" reg_code="" name="pilotblue453" dealer="0"/>
    <player seat="8" chips="311,300" reg_code="" name="ChapeuPanama" dealer="0"/>
    <player seat="9" chips="93,800" reg_code="" name="HonzaRizek" dealer="1"/>
    <player seat="10" chips="253,614" reg_code="" name="Zurymec" dealer="0"/>
   </players>
  </general>
  <round no="0">
   <action no="1" player="Zurymec" sum="€1,000" type="15"/>
   <action no="2" player="Gfs1505" sum="€1,000" type="15"/>
   <action no="3" player="peshi11" sum="€1,000" type="15"/>
   <action no="4" player="mthrfcr" sum="€1,000" type="15"/>
   <action no="5" player="pilotblue453" sum="€1,000" type="15"/>
   <action no="6" player="ChapeuPanama" sum="€1,000" type="15"/>
   <action no="7" player="HonzaRizek" sum="€1,000" type="15"/>
   <action no="8" player="Zurymec" sum="€5,000" type="1"/>
   <action no="9" player="Gfs1505" sum="€10,000" type="2"/>
  </round>
 </game>
 <game gamecode="11575219946">
  <general>
   <players>
    <player seat="1" chips="207,889" reg_code="8406679913" name="Gfs1505" dealer="0"/>
    <player seat="3" chips="237,370" reg_code="" name="peshi11" dealer="0"/>
    <player seat="4" chips="136,578" reg_code="" name="mthrfcr" dealer="0"/>
    <player seat="6" chips="71,584" reg_code="" name="pilotblue453" dealer="0"/>
    <player seat="8" chips="310,300" reg_code="" name="ChapeuPanama" dealer="0"/>
    <player seat="10" chips="247,614" reg_code="" name="Zurymec" dealer="1"/>
   </players>
  </general>
  <round no="0">
   <action no="1" player="Gfs1505" sum="€1,000" type="15"/>
   <action no="2" player="peshi11" sum="€1,000" type="15"/>
   <action no="3" player="mthrfcr" sum="€1,000" type="15"/>
   <action no="4" player="pilotblue453" sum="€1,000" type="15"/>
   <action no="5" player="ChapeuPanama" sum="€1,000" type="15"/>
   <action no="6" player="Zurymec" sum="€1,000" type="15"/>
   <action no="7" player="Gfs1505" sum="€5,000" type="1"/>
   <action no="8" player="peshi11" sum="€10,000" type="2"/>
  </round>
 </game>
 <game gamecode="11575220038">
  <general>
   <players>
    <player seat="1" chips="201,889" reg_code="8406679913" name="Gfs1505" dealer="1"/>
    <player seat="3" chips="226,370" reg_code="" name="peshi11" dealer="0"/>
    <player seat="4" chips="135,578" reg_code="" name="mthrfcr" dealer="0"/>
    <player seat="6" chips="91,584" reg_code="" name="pilotblue453" dealer="0"/>
    <player seat="8" chips="309,300" reg_code="" name="ChapeuPanama" dealer="0"/>
    <player seat="9" chips="914,274" reg_code="" name="doo8888oob" dealer="0"/>
    <player seat="10" chips="246,614" reg_code="" name="Zurymec" dealer="0"/>
   </players>
  </general>
  <round no="0">
   <action no="1" player="peshi11" sum="€1,000" type="15"/>
   <action no="2" player="mthrfcr" sum="€1,000" type="15"/>
   <action no="3" player="pilotblue453" sum="€1,000" type="15"/>
   <action no="4" player="ChapeuPanama" sum="€1,000" type="15"/>
   <action no="5" player="doo8888oob" sum="€1,000" type="15"/>
   <action no="6" player="Zurymec" sum="€1,000" type="15"/>
   <action no="7" player="Gfs1505" sum="€1,000" type="15"/>
   <action no="8" player="peshi11" sum="€5,000" type="1"/>
   <action no="9" player="mthrfcr" sum="€10,000" type="2"/>
  </round>
 </game>
 <game gamecode="11575220177">
  <general>
   <players>
    <player seat="1" chips="222,889" reg_code="8406679913" name="Gfs1505" dealer="0"/>
    <player seat="3" chips="220,370" reg_code="" name="peshi11" dealer="1"/>
    <player seat="4" chips="124,578" reg_code="" name="mthrfcr" dealer="0"/>
    <player seat="6" chips="90,584" reg_code="" name="pilotblue453" dealer="0"/>
    <player seat="8" chips="308,300" reg_code="" name="ChapeuPanama" dealer="0"/>
    <player seat="9" chips="913,274" reg_code="" name="doo8888oob" dealer="0"/>
    <player seat="10" chips="245,614" reg_code="" name="Zurymec" dealer="0"/>
   </players>
  </general>
  <round no="0">
   <action no="1" player="mthrfcr" sum="€1,000" type="15"/>
   <action no="2" player="pilotblue453" sum="€1,000" type="15"/>
   <action no="3" player="ChapeuPanama" sum="€1,000" type="15"/>
   <action no="4" player="doo8888oob" sum="€1,000" type="15"/>
   <action no="5" player="Zurymec" sum="€1,000" type="15"/>
   <action no="6" player="Gfs1505" sum="€1,000" type="15"/>
   <action no="7" player="peshi11" sum="€1,000" type="15"/>
   <action no="8" player="mthrfcr" sum="€5,000" type="1"/>
   <action no="9" player="pilotblue453" sum="€10,000" type="2"/>
  </round>
 </game>
 <game gamecode="11575220386">
  <general>
   <players>
    <player seat="1" chips="221,889" reg_code="8406679913" name="Gfs1505" dealer="0"/>
    <player seat="3" chips="251,370" reg_code="" name="peshi11" dealer="0"/>
    <player seat="4" chips="118,578" reg_code="" name="mthrfcr" dealer="1"/>
    <player seat="6" chips="69,584" reg_code="" name="pilotblue453" dealer="0"/>
    <player seat="8" chips="307,300" reg_code="" name="ChapeuPanama" dealer="0"/>
    <player seat="9" chips="912,274" reg_code="" name="doo8888oob" dealer="0"/>
    <player seat="10" chips="244,614" reg_code="" name="Zurymec" dealer="0"/>
   </players>
  </general>
  <round no="0">
   <action no="1" player="pilotblue453" sum="€1,000" type="15"/>
   <action no="2" player="ChapeuPanama" sum="€1,000" type="15"/>
   <action no="3" player="doo8888oob" sum="€1,000" type="15"/>
   <action no="4" player="Zurymec" sum="€1,000" type="15"/>
   <action no="5" player="Gfs1505" sum="€1,000" type="15"/>
   <action no="6" player="peshi11" sum="€1,000" type="15"/>
   <action no="7" player="mthrfcr" sum="€1,000" type="15"/>
   <action no="8" player="pilotblue453" sum="€5,000" type="1"/>
   <action no="9" player="ChapeuPanama" sum="€10,000" type="2"/>
  </round>
 </game>
 <game gamecode="11575220514">
  <general>
   <players>
    <player seat="1" chips="220,889" reg_code="8406679913" name="Gfs1505" dealer="0"/>
    <player seat="3" chips="250,370" reg_code="" name="peshi11" dealer="0"/>
    <player seat="4" chips="117,578" reg_code="" name="mthrfcr" dealer="0"/>
    <player seat="6" chips="63,584" reg_code="" name="pilotblue453" dealer="1"/>
    <player seat="8" chips="296,300" reg_code="" name="ChapeuPanama" dealer="0"/>
    <player seat="9" chips="933,274" reg_code="" name="doo8888oob" dealer="0"/>
    <player seat="10" chips="243,614" reg_code="" name="Zurymec" dealer="0"/>
   </players>
  </general>
  <round no="0">
   <action no="1" player="ChapeuPanama" sum="€1,000" type="15"/>
   <action no="2" player="doo8888oob" sum="€1,000" type="15"/>
   <action no="3" player="Zurymec" sum="€1,000" type="15"/>
   <action no="4" player="Gfs1505" sum="€1,000" type="15"/>
   <action no="5" player="peshi11" sum="€1,000" type="15"/>
   <action no="6" player="mthrfcr" sum="€1,000" type="15"/>
   <action no="7" player="pilotblue453" sum="€1,000" type="15"/>
   <action no="8" player="ChapeuPanama" sum="€5,000" type="1"/>
   <action no="9" player="doo8888oob" sum="€10,000" type="2"/>
  </round>
 </game>
 <game gamecode="11575220727">
  <general>
   <players>
    <player seat="1" chips="219,889" reg_code="8406679913" name="Gfs1505" dealer="0"/>
    <player seat="3" chips="227,370" reg_code="" name="peshi11" dealer="0"/>
    <player seat="4" chips="116,578" reg_code="" name="mthrfcr" dealer="0"/>
    <player seat="6" chips="62,584" reg_code="" name="pilotblue453" dealer="0"/>
    <player seat="8" chips="290,300" reg_code="" name="ChapeuPanama" dealer="1"/>
    <player seat="9" chips="966,274" reg_code="" name="doo8888oob" dealer="0"/>
    <player seat="10" chips="242,614" reg_code="" name="Zurymec" dealer="0"/>
   </players>
  </general>
  <round no="0">
   <action no="1" player="doo8888oob" sum="€1,000" type="15"/>
   <action no="2" player="Zurymec" sum="€1,000" type="15"/>
   <action no="3" player="Gfs1505" sum="€1,000" type="15"/>
   <action no="4" player="peshi11" sum="€1,000" type="15"/>
   <action no="5" player="mthrfcr" sum="€1,000" type="15"/>
   <action no="6" player="pilotblue453" sum="€1,000" type="15"/>
   <action no="7" player="ChapeuPanama" sum="€1,000" type="15"/>
   <action no="8" player="doo8888oob" sum="€5,000" type="1"/>
   <action no="9" player="Zurymec" sum="€10,000" type="2"/>
  </round>
 </game>
 <game gamecode="11575220790">
  <general>
   <players>
    <player seat="1" chips="240,889" reg_code="8406679913" name="Gfs1505" dealer="0"/>
    <player seat="3" chips="226,370" reg_code="" name="peshi11" dealer="0"/>
    <player seat="4" chips="115,578" reg_code="" name="mthrfcr" dealer="0"/>
    <player seat="6" chips="61,584" reg_code="" name="pilotblue453" dealer="0"/>
    <player seat="8" chips="289,300" reg_code="" name="ChapeuPanama" dealer="0"/>
    <player seat="9" chips="960,274" reg_code="" name="doo8888oob" dealer="1"/>
    <player seat="10" chips="231,614" reg_code="" name="Zurymec" dealer="0"/>
   </players>
  </general>
  <round no="0">
   <action no="1" player="Zurymec" sum="€1,000" type="15"/>
   <action no="2" player="Gfs1505" sum="€1,000" type="15"/>
   <action no="3" player="peshi11" sum="€1,000" type="15"/>
   <action no="4" player="mthrfcr" sum="€1,000" type="15"/>
   <action no="5" player="pilotblue453" sum="€1,000" type="15"/>
   <action no="6" player="ChapeuPanama" sum="€1,000" type="15"/>
   <action no="7" player="doo8888oob" sum="€1,000" type="15"/>
   <action no="8" player="Zurymec" sum="€5,000" type="1"/>
   <action no="9" player="Gfs1505" sum="€10,000" type="2"/>
  </round>
 </game>
 <game gamecode="11575252052">
  <general>
   <players>
    <player seat="1" chips="256,889" reg_code="8406679913" name="Gfs1505" dealer="0"/>
    <player seat="4" chips="114,578" reg_code="" name="mthrfcr" dealer="0"/>
    <player seat="6" chips="60,584" reg_code="" name="pilotblue453" dealer="0"/>
    <player seat="8" chips="288,300" reg_code="" name="ChapeuPanama" dealer="0"/>
    <player seat="9" chips="959,274" reg_code="" name="doo8888oob" dealer="0"/>
    <player seat="10" chips="220,614" reg_code="" name="Zurymec" dealer="1"/>
   </players>
  </general>
  <round no="0">
   <action no="1" player="Gfs1505" sum="€1,000" type="15"/>
   <action no="2" player="mthrfcr" sum="€1,000" type="15"/>
   <action no="3" player="pilotblue453" sum="€1,000" type="15"/>
   <action no="4" player="ChapeuPanama" sum="€1,000" type="15"/>
   <action no="5" player="doo8888oob" sum="€1,000" type="15"/>
   <action no="6" player="Zurymec" sum="€1,000" type="15"/>
   <action no="7" player="Gfs1505" sum="€5,000" type="1"/>
   <action no="8" player="mthrfcr" sum="€10,000" type="2"/>
  </round>
 </game>
 <game gamecode="11575252168">
  <general>
   <players>
    <player seat="1" chips="331,473" reg_code="8406679913" name="Gfs1505" dealer="1"/>
    <player seat="3" chips="100,000" reg_code="" name="Roeteli" dealer="0"/>
    <player seat="4" chips="103,578" reg_code="" name="mthrfcr" dealer="0"/>
    <player seat="8" chips="287,300" reg_code="" name="ChapeuPanama" dealer="0"/>
    <player seat="9" chips="958,274" reg_code="" name="doo8888oob" dealer="0"/>
    <player seat="10" chips="219,614" reg_code="" name="Zurymec" dealer="0"/>
   </players>
  </general>
  <round no="0">
   <action no="1" player="mthrfcr" sum="€1,000" type="15"/>
   <action no="2" player="ChapeuPanama" sum="€1,000" type="15"/>
   <action no="3" player="doo8888oob" sum="€1,000" type="15"/>
   <action no="4" player="Zurymec" sum="€1,000" type="15"/>
   <action no="5" player="Gfs1505" sum="€1,000" type="15"/>
   <action no="6" player="mthrfcr" sum="€5,000" type="1"/>
   <action no="7" player="ChapeuPanama" sum="€10,000" type="2"/>
  </round>
 </game>
 <game gamecode="11575252925">
  <general>
   <players>
    <player seat="1" chips="289,073" reg_code="8406679913" name="Gfs1505" dealer="0"/>
    <player seat="3" chips="98,800" reg_code="" name="Roeteli" dealer="0"/>
    <player seat="4" chips="96,378" reg_code="" name="mthrfcr" dealer="0"/>
    <player seat="6" chips="100,000" reg_code="" name="LC68CHELSEAMKD" dealer="0"/>
    <player seat="8" chips="289,100" reg_code="" name="ChapeuPanama" dealer="1"/>
    <player seat="9" chips="944,074" reg_code="" name="doo8888oob" dealer="0"/>
    <player seat="10" chips="282,814" reg_code="" name="Zurymec" dealer="0"/>
   </players>
  </general>
  <round no="0">
   <action no="1" player="doo8888oob" sum="€1,200" type="15"/>
   <action no="2" player="Zurymec" sum="€1,200" type="15"/>
   <action no="3" player="Gfs1505" sum="€1,200" type="15"/>
   <action no="4" player="Roeteli" sum="€1,200" type="15"/>
   <action no="5" player="mthrfcr" sum="€1,200" type="15"/>
   <action no="6" player="LC68CHELSEAMKD" sum="€1,200" type="15"/>
   <action no="7" player="ChapeuPanama" sum="€1,200" type="15"/>
   <action no="8" player="doo8888oob" sum="€6,000" type="1"/>
   <action no="9" player="Zurymec" sum="€12,000" type="2"/>
  </round>
 </game>
 <game gamecode="11575253040">
  <general>
   <players>
    <player seat="1" chips="287,873" reg_code="8406679913" name="Gfs1505" dealer="0"/>
    <player seat="3" chips="97,600" reg_code="" name="Roeteli" dealer="0"/>
    <player seat="4" chips="95,178" reg_code="" name="mthrfcr" dealer="0"/>
    <player seat="6" chips="98,800" reg_code="" name="LC68CHELSEAMKD" dealer="0"/>
    <player seat="8" chips="314,300" reg_code="" name="ChapeuPanama" dealer="0"/>
    <player seat="9" chips="936,874" reg_code="" name="doo8888oob" dealer="1"/>
    <player seat="10" chips="269,614" reg_code="" name="Zurymec" dealer="0"/>
   </players>
  </general>
  <round no="0">
   <action no="1" player="Zurymec" sum="€1,200" type="15"/>
   <action no="2" player="Gfs1505" sum="€1,200" type="15"/>
   <action no="3" player="Roeteli" sum="€1,200" type="15"/>
   <action no="4" player="mthrfcr" sum="€1,200" type="15"/>
   <action no="5" player="LC68CHELSEAMKD" sum="€1,200" type="15"/>
   <action no="6" player="ChapeuPanama" sum="€1,200" type="15"/>
   <action no="7" player="doo8888oob" sum="€1,200" type="15"/>
   <action no="8" player="Zurymec" sum="€6,000" type="1"/>
   <action no="9" player="Gfs1505" sum="€12,000" type="2"/>
  </round>
 </game>
 <game gamecode="11575253185">
  <general>
   <players>
    <player seat="1" chips="18,259" reg_code="8406679913" name="Gfs1505" dealer="0"/>
    <player seat="3" chips="96,400" reg_code="" name="Roeteli" dealer="0"/>
    <player seat="4" chips="384,312" reg_code="" name="mthrfcr" dealer="0"/>
    <player seat="6" chips="10,866" reg_code="" name="LC68CHELSEAMKD" dealer="0"/>
    <player seat="8" chips="313,100" reg_code="" name="ChapeuPanama" dealer="0"/>
    <player seat="9" chips="935,674" reg_code="" name="doo8888oob" dealer="0"/>
    <player seat="10" chips="341,628" reg_code="" name="Zurymec" dealer="1"/>
   </players>
  </general>
  <round no="0">
   <action no="1" player="Gfs1505" sum="€1,200" type="15"/>
   <action no="2" player="Roeteli" sum="€1,200" type="15"/>
   <action no="3" player="mthrfcr" sum="€1,200" type="15"/>
   <action no="4" player="LC68CHELSEAMKD" sum="€1,200" type="15"/>
   <action no="5" player="ChapeuPanama" sum="€1,200" type="15"/>
   <action no="6" player="doo8888oob" sum="€1,200" type="15"/>
   <action no="7" player="Zurymec" sum="€1,200" type="15"/>
   <action no="8" player="Gfs1505" sum="€6,000" type="1"/>
   <action no="9" player="Roeteli" sum="€12,000" type="2"/>
  </round>
 </game>
 <game gamecode="11575253548">
  <general>
   <players>
    <player seat="1" chips="11,059" reg_code="8406679913" name="Gfs1505" dealer="1"/>
    <player seat="4" chips="287,912" reg_code="" name="mthrfcr" dealer="0"/>
    <player seat="6" chips="53,064" reg_code="" name="LC68CHELSEAMKD" dealer="0"/>
    <player seat="8" chips="311,900" reg_code="" name="ChapeuPanama" dealer="0"/>
    <player seat="9" chips="934,474" reg_code="" name="doo8888oob" dealer="0"/>
    <player seat="10" chips="501,830" reg_code="" name="Zurymec" dealer="0"/>
   </players>
  </general>
  <round no="0">
   <action no="1" player="mthrfcr" sum="€1,200" type="15"/>
   <action no="2" player="LC68CHELSEAMKD" sum="€1,200" type="15"/>
   <action no="3" player="ChapeuPanama" sum="€1,200" type="15"/>
   <action no="4" player="doo8888oob" sum="€1,200" type="15"/>
   <action no="5" player="Zurymec" sum="€1,200" type="15"/>
   <action no="6" player="Gfs1505" sum="€1,200" type="15"/>
   <action no="7" player="mthrfcr" sum="€12,000" type="2"/>
  </round>
 </game>
</session>
