<?xml version="1.0" encoding="utf-8"?>
<session sessioncode="8406548267">
 <general>
  <mode>real</mode>
  <gametype>Holdem NL</gametype>
  <tablename>€10,000|Big Game, 1130505643</tablename>
  <tournamentcurrency>1</tournamentcurrency>
  <currency>USD</currency>
  <nickname>Gfs1505</nickname>
  <buyin>€9.10 + €9.10 + €1.80</buyin>
  <totalbuyin>€10.90</totalbuyin>
 </general>
 <game gamecode="11574695600">
  <general>
   <players>
    <player seat="1" chips="100,000" reg_code="8406548267" name="Gfs1505" dealer="1"/>
    <player seat="2" chips="100,000" reg_code="" name="mirbursik" dealer="0"/>
    <player seat="4" chips="100,000" reg_code="" name="CamusAquarium" dealer="0"/>
    <player seat="6" chips="98,975" reg_code="" name="RufusDuSol" dealer="0"/>
    <player seat="7" chips="113,250" reg_code="" name="moozeevv" dealer="0"/>
    <player seat="9" chips="96,800" reg_code="" name="caifu1" dealer="0"/>
    <player seat="10" chips="98,875" reg_code="" name="VShupegin" dealer="0"/>
   </players>
  </general>
  <round no="0">
   <action no="1" player="mirbursik" sum="€75" type="15"/>
   <action no="2" player="CamusAquarium" sum="€75" type="15"/>
   <action no="3" player="RufusDuSol" sum="€75" type="15"/>
   <action no="4" player="moozeevv" sum="€75" type="15"/>
   <action no="5" player="caifu1" sum="€75" type="15"/>
   <action no="6" player="VShupegin" sum="€75" type="15"/>
   <action no="7" player="Gfs1505" sum="€75" type="15"/>
   <action no="8" player="mirbursik" sum="€250" type="1"/>
   <action no="9" player="CamusAquarium" sum="€500" type="2"/>
  </round>
 </game>
 <game gamecode="11574695784">
  <general>
   <players>
    <player seat="1" chips="102,200" reg_code="8406548267" name="Gfs1505" dealer="0"/>
    <player seat="2" chips="99,675" reg_code="" name="mirbursik" dealer="1"/>
    <player seat="4" chips="99,425" reg_code="" name="CamusAquarium" dealer="0"/>
    <player seat="5" chips="100,000" reg_code="" name="ASK1990" dealer="0"/>
    <player seat="6" chips="98,900" reg_code="" name="RufusDuSol" dealer="0"/>
    <player seat="7" chips="112,175" reg_code="" name="moozeevv" dealer="0"/>
    <player seat="9" chips="96,725" reg_code="" name="caifu1" dealer="0"/>
    <player seat="10" chips="98,800" reg_code="" name="VShupegin" dealer="0"/>
   </players>
  </general>
  <round no="0">
   <action no="1" player="CamusAquarium" sum="€75" type="15"/>
   <action no="2" player="ASK1990" sum="€75" type="15"/>
   <action no="3" player="RufusDuSol" sum="€75" type="15"/>
   <action no="4" player="moozeevv" sum="€75" type="15"/>
   <action no="5" player="caifu1" sum="€75" type="15"/>
   <action no="6" player="VShupegin" sum="€75" type="15"/>
   <action no="7" player="Gfs1505" sum="€75" type="15"/>
   <action no="8" player="mirbursik" sum="€75" type="15"/>
   <action no="9" player="CamusAquarium" sum="€250" type="1"/>
   <action no="10" player="ASK1990" sum="€500" type="2"/>
  </round>
 </game>
 <game gamecode="11574696097">
  <general>
   <players>
    <player seat="1" chips="102,125" reg_code="8406548267" name="Gfs1505" dealer="0"/>
    <player seat="2" chips="97,388" reg_code="" name="mirbursik" dealer="0"/>
    <player seat="4" chips="99,100" reg_code="" name="CamusAquarium" dealer="1"/>
    <player seat="5" chips="99,425" reg_code="" name="ASK1990" dealer="0"/>
    <player seat="6" chips="102,387" reg_code="" name="RufusDuSol" dealer="0"/>
    <player seat="7" chips="112,100" reg_code="" name="moozeevv" dealer="0"/>
    <player seat="9" chips="96,650" reg_code="" name="caifu1" dealer="0"/>
    <player seat="10" chips="98,725" reg_code="" name="VShupegin" dealer="0"/>
   </players>
  </general>
  <round no="0">
   <action no="1" player="ASK1990" sum="€75" type="15"/>
   <action no="2" player="RufusDuSol" sum="€75" type="15"/>
   <action no="3" player="moozeevv" sum="€75" type="15"/>
   <action no="4" player="caifu1" sum="€75" type="15"/>
   <action no="5" player="VShupegin" sum="€75" type="15"/>
   <action no="6" player="Gfs1505" sum="€75" type="15"/>
   <action no="7" player="mirbursik" sum="€75" type="15"/>
   <action no="8" player="CamusAquarium" sum="€75" type="15"/>
   <action no="9" player="ASK1990" sum="€250" type="1"/>
   <action no="10" player="RufusDuSol" sum="€500" type="2"/>
  </round>
 </game>
 <game gamecode="11574696405">
  <general>
   <players>
    <player seat="1" chips="102,050" reg_code="8406548267" name="Gfs1505" dealer="0"/>
    <player seat="2" chips="78,178" reg_code="" name="mirbursik" dealer="0"/>
    <player seat="4" chips="99,025" reg_code="" name="CamusAquarium" dealer="0"/>
    <player seat="6" chips="128,297" reg_code="" name="RufusDuSol" dealer="0"/>
    <player seat="7" chips="106,025" reg_code="" name="moozeevv" dealer="0"/>
    <player seat="9" chips="96,575" reg_code="" name="caifu1" dealer="0"/>
    <player seat="10" chips="98,650" reg_code="" name="VShupegin" dealer="0"/>
   </players>
  </general>
  <round no="0">
   <action no="1" player="RufusDuSol" sum="€75" type="15"/>
   <action no="2" player="moozeevv" sum="€75" type="15"/>
   <action no="3" player="caifu1" sum="€75" type="15"/>
   <action no="4" player="VShupegin" sum="€75" type="15"/>
   <action no="5" player="Gfs1505" sum="€75" type="15"/>
   <action no="6" player="mirbursik" sum="€75" type="15"/>
   <action no="7" player="CamusAquarium" sum="€75" type="15"/>
   <action no="8" player="RufusDuSol" sum="€250" type="1"/>
   <action no="9" player="moozeevv" sum="€500" type="2"/>
  </round>
 </game>
 <game gamecode="11574696551">
  <general>
   <players>
    <player seat="1" chips="101,975" reg_code="8406548267" name="Gfs1505" dealer="0"/>
    <player seat="2" chips="78,103" reg_code="" name="mirbursik" dealer="0"/>
    <player seat="4" chips="97,950" reg_code="" name="CamusAquarium" dealer="0"/>
    <player seat="6" chips="127,972" reg_code="" name="RufusDuSol" dealer="1"/>
    <player seat="7" chips="107,725" reg_code="" name="moozeevv" dealer="0"/>
    <player seat="9" chips="96,500" reg_code="" name="caifu1" dealer="0"/>
    <player seat="10" chips="98,575" reg_code="" name="VShupegin" dealer="0"/>
   </players>
  </general>
  <round no="0">
   <action no="1" player="moozeevv" sum="€75" type="15"/>
   <action no="2" player="caifu1" sum="€75" type="15"/>
   <action no="3" player="VShupegin" sum="€75" type="15"/>
   <action no="4" player="Gfs1505" sum="€75" type="15"/>
   <action no="5" player="mirbursik" sum="€75" type="15"/>
   <action no="6" player="CamusAquarium" sum="€75" type="15"/>
   <action no="7" player="RufusDuSol" sum="€75" type="15"/>
   <action no="8" player="moozeevv" sum="€250" type="1"/>
   <action no="9" player="caifu1" sum="€500" type="2"/>
  </round>
 </game>
 <game gamecode="11574696660">
  <general>
   <players>
    <player seat="1" chips="100,900" reg_code="8406548267" name="Gfs1505" dealer="0"/>
    <player seat="2" chips="80,303" reg_code="" name="mirbursik" dealer="0"/>
    <player seat="4" chips="97,875" reg_code="" name="CamusAquarium" dealer="0"/>
    <player seat="6" chips="127,897" reg_code="" name="RufusDuSol" dealer="0"/>
    <player seat="7" chips="107,400" reg_code="" name="moozeevv" dealer="1"/>
    <player seat="9" chips="95,925" reg_code="" name="caifu1" dealer="0"/>
    <player seat="10" chips="98,500" reg_code="" name="VShupegin" dealer="0"/>
   </players>
  </general>
  <round no="0">
   <action no="1" player="caifu1" sum="€75" type="15"/>
   <action no="2" player="VShupegin" sum="€75" type="15"/>
   <action no="3" player="Gfs1505" sum="€75" type="15"/>
   <action no="4" player="mirbursik" sum="€75" type="15"/>
   <action no="5" player="CamusAquarium" sum="€75" type="15"/>
   <action no="6" player="RufusDuSol" sum="€75" type="15"/>
   <action no="7" player="moozeevv" sum="€75" type="15"/>
   <action no="8" player="caifu1" sum="€250" type="1"/>
   <action no="9" player="VShupegin" sum="€500" type="2"/>
  </round>
 </game>
 <game gamecode="11574696925">
  <general>
   <players>
    <player seat="1" chips="100,825" reg_code="8406548267" name="Gfs1505" dealer="0"/>
    <player seat="2" chips="80,228" reg_code="" name="mirbursik" dealer="0"/>
    <player seat="4" chips="101,767" reg_code="" name="CamusAquarium" dealer="0"/>
    <player seat="5" chips="100,000" reg_code="" name="NoirStallion" dealer="0"/>
    <player seat="6" chips="127,822" reg_code="" name="RufusDuSol" dealer="0"/>
    <player seat="7" chips="107,325" reg_code="" name="moozeevv" dealer="0"/>
    <player seat="9" chips="95,600" reg_code="" name="caifu1" dealer="1"/>
    <player seat="10" chips="95,233" reg_code="" name="VShupegin" dealer="0"/>
   </players>
  </general>
  <round no="0">
   <action no="1" player="VShupegin" sum="€90" type="15"/>
   <action no="2" player="Gfs1505" sum="€90" type="15"/>
   <action no="3" player="mirbursik" sum="€90" type="15"/>
   <action no="4" player="CamusAquarium" sum="€90" type="15"/>
   <action no="5" player="NoirStallion" sum="€90" type="15"/>
   <action no="6" player="RufusDuSol" sum="€90" type="15"/>
   <action no="7" player="moozeevv" sum="€90" type="15"/>
   <action no="8" player="caifu1" sum="€90" type="15"/>
   <action no="9" player="VShupegin" sum="€300" type="1"/>
   <action no="10" player="Gfs1505" sum="€600" type="2"/>
  </round>
 </game>
 <game gamecode="11574697335">
  <general>
   <players>
    <player seat="1" chips="100,135" reg_code="8406548267" name="Gfs1505" dealer="0"/>
    <player seat="2" chips="80,138" reg_code="" name="mirbursik" dealer="0"/>
    <player seat="4" chips="101,677" reg_code="" name="CamusAquarium" dealer="0"/>
    <player seat="5" chips="120,082" reg_code="" name="NoirStallion" dealer="0"/>
    <player seat="6" chips="127,732" reg_code="" name="RufusDuSol" dealer="0"/>
    <player seat="7" chips="107,235" reg_code="" name="moozeevv" dealer="0"/>
    <player seat="9" chips="76,958" reg_code="" name="caifu1" dealer="0"/>
    <player seat="10" chips="94,843" reg_code="" name="VShupegin" dealer="1"/>
   </players>
  </general>
  <round no="0">
   <action no="1" player="Gfs1505" sum="€90" type="15"/>
   <action no="2" player="mirbursik" sum="€90" type="15"/>
   <action no="3" player="CamusAquarium" sum="€90" type="15"/>
   <action no="4" player="NoirStallion" sum="€90" type="15"/>
   <action no="5" player="RufusDuSol" sum="€90" type="15"/>
   <action no="6" player="moozeevv" sum="€90" type="15"/>
   <action no="7" player="caifu1" sum="€90" type="15"/>
   <action no="8" player="VShupegin" sum="€90" type="15"/>
   <action no="9" player="Gfs1505" sum="€300" type="1"/>
   <action no="10" player="mirbursik" sum="€600" type="2"/>
  </round>
 </game>
 <game gamecode="11574727221">
  <general>
   <players>
    <player seat="1" chips="99,745" reg_code="8406548267" name="Gfs1505" dealer="1"/>
    <player seat="2" chips="95,617" reg_code="" name="mirbursik" dealer="0"/>
    <player seat="4" chips="101,587" reg_code="" name="CamusAquarium" dealer="0"/>
    <player seat="5" chips="119,992" reg_code="" name="NoirStallion" dealer="0"/>
    <player seat="6" chips="113,093" reg_code="" name="RufusDuSol" dealer="0"/>
    <player seat="7" chips="107,145" reg_code="" name="moozeevv" dealer="0"/>
    <player seat="9" chips="76,868" reg_code="" name="caifu1" dealer="0"/>
    <player seat="10" chips="94,753" reg_code="" name="VShupegin" dealer="0"/>
   </players>
  </general>
  <round no="0">
   <action no="1" player="mirbursik" sum="€90" type="15"/>
   <action no="2" player="CamusAquarium" sum="€90" type="15"/>
   <action no="3" player="NoirStallion" sum="€90" type="15"/>
   <action no="4" player="RufusDuSol" sum="€90" type="15"/>
   <action no="5" player="moozeevv" sum="€90" type="15"/>
   <action no="6" player="caifu1" sum="€90" type="15"/>
   <action no="7" player="VShupegin" sum="€90" type="15"/>
   <action no="8" player="Gfs1505" sum="€90" type="15"/>
   <action no="9" player="mirbursik" sum="€300" type="1"/>
   <action no="10" player="CamusAquarium" sum="€600" type="2"/>
  </round>
 </game>
 <game gamecode="11574727272">
  <general>
   <players>
    <player seat="1" chips="103,675" reg_code="8406548267" name="Gfs1505" dealer="0"/>
    <player seat="2" chips="93,427" reg_code="" name="mirbursik" dealer="1"/>
    <player seat="4" chips="100,297" reg_code="" name="CamusAquarium" dealer="0"/>
    <player seat="5" chips="119,902" reg_code="" name="NoirStallion" dealer="0"/>
    <player seat="6" chips="113,003" reg_code="" name="RufusDuSol" dealer="0"/>
    <player seat="7" chips="107,055" reg_code="" name="moozeevv" dealer="0"/>
    <player seat="9" chips="76,778" reg_code="" name="caifu1" dealer="0"/>
    <player seat="10" chips="94,663" reg_code="" name="VShupegin" dealer="0"/>
   </players>
  </general>
  <round no="0">
   <action no="1" player="CamusAquarium" sum="€90" type="15"/>
   <action no="2" player="NoirStallion" sum="€90" type="15"/>
   <action no="3" player="RufusDuSol" sum="€90" type="15"/>
   <action no="4" player="moozeevv" sum="€90" type="15"/>
   <action no="5" player="caifu1" sum="€90" type="15"/>
   <action no="6" player="VShupegin" sum="€90" type="15"/>
   <action no="7" player="Gfs1505" sum="€90" type="15"/>
   <action no="8" player="mirbursik" sum="€90" type="15"/>
   <action no="9" player="CamusAquarium" sum="€300" type="1"/>
   <action no="10" player="NoirStallion" sum="€600" type="2"/>
  </round>
 </game>
 <game gamecode="11574727390">
  <general>
   <players>
    <player seat="1" chips="103,585" reg_code="8406548267" name="Gfs1505" dealer="0"/>
    <player seat="2" chips="93,337" reg_code="" name="mirbursik" dealer="0"/>
    <player seat="4" chips="99,907" reg_code="" name="CamusAquarium" dealer="1"/>
    <player seat="5" chips="118,312" reg_code="" name="NoirStallion" dealer="0"/>
    <player seat="6" chips="112,913" reg_code="" name="RufusDuSol" dealer="0"/>
    <player seat="7" chips="110,985" reg_code="" name="moozeevv" dealer="0"/>
    <player seat="9" chips="75,188" reg_code="" name="caifu1" dealer="0"/>
    <player seat="10" chips="94,573" reg_code="" name="VShupegin" dealer="0"/>
   </players>
  </general>
  <round no="0">
   <action no="1" player="NoirStallion" sum="€90" type="15"/>
   <action no="2" player="RufusDuSol" sum="€90" type="15"/>
   <action no="3" player="moozeevv" sum="€90" type="15"/>
   <action no="4" player="caifu1" sum="€90" type="15"/>
   <action no="5" player="VShupegin" sum="€90" type="15"/>
   <action no="6" player="Gfs1505" sum="€90" type="15"/>
   <action no="7" player="mirbursik" sum="€90" type="15"/>
   <action no="8" player="CamusAquarium" sum="€90" type="15"/>
   <action no="9" player="NoirStallion" sum="€300" type="1"/>
   <action no="10" player="RufusDuSol" sum="€600" type="2"/>
  </round>
 </game>
 <game gamecode="11574727453">
  <general>
   <players>
    <player seat="1" chips="103,495" reg_code="8406548267" name="Gfs1505" dealer="0"/>
    <player seat="2" chips="93,247" reg_code="" name="mirbursik" dealer="0"/>
    <player seat="4" chips="98,617" reg_code="" name="CamusAquarium" dealer="0"/>
    <player seat="5" chips="117,922" reg_code="" name="NoirStallion" dealer="1"/>
    <player seat="6" chips="106,673" reg_code="" name="RufusDuSol" dealer="0"/>
    <player seat="7" chips="110,895" reg_code="" name="moozeevv" dealer="0"/>
    <player seat="9" chips="75,098" reg_code="" name="caifu1" dealer="0"/>
    <player seat="10" chips="102,853" reg_code="" name="VShupegin" dealer="0"/>
   </players>
  </general>
  <round no="0">
   <action no="1" player="RufusDuSol" sum="€90" type="15"/>
   <action no="2" player="moozeevv" sum="€90" type="15"/>
   <action no="3" player="caifu1" sum="€90" type="15"/>
   <action no="4" player="VShupegin" sum="€90" type="15"/>
   <action no="5" player="Gfs1505" sum="€90" type="15"/>
   <action no="6" player="mirbursik" sum="€90" type="15"/>
   <action no="7" player="CamusAquarium" sum="€90" type="15"/>
   <action no="8" player="NoirStallion" sum="€90" type="15"/>
   <action no="9" player="RufusDuSol" sum="€300" type="1"/>
   <action no="10" player="moozeevv" sum="€600" type="2"/>
  </round>
 </game>
 <game gamecode="11574727500">
  <general>
   <players>
    <player seat="1" chips="103,405" reg_code="8406548267" name="Gfs1505" dealer="0"/>
    <player seat="2" chips="93,157" reg_code="" name="mirbursik" dealer="0"/>
    <player seat="4" chips="97,327" reg_code="" name="CamusAquarium" dealer="0"/>
    <player seat="5" chips="120,652" reg_code="" name="NoirStallion" dealer="0"/>
    <player seat="6" chips="106,283" reg_code="" name="RufusDuSol" dealer="1"/>
    <player seat="7" chips="110,205" reg_code="" name="moozeevv" dealer="0"/>
    <player seat="9" chips="75,008" reg_code="" name="caifu1" dealer="0"/>
    <player seat="10" chips="102,763" reg_code="" name="VShupegin" dealer="0"/>
   </players>
  </general>
  <round no="0">
   <action no="1" player="moozeevv" sum="€90" type="15"/>
   <action no="2" player="caifu1" sum="€90" type="15"/>
   <action no="3" player="VShupegin" sum="€90" type="15"/>
   <action no="4" player="Gfs1505" sum="€90" type="15"/>
   <action no="5" player="mirbursik" sum="€90" type="15"/>
   <action no="6" player="CamusAquarium" sum="€90" type="15"/>
   <action no="7" player="NoirStallion" sum="€90" type="15"/>
   <action no="8" player="RufusDuSol" sum="€90" type="15"/>
   <action no="9" player="moozeevv" sum="€300" type="1"/>
   <action no="10" player="caifu1" sum="€600" type="2"/>
  </round>
 </game>
 <game gamecode="11574727572">
  <general>
   <players>
    <player seat="1" chips="103,315" reg_code="8406548267" name="Gfs1505" dealer="0"/>
    <player seat="2" chips="75,667" reg_code="" name="mirbursik" dealer="0"/>
    <player seat="4" chips="97,237" reg_code="" name="CamusAquarium" dealer="0"/>
    <player seat="5" chips="120,562" reg_code="" name="NoirStallion" dealer="0"/>
    <player seat="6" chips="106,193" reg_code="" name="RufusDuSol" dealer="0"/>
    <player seat="7" chips="109,815" reg_code="" name="moozeevv" dealer="1"/>
    <player seat="9" chips="93,338" reg_code="" name="caifu1" dealer="0"/>
    <player seat="10" chips="102,673" reg_code="" name="VShupegin" dealer="0"/>
   </players>
  </general>
  <round no="0">
   <action no="1" player="caifu1" sum="€90" type="15"/>
   <action no="2" player="VShupegin" sum="€90" type="15"/>
   <action no="3" player="Gfs1505" sum="€90" type="15"/>
   <action no="4" player="mirbursik" sum="€90" type="15"/>
   <action no="5" player="CamusAquarium" sum="€90" type="15"/>
   <action no="6" player="NoirStallion" sum="€90" type="15"/>
   <action no="7" player="RufusDuSol" sum="€90" type="15"/>
   <action no="8" player="moozeevv" sum="€90" type="15"/>
   <action no="9" player="caifu1" sum="€300" type="1"/>
   <action no="10" player="VShupegin" sum="€600" type="2"/>
  </round>
 </game>
 <game gamecode="11574727624">
  <general>
   <players>
    <player seat="1" chips="103,225" reg_code="8406548267" name="Gfs1505" dealer="0"/>
    <player seat="2" chips="75,577" reg_code="" name="mirbursik" dealer="0"/>
    <player seat="4" chips="97,147" reg_code="" name="CamusAquarium" dealer="0"/>
    <player seat="5" chips="118,144" reg_code="" name="NoirStallion" dealer="0"/>
    <player seat="6" chips="106,103" reg_code="" name="RufusDuSol" dealer="0"/>
    <player seat="7" chips="109,725" reg_code="" name="moozeevv" dealer="0"/>
    <player seat="9" chips="92,948" reg_code="" name="caifu1" dealer="1"/>
    <player seat="10" chips="105,931" reg_code="" name="VShupegin" dealer="0"/>
   </players>
  </general>
  <round no="0">
   <action no="1" player="VShupegin" sum="€100" type="15"/>
   <action no="2" player="Gfs1505" sum="€100" type="15"/>
   <action no="3" player="mirbursik" sum="€100" type="15"/>
   <action no="4" player="CamusAquarium" sum="€100" type="15"/>
   <action no="5" player="NoirStallion" sum="€100" type="15"/>
   <action no="6" player="RufusDuSol" sum="€100" type="15"/>
   <action no="7" player="moozeevv" sum="€100" type="15"/>
   <action no="8" player="caifu1" sum="€100" type="15"/>
   <action no="9" player="VShupegin" sum="€350" type="1"/>
   <action no="10" player="Gfs1505" sum="€700" type="2"/>
  </round>
 </game>
 <game gamecode="11574748473">
  <general>
   <players>
    <player seat="1" chips="102,425" reg_code="8406548267" name="Gfs1505" dealer="0"/>
    <player seat="2" chips="75,477" reg_code="" name="mirbursik" dealer="0"/>
    <player seat="4" chips="97,047" reg_code="" name="CamusAquarium" dealer="0"/>
    <player seat="5" chips="139,144" reg_code="" name="NoirStallion" dealer="0"/>
    <player seat="6" chips="106,003" reg_code="" name="RufusDuSol" dealer="0"/>
    <player seat="7" chips="99,825" reg_code="" name="moozeevv" dealer="0"/>
    <player seat="9" chips="92,848" reg_code="" name="caifu1" dealer="0"/>
    <player seat="10" chips="96,031" reg_code="" name="VShupegin" dealer="1"/>
   </players>
  </general>
  <round no="0">
   <action no="1" player="Gfs1505" sum="€100" type="15"/>
   <action no="2" player="mirbursik" sum="€100" type="15"/>
   <action no="3" player="CamusAquarium" sum="€100" type="15"/>
   <action no="4" player="NoirStallion" sum="€100" type="15"/>
   <action no="5" player="RufusDuSol" sum="€100" type="15"/>
   <action no="6" player="moozeevv" sum="€100" type="15"/>
   <action no="7" player="caifu1" sum="€100" type="15"/>
   <action no="8" player="VShupegin" sum="€100" type="15"/>
   <action no="9" player="Gfs1505" sum="€350" type="1"/>
   <action no="10" player="mirbursik" sum="€700" type="2"/>
  </round>
 </game>
 <game gamecode="11574748539">
  <general>
   <players>
    <player seat="1" chips="101,975" reg_code="8406548267" name="Gfs1505" dealer="1"/>
    <player seat="2" chips="74,677" reg_code="" name="mirbursik" dealer="0"/>
    <player seat="4" chips="95,547" reg_code="" name="CamusAquarium" dealer="0"/>
    <player seat="5" chips="139,044" reg_code="" name="NoirStallion" dealer="0"/>
    <player seat="6" chips="104,503" reg_code="" name="RufusDuSol" dealer="0"/>
    <player seat="7" chips="104,375" reg_code="" name="moozeevv" dealer="0"/>
    <player seat="9" chips="92,748" reg_code="" name="caifu1" dealer="0"/>
    <player seat="10" chips="95,931" reg_code="" name="VShupegin" dealer="0"/>
   </players>
  </general>
  <round no="0">
   <action no="1" player="mirbursik" sum="€100" type="15"/>
   <action no="2" player="CamusAquarium" sum="€100" type="15"/>
   <action no="3" player="NoirStallion" sum="€100" type="15"/>
   <action no="4" player="RufusDuSol" sum="€100" type="15"/>
   <action no="5" player="moozeevv" sum="€100" type="15"/>
   <action no="6" player="caifu1" sum="€100" type="15"/>
   <action no="7" player="VShupegin" sum="€100" type="15"/>
   <action no="8" player="Gfs1505" sum="€100" type="15"/>
   <action no="9" player="mirbursik" sum="€350" type="1"/>
   <action no="10" player="CamusAquarium" sum="€700" type="2"/>
  </round>
 </game>
 <game gamecode="11574748648">
  <general>
   <players>
    <player seat="1" chips="99,425" reg_code="8406548267" name="Gfs1505" dealer="0"/>
    <player seat="2" chips="79,227" reg_code="" name="mirbursik" dealer="1"/>
    <player seat="4" chips="94,047" reg_code="" name="CamusAquarium" dealer="0"/>
    <player seat="5" chips="138,944" reg_code="" name="NoirStallion" dealer="0"/>
    <player seat="6" chips="104,403" reg_code="" name="RufusDuSol" dealer="0"/>
    <player seat="7" chips="104,275" reg_code="" name="moozeevv" dealer="0"/>
    <player seat="9" chips="92,648" reg_code="" name="caifu1" dealer="0"/>
    <player seat="10" chips="95,831" reg_code="" name="VShupegin" dealer="0"/>
   </players>
  </general>
  <round no="0">
   <action no="1" player="CamusAquarium" sum="€100" type="15"/>
   <action no="2" player="NoirStallion" sum="€100" type="15"/>
   <action no="3" player="RufusDuSol" sum="€100" type="15"/>
   <action no="4" player="moozeevv" sum="€100" type="15"/>
   <action no="5" player="caifu1" sum="€100" type="15"/>
   <action no="6" player="VShupegin" sum="€100" type="15"/>
   <action no="7" player="Gfs1505" sum="€100" type="15"/>
   <action no="8" player="mirbursik" sum="€100" type="15"/>
   <action no="9" player="CamusAquarium" sum="€350" type="1"/>
   <action no="10" player="NoirStallion" sum="€700" type="2"/>
  </round>
 </game>
 <game gamecode="11574748725">
  <general>
   <players>
    <player seat="1" chips="110,990" reg_code="8406548267" name="Gfs1505" dealer="0"/>
    <player seat="2" chips="70,012" reg_code="" name="mirbursik" dealer="0"/>
    <player seat="4" chips="93,597" reg_code="" name="CamusAquarium" dealer="1"/>
    <player seat="5" chips="137,444" reg_code="" name="NoirStallion" dealer="0"/>
    <player seat="6" chips="104,303" reg_code="" name="RufusDuSol" dealer="0"/>
    <player seat="7" chips="104,175" reg_code="" name="moozeevv" dealer="0"/>
    <player seat="9" chips="92,548" reg_code="" name="caifu1" dealer="0"/>
    <player seat="10" chips="95,731" reg_code="" name="VShupegin" dealer="0"/>
   </players>
  </general>
  <round no="0">
   <action no="1" player="NoirStallion" sum="€100" type="15"/>
   <action no="2" player="RufusDuSol" sum="€100" type="15"/>
   <action no="3" player="moozeevv" sum="€100" type="15"/>
   <action no="4" player="caifu1" sum="€100" type="15"/>
   <action no="5" player="VShupegin" sum="€100" type="15"/>
   <action no="6" player="Gfs1505" sum="€100" type="15"/>
   <action no="7" player="mirbursik" sum="€100" type="15"/>
   <action no="8" player="CamusAquarium" sum="€100" type="15"/>
   <action no="9" player="NoirStallion" sum="€350" type="1"/>
   <action no="10" player="RufusDuSol" sum="€700" type="2"/>
  </round>
 </game>
 <game gamecode="11574748797">
  <general>
   <players>
    <player seat="1" chips="110,890" reg_code="8406548267" name="Gfs1505" dealer="0"/>
    <player seat="2" chips="69,912" reg_code="" name="mirbursik" dealer="0"/>
    <player seat="4" chips="93,497" reg_code="" name="CamusAquarium" dealer="0"/>
    <player seat="5" chips="134,744" reg_code="" name="NoirStallion" dealer="1"/>
    <player seat="6" chips="102,803" reg_code="" name="RufusDuSol" dealer="0"/>
    <player seat="7" chips="104,075" reg_code="" name="moozeevv" dealer="0"/>
    <player seat="9" chips="97,248" reg_code="" name="caifu1" dealer="0"/>
    <player seat="10" chips="95,631" reg_code="" name="VShupegin" dealer="0"/>
   </players>
  </general>
  <round no="0">
   <action no="1" player="RufusDuSol" sum="€100" type="15"/>
   <action no="2" player="moozeevv" sum="€100" type="15"/>
   <action no="3" player="caifu1" sum="€100" type="15"/>
   <action no="4" player="VShupegin" sum="€100" type="15"/>
   <action no="5" player="Gfs1505" sum="€100" type="15"/>
   <action no="6" player="mirbursik" sum="€100" type="15"/>
   <action no="7" player="CamusAquarium" sum="€100" type="15"/>
   <action no="8" player="NoirStallion" sum="€100" type="15"/>
   <action no="9" player="RufusDuSol" sum="€350" type="1"/>
   <action no="10" player="moozeevv" sum="€700" type="2"/>
  </round>
 </game>
 <game gamecode="11574771700">
  <general>
   <players>
    <player seat="1" chips="110,790" reg_code="8406548267" name="Gfs1505" dealer="0"/>
    <player seat="2" chips="59,662" reg_code="" name="mirbursik" dealer="0"/>
    <player seat="4" chips="91,297" reg_code="" name="CamusAquarium" dealer="0"/>
    <player seat="5" chips="134,644" reg_code="" name="NoirStallion" dealer="0"/>
    <player seat="6" chips="116,453" reg_code="" name="RufusDuSol" dealer="1"/>
    <player seat="7" chips="103,275" reg_code="" name="moozeevv" dealer="0"/>
    <player seat="9" chips="97,148" reg_code="" name="caifu1" dealer="0"/>
    <player seat="10" chips="95,531" reg_code="" name="VShupegin" dealer="0"/>
   </players>
  </general>
  <round no="0">
   <action no="1" player="moozeevv" sum="€100" type="15"/>
   <action no="2" player="caifu1" sum="€100" type="15"/>
   <action no="3" player="VShupegin" sum="€100" type="15"/>
   <action no="4" player="Gfs1505" sum="€100" type="15"/>
   <action no="5" player="mirbursik" sum="€100" type="15"/>
   <action no="6" player="CamusAquarium" sum="€100" type="15"/>
   <action no="7" player="NoirStallion" sum="€100" type="15"/>
   <action no="8" player="RufusDuSol" sum="€100" type="15"/>
   <action no="9" player="moozeevv" sum="€350" type="1"/>
   <action no="10" player="caifu1" sum="€700" type="2"/>
  </round>
 </game>
 <game gamecode="11574771789">
  <general>
   <players>
    <player seat="1" chips="110,690" reg_code="8406548267" name="Gfs1505" dealer="0"/>
    <player seat="2" chips="55,487" reg_code="" name="mirbursik" dealer="0"/>
    <player seat="4" chips="91,197" reg_code="" name="CamusAquarium" dealer="0"/>
    <player seat="5" chips="134,544" reg_code="" name="NoirStallion" dealer="0"/>
    <player seat="6" chips="125,653" reg_code="" name="RufusDuSol" dealer="0"/>
    <player seat="7" chips="102,825" reg_code="" name="moozeevv" dealer="1"/>
    <player seat="9" chips="92,973" reg_code="" name="caifu1" dealer="0"/>
    <player seat="10" chips="95,431" reg_code="" name="VShupegin" dealer="0"/>
   </players>
  </general>
  <round no="0">
   <action no="1" player="caifu1" sum="€100" type="15"/>
   <action no="2" player="VShupegin" sum="€100" type="15"/>
   <action no="3" player="Gfs1505" sum="€100" type="15"/>
   <action no="4" player="mirbursik" sum="€100" type="15"/>
   <action no="5" player="CamusAquarium" sum="€100" type="15"/>
   <action no="6" player="NoirStallion" sum="€100" type="15"/>
   <action no="7" player="RufusDuSol" sum="€100" type="15"/>
   <action no="8" player="moozeevv" sum="€100" type="15"/>
   <action no="9" player="caifu1" sum="€350" type="1"/>
   <action no="10" player="VShupegin" sum="€700" type="2"/>
  </round>
 </game>
 <game gamecode="11574771819">
  <general>
   <players>
    <player seat="1" chips="110,590" reg_code="8406548267" name="Gfs1505" dealer="0"/>
    <player seat="2" chips="55,387" reg_code="" name="mirbursik" dealer="0"/>
    <player seat="4" chips="92,947" reg_code="" name="CamusAquarium" dealer="0"/>
    <player seat="5" chips="134,444" reg_code="" name="NoirStallion" dealer="0"/>
    <player seat="6" chips="125,553" reg_code="" name="RufusDuSol" dealer="0"/>
    <player seat="7" chips="102,725" reg_code="" name="moozeevv" dealer="0"/>
    <player seat="9" chips="92,523" reg_code="" name="caifu1" dealer="1"/>
    <player seat="10" chips="94,631" reg_code="" name="VShupegin" dealer="0"/>
   </players>
  </general>
  <round no="0">
   <action no="1" player="VShupegin" sum="€100" type="15"/>
   <action no="2" player="Gfs1505" sum="€100" type="15"/>
   <action no="3" player="mirbursik" sum="€100" type="15"/>
   <action no="4" player="CamusAquarium" sum="€100" type="15"/>
   <action no="5" player="NoirStallion" sum="€100" type="15"/>
   <action no="6" player="RufusDuSol" sum="€100" type="15"/>
   <action no="7" player="moozeevv" sum="€100" type="15"/>
   <action no="8" player="caifu1" sum="€100" type="15"/>
   <action no="9" player="VShupegin" sum="€350" type="1"/>
   <action no="10" player="Gfs1505" sum="€700" type="2"/>
  </round>
 </game>
 <game gamecode="11574771906">
  <general>
   <players>
    <player seat="1" chips="100,000" reg_code="" name="Mastihuba" dealer="1"/>
    <player seat="4" chips="208,982" reg_code="" name="bugfalse147" dealer="0"/>
    <player seat="5" chips="99,825" reg_code="" name="sektantave" dealer="0"/>
    <player seat="6" chips="90,265" reg_code="" name="Zuko13" dealer="0"/>
    <player seat="7" chips="109,790" reg_code="8406548267" name="Gfs1505" dealer="0"/>
    <player seat="9" chips="107,346" reg_code="" name="boycie57" dealer="0"/>
    <player seat="10" chips="62,604" reg_code="" name="DreAA777" dealer="0"/>
   </players>
  </general>
  <round no="0">
   <action no="1" player="bugfalse147" sum="€100" type="15"/>
   <action no="2" player="sektantave" sum="€100" type="15"/>
   <action no="3" player="Zuko13" sum="€100" type="15"/>
   <action no="4" player="Gfs1505" sum="€100" type="15"/>
   <action no="5" player="boycie57" sum="€100" type="15"/>
   <action no="6" player="DreAA777" sum="€100" type="15"/>
   <action no="7" player="Mastihuba" sum="€100" type="15"/>
   <action no="8" player="bugfalse147" sum="€350" type="1"/>
   <action no="9" player="sektantave" sum="€700" type="2"/>
  </round>
 </game>
 <game gamecode="11574771963">
  <general>
   <players>
    <player seat="1" chips="99,900" reg_code="" name="Mastihuba" dealer="0"/>
    <player seat="2" chips="100,000" reg_code="" name="SDetstvaZaKirila" dealer="0"/>
    <player seat="4" chips="208,532" reg_code="" name="bugfalse147" dealer="1"/>
    <player seat="5" chips="99,025" reg_code="" name="sektantave" dealer="0"/>
    <player seat="6" chips="88,625" reg_code="" name="Zuko13" dealer="0"/>
    <player seat="7" chips="112,980" reg_code="8406548267" name="Gfs1505" dealer="0"/>
    <player seat="9" chips="107,246" reg_code="" name="boycie57" dealer="0"/>
    <player seat="10" chips="62,504" reg_code="" name="DreAA777" dealer="0"/>
   </players>
  </general>
  <round no="0">
   <action no="1" player="sektantave" sum="€100" type="15"/>
   <action no="2" player="Zuko13" sum="€100" type="15"/>
   <action no="3" player="Gfs1505" sum="€100" type="15"/>
   <action no="4" player="boycie57" sum="€100" type="15"/>
   <action no="5" player="DreAA777" sum="€100" type="15"/>
   <action no="6" player="Mastihuba" sum="€100" type="15"/>
   <action no="7" player="SDetstvaZaKirila" sum="€100" type="15"/>
   <action no="8" player="bugfalse147" sum="€100" type="15"/>
   <action no="9" player="sektantave" sum="€350" type="1"/>
   <action no="10" player="Zuko13" sum="€700" type="2"/>
  </round>
 </game>
 <game gamecode="11574772026">
  <general>
   <players>
    <player seat="1" chips="99,800" reg_code="" name="Mastihuba" dealer="0"/>
    <player seat="2" chips="99,900" reg_code="" name="SDetstvaZaKirila" dealer="0"/>
    <player seat="4" chips="202,832" reg_code="" name="bugfalse147" dealer="0"/>
    <player seat="5" chips="107,425" reg_code="" name="sektantave" dealer="1"/>
    <player seat="6" chips="87,825" reg_code="" name="Zuko13" dealer="0"/>
    <player seat="7" chips="111,480" reg_code="8406548267" name="Gfs1505" dealer="0"/>
    <player seat="9" chips="107,146" reg_code="" name="boycie57" dealer="0"/>
    <player seat="10" chips="62,404" reg_code="" name="DreAA777" dealer="0"/>
   </players>
  </general>
  <round no="0">
   <action no="1" player="Zuko13" sum="€120" type="15"/>
   <action no="2" player="Gfs1505" sum="€120" type="15"/>
   <action no="3" player="boycie57" sum="€120" type="15"/>
   <action no="4" player="DreAA777" sum="€120" type="15"/>
   <action no="5" player="Mastihuba" sum="€120" type="15"/>
   <action no="6" player="SDetstvaZaKirila" sum="€120" type="15"/>
   <action no="7" player="bugfalse147" sum="€120" type="15"/>
   <action no="8" player="sektantave" sum="€120" type="15"/>
   <action no="9" player="Zuko13" sum="€400" type="1"/>
   <action no="10" player="Gfs1505" sum="€800" type="2"/>
  </round>
 </game>
 <game gamecode="11574772087">
  <general>
   <players>
    <player seat="1" chips="102,816" reg_code="" name="Mastihuba" dealer="0"/>
    <player seat="2" chips="99,780" reg_code="" name="SDetstvaZaKirila" dealer="0"/>
    <player seat="4" chips="202,712" reg_code="" name="bugfalse147" dealer="0"/>
    <player seat="5" chips="107,305" reg_code="" name="sektantave" dealer="0"/>
    <player seat="6" chips="87,305" reg_code="" name="Zuko13" dealer="1"/>
    <player seat="7" chips="109,584" reg_code="8406548267" name="Gfs1505" dealer="0"/>
    <player seat="9" chips="107,026" reg_code="" name="boycie57" dealer="0"/>
    <player seat="10" chips="62,284" reg_code="" name="DreAA777" dealer="0"/>
   </players>
  </general>
  <round no="0">
   <action no="1" player="Gfs1505" sum="€120" type="15"/>
   <action no="2" player="boycie57" sum="€120" type="15"/>
   <action no="3" player="DreAA777" sum="€120" type="15"/>
   <action no="4" player="Mastihuba" sum="€120" type="15"/>
   <action no="5" player="SDetstvaZaKirila" sum="€120" type="15"/>
   <action no="6" player="bugfalse147" sum="€120" type="15"/>
   <action no="7" player="sektantave" sum="€120" type="15"/>
   <action no="8" player="Zuko13" sum="€120" type="15"/>
   <action no="9" player="Gfs1505" sum="€400" type="1"/>
   <action no="10" player="boycie57" sum="€800" type="2"/>
  </round>
 </game>
 <game gamecode="11574805010">
  <general>
   <players>
    <player seat="1" chips="102,696" reg_code="" name="Mastihuba" dealer="0"/>
    <player seat="2" chips="99,660" reg_code="" name="SDetstvaZaKirila" dealer="0"/>
    <player seat="4" chips="196,192" reg_code="" name="bugfalse147" dealer="0"/>
    <player seat="5" chips="107,185" reg_code="" name="sektantave" dealer="0"/>
    <player seat="6" chips="95,745" reg_code="" name="Zuko13" dealer="0"/>
    <player seat="7" chips="109,064" reg_code="8406548267" name="Gfs1505" dealer="1"/>
    <player seat="9" chips="106,106" reg_code="" name="boycie57" dealer="0"/>
    <player seat="10" chips="62,164" reg_code="" name="DreAA777" dealer="0"/>
   </players>
  </general>
  <round no="0">
   <action no="1" player="boycie57" sum="€120" type="15"/>
   <action no="2" player="DreAA777" sum="€120" type="15"/>
   <action no="3" player="Mastihuba" sum="€120" type="15"/>
   <action no="4" player="SDetstvaZaKirila" sum="€120" type="15"/>
   <action no="5" player="bugfalse147" sum="€120" type="15"/>
   <action no="6" player="sektantave" sum="€120" type="15"/>
   <action no="7" player="Zuko13" sum="€120" type="15"/>
   <action no="8" player="Gfs1505" sum="€120" type="15"/>
   <action no="9" player="boycie57" sum="€400" type="1"/>
   <action no="10" player="DreAA777" sum="€800" type="2"/>
  </round>
 </game>
 <game gamecode="11574805043">
  <general>
   <players>
    <player seat="1" chips="104,736" reg_code="" name="Mastihuba" dealer="0"/>
    <player seat="2" chips="99,540" reg_code="" name="SDetstvaZaKirila" dealer="0"/>
    <player seat="4" chips="196,072" reg_code="" name="bugfalse147" dealer="0"/>
    <player seat="5" chips="107,065" reg_code="" name="sektantave" dealer="0"/>
    <player seat="6" chips="95,625" reg_code="" name="Zuko13" dealer="0"/>
    <player seat="7" chips="108,944" reg_code="8406548267" name="Gfs1505" dealer="0"/>
    <player seat="9" chips="105,586" reg_code="" name="boycie57" dealer="1"/>
    <player seat="10" chips="61,244" reg_code="" name="DreAA777" dealer="0"/>
   </players>
  </general>
  <round no="0">
   <action no="1" player="DreAA777" sum="€120" type="15"/>
   <action no="2" player="Mastihuba" sum="€120" type="15"/>
   <action no="3" player="SDetstvaZaKirila" sum="€120" type="15"/>
   <action no="4" player="bugfalse147" sum="€120" type="15"/>
   <action no="5" player="sektantave" sum="€120" type="15"/>
   <action no="6" player="Zuko13" sum="€120" type="15"/>
   <action no="7" player="Gfs1505" sum="€120" type="15"/>
   <action no="8" player="boycie57" sum="€120" type="15"/>
   <action no="9" player="DreAA777" sum="€400" type="1"/>
   <action no="10" player="Mastihuba" sum="€800" type="2"/>
  </round>
 </game>
 <game gamecode="11574805088">
  <general>
   <players>
    <player seat="1" chips="120,376" reg_code="" name="Mastihuba" dealer="0"/>
    <player seat="2" chips="99,420" reg_code="" name="SDetstvaZaKirila" dealer="0"/>
    <player seat="4" chips="194,352" reg_code="" name="bugfalse147" dealer="0"/>
    <player seat="5" chips="100,545" reg_code="" name="sektantave" dealer="0"/>
    <player seat="6" chips="95,505" reg_code="" name="Zuko13" dealer="0"/>
    <player seat="7" chips="108,824" reg_code="8406548267" name="Gfs1505" dealer="0"/>
    <player seat="9" chips="99,066" reg_code="" name="boycie57" dealer="0"/>
    <player seat="10" chips="60,724" reg_code="" name="DreAA777" dealer="1"/>
   </players>
  </general>
  <round no="0">
   <action no="1" player="Mastihuba" sum="€120" type="15"/>
   <action no="2" player="SDetstvaZaKirila" sum="€120" type="15"/>
   <action no="3" player="bugfalse147" sum="€120" type="15"/>
   <action no="4" player="sektantave" sum="€120" type="15"/>
   <action no="5" player="Zuko13" sum="€120" type="15"/>
   <action no="6" player="Gfs1505" sum="€120" type="15"/>
   <action no="7" player="boycie57" sum="€120" type="15"/>
   <action no="8" player="DreAA777" sum="€120" type="15"/>
   <action no="9" player="Mastihuba" sum="€400" type="1"/>
   <action no="10" player="SDetstvaZaKirila" sum="€800" type="2"/>
  </round>
 </game>
 <game gamecode="11574805133">
  <general>
   <players>
    <player seat="1" chips="119,856" reg_code="" name="Mastihuba" dealer="1"/>
    <player seat="4" chips="194,232" reg_code="" name="bugfalse147" dealer="0"/>
    <player seat="5" chips="100,425" reg_code="" name="sektantave" dealer="0"/>
    <player seat="6" chips="97,545" reg_code="" name="Zuko13" dealer="0"/>
    <player seat="7" chips="108,704" reg_code="8406548267" name="Gfs1505" dealer="0"/>
    <player seat="9" chips="98,946" reg_code="" name="boycie57" dealer="0"/>
    <player seat="10" chips="60,604" reg_code="" name="DreAA777" dealer="0"/>
   </players>
  </general>
  <round no="0">
   <action no="1" player="bugfalse147" sum="€120" type="15"/>
   <action no="2" player="sektantave" sum="€120" type="15"/>
   <action no="3" player="Zuko13" sum="€120" type="15"/>
   <action no="4" player="Gfs1505" sum="€120" type="15"/>
   <action no="5" player="boycie57" sum="€120" type="15"/>
   <action no="6" player="DreAA777" sum="€120" type="15"/>
   <action no="7" player="Mastihuba" sum="€120" type="15"/>
   <action no="8" player="bugfalse147" sum="€800" type="2"/>
  </round>
 </game>
 <game gamecode="11574805179">
  <general>
   <players>
    <player seat="1" chips="117,976" reg_code="" name="Mastihuba" dealer="0"/>
    <player seat="4" chips="198,472" reg_code="" name="bugfalse147" dealer="0"/>
    <player seat="5" chips="100,305" reg_code="" name="sektantave" dealer="0"/>
    <player seat="6" chips="97,425" reg_code="" name="Zuko13" dealer="0"/>
    <player seat="7" chips="108,584" reg_code="8406548267" name="Gfs1505" dealer="0"/>
    <player seat="9" chips="98,826" reg_code="" name="boycie57" dealer="0"/>
    <player seat="10" chips="58,724" reg_code="" name="DreAA777" dealer="0"/>
   </players>
  </general>
  <round no="0">
   <action no="1" player="bugfalse147" sum="€120" type="15"/>
   <action no="2" player="sektantave" sum="€120" type="15"/>
   <action no="3" player="Zuko13" sum="€120" type="15"/>
   <action no="4" player="Gfs1505" sum="€120" type="15"/>
   <action no="5" player="boycie57" sum="€120" type="15"/>
   <action no="6" player="DreAA777" sum="€120" type="15"/>
   <action no="7" player="Mastihuba" sum="€120" type="15"/>
   <action no="8" player="bugfalse147" sum="€400" type="1"/>
   <action no="9" player="sektantave" sum="€800" type="2"/>
  </round>
 </game>
 <game gamecode="11574805268">
  <general>
   <players>
    <player seat="1" chips="114,136" reg_code="" name="Mastihuba" dealer="0"/>
    <player seat="2" chips="100,000" reg_code="" name="vikinga30" dealer="0"/>
    <player seat="4" chips="197,952" reg_code="" name="bugfalse147" dealer="1"/>
    <player seat="5" chips="106,745" reg_code="" name="sektantave" dealer="0"/>
    <player seat="6" chips="97,305" reg_code="" name="Zuko13" dealer="0"/>
    <player seat="7" chips="106,864" reg_code="8406548267" name="Gfs1505" dealer="0"/>
    <player seat="9" chips="98,706" reg_code="" name="boycie57" dealer="0"/>
    <player seat="10" chips="58,604" reg_code="" name="DreAA777" dealer="0"/>
   </players>
  </general>
  <round no="0">
   <action no="1" player="sektantave" sum="€120" type="15"/>
   <action no="2" player="Zuko13" sum="€120" type="15"/>
   <action no="3" player="Gfs1505" sum="€120" type="15"/>
   <action no="4" player="boycie57" sum="€120" type="15"/>
   <action no="5" player="DreAA777" sum="€120" type="15"/>
   <action no="6" player="Mastihuba" sum="€120" type="15"/>
   <action no="7" player="vikinga30" sum="€120" type="15"/>
   <action no="8" player="bugfalse147" sum="€120" type="15"/>
   <action no="9" player="sektantave" sum="€400" type="1"/>
   <action no="10" player="Zuko13" sum="€800" type="2"/>
  </round>
 </game>
 <game gamecode="11574805362">
  <general>
   <players>
    <player seat="1" chips="114,016" reg_code="" name="Mastihuba" dealer="0"/>
    <player seat="2" chips="95,000" reg_code="" name="vikinga30" dealer="0"/>
    <player seat="4" chips="197,832" reg_code="" name="bugfalse147" dealer="0"/>
    <player seat="5" chips="114,865" reg_code="" name="sektantave" dealer="1"/>
    <player seat="6" chips="96,385" reg_code="" name="Zuko13" dealer="0"/>
    <player seat="7" chips="106,744" reg_code="8406548267" name="Gfs1505" dealer="0"/>
    <player seat="9" chips="98,586" reg_code="" name="boycie57" dealer="0"/>
    <player seat="10" chips="56,884" reg_code="" name="DreAA777" dealer="0"/>
   </players>
  </general>
  <round no="0">
   <action no="1" player="Zuko13" sum="€120" type="15"/>
   <action no="2" player="Gfs1505" sum="€120" type="15"/>
   <action no="3" player="boycie57" sum="€120" type="15"/>
   <action no="4" player="DreAA777" sum="€120" type="15"/>
   <action no="5" player="Mastihuba" sum="€120" type="15"/>
   <action no="6" player="vikinga30" sum="€120" type="15"/>
   <action no="7" player="bugfalse147" sum="€120" type="15"/>
   <action no="8" player="sektantave" sum="€120" type="15"/>
   <action no="9" player="Zuko13" sum="€400" type="1"/>
   <action no="10" player="Gfs1505" sum="€800" type="2"/>
  </round>
 </game>
 <game gamecode="11574805393">
  <general>
   <players>
    <player seat="1" chips="113,896" reg_code="" name="Mastihuba" dealer="0"/>
    <player seat="2" chips="94,880" reg_code="" name="vikinga30" dealer="0"/>
    <player seat="4" chips="197,712" reg_code="" name="bugfalse147" dealer="0"/>
    <player seat="5" chips="114,745" reg_code="" name="sektantave" dealer="0"/>
    <player seat="6" chips="95,865" reg_code="" name="Zuko13" dealer="1"/>
    <player seat="7" chips="105,824" reg_code="8406548267" name="Gfs1505" dealer="0"/>
    <player seat="9" chips="100,626" reg_code="" name="boycie57" dealer="0"/>
    <player seat="10" chips="56,764" reg_code="" name="DreAA777" dealer="0"/>
   </players>
  </general>
  <round no="0">
   <action no="1" player="Gfs1505" sum="€120" type="15"/>
   <action no="2" player="boycie57" sum="€120" type="15"/>
   <action no="3" player="DreAA777" sum="€120" type="15"/>
   <action no="4" player="Mastihuba" sum="€120" type="15"/>
   <action no="5" player="vikinga30" sum="€120" type="15"/>
   <action no="6" player="bugfalse147" sum="€120" type="15"/>
   <action no="7" player="sektantave" sum="€120" type="15"/>
   <action no="8" player="Zuko13" sum="€120" type="15"/>
   <action no="9" player="Gfs1505" sum="€400" type="1"/>
   <action no="10" player="boycie57" sum="€800" type="2"/>
  </round>
 </game>
 <game gamecode="11574805420">
  <general>
   <players>
    <player seat="1" chips="113,776" reg_code="" name="Mastihuba" dealer="0"/>
    <player seat="2" chips="94,760" reg_code="" name="vikinga30" dealer="0"/>
    <player seat="4" chips="197,592" reg_code="" name="bugfalse147" dealer="0"/>
    <player seat="5" chips="114,625" reg_code="" name="sektantave" dealer="0"/>
    <player seat="6" chips="95,745" reg_code="" name="Zuko13" dealer="0"/>
    <player seat="7" chips="107,464" reg_code="8406548267" name="Gfs1505" dealer="1"/>
    <player seat="9" chips="99,706" reg_code="" name="boycie57" dealer="0"/>
    <player seat="10" chips="56,644" reg_code="" name="DreAA777" dealer="0"/>
   </players>
  </general>
  <round no="0">
   <action no="1" player="boycie57" sum="€120" type="15"/>
   <action no="2" player="DreAA777" sum="€120" type="15"/>
   <action no="3" player="Mastihuba" sum="€120" type="15"/>
   <action no="4" player="vikinga30" sum="€120" type="15"/>
   <action no="5" player="bugfalse147" sum="€120" type="15"/>
   <action no="6" player="sektantave" sum="€120" type="15"/>
   <action no="7" player="Zuko13" sum="€120" type="15"/>
   <action no="8" player="Gfs1505" sum="€120" type="15"/>
   <action no="9" player="boycie57" sum="€400" type="1"/>
   <action no="10" player="DreAA777" sum="€800" type="2"/>
  </round>
 </game>
 <game gamecode="11574805525">
  <general>
   <players>
    <player seat="1" chips="102,480" reg_code="" name="Mastihuba" dealer="0"/>
    <player seat="2" chips="94,640" reg_code="" name="vikinga30" dealer="0"/>
    <player seat="4" chips="197,472" reg_code="" name="bugfalse147" dealer="0"/>
    <player seat="5" chips="114,505" reg_code="" name="sektantave" dealer="0"/>
    <player seat="6" chips="95,625" reg_code="" name="Zuko13" dealer="0"/>
    <player seat="7" chips="107,344" reg_code="8406548267" name="Gfs1505" dealer="0"/>
    <player seat="9" chips="99,186" reg_code="" name="boycie57" dealer="1"/>
    <player seat="10" chips="69,060" reg_code="" name="DreAA777" dealer="0"/>
   </players>
  </general>
  <round no="0">
   <action no="1" player="DreAA777" sum="€120" type="15"/>
   <action no="2" player="Mastihuba" sum="€120" type="15"/>
   <action no="3" player="vikinga30" sum="€120" type="15"/>
   <action no="4" player="bugfalse147" sum="€120" type="15"/>
   <action no="5" player="sektantave" sum="€120" type="15"/>
   <action no="6" player="Zuko13" sum="€120" type="15"/>
   <action no="7" player="Gfs1505" sum="€120" type="15"/>
   <action no="8" player="boycie57" sum="€120" type="15"/>
   <action no="9" player="DreAA777" sum="€400" type="1"/>
   <action no="10" player="Mastihuba" sum="€800" type="2"/>
  </round>
 </game>
 <game gamecode="11574831975">
  <general>
   <players>
    <player seat="1" chips="112,242" reg_code="" name="Mastihuba" dealer="0"/>
    <player seat="2" chips="94,520" reg_code="" name="vikinga30" dealer="0"/>
    <player seat="4" chips="197,352" reg_code="" name="bugfalse147" dealer="0"/>
    <player seat="5" chips="105,863" reg_code="" name="sektantave" dealer="0"/>
    <player seat="6" chips="95,505" reg_code="" name="Zuko13" dealer="0"/>
    <player seat="7" chips="107,224" reg_code="8406548267" name="Gfs1505" dealer="0"/>
    <player seat="9" chips="99,066" reg_code="" name="boycie57" dealer="0"/>
    <player seat="10" chips="68,540" reg_code="" name="DreAA777" dealer="1"/>
   </players>
  </general>
  <round no="0">
   <action no="1" player="Mastihuba" sum="€130" type="15"/>
   <action no="2" player="vikinga30" sum="€130" type="15"/>
   <action no="3" player="bugfalse147" sum="€130" type="15"/>
   <action no="4" player="sektantave" sum="€130" type="15"/>
   <action no="5" player="Zuko13" sum="€130" type="15"/>
   <action no="6" player="Gfs1505" sum="€130" type="15"/>
   <action no="7" player="boycie57" sum="€130" type="15"/>
   <action no="8" player="DreAA777" sum="€130" type="15"/>
   <action no="9" player="Mastihuba" sum="€450" type="1"/>
   <action no="10" player="vikinga30" sum="€900" type="2"/>
  </round>
 </game>
 <game gamecode="11574832119">
  <general>
   <players>
    <player seat="1" chips="110,132" reg_code="" name="Mastihuba" dealer="1"/>
    <player seat="2" chips="75,850" reg_code="" name="vikinga30" dealer="0"/>
    <player seat="4" chips="197,222" reg_code="" name="bugfalse147" dealer="0"/>
    <player seat="5" chips="105,733" reg_code="" name="sektantave" dealer="0"/>
    <player seat="6" chips="95,375" reg_code="" name="Zuko13" dealer="0"/>
    <player seat="7" chips="107,094" reg_code="8406548267" name="Gfs1505" dealer="0"/>
    <player seat="9" chips="98,936" reg_code="" name="boycie57" dealer="0"/>
    <player seat="10" chips="89,970" reg_code="" name="DreAA777" dealer="0"/>
   </players>
  </general>
  <round no="0">
   <action no="1" player="vikinga30" sum="€130" type="15"/>
   <action no="2" player="bugfalse147" sum="€130" type="15"/>
   <action no="3" player="sektantave" sum="€130" type="15"/>
   <action no="4" player="Zuko13" sum="€130" type="15"/>
   <action no="5" player="Gfs1505" sum="€130" type="15"/>
   <action no="6" player="boycie57" sum="€130" type="15"/>
   <action no="7" player="DreAA777" sum="€130" type="15"/>
   <action no="8" player="Mastihuba" sum="€130" type="15"/>
   <action no="9" player="vikinga30" sum="€450" type="1"/>
   <action no="10" player="bugfalse147" sum="€900" type="2"/>
  </round>
 </game>
 <game gamecode="11574832224">
  <general>
   <players>
    <player seat="1" chips="110,002" reg_code="" name="Mastihuba" dealer="0"/>
    <player seat="2" chips="82,485" reg_code="" name="vikinga30" dealer="1"/>
    <player seat="4" chips="195,292" reg_code="" name="bugfalse147" dealer="0"/>
    <player seat="5" chips="105,603" reg_code="" name="sektantave" dealer="0"/>
    <player seat="6" chips="95,245" reg_code="" name="Zuko13" dealer="0"/>
    <player seat="7" chips="106,964" reg_code="8406548267" name="Gfs1505" dealer="0"/>
    <player seat="9" chips="94,881" reg_code="" name="boycie57" dealer="0"/>
    <player seat="10" chips="89,840" reg_code="" name="DreAA777" dealer="0"/>
   </players>
  </general>
  <round no="0">
   <action no="1" player="bugfalse147" sum="€130" type="15"/>
   <action no="2" player="sektantave" sum="€130" type="15"/>
   <action no="3" player="Zuko13" sum="€130" type="15"/>
   <action no="4" player="Gfs1505" sum="€130" type="15"/>
   <action no="5" player="boycie57" sum="€130" type="15"/>
   <action no="6" player="DreAA777" sum="€130" type="15"/>
   <action no="7" player="Mastihuba" sum="€130" type="15"/>
   <action no="8" player="vikinga30" sum="€130" type="15"/>
   <action no="9" player="bugfalse147" sum="€450" type="1"/>
   <action no="10" player="sektantave" sum="€900" type="2"/>
  </round>
 </game>
 <game gamecode="11574832328">
  <general>
   <players>
    <player seat="1" chips="98,267" reg_code="" name="Mastihuba" dealer="0"/>
    <player seat="2" chips="82,355" reg_code="" name="vikinga30" dealer="0"/>
    <player seat="4" chips="194,712" reg_code="" name="bugfalse147" dealer="1"/>
    <player seat="5" chips="118,568" reg_code="" name="sektantave" dealer="0"/>
    <player seat="6" chips="95,115" reg_code="" name="Zuko13" dealer="0"/>
    <player seat="7" chips="106,834" reg_code="8406548267" name="Gfs1505" dealer="0"/>
    <player seat="9" chips="94,751" reg_code="" name="boycie57" dealer="0"/>
    <player seat="10" chips="89,710" reg_code="" name="DreAA777" dealer="0"/>
   </players>
  </general>
  <round no="0">
   <action no="1" player="sektantave" sum="€130" type="15"/>
   <action no="2" player="Zuko13" sum="€130" type="15"/>
   <action no="3" player="Gfs1505" sum="€130" type="15"/>
   <action no="4" player="boycie57" sum="€130" type="15"/>
   <action no="5" player="DreAA777" sum="€130" type="15"/>
   <action no="6" player="Mastihuba" sum="€130" type="15"/>
   <action no="7" player="vikinga30" sum="€130" type="15"/>
   <action no="8" player="bugfalse147" sum="€130" type="15"/>
   <action no="9" player="sektantave" sum="€450" type="1"/>
   <action no="10" player="Zuko13" sum="€900" type="2"/>
  </round>
 </game>
 <game gamecode="11574832444">
  <general>
   <players>
    <player seat="1" chips="90,884" reg_code="" name="Mastihuba" dealer="0"/>
    <player seat="2" chips="93,668" reg_code="" name="vikinga30" dealer="0"/>
    <player seat="4" chips="194,582" reg_code="" name="bugfalse147" dealer="0"/>
    <player seat="5" chips="117,988" reg_code="" name="sektantave" dealer="1"/>
    <player seat="6" chips="94,085" reg_code="" name="Zuko13" dealer="0"/>
    <player seat="7" chips="106,704" reg_code="8406548267" name="Gfs1505" dealer="0"/>
    <player seat="9" chips="94,621" reg_code="" name="boycie57" dealer="0"/>
    <player seat="10" chips="87,780" reg_code="" name="DreAA777" dealer="0"/>
   </players>
  </general>
  <round no="0">
   <action no="1" player="Zuko13" sum="€130" type="15"/>
   <action no="2" player="Gfs1505" sum="€130" type="15"/>
   <action no="3" player="boycie57" sum="€130" type="15"/>
   <action no="4" player="DreAA777" sum="€130" type="15"/>
   <action no="5" player="Mastihuba" sum="€130" type="15"/>
   <action no="6" player="vikinga30" sum="€130" type="15"/>
   <action no="7" player="bugfalse147" sum="€130" type="15"/>
   <action no="8" player="sektantave" sum="€130" type="15"/>
   <action no="9" player="Zuko13" sum="€450" type="1"/>
   <action no="10" player="Gfs1505" sum="€900" type="2"/>
  </round>
 </game>
 <game gamecode="11574832540">
  <general>
   <players>
    <player seat="1" chips="90,754" reg_code="" name="Mastihuba" dealer="0"/>
    <player seat="2" chips="88,518" reg_code="" name="vikinga30" dealer="0"/>
    <player seat="4" chips="194,452" reg_code="" name="bugfalse147" dealer="0"/>
    <player seat="5" chips="117,858" reg_code="" name="sektantave" dealer="0"/>
    <player seat="6" chips="101,815" reg_code="" name="Zuko13" dealer="1"/>
    <player seat="7" chips="104,774" reg_code="8406548267" name="Gfs1505" dealer="0"/>
    <player seat="9" chips="94,491" reg_code="" name="boycie57" dealer="0"/>
    <player seat="10" chips="87,650" reg_code="" name="DreAA777" dealer="0"/>
   </players>
  </general>
  <round no="0">
   <action no="1" player="Gfs1505" sum="€130" type="15"/>
   <action no="2" player="boycie57" sum="€130" type="15"/>
   <action no="3" player="DreAA777" sum="€130" type="15"/>
   <action no="4" player="Mastihuba" sum="€130" type="15"/>
   <action no="5" player="vikinga30" sum="€130" type="15"/>
   <action no="6" player="bugfalse147" sum="€130" type="15"/>
   <action no="7" player="sektantave" sum="€130" type="15"/>
   <action no="8" player="Zuko13" sum="€130" type="15"/>
   <action no="9" player="Gfs1505" sum="€450" type="1"/>
   <action no="10" player="boycie57" sum="€900" type="2"/>
  </round>
 </game>
 <game gamecode="11574867572">
  <general>
   <players>
    <player seat="1" chips="109,610" reg_code="" name="Mastihuba" dealer="0"/>
    <player seat="2" chips="88,388" reg_code="" name="vikinga30" dealer="0"/>
    <player seat="4" chips="194,322" reg_code="" name="bugfalse147" dealer="0"/>
    <player seat="5" chips="101,132" reg_code="" name="sektantave" dealer="0"/>
    <player seat="6" chips="101,685" reg_code="" name="Zuko13" dealer="0"/>
    <player seat="7" chips="104,194" reg_code="8406548267" name="Gfs1505" dealer="1"/>
    <player seat="9" chips="93,461" reg_code="" name="boycie57" dealer="0"/>
    <player seat="10" chips="87,520" reg_code="" name="DreAA777" dealer="0"/>
   </players>
  </general>
  <round no="0">
   <action no="1" player="boycie57" sum="€130" type="15"/>
   <action no="2" player="DreAA777" sum="€130" type="15"/>
   <action no="3" player="Mastihuba" sum="€130" type="15"/>
   <action no="4" player="vikinga30" sum="€130" type="15"/>
   <action no="5" player="bugfalse147" sum="€130" type="15"/>
   <action no="6" player="sektantave" sum="€130" type="15"/>
   <action no="7" player="Zuko13" sum="€130" type="15"/>
   <action no="8" player="Gfs1505" sum="€130" type="15"/>
   <action no="9" player="boycie57" sum="€450" type="1"/>
   <action no="10" player="DreAA777" sum="€900" type="2"/>
  </round>
 </game>
 <game gamecode="11574867618">
  <general>
   <players>
    <player seat="1" chips="109,480" reg_code="" name="Mastihuba" dealer="0"/>
    <player seat="2" chips="88,258" reg_code="" name="vikinga30" dealer="0"/>
    <player seat="4" chips="194,192" reg_code="" name="bugfalse147" dealer="0"/>
    <player seat="5" chips="101,002" reg_code="" name="sektantave" dealer="0"/>
    <player seat="6" chips="101,555" reg_code="" name="Zuko13" dealer="0"/>
    <player seat="7" chips="107,354" reg_code="8406548267" name="Gfs1505" dealer="0"/>
    <player seat="9" chips="92,881" reg_code="" name="boycie57" dealer="1"/>
    <player seat="10" chips="85,590" reg_code="" name="DreAA777" dealer="0"/>
   </players>
  </general>
  <round no="0">
   <action no="1" player="DreAA777" sum="€150" type="15"/>
   <action no="2" player="Mastihuba" sum="€150" type="15"/>
   <action no="3" player="vikinga30" sum="€150" type="15"/>
   <action no="4" player="bugfalse147" sum="€150" type="15"/>
   <action no="5" player="sektantave" sum="€150" type="15"/>
   <action no="6" player="Zuko13" sum="€150" type="15"/>
   <action no="7" player="Gfs1505" sum="€150" type="15"/>
   <action no="8" player="boycie57" sum="€150" type="15"/>
   <action no="9" player="DreAA777" sum="€500" type="1"/>
   <action no="10" player="Mastihuba" sum="€1,000" type="2"/>
  </round>
 </game>
 <game gamecode="11574867701">
  <general>
   <players>
    <player seat="1" chips="118,411" reg_code="" name="Mastihuba" dealer="0"/>
    <player seat="2" chips="88,108" reg_code="" name="vikinga30" dealer="0"/>
    <player seat="4" chips="186,661" reg_code="" name="bugfalse147" dealer="0"/>
    <player seat="5" chips="100,852" reg_code="" name="sektantave" dealer="0"/>
    <player seat="6" chips="101,405" reg_code="" name="Zuko13" dealer="0"/>
    <player seat="7" chips="107,204" reg_code="8406548267" name="Gfs1505" dealer="0"/>
    <player seat="9" chips="92,731" reg_code="" name="boycie57" dealer="0"/>
    <player seat="10" chips="84,940" reg_code="" name="DreAA777" dealer="1"/>
   </players>
  </general>
  <round no="0">
   <action no="1" player="Mastihuba" sum="€150" type="15"/>
   <action no="2" player="vikinga30" sum="€150" type="15"/>
   <action no="3" player="bugfalse147" sum="€150" type="15"/>
   <action no="4" player="sektantave" sum="€150" type="15"/>
   <action no="5" player="Zuko13" sum="€150" type="15"/>
   <action no="6" player="Gfs1505" sum="€150" type="15"/>
   <action no="7" player="boycie57" sum="€150" type="15"/>
   <action no="8" player="DreAA777" sum="€150" type="15"/>
   <action no="9" player="Mastihuba" sum="€500" type="1"/>
   <action no="10" player="vikinga30" sum="€1,000" type="2"/>
  </round>
 </game>
 <game gamecode="11574867762">
  <general>
   <players>
    <player seat="1" chips="117,761" reg_code="" name="Mastihuba" dealer="1"/>
    <player seat="2" chips="74,258" reg_code="" name="vikinga30" dealer="0"/>
    <player seat="4" chips="201,911" reg_code="" name="bugfalse147" dealer="0"/>
    <player seat="5" chips="100,702" reg_code="" name="sektantave" dealer="0"/>
    <player seat="6" chips="101,255" reg_code="" name="Zuko13" dealer="0"/>
    <player seat="7" chips="107,054" reg_code="8406548267" name="Gfs1505" dealer="0"/>
    <player seat="9" chips="92,581" reg_code="" name="boycie57" dealer="0"/>
    <player seat="10" chips="84,790" reg_code="" name="DreAA777" dealer="0"/>
   </players>
  </general>
  <round no="0">
   <action no="1" player="vikinga30" sum="€150" type="15"/>
   <action no="2" player="bugfalse147" sum="€150" type="15"/>
   <action no="3" player="sektantave" sum="€150" type="15"/>
   <action no="4" player="Zuko13" sum="€150" type="15"/>
   <action no="5" player="Gfs1505" sum="€150" type="15"/>
   <action no="6" player="boycie57" sum="€150" type="15"/>
   <action no="7" player="DreAA777" sum="€150" type="15"/>
   <action no="8" player="Mastihuba" sum="€150" type="15"/>
   <action no="9" player="vikinga30" sum="€500" type="1"/>
   <action no="10" player="bugfalse147" sum="€1,000" type="2"/>
  </round>
 </game>
 <game gamecode="11574867866">
  <general>
   <players>
    <player seat="1" chips="138,411" reg_code="" name="Mastihuba" dealer="0"/>
    <player seat="2" chips="73,608" reg_code="" name="vikinga30" dealer="1"/>
    <player seat="4" chips="182,661" reg_code="" name="bugfalse147" dealer="0"/>
    <player seat="5" chips="100,552" reg_code="" name="sektantave" dealer="0"/>
    <player seat="6" chips="101,105" reg_code="" name="Zuko13" dealer="0"/>
    <player seat="7" chips="106,904" reg_code="8406548267" name="Gfs1505" dealer="0"/>
    <player seat="9" chips="92,431" reg_code="" name="boycie57" dealer="0"/>
    <player seat="10" chips="84,640" reg_code="" name="DreAA777" dealer="0"/>
   </players>
  </general>
  <round no="0">
   <action no="1" player="bugfalse147" sum="€150" type="15"/>
   <action no="2" player="sektantave" sum="€150" type="15"/>
   <action no="3" player="Zuko13" sum="€150" type="15"/>
   <action no="4" player="Gfs1505" sum="€150" type="15"/>
   <action no="5" player="boycie57" sum="€150" type="15"/>
   <action no="6" player="DreAA777" sum="€150" type="15"/>
   <action no="7" player="Mastihuba" sum="€150" type="15"/>
   <action no="8" player="vikinga30" sum="€150" type="15"/>
   <action no="9" player="bugfalse147" sum="€500" type="1"/>
   <action no="10" player="sektantave" sum="€1,000" type="2"/>
  </round>
 </game>
 <game gamecode="11574867936">
  <general>
   <players>
    <player seat="1" chips="138,261" reg_code="" name="Mastihuba" dealer="0"/>
    <player seat="2" chips="68,458" reg_code="" name="vikinga30" dealer="0"/>
    <player seat="4" chips="189,711" reg_code="" name="bugfalse147" dealer="1"/>
    <player seat="5" chips="99,402" reg_code="" name="sektantave" dealer="0"/>
    <player seat="6" chips="100,955" reg_code="" name="Zuko13" dealer="0"/>
    <player seat="7" chips="106,754" reg_code="8406548267" name="Gfs1505" dealer="0"/>
    <player seat="9" chips="92,281" reg_code="" name="boycie57" dealer="0"/>
    <player seat="10" chips="84,490" reg_code="" name="DreAA777" dealer="0"/>
   </players>
  </general>
  <round no="0">
   <action no="1" player="sektantave" sum="€150" type="15"/>
   <action no="2" player="Zuko13" sum="€150" type="15"/>
   <action no="3" player="Gfs1505" sum="€150" type="15"/>
   <action no="4" player="boycie57" sum="€150" type="15"/>
   <action no="5" player="DreAA777" sum="€150" type="15"/>
   <action no="6" player="Mastihuba" sum="€150" type="15"/>
   <action no="7" player="vikinga30" sum="€150" type="15"/>
   <action no="8" player="bugfalse147" sum="€150" type="15"/>
   <action no="9" player="sektantave" sum="€500" type="1"/>
   <action no="10" player="Zuko13" sum="€1,000" type="2"/>
  </round>
 </game>
 <game gamecode="11574868013">
  <general>
   <players>
    <player seat="1" chips="138,111" reg_code="" name="Mastihuba" dealer="0"/>
    <player seat="2" chips="68,308" reg_code="" name="vikinga30" dealer="0"/>
    <player seat="4" chips="189,561" reg_code="" name="bugfalse147" dealer="0"/>
    <player seat="5" chips="96,752" reg_code="" name="sektantave" dealer="1"/>
    <player seat="6" chips="104,505" reg_code="" name="Zuko13" dealer="0"/>
    <player seat="7" chips="106,604" reg_code="8406548267" name="Gfs1505" dealer="0"/>
    <player seat="9" chips="92,131" reg_code="" name="boycie57" dealer="0"/>
    <player seat="10" chips="84,340" reg_code="" name="DreAA777" dealer="0"/>
   </players>
  </general>
  <round no="0">
   <action no="1" player="Zuko13" sum="€150" type="15"/>
   <action no="2" player="Gfs1505" sum="€150" type="15"/>
   <action no="3" player="boycie57" sum="€150" type="15"/>
   <action no="4" player="DreAA777" sum="€150" type="15"/>
   <action no="5" player="Mastihuba" sum="€150" type="15"/>
   <action no="6" player="vikinga30" sum="€150" type="15"/>
   <action no="7" player="bugfalse147" sum="€150" type="15"/>
   <action no="8" player="sektantave" sum="€150" type="15"/>
   <action no="9" player="Zuko13" sum="€500" type="1"/>
   <action no="10" player="Gfs1505" sum="€1,000" type="2"/>
  </round>
 </game>
 <game gamecode="11574868041">
  <general>
   <players>
    <player seat="1" chips="137,961" reg_code="" name="Mastihuba" dealer="0"/>
    <player seat="2" chips="68,158" reg_code="" name="vikinga30" dealer="0"/>
    <player seat="4" chips="189,411" reg_code="" name="bugfalse147" dealer="0"/>
    <player seat="5" chips="96,602" reg_code="" name="sektantave" dealer="0"/>
    <player seat="6" chips="103,855" reg_code="" name="Zuko13" dealer="1"/>
    <player seat="7" chips="105,454" reg_code="8406548267" name="Gfs1505" dealer="0"/>
    <player seat="9" chips="94,681" reg_code="" name="boycie57" dealer="0"/>
    <player seat="10" chips="84,190" reg_code="" name="DreAA777" dealer="0"/>
   </players>
  </general>
  <round no="0">
   <action no="1" player="Gfs1505" sum="€150" type="15"/>
   <action no="2" player="boycie57" sum="€150" type="15"/>
   <action no="3" player="DreAA777" sum="€150" type="15"/>
   <action no="4" player="Mastihuba" sum="€150" type="15"/>
   <action no="5" player="vikinga30" sum="€150" type="15"/>
   <action no="6" player="bugfalse147" sum="€150" type="15"/>
   <action no="7" player="sektantave" sum="€150" type="15"/>
   <action no="8" player="Zuko13" sum="€150" type="15"/>
   <action no="9" player="Gfs1505" sum="€500" type="1"/>
   <action no="10" player="boycie57" sum="€1,000" type="2"/>
  </round>
 </game>
 <game gamecode="11574868157">
  <general>
   <players>
    <player seat="1" chips="137,811" reg_code="" name="Mastihuba" dealer="0"/>
    <player seat="2" chips="78,308" reg_code="" name="vikinga30" dealer="0"/>
    <player seat="4" chips="189,261" reg_code="" name="bugfalse147" dealer="0"/>
    <player seat="5" chips="90,352" reg_code="" name="sektantave" dealer="0"/>
    <player seat="6" chips="103,705" reg_code="" name="Zuko13" dealer="0"/>
    <player seat="7" chips="103,304" reg_code="8406548267" name="Gfs1505" dealer="1"/>
    <player seat="9" chips="93,531" reg_code="" name="boycie57" dealer="0"/>
    <player seat="10" chips="84,040" reg_code="" name="DreAA777" dealer="0"/>
   </players>
  </general>
  <round no="0">
   <action no="1" player="boycie57" sum="€150" type="15"/>
   <action no="2" player="DreAA777" sum="€150" type="15"/>
   <action no="3" player="Mastihuba" sum="€150" type="15"/>
   <action no="4" player="vikinga30" sum="€150" type="15"/>
   <action no="5" player="bugfalse147" sum="€150" type="15"/>
   <action no="6" player="sektantave" sum="€150" type="15"/>
   <action no="7" player="Zuko13" sum="€150" type="15"/>
   <action no="8" player="Gfs1505" sum="€150" type="15"/>
   <action no="9" player="boycie57" sum="€500" type="1"/>
   <action no="10" player="DreAA777" sum="€1,000" type="2"/>
  </round>
 </game>
 <game gamecode="11574895689">
  <general>
   <players>
    <player seat="1" chips="137,661" reg_code="" name="Mastihuba" dealer="0"/>
    <player seat="2" chips="83,858" reg_code="" name="vikinga30" dealer="0"/>
    <player seat="4" chips="189,111" reg_code="" name="bugfalse147" dealer="0"/>
    <player seat="5" chips="90,202" reg_code="" name="sektantave" dealer="0"/>
    <player seat="6" chips="103,555" reg_code="" name="Zuko13" dealer="0"/>
    <player seat="7" chips="100,154" reg_code="8406548267" name="Gfs1505" dealer="0"/>
    <player seat="9" chips="92,881" reg_code="" name="boycie57" dealer="1"/>
    <player seat="10" chips="82,890" reg_code="" name="DreAA777" dealer="0"/>
   </players>
  </general>
  <round no="0">
   <action no="1" player="DreAA777" sum="€150" type="15"/>
   <action no="2" player="Mastihuba" sum="€150" type="15"/>
   <action no="3" player="vikinga30" sum="€150" type="15"/>
   <action no="4" player="bugfalse147" sum="€150" type="15"/>
   <action no="5" player="sektantave" sum="€150" type="15"/>
   <action no="6" player="Zuko13" sum="€150" type="15"/>
   <action no="7" player="Gfs1505" sum="€150" type="15"/>
   <action no="8" player="boycie57" sum="€150" type="15"/>
   <action no="9" player="DreAA777" sum="€500" type="1"/>
   <action no="10" player="Mastihuba" sum="€1,000" type="2"/>
  </round>
 </game>
 <game gamecode="11574895811">
  <general>
   <players>
    <player seat="1" chips="134,011" reg_code="" name="Mastihuba" dealer="0"/>
    <player seat="2" chips="61,996" reg_code="" name="vikinga30" dealer="0"/>
    <player seat="4" chips="185,461" reg_code="" name="bugfalse147" dealer="0"/>
    <player seat="5" chips="90,052" reg_code="" name="sektantave" dealer="0"/>
    <player seat="6" chips="103,405" reg_code="" name="Zuko13" dealer="0"/>
    <player seat="7" chips="100,004" reg_code="8406548267" name="Gfs1505" dealer="0"/>
    <player seat="9" chips="123,143" reg_code="" name="boycie57" dealer="0"/>
    <player seat="10" chips="82,240" reg_code="" name="DreAA777" dealer="1"/>
   </players>
  </general>
  <round no="0">
   <action no="1" player="Mastihuba" sum="€150" type="15"/>
   <action no="2" player="vikinga30" sum="€150" type="15"/>
   <action no="3" player="bugfalse147" sum="€150" type="15"/>
   <action no="4" player="sektantave" sum="€150" type="15"/>
   <action no="5" player="Zuko13" sum="€150" type="15"/>
   <action no="6" player="Gfs1505" sum="€150" type="15"/>
   <action no="7" player="boycie57" sum="€150" type="15"/>
   <action no="8" player="DreAA777" sum="€150" type="15"/>
   <action no="9" player="Mastihuba" sum="€500" type="1"/>
   <action no="10" player="vikinga30" sum="€1,000" type="2"/>
  </round>
 </game>
 <game gamecode="11574895874">
  <general>
   <players>
    <player seat="1" chips="133,361" reg_code="" name="Mastihuba" dealer="1"/>
    <player seat="2" chips="65,546" reg_code="" name="vikinga30" dealer="0"/>
    <player seat="4" chips="185,311" reg_code="" name="bugfalse147" dealer="0"/>
    <player seat="5" chips="89,902" reg_code="" name="sektantave" dealer="0"/>
    <player seat="6" chips="103,255" reg_code="" name="Zuko13" dealer="0"/>
    <player seat="7" chips="97,854" reg_code="8406548267" name="Gfs1505" dealer="0"/>
    <player seat="9" chips="122,993" reg_code="" name="boycie57" dealer="0"/>
    <player seat="10" chips="82,090" reg_code="" name="DreAA777" dealer="0"/>
   </players>
  </general>
  <round no="0">
   <action no="1" player="vikinga30" sum="€150" type="15"/>
   <action no="2" player="bugfalse147" sum="€150" type="15"/>
   <action no="3" player="sektantave" sum="€150" type="15"/>
   <action no="4" player="Zuko13" sum="€150" type="15"/>
   <action no="5" player="Gfs1505" sum="€150" type="15"/>
   <action no="6" player="boycie57" sum="€150" type="15"/>
   <action no="7" player="DreAA777" sum="€150" type="15"/>
   <action no="8" player="Mastihuba" sum="€150" type="15"/>
   <action no="9" player="vikinga30" sum="€500" type="1"/>
   <action no="10" player="bugfalse147" sum="€1,000" type="2"/>
  </round>
 </game>
 <game gamecode="11574895927">
  <general>
   <players>
    <player seat="1" chips="133,211" reg_code="" name="Mastihuba" dealer="0"/>
    <player seat="2" chips="67,596" reg_code="" name="vikinga30" dealer="1"/>
    <player seat="4" chips="184,161" reg_code="" name="bugfalse147" dealer="0"/>
    <player seat="5" chips="89,752" reg_code="" name="sektantave" dealer="0"/>
    <player seat="6" chips="103,105" reg_code="" name="Zuko13" dealer="0"/>
    <player seat="7" chips="97,704" reg_code="8406548267" name="Gfs1505" dealer="0"/>
    <player seat="9" chips="122,843" reg_code="" name="boycie57" dealer="0"/>
    <player seat="10" chips="81,940" reg_code="" name="DreAA777" dealer="0"/>
   </players>
  </general>
  <round no="0">
   <action no="1" player="bugfalse147" sum="€180" type="15"/>
   <action no="2" player="sektantave" sum="€180" type="15"/>
   <action no="3" player="Zuko13" sum="€180" type="15"/>
   <action no="4" player="Gfs1505" sum="€180" type="15"/>
   <action no="5" player="boycie57" sum="€180" type="15"/>
   <action no="6" player="DreAA777" sum="€180" type="15"/>
   <action no="7" player="Mastihuba" sum="€180" type="15"/>
   <action no="8" player="vikinga30" sum="€180" type="15"/>
   <action no="9" player="bugfalse147" sum="€600" type="1"/>
   <action no="10" player="sektantave" sum="€1,200" type="2"/>
  </round>
 </game>
 <game gamecode="11574896001">
  <general>
   <players>
    <player seat="1" chips="133,031" reg_code="" name="Mastihuba" dealer="0"/>
    <player seat="2" chips="67,416" reg_code="" name="vikinga30" dealer="0"/>
    <player seat="4" chips="149,167" reg_code="" name="bugfalse147" dealer="1"/>
    <player seat="5" chips="125,826" reg_code="" name="sektantave" dealer="0"/>
    <player seat="6" chips="102,925" reg_code="" name="Zuko13" dealer="0"/>
    <player seat="7" chips="97,524" reg_code="8406548267" name="Gfs1505" dealer="0"/>
    <player seat="9" chips="122,663" reg_code="" name="boycie57" dealer="0"/>
    <player seat="10" chips="81,760" reg_code="" name="DreAA777" dealer="0"/>
   </players>
  </general>
  <round no="0">
   <action no="1" player="sektantave" sum="€180" type="15"/>
   <action no="2" player="Zuko13" sum="€180" type="15"/>
   <action no="3" player="Gfs1505" sum="€180" type="15"/>
   <action no="4" player="boycie57" sum="€180" type="15"/>
   <action no="5" player="DreAA777" sum="€180" type="15"/>
   <action no="6" player="Mastihuba" sum="€180" type="15"/>
   <action no="7" player="vikinga30" sum="€180" type="15"/>
   <action no="8" player="bugfalse147" sum="€180" type="15"/>
   <action no="9" player="sektantave" sum="€600" type="1"/>
   <action no="10" player="Zuko13" sum="€1,200" type="2"/>
  </round>
 </game>
 <game gamecode="11574896089">
  <general>
   <players>
    <player seat="1" chips="233,435" reg_code="" name="Mastihuba" dealer="0"/>
    <player seat="2" chips="67,236" reg_code="" name="vikinga30" dealer="0"/>
    <player seat="4" chips="148,987" reg_code="" name="bugfalse147" dealer="0"/>
    <player seat="5" chips="125,046" reg_code="" name="sektantave" dealer="1"/>
    <player seat="6" chips="101,545" reg_code="" name="Zuko13" dealer="0"/>
    <player seat="9" chips="122,483" reg_code="" name="boycie57" dealer="0"/>
    <player seat="10" chips="81,580" reg_code="" name="DreAA777" dealer="0"/>
   </players>
  </general>
  <round no="0">
   <action no="1" player="Zuko13" sum="€180" type="15"/>
   <action no="2" player="boycie57" sum="€180" type="15"/>
   <action no="3" player="DreAA777" sum="€180" type="15"/>
   <action no="4" player="Mastihuba" sum="€180" type="15"/>
   <action no="5" player="vikinga30" sum="€180" type="15"/>
   <action no="6" player="bugfalse147" sum="€180" type="15"/>
   <action no="7" player="sektantave" sum="€180" type="15"/>
   <action no="8" player="Zuko13" sum="€600" type="1"/>
   <action no="9" player="boycie57" sum="€1,200" type="2"/>
  </round>
 </game>
</session>
