<?xml version="1.0" encoding="utf-8"?>
<session sessioncode="8406579749">
 <general>
  <mode>real</mode>
  <gametype>Holdem NL</gametype>
  <tablename>€12.5 TUESDAY MINI MAIN, 1130502400</tablename>
  <tournamentcurrency>1</tournamentcurrency>
  <currency>USD</currency>
  <nickname>Gfs1505</nickname>
  <buyin>€5.69 + €5.69 + €1.12</buyin>
  <totalbuyin>€6.81</totalbuyin>
 </general>
 <game gamecode="11574769130">
  <general>
   <players>
    <player seat="1" chips="267,647" reg_code="" name="TrustThe" dealer="0"/>
    <player seat="3" chips="96,174" reg_code="" name="vtm01" dealer="0"/>
    <player seat="4" chips="100,000" reg_code="8406579749" name="Gfs1505" dealer="0"/>
    <player seat="6" chips="73,750" reg_code="" name="duke996sky" dealer="1"/>
    <player seat="8" chips="104,370" reg_code="" name="Kasasus" dealer="0"/>
    <player seat="9" chips="258,293" reg_code="" name="moozeevv" dealer="0"/>
    <player seat="10" chips="422,929" reg_code="" name="VIPa4" dealer="0"/>
   </players>
  </general>
  <round no="0">
   <action no="1" player="Kasasus" sum="€250" type="15"/>
   <action no="2" player="moozeevv" sum="€250" type="15"/>
   <action no="3" player="VIPa4" sum="€250" type="15"/>
   <action no="4" player="TrustThe" sum="€250" type="15"/>
   <action no="5" player="vtm01" sum="€250" type="15"/>
   <action no="6" player="Gfs1505" sum="€250" type="15"/>
   <action no="7" player="duke996sky" sum="€250" type="15"/>
   <action no="8" player="Kasasus" sum="€800" type="1"/>
   <action no="9" player="moozeevv" sum="€1,600" type="2"/>
  </round>
 </game>
 <game gamecode="11574769262">
  <general>
   <players>
    <player seat="1" chips="267,397" reg_code="" name="TrustThe" dealer="0"/>
    <player seat="3" chips="95,924" reg_code="" name="vtm01" dealer="0"/>
    <player seat="4" chips="86,875" reg_code="8406579749" name="Gfs1505" dealer="0"/>
    <player seat="6" chips="73,500" reg_code="" name="duke996sky" dealer="0"/>
    <player seat="8" chips="135,620" reg_code="" name="Kasasus" dealer="1"/>
    <player seat="9" chips="254,043" reg_code="" name="moozeevv" dealer="0"/>
    <player seat="10" chips="409,804" reg_code="" name="VIPa4" dealer="0"/>
   </players>
  </general>
  <round no="0">
   <action no="1" player="moozeevv" sum="€250" type="15"/>
   <action no="2" player="VIPa4" sum="€250" type="15"/>
   <action no="3" player="TrustThe" sum="€250" type="15"/>
   <action no="4" player="vtm01" sum="€250" type="15"/>
   <action no="5" player="Gfs1505" sum="€250" type="15"/>
   <action no="6" player="duke996sky" sum="€250" type="15"/>
   <action no="7" player="Kasasus" sum="€250" type="15"/>
   <action no="8" player="moozeevv" sum="€800" type="1"/>
   <action no="9" player="VIPa4" sum="€1,600" type="2"/>
  </round>
 </game>
 <game gamecode="11574769373">
  <general>
   <players>
    <player seat="1" chips="267,147" reg_code="" name="TrustThe" dealer="0"/>
    <player seat="3" chips="95,674" reg_code="" name="vtm01" dealer="0"/>
    <player seat="4" chips="86,625" reg_code="8406579749" name="Gfs1505" dealer="0"/>
    <player seat="6" chips="86,200" reg_code="" name="duke996sky" dealer="0"/>
    <player seat="8" chips="133,770" reg_code="" name="Kasasus" dealer="0"/>
    <player seat="9" chips="252,193" reg_code="" name="moozeevv" dealer="1"/>
    <player seat="10" chips="401,554" reg_code="" name="VIPa4" dealer="0"/>
   </players>
  </general>
  <round no="0">
   <action no="1" player="VIPa4" sum="€250" type="15"/>
   <action no="2" player="TrustThe" sum="€250" type="15"/>
   <action no="3" player="vtm01" sum="€250" type="15"/>
   <action no="4" player="Gfs1505" sum="€250" type="15"/>
   <action no="5" player="duke996sky" sum="€250" type="15"/>
   <action no="6" player="Kasasus" sum="€250" type="15"/>
   <action no="7" player="moozeevv" sum="€250" type="15"/>
   <action no="8" player="VIPa4" sum="€800" type="1"/>
   <action no="9" player="TrustThe" sum="€1,600" type="2"/>
  </round>
 </game>
 <game gamecode="11574769436">
  <general>
   <players>
    <player seat="1" chips="269,447" reg_code="" name="TrustThe" dealer="0"/>
    <player seat="3" chips="95,424" reg_code="" name="vtm01" dealer="0"/>
    <player seat="4" chips="86,375" reg_code="8406579749" name="Gfs1505" dealer="0"/>
    <player seat="6" chips="85,950" reg_code="" name="duke996sky" dealer="0"/>
    <player seat="8" chips="133,520" reg_code="" name="Kasasus" dealer="0"/>
    <player seat="9" chips="251,943" reg_code="" name="moozeevv" dealer="0"/>
    <player seat="10" chips="400,504" reg_code="" name="VIPa4" dealer="1"/>
   </players>
  </general>
  <round no="0">
   <action no="1" player="TrustThe" sum="€250" type="15"/>
   <action no="2" player="vtm01" sum="€250" type="15"/>
   <action no="3" player="Gfs1505" sum="€250" type="15"/>
   <action no="4" player="duke996sky" sum="€250" type="15"/>
   <action no="5" player="Kasasus" sum="€250" type="15"/>
   <action no="6" player="moozeevv" sum="€250" type="15"/>
   <action no="7" player="VIPa4" sum="€250" type="15"/>
   <action no="8" player="TrustThe" sum="€800" type="1"/>
   <action no="9" player="vtm01" sum="€1,600" type="2"/>
  </round>
 </game>
 <game gamecode="11574806012">
  <general>
   <players>
    <player seat="1" chips="268,397" reg_code="" name="TrustThe" dealer="1"/>
    <player seat="3" chips="91,974" reg_code="" name="vtm01" dealer="0"/>
    <player seat="4" chips="86,125" reg_code="8406579749" name="Gfs1505" dealer="0"/>
    <player seat="6" chips="85,700" reg_code="" name="duke996sky" dealer="0"/>
    <player seat="8" chips="133,270" reg_code="" name="Kasasus" dealer="0"/>
    <player seat="9" chips="257,443" reg_code="" name="moozeevv" dealer="0"/>
    <player seat="10" chips="400,254" reg_code="" name="VIPa4" dealer="0"/>
   </players>
  </general>
  <round no="0">
   <action no="1" player="vtm01" sum="€250" type="15"/>
   <action no="2" player="Gfs1505" sum="€250" type="15"/>
   <action no="3" player="duke996sky" sum="€250" type="15"/>
   <action no="4" player="Kasasus" sum="€250" type="15"/>
   <action no="5" player="moozeevv" sum="€250" type="15"/>
   <action no="6" player="VIPa4" sum="€250" type="15"/>
   <action no="7" player="TrustThe" sum="€250" type="15"/>
   <action no="8" player="vtm01" sum="€800" type="1"/>
   <action no="9" player="Gfs1505" sum="€1,600" type="2"/>
  </round>
 </game>
 <game gamecode="11574806111">
  <general>
   <players>
    <player seat="1" chips="261,463" reg_code="" name="TrustThe" dealer="0"/>
    <player seat="3" chips="90,924" reg_code="" name="vtm01" dealer="1"/>
    <player seat="4" chips="95,109" reg_code="8406579749" name="Gfs1505" dealer="0"/>
    <player seat="6" chips="85,450" reg_code="" name="duke996sky" dealer="0"/>
    <player seat="8" chips="133,020" reg_code="" name="Kasasus" dealer="0"/>
    <player seat="9" chips="257,193" reg_code="" name="moozeevv" dealer="0"/>
    <player seat="10" chips="400,004" reg_code="" name="VIPa4" dealer="0"/>
   </players>
  </general>
  <round no="0">
   <action no="1" player="Gfs1505" sum="€250" type="15"/>
   <action no="2" player="duke996sky" sum="€250" type="15"/>
   <action no="3" player="Kasasus" sum="€250" type="15"/>
   <action no="4" player="moozeevv" sum="€250" type="15"/>
   <action no="5" player="VIPa4" sum="€250" type="15"/>
   <action no="6" player="TrustThe" sum="€250" type="15"/>
   <action no="7" player="vtm01" sum="€250" type="15"/>
   <action no="8" player="Gfs1505" sum="€800" type="1"/>
   <action no="9" player="duke996sky" sum="€1,600" type="2"/>
  </round>
 </game>
 <game gamecode="11574806216">
  <general>
   <players>
    <player seat="1" chips="261,213" reg_code="" name="TrustThe" dealer="0"/>
    <player seat="3" chips="90,674" reg_code="" name="vtm01" dealer="0"/>
    <player seat="4" chips="94,059" reg_code="8406579749" name="Gfs1505" dealer="1"/>
    <player seat="6" chips="93,903" reg_code="" name="duke996sky" dealer="0"/>
    <player seat="8" chips="132,770" reg_code="" name="Kasasus" dealer="0"/>
    <player seat="9" chips="250,790" reg_code="" name="moozeevv" dealer="0"/>
    <player seat="10" chips="399,754" reg_code="" name="VIPa4" dealer="0"/>
   </players>
  </general>
  <round no="0">
   <action no="1" player="duke996sky" sum="€275" type="15"/>
   <action no="2" player="Kasasus" sum="€275" type="15"/>
   <action no="3" player="moozeevv" sum="€275" type="15"/>
   <action no="4" player="VIPa4" sum="€275" type="15"/>
   <action no="5" player="TrustThe" sum="€275" type="15"/>
   <action no="6" player="vtm01" sum="€275" type="15"/>
   <action no="7" player="Gfs1505" sum="€275" type="15"/>
   <action no="8" player="duke996sky" sum="€900" type="1"/>
   <action no="9" player="Kasasus" sum="€1,800" type="2"/>
  </round>
 </game>
 <game gamecode="11574806260">
  <general>
   <players>
    <player seat="1" chips="260,938" reg_code="" name="TrustThe" dealer="0"/>
    <player seat="3" chips="90,399" reg_code="" name="vtm01" dealer="0"/>
    <player seat="4" chips="93,784" reg_code="8406579749" name="Gfs1505" dealer="0"/>
    <player seat="6" chips="90,028" reg_code="" name="duke996sky" dealer="1"/>
    <player seat="8" chips="138,020" reg_code="" name="Kasasus" dealer="0"/>
    <player seat="9" chips="250,515" reg_code="" name="moozeevv" dealer="0"/>
    <player seat="10" chips="399,479" reg_code="" name="VIPa4" dealer="0"/>
   </players>
  </general>
  <round no="0">
   <action no="1" player="Kasasus" sum="€275" type="15"/>
   <action no="2" player="moozeevv" sum="€275" type="15"/>
   <action no="3" player="VIPa4" sum="€275" type="15"/>
   <action no="4" player="TrustThe" sum="€275" type="15"/>
   <action no="5" player="vtm01" sum="€275" type="15"/>
   <action no="6" player="Gfs1505" sum="€275" type="15"/>
   <action no="7" player="duke996sky" sum="€275" type="15"/>
   <action no="8" player="Kasasus" sum="€900" type="1"/>
   <action no="9" player="moozeevv" sum="€1,800" type="2"/>
  </round>
 </game>
 <game gamecode="11574806352">
  <general>
   <players>
    <player seat="1" chips="268,708" reg_code="" name="TrustThe" dealer="0"/>
    <player seat="3" chips="90,124" reg_code="" name="vtm01" dealer="0"/>
    <player seat="4" chips="93,509" reg_code="8406579749" name="Gfs1505" dealer="0"/>
    <player seat="6" chips="89,753" reg_code="" name="duke996sky" dealer="0"/>
    <player seat="8" chips="133,425" reg_code="" name="Kasasus" dealer="1"/>
    <player seat="9" chips="248,440" reg_code="" name="moozeevv" dealer="0"/>
    <player seat="10" chips="399,204" reg_code="" name="VIPa4" dealer="0"/>
   </players>
  </general>
  <round no="0">
   <action no="1" player="moozeevv" sum="€275" type="15"/>
   <action no="2" player="VIPa4" sum="€275" type="15"/>
   <action no="3" player="TrustThe" sum="€275" type="15"/>
   <action no="4" player="vtm01" sum="€275" type="15"/>
   <action no="5" player="Gfs1505" sum="€275" type="15"/>
   <action no="6" player="duke996sky" sum="€275" type="15"/>
   <action no="7" player="Kasasus" sum="€275" type="15"/>
   <action no="8" player="moozeevv" sum="€900" type="1"/>
   <action no="9" player="VIPa4" sum="€1,800" type="2"/>
  </round>
 </game>
 <game gamecode="11574806376">
  <general>
   <players>
    <player seat="1" chips="268,433" reg_code="" name="TrustThe" dealer="0"/>
    <player seat="3" chips="89,849" reg_code="" name="vtm01" dealer="0"/>
    <player seat="4" chips="93,234" reg_code="8406579749" name="Gfs1505" dealer="0"/>
    <player seat="6" chips="89,478" reg_code="" name="duke996sky" dealer="0"/>
    <player seat="8" chips="137,775" reg_code="" name="Kasasus" dealer="0"/>
    <player seat="9" chips="247,265" reg_code="" name="moozeevv" dealer="1"/>
    <player seat="10" chips="397,129" reg_code="" name="VIPa4" dealer="0"/>
   </players>
  </general>
  <round no="0">
   <action no="1" player="VIPa4" sum="€275" type="15"/>
   <action no="2" player="TrustThe" sum="€275" type="15"/>
   <action no="3" player="vtm01" sum="€275" type="15"/>
   <action no="4" player="Gfs1505" sum="€275" type="15"/>
   <action no="5" player="duke996sky" sum="€275" type="15"/>
   <action no="6" player="Kasasus" sum="€275" type="15"/>
   <action no="7" player="moozeevv" sum="€275" type="15"/>
   <action no="8" player="VIPa4" sum="€900" type="1"/>
   <action no="9" player="TrustThe" sum="€1,800" type="2"/>
  </round>
 </game>
 <game gamecode="11574806440">
  <general>
   <players>
    <player seat="1" chips="266,358" reg_code="" name="TrustThe" dealer="0"/>
    <player seat="4" chips="92,959" reg_code="8406579749" name="Gfs1505" dealer="0"/>
    <player seat="6" chips="93,828" reg_code="" name="duke996sky" dealer="0"/>
    <player seat="8" chips="137,500" reg_code="" name="Kasasus" dealer="0"/>
    <player seat="9" chips="246,990" reg_code="" name="moozeevv" dealer="0"/>
    <player seat="10" chips="395,954" reg_code="" name="VIPa4" dealer="1"/>
   </players>
  </general>
  <round no="0">
   <action no="1" player="TrustThe" sum="€275" type="15"/>
   <action no="2" player="Gfs1505" sum="€275" type="15"/>
   <action no="3" player="duke996sky" sum="€275" type="15"/>
   <action no="4" player="Kasasus" sum="€275" type="15"/>
   <action no="5" player="moozeevv" sum="€275" type="15"/>
   <action no="6" player="VIPa4" sum="€275" type="15"/>
   <action no="7" player="TrustThe" sum="€900" type="1"/>
   <action no="8" player="Gfs1505" sum="€1,800" type="2"/>
  </round>
 </game>
 <game gamecode="11574806507">
  <general>
   <players>
    <player seat="1" chips="265,183" reg_code="" name="TrustThe" dealer="1"/>
    <player seat="3" chips="100,000" reg_code="" name="diamondfair299" dealer="0"/>
    <player seat="4" chips="89,084" reg_code="8406579749" name="Gfs1505" dealer="0"/>
    <player seat="6" chips="93,553" reg_code="" name="duke996sky" dealer="0"/>
    <player seat="8" chips="137,225" reg_code="" name="Kasasus" dealer="0"/>
    <player seat="9" chips="252,865" reg_code="" name="moozeevv" dealer="0"/>
    <player seat="10" chips="395,679" reg_code="" name="VIPa4" dealer="0"/>
   </players>
  </general>
  <round no="0">
   <action no="1" player="Gfs1505" sum="€275" type="15"/>
   <action no="2" player="duke996sky" sum="€275" type="15"/>
   <action no="3" player="Kasasus" sum="€275" type="15"/>
   <action no="4" player="moozeevv" sum="€275" type="15"/>
   <action no="5" player="VIPa4" sum="€275" type="15"/>
   <action no="6" player="TrustThe" sum="€275" type="15"/>
   <action no="7" player="Gfs1505" sum="€900" type="1"/>
   <action no="8" player="duke996sky" sum="€1,800" type="2"/>
  </round>
 </game>
 <game gamecode="11574806597">
  <general>
   <players>
    <player seat="1" chips="264,908" reg_code="" name="TrustThe" dealer="0"/>
    <player seat="3" chips="100,000" reg_code="" name="diamondfair299" dealer="0"/>
    <player seat="4" chips="85,209" reg_code="8406579749" name="Gfs1505" dealer="1"/>
    <player seat="6" chips="89,678" reg_code="" name="duke996sky" dealer="0"/>
    <player seat="8" chips="136,950" reg_code="" name="Kasasus" dealer="0"/>
    <player seat="9" chips="261,440" reg_code="" name="moozeevv" dealer="0"/>
    <player seat="10" chips="395,404" reg_code="" name="VIPa4" dealer="0"/>
   </players>
  </general>
  <round no="0">
   <action no="1" player="duke996sky" sum="€275" type="15"/>
   <action no="2" player="Kasasus" sum="€275" type="15"/>
   <action no="3" player="moozeevv" sum="€275" type="15"/>
   <action no="4" player="VIPa4" sum="€275" type="15"/>
   <action no="5" player="TrustThe" sum="€275" type="15"/>
   <action no="6" player="diamondfair299" sum="€275" type="15"/>
   <action no="7" player="Gfs1505" sum="€275" type="15"/>
   <action no="8" player="duke996sky" sum="€900" type="1"/>
   <action no="9" player="Kasasus" sum="€1,800" type="2"/>
  </round>
 </game>
 <game gamecode="11574806630">
  <general>
   <players>
    <player seat="1" chips="264,633" reg_code="" name="TrustThe" dealer="0"/>
    <player seat="3" chips="104,350" reg_code="" name="diamondfair299" dealer="0"/>
    <player seat="4" chips="84,934" reg_code="8406579749" name="Gfs1505" dealer="0"/>
    <player seat="6" chips="88,503" reg_code="" name="duke996sky" dealer="1"/>
    <player seat="8" chips="134,875" reg_code="" name="Kasasus" dealer="0"/>
    <player seat="9" chips="261,165" reg_code="" name="moozeevv" dealer="0"/>
    <player seat="10" chips="395,129" reg_code="" name="VIPa4" dealer="0"/>
   </players>
  </general>
  <round no="0">
   <action no="1" player="Kasasus" sum="€275" type="15"/>
   <action no="2" player="moozeevv" sum="€275" type="15"/>
   <action no="3" player="VIPa4" sum="€275" type="15"/>
   <action no="4" player="TrustThe" sum="€275" type="15"/>
   <action no="5" player="diamondfair299" sum="€275" type="15"/>
   <action no="6" player="Gfs1505" sum="€275" type="15"/>
   <action no="7" player="duke996sky" sum="€275" type="15"/>
   <action no="8" player="Kasasus" sum="€900" type="1"/>
   <action no="9" player="moozeevv" sum="€1,800" type="2"/>
  </round>
 </game>
 <game gamecode="11574838782">
  <general>
   <players>
    <player seat="1" chips="233,901" reg_code="" name="TrustThe" dealer="0"/>
    <player seat="3" chips="145,097" reg_code="" name="diamondfair299" dealer="0"/>
    <player seat="4" chips="84,659" reg_code="8406579749" name="Gfs1505" dealer="0"/>
    <player seat="6" chips="88,228" reg_code="" name="duke996sky" dealer="0"/>
    <player seat="8" chips="130,280" reg_code="" name="Kasasus" dealer="1"/>
    <player seat="9" chips="256,570" reg_code="" name="moozeevv" dealer="0"/>
    <player seat="10" chips="394,854" reg_code="" name="VIPa4" dealer="0"/>
   </players>
  </general>
  <round no="0">
   <action no="1" player="moozeevv" sum="€275" type="15"/>
   <action no="2" player="VIPa4" sum="€275" type="15"/>
   <action no="3" player="TrustThe" sum="€275" type="15"/>
   <action no="4" player="diamondfair299" sum="€275" type="15"/>
   <action no="5" player="Gfs1505" sum="€275" type="15"/>
   <action no="6" player="duke996sky" sum="€275" type="15"/>
   <action no="7" player="Kasasus" sum="€275" type="15"/>
   <action no="8" player="moozeevv" sum="€900" type="1"/>
   <action no="9" player="VIPa4" sum="€1,800" type="2"/>
  </round>
 </game>
 <game gamecode="11574838858">
  <general>
   <players>
    <player seat="1" chips="233,626" reg_code="" name="TrustThe" dealer="0"/>
    <player seat="3" chips="153,047" reg_code="" name="diamondfair299" dealer="0"/>
    <player seat="4" chips="84,384" reg_code="8406579749" name="Gfs1505" dealer="0"/>
    <player seat="6" chips="84,353" reg_code="" name="duke996sky" dealer="0"/>
    <player seat="8" chips="130,005" reg_code="" name="Kasasus" dealer="0"/>
    <player seat="9" chips="255,395" reg_code="" name="moozeevv" dealer="1"/>
    <player seat="10" chips="392,779" reg_code="" name="VIPa4" dealer="0"/>
   </players>
  </general>
  <round no="0">
   <action no="1" player="VIPa4" sum="€275" type="15"/>
   <action no="2" player="TrustThe" sum="€275" type="15"/>
   <action no="3" player="diamondfair299" sum="€275" type="15"/>
   <action no="4" player="Gfs1505" sum="€275" type="15"/>
   <action no="5" player="duke996sky" sum="€275" type="15"/>
   <action no="6" player="Kasasus" sum="€275" type="15"/>
   <action no="7" player="moozeevv" sum="€275" type="15"/>
   <action no="8" player="VIPa4" sum="€900" type="1"/>
   <action no="9" player="TrustThe" sum="€1,800" type="2"/>
  </round>
 </game>
 <game gamecode="11574838922">
  <general>
   <players>
    <player seat="1" chips="227,951" reg_code="" name="TrustThe" dealer="0"/>
    <player seat="3" chips="160,997" reg_code="" name="diamondfair299" dealer="0"/>
    <player seat="4" chips="84,109" reg_code="8406579749" name="Gfs1505" dealer="0"/>
    <player seat="6" chips="84,078" reg_code="" name="duke996sky" dealer="0"/>
    <player seat="8" chips="129,730" reg_code="" name="Kasasus" dealer="0"/>
    <player seat="9" chips="255,120" reg_code="" name="moozeevv" dealer="0"/>
    <player seat="10" chips="391,604" reg_code="" name="VIPa4" dealer="1"/>
   </players>
  </general>
  <round no="0">
   <action no="1" player="TrustThe" sum="€275" type="15"/>
   <action no="2" player="diamondfair299" sum="€275" type="15"/>
   <action no="3" player="Gfs1505" sum="€275" type="15"/>
   <action no="4" player="duke996sky" sum="€275" type="15"/>
   <action no="5" player="Kasasus" sum="€275" type="15"/>
   <action no="6" player="moozeevv" sum="€275" type="15"/>
   <action no="7" player="VIPa4" sum="€275" type="15"/>
   <action no="8" player="TrustThe" sum="€900" type="1"/>
   <action no="9" player="diamondfair299" sum="€1,800" type="2"/>
  </round>
 </game>
 <game gamecode="11574838985">
  <general>
   <players>
    <player seat="1" chips="226,776" reg_code="" name="TrustThe" dealer="1"/>
    <player seat="3" chips="157,122" reg_code="" name="diamondfair299" dealer="0"/>
    <player seat="4" chips="83,834" reg_code="8406579749" name="Gfs1505" dealer="0"/>
    <player seat="6" chips="83,803" reg_code="" name="duke996sky" dealer="0"/>
    <player seat="8" chips="129,455" reg_code="" name="Kasasus" dealer="0"/>
    <player seat="9" chips="254,845" reg_code="" name="moozeevv" dealer="0"/>
    <player seat="10" chips="397,754" reg_code="" name="VIPa4" dealer="0"/>
   </players>
  </general>
  <round no="0">
   <action no="1" player="diamondfair299" sum="€275" type="15"/>
   <action no="2" player="Gfs1505" sum="€275" type="15"/>
   <action no="3" player="duke996sky" sum="€275" type="15"/>
   <action no="4" player="Kasasus" sum="€275" type="15"/>
   <action no="5" player="moozeevv" sum="€275" type="15"/>
   <action no="6" player="VIPa4" sum="€275" type="15"/>
   <action no="7" player="TrustThe" sum="€275" type="15"/>
   <action no="8" player="diamondfair299" sum="€900" type="1"/>
   <action no="9" player="Gfs1505" sum="€1,800" type="2"/>
  </round>
 </game>
 <game gamecode="11574839125">
  <general>
   <players>
    <player seat="1" chips="226,501" reg_code="" name="TrustThe" dealer="0"/>
    <player seat="3" chips="73,288" reg_code="" name="diamondfair299" dealer="1"/>
    <player seat="4" chips="172,643" reg_code="8406579749" name="Gfs1505" dealer="0"/>
    <player seat="6" chips="83,528" reg_code="" name="duke996sky" dealer="0"/>
    <player seat="8" chips="125,580" reg_code="" name="Kasasus" dealer="0"/>
    <player seat="9" chips="254,570" reg_code="" name="moozeevv" dealer="0"/>
    <player seat="10" chips="397,479" reg_code="" name="VIPa4" dealer="0"/>
   </players>
  </general>
  <round no="0">
   <action no="1" player="Gfs1505" sum="€275" type="15"/>
   <action no="2" player="duke996sky" sum="€275" type="15"/>
   <action no="3" player="Kasasus" sum="€275" type="15"/>
   <action no="4" player="moozeevv" sum="€275" type="15"/>
   <action no="5" player="VIPa4" sum="€275" type="15"/>
   <action no="6" player="TrustThe" sum="€275" type="15"/>
   <action no="7" player="diamondfair299" sum="€275" type="15"/>
   <action no="8" player="Gfs1505" sum="€900" type="1"/>
   <action no="9" player="duke996sky" sum="€1,800" type="2"/>
  </round>
 </game>
 <game gamecode="11574839210">
  <general>
   <players>
    <player seat="1" chips="226,226" reg_code="" name="TrustThe" dealer="0"/>
    <player seat="3" chips="53,989" reg_code="" name="diamondfair299" dealer="0"/>
    <player seat="4" chips="171,468" reg_code="8406579749" name="Gfs1505" dealer="1"/>
    <player seat="6" chips="105,102" reg_code="" name="duke996sky" dealer="0"/>
    <player seat="8" chips="125,305" reg_code="" name="Kasasus" dealer="0"/>
    <player seat="9" chips="254,295" reg_code="" name="moozeevv" dealer="0"/>
    <player seat="10" chips="397,204" reg_code="" name="VIPa4" dealer="0"/>
   </players>
  </general>
  <round no="0">
   <action no="1" player="duke996sky" sum="€275" type="15"/>
   <action no="2" player="Kasasus" sum="€275" type="15"/>
   <action no="3" player="moozeevv" sum="€275" type="15"/>
   <action no="4" player="VIPa4" sum="€275" type="15"/>
   <action no="5" player="TrustThe" sum="€275" type="15"/>
   <action no="6" player="diamondfair299" sum="€275" type="15"/>
   <action no="7" player="Gfs1505" sum="€275" type="15"/>
   <action no="8" player="duke996sky" sum="€900" type="1"/>
   <action no="9" player="Kasasus" sum="€1,800" type="2"/>
  </round>
 </game>
 <game gamecode="11574839273">
  <general>
   <players>
    <player seat="1" chips="225,951" reg_code="" name="TrustThe" dealer="0"/>
    <player seat="3" chips="61,939" reg_code="" name="diamondfair299" dealer="0"/>
    <player seat="4" chips="171,193" reg_code="8406579749" name="Gfs1505" dealer="0"/>
    <player seat="6" chips="103,927" reg_code="" name="duke996sky" dealer="1"/>
    <player seat="8" chips="119,630" reg_code="" name="Kasasus" dealer="0"/>
    <player seat="9" chips="254,020" reg_code="" name="moozeevv" dealer="0"/>
    <player seat="10" chips="396,929" reg_code="" name="VIPa4" dealer="0"/>
   </players>
  </general>
  <round no="0">
   <action no="1" player="Kasasus" sum="€275" type="15"/>
   <action no="2" player="moozeevv" sum="€275" type="15"/>
   <action no="3" player="VIPa4" sum="€275" type="15"/>
   <action no="4" player="TrustThe" sum="€275" type="15"/>
   <action no="5" player="diamondfair299" sum="€275" type="15"/>
   <action no="6" player="Gfs1505" sum="€275" type="15"/>
   <action no="7" player="duke996sky" sum="€275" type="15"/>
   <action no="8" player="Kasasus" sum="€900" type="1"/>
   <action no="9" player="moozeevv" sum="€1,800" type="2"/>
  </round>
 </game>
 <game gamecode="11574839324">
  <general>
   <players>
    <player seat="1" chips="225,676" reg_code="" name="TrustThe" dealer="0"/>
    <player seat="3" chips="66,289" reg_code="" name="diamondfair299" dealer="0"/>
    <player seat="4" chips="170,918" reg_code="8406579749" name="Gfs1505" dealer="0"/>
    <player seat="6" chips="103,652" reg_code="" name="duke996sky" dealer="0"/>
    <player seat="8" chips="118,455" reg_code="" name="Kasasus" dealer="1"/>
    <player seat="10" chips="396,654" reg_code="" name="VIPa4" dealer="0"/>
   </players>
  </general>
  <round no="0">
   <action no="1" player="VIPa4" sum="€275" type="15"/>
   <action no="2" player="TrustThe" sum="€275" type="15"/>
   <action no="3" player="diamondfair299" sum="€275" type="15"/>
   <action no="4" player="Gfs1505" sum="€275" type="15"/>
   <action no="5" player="duke996sky" sum="€275" type="15"/>
   <action no="6" player="Kasasus" sum="€275" type="15"/>
   <action no="7" player="VIPa4" sum="€1,800" type="2"/>
  </round>
 </game>
 <game gamecode="11574839393">
  <general>
   <players>
    <player seat="1" chips="225,401" reg_code="" name="TrustThe" dealer="0"/>
    <player seat="3" chips="80,264" reg_code="" name="diamondfair299" dealer="0"/>
    <player seat="4" chips="165,243" reg_code="8406579749" name="Gfs1505" dealer="0"/>
    <player seat="6" chips="97,977" reg_code="" name="duke996sky" dealer="0"/>
    <player seat="8" chips="118,180" reg_code="" name="Kasasus" dealer="0"/>
    <player seat="9" chips="286,559" reg_code="" name="tommie222" dealer="0"/>
    <player seat="10" chips="394,579" reg_code="" name="VIPa4" dealer="1"/>
   </players>
  </general>
  <round no="0">
   <action no="1" player="TrustThe" sum="€275" type="15"/>
   <action no="2" player="diamondfair299" sum="€275" type="15"/>
   <action no="3" player="Gfs1505" sum="€275" type="15"/>
   <action no="4" player="duke996sky" sum="€275" type="15"/>
   <action no="5" player="Kasasus" sum="€275" type="15"/>
   <action no="6" player="tommie222" sum="€275" type="15"/>
   <action no="7" player="VIPa4" sum="€275" type="15"/>
   <action no="8" player="TrustThe" sum="€900" type="1"/>
   <action no="9" player="diamondfair299" sum="€1,800" type="2"/>
  </round>
 </game>
 <game gamecode="11574866408">
  <general>
   <players>
    <player seat="1" chips="224,226" reg_code="" name="TrustThe" dealer="1"/>
    <player seat="3" chips="67,777" reg_code="" name="diamondfair299" dealer="0"/>
    <player seat="4" chips="164,968" reg_code="8406579749" name="Gfs1505" dealer="0"/>
    <player seat="6" chips="112,739" reg_code="" name="duke996sky" dealer="0"/>
    <player seat="8" chips="117,905" reg_code="" name="Kasasus" dealer="0"/>
    <player seat="9" chips="286,284" reg_code="" name="tommie222" dealer="0"/>
    <player seat="10" chips="394,304" reg_code="" name="VIPa4" dealer="0"/>
   </players>
  </general>
  <round no="0">
   <action no="1" player="diamondfair299" sum="€300" type="15"/>
   <action no="2" player="Gfs1505" sum="€300" type="15"/>
   <action no="3" player="duke996sky" sum="€300" type="15"/>
   <action no="4" player="Kasasus" sum="€300" type="15"/>
   <action no="5" player="tommie222" sum="€300" type="15"/>
   <action no="6" player="VIPa4" sum="€300" type="15"/>
   <action no="7" player="TrustThe" sum="€300" type="15"/>
   <action no="8" player="diamondfair299" sum="€1,000" type="1"/>
   <action no="9" player="Gfs1505" sum="€2,000" type="2"/>
  </round>
 </game>
 <game gamecode="11574866516">
  <general>
   <players>
    <player seat="3" chips="49,477" reg_code="" name="diamondfair299" dealer="1"/>
    <player seat="4" chips="47,063" reg_code="8406579749" name="Gfs1505" dealer="0"/>
    <player seat="6" chips="112,439" reg_code="" name="duke996sky" dealer="0"/>
    <player seat="8" chips="255,310" reg_code="" name="Kasasus" dealer="0"/>
    <player seat="9" chips="285,984" reg_code="" name="tommie222" dealer="0"/>
    <player seat="10" chips="394,004" reg_code="" name="VIPa4" dealer="0"/>
   </players>
  </general>
  <round no="0">
   <action no="1" player="Gfs1505" sum="€300" type="15"/>
   <action no="2" player="duke996sky" sum="€300" type="15"/>
   <action no="3" player="Kasasus" sum="€300" type="15"/>
   <action no="4" player="tommie222" sum="€300" type="15"/>
   <action no="5" player="VIPa4" sum="€300" type="15"/>
   <action no="6" player="diamondfair299" sum="€300" type="15"/>
   <action no="7" player="Gfs1505" sum="€1,000" type="1"/>
   <action no="8" player="duke996sky" sum="€2,000" type="2"/>
  </round>
 </game>
 <game gamecode="11574866572">
  <general>
   <players>
    <player seat="3" chips="63,977" reg_code="" name="diamondfair299" dealer="0"/>
    <player seat="4" chips="45,763" reg_code="8406579749" name="Gfs1505" dealer="1"/>
    <player seat="6" chips="106,139" reg_code="" name="duke996sky" dealer="0"/>
    <player seat="8" chips="249,010" reg_code="" name="Kasasus" dealer="0"/>
    <player seat="9" chips="285,684" reg_code="" name="tommie222" dealer="0"/>
    <player seat="10" chips="393,704" reg_code="" name="VIPa4" dealer="0"/>
   </players>
  </general>
  <round no="0">
   <action no="1" player="duke996sky" sum="€300" type="15"/>
   <action no="2" player="Kasasus" sum="€300" type="15"/>
   <action no="3" player="tommie222" sum="€300" type="15"/>
   <action no="4" player="VIPa4" sum="€300" type="15"/>
   <action no="5" player="diamondfair299" sum="€300" type="15"/>
   <action no="6" player="Gfs1505" sum="€300" type="15"/>
   <action no="7" player="duke996sky" sum="€1,000" type="1"/>
   <action no="8" player="Kasasus" sum="€2,000" type="2"/>
  </round>
 </game>
 <game gamecode="11574866668">
  <general>
   <players>
    <player seat="1" chips="100,000" reg_code="" name="Bakky4" dealer="0"/>
    <player seat="3" chips="79,877" reg_code="" name="diamondfair299" dealer="0"/>
    <player seat="4" chips="45,463" reg_code="8406579749" name="Gfs1505" dealer="0"/>
    <player seat="6" chips="104,839" reg_code="" name="duke996sky" dealer="1"/>
    <player seat="8" chips="235,310" reg_code="" name="Kasasus" dealer="0"/>
    <player seat="9" chips="285,384" reg_code="" name="tommie222" dealer="0"/>
    <player seat="10" chips="393,404" reg_code="" name="VIPa4" dealer="0"/>
   </players>
  </general>
  <round no="0">
   <action no="1" player="Kasasus" sum="€300" type="15"/>
   <action no="2" player="tommie222" sum="€300" type="15"/>
   <action no="3" player="VIPa4" sum="€300" type="15"/>
   <action no="4" player="Bakky4" sum="€300" type="15"/>
   <action no="5" player="diamondfair299" sum="€300" type="15"/>
   <action no="6" player="Gfs1505" sum="€300" type="15"/>
   <action no="7" player="duke996sky" sum="€300" type="15"/>
   <action no="8" player="Kasasus" sum="€1,000" type="1"/>
   <action no="9" player="tommie222" sum="€2,000" type="2"/>
  </round>
 </game>
 <game gamecode="11574866750">
  <general>
   <players>
    <player seat="1" chips="99,700" reg_code="" name="Bakky4" dealer="0"/>
    <player seat="3" chips="90,677" reg_code="" name="diamondfair299" dealer="0"/>
    <player seat="4" chips="45,163" reg_code="8406579749" name="Gfs1505" dealer="0"/>
    <player seat="6" chips="104,539" reg_code="" name="duke996sky" dealer="0"/>
    <player seat="8" chips="234,010" reg_code="" name="Kasasus" dealer="1"/>
    <player seat="9" chips="281,084" reg_code="" name="tommie222" dealer="0"/>
    <player seat="10" chips="389,104" reg_code="" name="VIPa4" dealer="0"/>
   </players>
  </general>
  <round no="0">
   <action no="1" player="tommie222" sum="€300" type="15"/>
   <action no="2" player="VIPa4" sum="€300" type="15"/>
   <action no="3" player="Bakky4" sum="€300" type="15"/>
   <action no="4" player="diamondfair299" sum="€300" type="15"/>
   <action no="5" player="Gfs1505" sum="€300" type="15"/>
   <action no="6" player="duke996sky" sum="€300" type="15"/>
   <action no="7" player="Kasasus" sum="€300" type="15"/>
   <action no="8" player="tommie222" sum="€1,000" type="1"/>
   <action no="9" player="VIPa4" sum="€2,000" type="2"/>
  </round>
 </game>
 <game gamecode="11574866909">
  <general>
   <players>
    <player seat="1" chips="91,400" reg_code="" name="Bakky4" dealer="0"/>
    <player seat="3" chips="70,377" reg_code="" name="diamondfair299" dealer="0"/>
    <player seat="4" chips="44,863" reg_code="8406579749" name="Gfs1505" dealer="0"/>
    <player seat="6" chips="104,239" reg_code="" name="duke996sky" dealer="0"/>
    <player seat="8" chips="273,810" reg_code="" name="Kasasus" dealer="0"/>
    <player seat="9" chips="272,784" reg_code="" name="tommie222" dealer="1"/>
    <player seat="10" chips="386,804" reg_code="" name="VIPa4" dealer="0"/>
   </players>
  </general>
  <round no="0">
   <action no="1" player="VIPa4" sum="€300" type="15"/>
   <action no="2" player="Bakky4" sum="€300" type="15"/>
   <action no="3" player="diamondfair299" sum="€300" type="15"/>
   <action no="4" player="Gfs1505" sum="€300" type="15"/>
   <action no="5" player="duke996sky" sum="€300" type="15"/>
   <action no="6" player="Kasasus" sum="€300" type="15"/>
   <action no="7" player="tommie222" sum="€300" type="15"/>
   <action no="8" player="VIPa4" sum="€1,000" type="1"/>
   <action no="9" player="Bakky4" sum="€2,000" type="2"/>
  </round>
 </game>
 <game gamecode="11574866995">
  <general>
   <players>
    <player seat="1" chips="89,100" reg_code="" name="Bakky4" dealer="0"/>
    <player seat="3" chips="83,177" reg_code="" name="diamondfair299" dealer="0"/>
    <player seat="4" chips="44,563" reg_code="8406579749" name="Gfs1505" dealer="0"/>
    <player seat="6" chips="103,939" reg_code="" name="duke996sky" dealer="0"/>
    <player seat="8" chips="273,510" reg_code="" name="Kasasus" dealer="0"/>
    <player seat="9" chips="264,484" reg_code="" name="tommie222" dealer="0"/>
    <player seat="10" chips="385,504" reg_code="" name="VIPa4" dealer="1"/>
   </players>
  </general>
  <round no="0">
   <action no="1" player="Bakky4" sum="€300" type="15"/>
   <action no="2" player="diamondfair299" sum="€300" type="15"/>
   <action no="3" player="Gfs1505" sum="€300" type="15"/>
   <action no="4" player="duke996sky" sum="€300" type="15"/>
   <action no="5" player="Kasasus" sum="€300" type="15"/>
   <action no="6" player="tommie222" sum="€300" type="15"/>
   <action no="7" player="VIPa4" sum="€300" type="15"/>
   <action no="8" player="Bakky4" sum="€1,000" type="1"/>
   <action no="9" player="diamondfair299" sum="€2,000" type="2"/>
  </round>
 </game>
 <game gamecode="11574867223">
  <general>
   <players>
    <player seat="1" chips="87,800" reg_code="" name="Bakky4" dealer="1"/>
    <player seat="3" chips="62,847" reg_code="" name="diamondfair299" dealer="0"/>
    <player seat="4" chips="44,263" reg_code="8406579749" name="Gfs1505" dealer="0"/>
    <player seat="6" chips="103,639" reg_code="" name="duke996sky" dealer="0"/>
    <player seat="8" chips="273,210" reg_code="" name="Kasasus" dealer="0"/>
    <player seat="9" chips="305,344" reg_code="" name="tommie222" dealer="0"/>
    <player seat="10" chips="367,174" reg_code="" name="VIPa4" dealer="0"/>
   </players>
  </general>
  <round no="0">
   <action no="1" player="diamondfair299" sum="€300" type="15"/>
   <action no="2" player="Gfs1505" sum="€300" type="15"/>
   <action no="3" player="duke996sky" sum="€300" type="15"/>
   <action no="4" player="Kasasus" sum="€300" type="15"/>
   <action no="5" player="tommie222" sum="€300" type="15"/>
   <action no="6" player="VIPa4" sum="€300" type="15"/>
   <action no="7" player="Bakky4" sum="€300" type="15"/>
   <action no="8" player="diamondfair299" sum="€1,000" type="1"/>
   <action no="9" player="Gfs1505" sum="€2,000" type="2"/>
  </round>
 </game>
 <game gamecode="11574890951">
  <general>
   <players>
    <player seat="1" chips="87,500" reg_code="" name="Bakky4" dealer="0"/>
    <player seat="3" chips="93,197" reg_code="" name="diamondfair299" dealer="1"/>
    <player seat="4" chips="41,963" reg_code="8406579749" name="Gfs1505" dealer="0"/>
    <player seat="6" chips="103,339" reg_code="" name="duke996sky" dealer="0"/>
    <player seat="8" chips="272,910" reg_code="" name="Kasasus" dealer="0"/>
    <player seat="9" chips="298,044" reg_code="" name="tommie222" dealer="0"/>
    <player seat="10" chips="347,324" reg_code="" name="VIPa4" dealer="0"/>
   </players>
  </general>
  <round no="0">
   <action no="1" player="Gfs1505" sum="€300" type="15"/>
   <action no="2" player="duke996sky" sum="€300" type="15"/>
   <action no="3" player="Kasasus" sum="€300" type="15"/>
   <action no="4" player="tommie222" sum="€300" type="15"/>
   <action no="5" player="VIPa4" sum="€300" type="15"/>
   <action no="6" player="Bakky4" sum="€300" type="15"/>
   <action no="7" player="diamondfair299" sum="€300" type="15"/>
   <action no="8" player="Gfs1505" sum="€1,000" type="1"/>
   <action no="9" player="duke996sky" sum="€2,000" type="2"/>
  </round>
 </game>
 <game gamecode="11574891040">
  <general>
   <players>
    <player seat="1" chips="100,000" reg_code="" name="1973POKERPRO" dealer="1"/>
    <player seat="4" chips="99,700" reg_code="" name="PvPete101" dealer="0"/>
    <player seat="6" chips="265,876" reg_code="" name="hombrelibre" dealer="0"/>
    <player seat="8" chips="133,022" reg_code="" name="wesbas1980" dealer="0"/>
    <player seat="9" chips="40,663" reg_code="8406579749" name="Gfs1505" dealer="0"/>
    <player seat="10" chips="111,772" reg_code="" name="marekdravec" dealer="0"/>
   </players>
  </general>
  <round no="0">
   <action no="1" player="PvPete101" sum="€300" type="15"/>
   <action no="2" player="hombrelibre" sum="€300" type="15"/>
   <action no="3" player="wesbas1980" sum="€300" type="15"/>
   <action no="4" player="Gfs1505" sum="€300" type="15"/>
   <action no="5" player="marekdravec" sum="€300" type="15"/>
   <action no="6" player="1973POKERPRO" sum="€300" type="15"/>
   <action no="7" player="PvPete101" sum="€1,000" type="1"/>
   <action no="8" player="hombrelibre" sum="€2,000" type="2"/>
  </round>
 </game>
 <game gamecode="11574891096">
  <general>
   <players>
    <player seat="3" chips="147,668" reg_code="" name="greendaay" dealer="0"/>
    <player seat="4" chips="98,400" reg_code="" name="PvPete101" dealer="1"/>
    <player seat="6" chips="165,876" reg_code="" name="hombrelibre" dealer="0"/>
    <player seat="8" chips="130,722" reg_code="" name="wesbas1980" dealer="0"/>
    <player seat="9" chips="40,363" reg_code="8406579749" name="Gfs1505" dealer="0"/>
    <player seat="10" chips="109,472" reg_code="" name="marekdravec" dealer="0"/>
   </players>
  </general>
  <round no="0">
   <action no="1" player="hombrelibre" sum="€300" type="15"/>
   <action no="2" player="wesbas1980" sum="€300" type="15"/>
   <action no="3" player="Gfs1505" sum="€300" type="15"/>
   <action no="4" player="marekdravec" sum="€300" type="15"/>
   <action no="5" player="greendaay" sum="€300" type="15"/>
   <action no="6" player="PvPete101" sum="€300" type="15"/>
   <action no="7" player="hombrelibre" sum="€1,000" type="1"/>
   <action no="8" player="wesbas1980" sum="€2,000" type="2"/>
  </round>
 </game>
 <game gamecode="11574891214">
  <general>
   <players>
    <player seat="1" chips="100,000" reg_code="" name="moesim" dealer="0"/>
    <player seat="3" chips="142,768" reg_code="" name="greendaay" dealer="0"/>
    <player seat="4" chips="73,300" reg_code="" name="PvPete101" dealer="0"/>
    <player seat="6" chips="140,776" reg_code="" name="hombrelibre" dealer="1"/>
    <player seat="8" chips="186,422" reg_code="" name="wesbas1980" dealer="0"/>
    <player seat="9" chips="40,063" reg_code="8406579749" name="Gfs1505" dealer="0"/>
    <player seat="10" chips="109,172" reg_code="" name="marekdravec" dealer="0"/>
   </players>
  </general>
  <round no="0">
   <action no="1" player="wesbas1980" sum="€300" type="15"/>
   <action no="2" player="Gfs1505" sum="€300" type="15"/>
   <action no="3" player="marekdravec" sum="€300" type="15"/>
   <action no="4" player="moesim" sum="€300" type="15"/>
   <action no="5" player="greendaay" sum="€300" type="15"/>
   <action no="6" player="PvPete101" sum="€300" type="15"/>
   <action no="7" player="hombrelibre" sum="€300" type="15"/>
   <action no="8" player="wesbas1980" sum="€1,000" type="1"/>
   <action no="9" player="Gfs1505" sum="€2,000" type="2"/>
  </round>
 </game>
 <game gamecode="11574891296">
  <general>
   <players>
    <player seat="1" chips="99,700" reg_code="" name="moesim" dealer="0"/>
    <player seat="3" chips="142,468" reg_code="" name="greendaay" dealer="0"/>
    <player seat="4" chips="67,450" reg_code="" name="PvPete101" dealer="0"/>
    <player seat="6" chips="140,476" reg_code="" name="hombrelibre" dealer="0"/>
    <player seat="8" chips="185,122" reg_code="" name="wesbas1980" dealer="1"/>
    <player seat="9" chips="48,413" reg_code="8406579749" name="Gfs1505" dealer="0"/>
    <player seat="10" chips="108,872" reg_code="" name="marekdravec" dealer="0"/>
   </players>
  </general>
  <round no="0">
   <action no="1" player="Gfs1505" sum="€400" type="15"/>
   <action no="2" player="marekdravec" sum="€400" type="15"/>
   <action no="3" player="moesim" sum="€400" type="15"/>
   <action no="4" player="greendaay" sum="€400" type="15"/>
   <action no="5" player="PvPete101" sum="€400" type="15"/>
   <action no="6" player="hombrelibre" sum="€400" type="15"/>
   <action no="7" player="wesbas1980" sum="€400" type="15"/>
   <action no="8" player="Gfs1505" sum="€1,500" type="1"/>
   <action no="9" player="marekdravec" sum="€3,000" type="2"/>
  </round>
 </game>
 <game gamecode="11574891386">
  <general>
   <players>
    <player seat="1" chips="93,300" reg_code="" name="moesim" dealer="0"/>
    <player seat="3" chips="142,068" reg_code="" name="greendaay" dealer="0"/>
    <player seat="4" chips="67,050" reg_code="" name="PvPete101" dealer="0"/>
    <player seat="6" chips="140,076" reg_code="" name="hombrelibre" dealer="0"/>
    <player seat="8" chips="198,022" reg_code="" name="wesbas1980" dealer="0"/>
    <player seat="9" chips="46,513" reg_code="8406579749" name="Gfs1505" dealer="1"/>
    <player seat="10" chips="105,472" reg_code="" name="marekdravec" dealer="0"/>
   </players>
  </general>
  <round no="0">
   <action no="1" player="marekdravec" sum="€400" type="15"/>
   <action no="2" player="moesim" sum="€400" type="15"/>
   <action no="3" player="greendaay" sum="€400" type="15"/>
   <action no="4" player="PvPete101" sum="€400" type="15"/>
   <action no="5" player="hombrelibre" sum="€400" type="15"/>
   <action no="6" player="wesbas1980" sum="€400" type="15"/>
   <action no="7" player="Gfs1505" sum="€400" type="15"/>
   <action no="8" player="marekdravec" sum="€1,500" type="1"/>
   <action no="9" player="moesim" sum="€3,000" type="2"/>
  </round>
 </game>
 <game gamecode="11574891512">
  <general>
   <players>
    <player seat="1" chips="89,900" reg_code="" name="moesim" dealer="0"/>
    <player seat="3" chips="141,668" reg_code="" name="greendaay" dealer="0"/>
    <player seat="4" chips="96,450" reg_code="" name="PvPete101" dealer="0"/>
    <player seat="6" chips="139,676" reg_code="" name="hombrelibre" dealer="0"/>
    <player seat="8" chips="194,622" reg_code="" name="wesbas1980" dealer="0"/>
    <player seat="9" chips="46,113" reg_code="8406579749" name="Gfs1505" dealer="0"/>
    <player seat="10" chips="84,072" reg_code="" name="marekdravec" dealer="1"/>
   </players>
  </general>
  <round no="0">
   <action no="1" player="moesim" sum="€400" type="15"/>
   <action no="2" player="greendaay" sum="€400" type="15"/>
   <action no="3" player="PvPete101" sum="€400" type="15"/>
   <action no="4" player="hombrelibre" sum="€400" type="15"/>
   <action no="5" player="wesbas1980" sum="€400" type="15"/>
   <action no="6" player="Gfs1505" sum="€400" type="15"/>
   <action no="7" player="marekdravec" sum="€400" type="15"/>
   <action no="8" player="moesim" sum="€1,500" type="1"/>
   <action no="9" player="greendaay" sum="€3,000" type="2"/>
  </round>
 </game>
 <game gamecode="11574914510">
  <general>
   <players>
    <player seat="1" chips="88,000" reg_code="" name="moesim" dealer="1"/>
    <player seat="3" chips="229,240" reg_code="" name="greendaay" dealer="0"/>
    <player seat="4" chips="96,050" reg_code="" name="PvPete101" dealer="0"/>
    <player seat="6" chips="139,276" reg_code="" name="hombrelibre" dealer="0"/>
    <player seat="8" chips="194,222" reg_code="" name="wesbas1980" dealer="0"/>
    <player seat="9" chips="45,713" reg_code="8406579749" name="Gfs1505" dealer="0"/>
   </players>
  </general>
  <round no="0">
   <action no="1" player="greendaay" sum="€400" type="15"/>
   <action no="2" player="PvPete101" sum="€400" type="15"/>
   <action no="3" player="hombrelibre" sum="€400" type="15"/>
   <action no="4" player="wesbas1980" sum="€400" type="15"/>
   <action no="5" player="Gfs1505" sum="€400" type="15"/>
   <action no="6" player="moesim" sum="€400" type="15"/>
   <action no="7" player="greendaay" sum="€1,500" type="1"/>
   <action no="8" player="PvPete101" sum="€3,000" type="2"/>
  </round>
 </game>
 <game gamecode="11574914615">
  <general>
   <players>
    <player seat="1" chips="87,600" reg_code="" name="moesim" dealer="0"/>
    <player seat="3" chips="328,548" reg_code="" name="greendaay" dealer="1"/>
    <player seat="4" chips="92,650" reg_code="" name="PvPete101" dealer="0"/>
    <player seat="6" chips="138,876" reg_code="" name="hombrelibre" dealer="0"/>
    <player seat="8" chips="99,514" reg_code="" name="wesbas1980" dealer="0"/>
    <player seat="9" chips="45,313" reg_code="8406579749" name="Gfs1505" dealer="0"/>
   </players>
  </general>
  <round no="0">
   <action no="1" player="PvPete101" sum="€400" type="15"/>
   <action no="2" player="hombrelibre" sum="€400" type="15"/>
   <action no="3" player="wesbas1980" sum="€400" type="15"/>
   <action no="4" player="Gfs1505" sum="€400" type="15"/>
   <action no="5" player="moesim" sum="€400" type="15"/>
   <action no="6" player="greendaay" sum="€400" type="15"/>
   <action no="7" player="PvPete101" sum="€1,500" type="1"/>
   <action no="8" player="hombrelibre" sum="€3,000" type="2"/>
  </round>
 </game>
 <game gamecode="11574914665">
  <general>
   <players>
    <player seat="1" chips="87,200" reg_code="" name="moesim" dealer="0"/>
    <player seat="3" chips="328,148" reg_code="" name="greendaay" dealer="0"/>
    <player seat="4" chips="97,650" reg_code="" name="PvPete101" dealer="1"/>
    <player seat="6" chips="135,476" reg_code="" name="hombrelibre" dealer="0"/>
    <player seat="8" chips="99,114" reg_code="" name="wesbas1980" dealer="0"/>
    <player seat="9" chips="44,913" reg_code="8406579749" name="Gfs1505" dealer="0"/>
    <player seat="10" chips="100,000" reg_code="" name="Maccslag" dealer="0"/>
   </players>
  </general>
  <round no="0">
   <action no="1" player="hombrelibre" sum="€400" type="15"/>
   <action no="2" player="wesbas1980" sum="€400" type="15"/>
   <action no="3" player="Gfs1505" sum="€400" type="15"/>
   <action no="4" player="Maccslag" sum="€400" type="15"/>
   <action no="5" player="moesim" sum="€400" type="15"/>
   <action no="6" player="greendaay" sum="€400" type="15"/>
   <action no="7" player="PvPete101" sum="€400" type="15"/>
   <action no="8" player="hombrelibre" sum="€1,500" type="1"/>
   <action no="9" player="wesbas1980" sum="€3,000" type="2"/>
  </round>
 </game>
 <game gamecode="11575252535">
  <general>
   <players>
    <player seat="1" chips="330,473" reg_code="8406579749" name="Gfs1505" dealer="0"/>
    <player seat="3" chips="100,000" reg_code="" name="Roeteli" dealer="0"/>
    <player seat="4" chips="97,578" reg_code="" name="mthrfcr" dealer="1"/>
    <player seat="6" chips="100,000" reg_code="" name="LC68CHELSEAMKD" dealer="0"/>
    <player seat="8" chips="296,300" reg_code="" name="ChapeuPanama" dealer="0"/>
    <player seat="9" chips="957,274" reg_code="" name="doo8888oob" dealer="0"/>
    <player seat="10" chips="218,614" reg_code="" name="Zurymec" dealer="0"/>
   </players>
  </general>
  <round no="0">
   <action no="1" player="ChapeuPanama" sum="€1,200" type="15"/>
   <action no="2" player="doo8888oob" sum="€1,200" type="15"/>
   <action no="3" player="Zurymec" sum="€1,200" type="15"/>
   <action no="4" player="Gfs1505" sum="€1,200" type="15"/>
   <action no="5" player="Roeteli" sum="€1,200" type="15"/>
   <action no="6" player="mthrfcr" sum="€1,200" type="15"/>
   <action no="7" player="ChapeuPanama" sum="€6,000" type="1"/>
   <action no="8" player="doo8888oob" sum="€12,000" type="2"/>
  </round>
 </game>
</session>
