<?xml version="1.0" encoding="utf-8"?>
<session sessioncode="8406572376">
 <general>
  <mode>real</mode>
  <gametype>Holdem NL</gametype>
  <tablename>€30 STORM SECRET, 1130508364</tablename>
  <tournamentcurrency>1</tournamentcurrency>
  <currency>USD</currency>
  <nickname>Gfs1505</nickname>
  <buyin>€13.65 + €13.65 + €2.70</buyin>
  <totalbuyin>€16.35</totalbuyin>
 </general>
 <game gamecode="11574741003">
  <general>
   <players>
    <player seat="1" chips="99,200" reg_code="" name="Mbegsyboy" dealer="0"/>
    <player seat="3" chips="100,000" reg_code="8406572376" name="Gfs1505" dealer="0"/>
    <player seat="4" chips="99,600" reg_code="" name="Kasasus" dealer="0"/>
    <player seat="6" chips="83,146" reg_code="" name="TdAguiar" dealer="0"/>
    <player seat="8" chips="12,000" reg_code="" name="streetvision56" dealer="1"/>
    <player seat="9" chips="351,705" reg_code="" name="ompalompA" dealer="0"/>
    <player seat="10" chips="99,200" reg_code="" name="AlexPocRDS" dealer="0"/>
   </players>
  </general>
  <round no="0">
   <action no="1" player="ompalompA" sum="€400" type="15"/>
   <action no="2" player="AlexPocRDS" sum="€400" type="15"/>
   <action no="3" player="Mbegsyboy" sum="€400" type="15"/>
   <action no="4" player="Gfs1505" sum="€400" type="15"/>
   <action no="5" player="Kasasus" sum="€400" type="15"/>
   <action no="6" player="TdAguiar" sum="€400" type="15"/>
   <action no="7" player="streetvision56" sum="€400" type="15"/>
   <action no="8" player="ompalompA" sum="€1,500" type="1"/>
   <action no="9" player="AlexPocRDS" sum="€3,000" type="2"/>
  </round>
 </game>
 <game gamecode="11574741011">
  <general>
   <players>
    <player seat="1" chips="98,800" reg_code="" name="Mbegsyboy" dealer="0"/>
    <player seat="3" chips="99,600" reg_code="8406572376" name="Gfs1505" dealer="0"/>
    <player seat="4" chips="99,200" reg_code="" name="Kasasus" dealer="0"/>
    <player seat="6" chips="82,746" reg_code="" name="TdAguiar" dealer="0"/>
    <player seat="8" chips="11,600" reg_code="" name="streetvision56" dealer="0"/>
    <player seat="9" chips="349,805" reg_code="" name="ompalompA" dealer="1"/>
    <player seat="10" chips="103,100" reg_code="" name="AlexPocRDS" dealer="0"/>
   </players>
  </general>
  <round no="0">
   <action no="1" player="AlexPocRDS" sum="€400" type="15"/>
   <action no="2" player="Mbegsyboy" sum="€400" type="15"/>
   <action no="3" player="Gfs1505" sum="€400" type="15"/>
   <action no="4" player="Kasasus" sum="€400" type="15"/>
   <action no="5" player="TdAguiar" sum="€400" type="15"/>
   <action no="6" player="streetvision56" sum="€400" type="15"/>
   <action no="7" player="ompalompA" sum="€400" type="15"/>
   <action no="8" player="AlexPocRDS" sum="€1,500" type="1"/>
   <action no="9" player="Mbegsyboy" sum="€3,000" type="2"/>
  </round>
 </game>
 <game gamecode="11574741028">
  <general>
   <players>
    <player seat="1" chips="95,400" reg_code="" name="Mbegsyboy" dealer="0"/>
    <player seat="3" chips="99,200" reg_code="8406572376" name="Gfs1505" dealer="0"/>
    <player seat="4" chips="98,800" reg_code="" name="Kasasus" dealer="0"/>
    <player seat="6" chips="89,646" reg_code="" name="TdAguiar" dealer="0"/>
    <player seat="8" chips="11,200" reg_code="" name="streetvision56" dealer="0"/>
    <player seat="9" chips="349,405" reg_code="" name="ompalompA" dealer="0"/>
    <player seat="10" chips="101,200" reg_code="" name="AlexPocRDS" dealer="1"/>
   </players>
  </general>
  <round no="0">
   <action no="1" player="Mbegsyboy" sum="€400" type="15"/>
   <action no="2" player="Gfs1505" sum="€400" type="15"/>
   <action no="3" player="Kasasus" sum="€400" type="15"/>
   <action no="4" player="TdAguiar" sum="€400" type="15"/>
   <action no="5" player="streetvision56" sum="€400" type="15"/>
   <action no="6" player="ompalompA" sum="€400" type="15"/>
   <action no="7" player="AlexPocRDS" sum="€400" type="15"/>
   <action no="8" player="Mbegsyboy" sum="€1,500" type="1"/>
   <action no="9" player="Gfs1505" sum="€3,000" type="2"/>
  </round>
 </game>
 <game gamecode="11574741051">
  <general>
   <players>
    <player seat="1" chips="93,500" reg_code="" name="Mbegsyboy" dealer="1"/>
    <player seat="3" chips="95,800" reg_code="8406572376" name="Gfs1505" dealer="0"/>
    <player seat="4" chips="98,400" reg_code="" name="Kasasus" dealer="0"/>
    <player seat="8" chips="10,800" reg_code="" name="streetvision56" dealer="0"/>
    <player seat="9" chips="349,005" reg_code="" name="ompalompA" dealer="0"/>
    <player seat="10" chips="197,346" reg_code="" name="AlexPocRDS" dealer="0"/>
   </players>
  </general>
  <round no="0">
   <action no="1" player="Gfs1505" sum="€400" type="15"/>
   <action no="2" player="Kasasus" sum="€400" type="15"/>
   <action no="3" player="streetvision56" sum="€400" type="15"/>
   <action no="4" player="ompalompA" sum="€400" type="15"/>
   <action no="5" player="AlexPocRDS" sum="€400" type="15"/>
   <action no="6" player="Mbegsyboy" sum="€400" type="15"/>
   <action no="7" player="Gfs1505" sum="€1,500" type="1"/>
   <action no="8" player="Kasasus" sum="€3,000" type="2"/>
  </round>
 </game>
 <game gamecode="11574741054">
  <general>
   <players>
    <player seat="1" chips="93,100" reg_code="" name="Mbegsyboy" dealer="0"/>
    <player seat="3" chips="93,900" reg_code="8406572376" name="Gfs1505" dealer="1"/>
    <player seat="4" chips="95,000" reg_code="" name="Kasasus" dealer="0"/>
    <player seat="8" chips="10,400" reg_code="" name="streetvision56" dealer="0"/>
    <player seat="9" chips="348,605" reg_code="" name="ompalompA" dealer="0"/>
    <player seat="10" chips="203,846" reg_code="" name="AlexPocRDS" dealer="0"/>
   </players>
  </general>
  <round no="0">
   <action no="1" player="Kasasus" sum="€400" type="15"/>
   <action no="2" player="streetvision56" sum="€400" type="15"/>
   <action no="3" player="ompalompA" sum="€400" type="15"/>
   <action no="4" player="AlexPocRDS" sum="€400" type="15"/>
   <action no="5" player="Mbegsyboy" sum="€400" type="15"/>
   <action no="6" player="Gfs1505" sum="€400" type="15"/>
   <action no="7" player="Kasasus" sum="€1,500" type="1"/>
   <action no="8" player="streetvision56" sum="€3,000" type="2"/>
  </round>
 </game>
 <game gamecode="11574741057">
  <general>
   <players>
    <player seat="1" chips="99,600" reg_code="" name="Mbegsyboy" dealer="0"/>
    <player seat="3" chips="93,500" reg_code="8406572376" name="Gfs1505" dealer="0"/>
    <player seat="4" chips="93,100" reg_code="" name="Kasasus" dealer="1"/>
    <player seat="8" chips="7,000" reg_code="" name="streetvision56" dealer="0"/>
    <player seat="9" chips="348,205" reg_code="" name="ompalompA" dealer="0"/>
    <player seat="10" chips="203,446" reg_code="" name="AlexPocRDS" dealer="0"/>
   </players>
  </general>
  <round no="0">
   <action no="1" player="streetvision56" sum="€400" type="15"/>
   <action no="2" player="ompalompA" sum="€400" type="15"/>
   <action no="3" player="AlexPocRDS" sum="€400" type="15"/>
   <action no="4" player="Mbegsyboy" sum="€400" type="15"/>
   <action no="5" player="Gfs1505" sum="€400" type="15"/>
   <action no="6" player="Kasasus" sum="€400" type="15"/>
   <action no="7" player="streetvision56" sum="€1,500" type="1"/>
   <action no="8" player="ompalompA" sum="€3,000" type="2"/>
  </round>
 </game>
 <game gamecode="11574741065">
  <general>
   <players>
    <player seat="1" chips="99,200" reg_code="" name="Mbegsyboy" dealer="0"/>
    <player seat="3" chips="93,100" reg_code="8406572376" name="Gfs1505" dealer="0"/>
    <player seat="4" chips="99,600" reg_code="" name="Kasasus" dealer="0"/>
    <player seat="8" chips="5,100" reg_code="" name="streetvision56" dealer="1"/>
    <player seat="9" chips="344,805" reg_code="" name="ompalompA" dealer="0"/>
    <player seat="10" chips="203,046" reg_code="" name="AlexPocRDS" dealer="0"/>
   </players>
  </general>
  <round no="0">
   <action no="1" player="ompalompA" sum="€400" type="15"/>
   <action no="2" player="AlexPocRDS" sum="€400" type="15"/>
   <action no="3" player="Mbegsyboy" sum="€400" type="15"/>
   <action no="4" player="Gfs1505" sum="€400" type="15"/>
   <action no="5" player="Kasasus" sum="€400" type="15"/>
   <action no="6" player="streetvision56" sum="€400" type="15"/>
   <action no="7" player="ompalompA" sum="€1,500" type="1"/>
   <action no="8" player="AlexPocRDS" sum="€3,000" type="2"/>
  </round>
 </game>
 <game gamecode="11574741068">
  <general>
   <players>
    <player seat="1" chips="98,800" reg_code="" name="Mbegsyboy" dealer="0"/>
    <player seat="3" chips="92,700" reg_code="8406572376" name="Gfs1505" dealer="0"/>
    <player seat="4" chips="106,100" reg_code="" name="Kasasus" dealer="0"/>
    <player seat="8" chips="4,700" reg_code="" name="streetvision56" dealer="0"/>
    <player seat="9" chips="342,905" reg_code="" name="ompalompA" dealer="1"/>
    <player seat="10" chips="199,646" reg_code="" name="AlexPocRDS" dealer="0"/>
   </players>
  </general>
  <round no="0">
   <action no="1" player="AlexPocRDS" sum="€400" type="15"/>
   <action no="2" player="Mbegsyboy" sum="€400" type="15"/>
   <action no="3" player="Gfs1505" sum="€400" type="15"/>
   <action no="4" player="Kasasus" sum="€400" type="15"/>
   <action no="5" player="streetvision56" sum="€400" type="15"/>
   <action no="6" player="ompalompA" sum="€400" type="15"/>
   <action no="7" player="AlexPocRDS" sum="€1,500" type="1"/>
   <action no="8" player="Mbegsyboy" sum="€3,000" type="2"/>
  </round>
 </game>
 <game gamecode="11574741077">
  <general>
   <players>
    <player seat="1" chips="95,400" reg_code="" name="Mbegsyboy" dealer="0"/>
    <player seat="3" chips="92,300" reg_code="8406572376" name="Gfs1505" dealer="0"/>
    <player seat="4" chips="112,600" reg_code="" name="Kasasus" dealer="0"/>
    <player seat="8" chips="4,300" reg_code="" name="streetvision56" dealer="0"/>
    <player seat="9" chips="342,505" reg_code="" name="ompalompA" dealer="0"/>
    <player seat="10" chips="197,746" reg_code="" name="AlexPocRDS" dealer="1"/>
   </players>
  </general>
  <round no="0">
   <action no="1" player="Mbegsyboy" sum="€400" type="15"/>
   <action no="2" player="Gfs1505" sum="€400" type="15"/>
   <action no="3" player="Kasasus" sum="€400" type="15"/>
   <action no="4" player="streetvision56" sum="€400" type="15"/>
   <action no="5" player="ompalompA" sum="€400" type="15"/>
   <action no="6" player="AlexPocRDS" sum="€400" type="15"/>
   <action no="7" player="Mbegsyboy" sum="€1,500" type="1"/>
   <action no="8" player="Gfs1505" sum="€3,000" type="2"/>
  </round>
 </game>
 <game gamecode="11574741087">
  <general>
   <players>
    <player seat="1" chips="86,000" reg_code="" name="Mbegsyboy" dealer="1"/>
    <player seat="3" chips="82,900" reg_code="8406572376" name="Gfs1505" dealer="0"/>
    <player seat="4" chips="112,200" reg_code="" name="Kasasus" dealer="0"/>
    <player seat="6" chips="49,398" reg_code="" name="ARTRAISER501" dealer="0"/>
    <player seat="8" chips="3,900" reg_code="" name="streetvision56" dealer="0"/>
    <player seat="9" chips="342,105" reg_code="" name="ompalompA" dealer="0"/>
    <player seat="10" chips="217,746" reg_code="" name="AlexPocRDS" dealer="0"/>
   </players>
  </general>
  <round no="0">
   <action no="1" player="Gfs1505" sum="€400" type="15"/>
   <action no="2" player="Kasasus" sum="€400" type="15"/>
   <action no="3" player="ARTRAISER501" sum="€400" type="15"/>
   <action no="4" player="streetvision56" sum="€400" type="15"/>
   <action no="5" player="ompalompA" sum="€400" type="15"/>
   <action no="6" player="AlexPocRDS" sum="€400" type="15"/>
   <action no="7" player="Mbegsyboy" sum="€400" type="15"/>
   <action no="8" player="Gfs1505" sum="€1,500" type="1"/>
   <action no="9" player="Kasasus" sum="€3,000" type="2"/>
  </round>
 </game>
 <game gamecode="11574741093">
  <general>
   <players>
    <player seat="3" chips="81,000" reg_code="8406572376" name="Gfs1505" dealer="1"/>
    <player seat="4" chips="108,800" reg_code="" name="Kasasus" dealer="0"/>
    <player seat="6" chips="48,998" reg_code="" name="ARTRAISER501" dealer="0"/>
    <player seat="8" chips="3,500" reg_code="" name="streetvision56" dealer="0"/>
    <player seat="9" chips="341,705" reg_code="" name="ompalompA" dealer="0"/>
    <player seat="10" chips="233,646" reg_code="" name="AlexPocRDS" dealer="0"/>
   </players>
  </general>
  <round no="0">
   <action no="1" player="Kasasus" sum="€400" type="15"/>
   <action no="2" player="ARTRAISER501" sum="€400" type="15"/>
   <action no="3" player="streetvision56" sum="€400" type="15"/>
   <action no="4" player="ompalompA" sum="€400" type="15"/>
   <action no="5" player="AlexPocRDS" sum="€400" type="15"/>
   <action no="6" player="Gfs1505" sum="€400" type="15"/>
   <action no="7" player="Kasasus" sum="€1,500" type="1"/>
   <action no="8" player="ARTRAISER501" sum="€3,000" type="2"/>
  </round>
 </game>
 <game gamecode="11574767072">
  <general>
   <players>
    <player seat="1" chips="326,120" reg_code="" name="willg25" dealer="0"/>
    <player seat="3" chips="109,280" reg_code="8406572376" name="Gfs1505" dealer="0"/>
    <player seat="4" chips="102,400" reg_code="" name="Kasasus" dealer="1"/>
    <player seat="6" chips="28,318" reg_code="" name="ARTRAISER501" dealer="0"/>
    <player seat="8" chips="3,100" reg_code="" name="streetvision56" dealer="0"/>
    <player seat="9" chips="341,305" reg_code="" name="ompalompA" dealer="0"/>
    <player seat="10" chips="233,246" reg_code="" name="AlexPocRDS" dealer="0"/>
   </players>
  </general>
  <round no="0">
   <action no="1" player="ARTRAISER501" sum="€400" type="15"/>
   <action no="2" player="streetvision56" sum="€400" type="15"/>
   <action no="3" player="ompalompA" sum="€400" type="15"/>
   <action no="4" player="AlexPocRDS" sum="€400" type="15"/>
   <action no="5" player="willg25" sum="€400" type="15"/>
   <action no="6" player="Gfs1505" sum="€400" type="15"/>
   <action no="7" player="Kasasus" sum="€400" type="15"/>
   <action no="8" player="ARTRAISER501" sum="€1,500" type="1"/>
   <action no="9" player="streetvision56" sum="€2,700" type="2"/>
  </round>
 </game>
 <game gamecode="11574767080">
  <general>
   <players>
    <player seat="1" chips="325,720" reg_code="" name="willg25" dealer="0"/>
    <player seat="3" chips="106,180" reg_code="8406572376" name="Gfs1505" dealer="0"/>
    <player seat="4" chips="102,000" reg_code="" name="Kasasus" dealer="0"/>
    <player seat="6" chips="26,418" reg_code="" name="ARTRAISER501" dealer="1"/>
    <player seat="8" chips="9,700" reg_code="" name="streetvision56" dealer="0"/>
    <player seat="9" chips="340,905" reg_code="" name="ompalompA" dealer="0"/>
    <player seat="10" chips="232,846" reg_code="" name="AlexPocRDS" dealer="0"/>
   </players>
  </general>
  <round no="0">
   <action no="1" player="streetvision56" sum="€400" type="15"/>
   <action no="2" player="ompalompA" sum="€400" type="15"/>
   <action no="3" player="AlexPocRDS" sum="€400" type="15"/>
   <action no="4" player="willg25" sum="€400" type="15"/>
   <action no="5" player="Gfs1505" sum="€400" type="15"/>
   <action no="6" player="Kasasus" sum="€400" type="15"/>
   <action no="7" player="ARTRAISER501" sum="€400" type="15"/>
   <action no="8" player="streetvision56" sum="€1,500" type="1"/>
   <action no="9" player="ompalompA" sum="€3,000" type="2"/>
  </round>
 </game>
 <game gamecode="11574767092">
  <general>
   <players>
    <player seat="1" chips="325,320" reg_code="" name="willg25" dealer="0"/>
    <player seat="3" chips="105,780" reg_code="8406572376" name="Gfs1505" dealer="0"/>
    <player seat="4" chips="101,600" reg_code="" name="Kasasus" dealer="0"/>
    <player seat="6" chips="26,018" reg_code="" name="ARTRAISER501" dealer="0"/>
    <player seat="8" chips="7,800" reg_code="" name="streetvision56" dealer="1"/>
    <player seat="9" chips="337,505" reg_code="" name="ompalompA" dealer="0"/>
    <player seat="10" chips="239,746" reg_code="" name="AlexPocRDS" dealer="0"/>
   </players>
  </general>
  <round no="0">
   <action no="1" player="ompalompA" sum="€400" type="15"/>
   <action no="2" player="AlexPocRDS" sum="€400" type="15"/>
   <action no="3" player="willg25" sum="€400" type="15"/>
   <action no="4" player="Gfs1505" sum="€400" type="15"/>
   <action no="5" player="Kasasus" sum="€400" type="15"/>
   <action no="6" player="ARTRAISER501" sum="€400" type="15"/>
   <action no="7" player="streetvision56" sum="€400" type="15"/>
   <action no="8" player="ompalompA" sum="€1,500" type="1"/>
   <action no="9" player="AlexPocRDS" sum="€3,000" type="2"/>
  </round>
 </game>
 <game gamecode="11574767104">
  <general>
   <players>
    <player seat="1" chips="324,920" reg_code="" name="willg25" dealer="0"/>
    <player seat="3" chips="115,680" reg_code="8406572376" name="Gfs1505" dealer="0"/>
    <player seat="4" chips="101,200" reg_code="" name="Kasasus" dealer="0"/>
    <player seat="6" chips="25,618" reg_code="" name="ARTRAISER501" dealer="0"/>
    <player seat="8" chips="7,400" reg_code="" name="streetvision56" dealer="0"/>
    <player seat="9" chips="335,605" reg_code="" name="ompalompA" dealer="1"/>
    <player seat="10" chips="233,346" reg_code="" name="AlexPocRDS" dealer="0"/>
   </players>
  </general>
  <round no="0">
   <action no="1" player="AlexPocRDS" sum="€400" type="15"/>
   <action no="2" player="willg25" sum="€400" type="15"/>
   <action no="3" player="Gfs1505" sum="€400" type="15"/>
   <action no="4" player="Kasasus" sum="€400" type="15"/>
   <action no="5" player="ARTRAISER501" sum="€400" type="15"/>
   <action no="6" player="streetvision56" sum="€400" type="15"/>
   <action no="7" player="ompalompA" sum="€400" type="15"/>
   <action no="8" player="AlexPocRDS" sum="€1,500" type="1"/>
   <action no="9" player="willg25" sum="€3,000" type="2"/>
  </round>
 </game>
 <game gamecode="11574767113">
  <general>
   <players>
    <player seat="1" chips="321,520" reg_code="" name="willg25" dealer="0"/>
    <player seat="3" chips="115,280" reg_code="8406572376" name="Gfs1505" dealer="0"/>
    <player seat="4" chips="100,800" reg_code="" name="Kasasus" dealer="0"/>
    <player seat="6" chips="25,218" reg_code="" name="ARTRAISER501" dealer="0"/>
    <player seat="8" chips="7,000" reg_code="" name="streetvision56" dealer="0"/>
    <player seat="9" chips="335,205" reg_code="" name="ompalompA" dealer="0"/>
    <player seat="10" chips="238,746" reg_code="" name="AlexPocRDS" dealer="1"/>
   </players>
  </general>
  <round no="0">
   <action no="1" player="willg25" sum="€400" type="15"/>
   <action no="2" player="Gfs1505" sum="€400" type="15"/>
   <action no="3" player="Kasasus" sum="€400" type="15"/>
   <action no="4" player="ARTRAISER501" sum="€400" type="15"/>
   <action no="5" player="streetvision56" sum="€400" type="15"/>
   <action no="6" player="ompalompA" sum="€400" type="15"/>
   <action no="7" player="AlexPocRDS" sum="€400" type="15"/>
   <action no="8" player="willg25" sum="€1,500" type="1"/>
   <action no="9" player="Gfs1505" sum="€3,000" type="2"/>
  </round>
 </game>
 <game gamecode="11574767131">
  <general>
   <players>
    <player seat="1" chips="306,120" reg_code="" name="willg25" dealer="1"/>
    <player seat="3" chips="111,880" reg_code="8406572376" name="Gfs1505" dealer="0"/>
    <player seat="4" chips="97,400" reg_code="" name="Kasasus" dealer="0"/>
    <player seat="6" chips="24,818" reg_code="" name="ARTRAISER501" dealer="0"/>
    <player seat="8" chips="6,600" reg_code="" name="streetvision56" dealer="0"/>
    <player seat="9" chips="334,805" reg_code="" name="ompalompA" dealer="0"/>
    <player seat="10" chips="262,146" reg_code="" name="AlexPocRDS" dealer="0"/>
   </players>
  </general>
  <round no="0">
   <action no="1" player="Gfs1505" sum="€400" type="15"/>
   <action no="2" player="Kasasus" sum="€400" type="15"/>
   <action no="3" player="ARTRAISER501" sum="€400" type="15"/>
   <action no="4" player="streetvision56" sum="€400" type="15"/>
   <action no="5" player="ompalompA" sum="€400" type="15"/>
   <action no="6" player="AlexPocRDS" sum="€400" type="15"/>
   <action no="7" player="willg25" sum="€400" type="15"/>
   <action no="8" player="Gfs1505" sum="€1,500" type="1"/>
   <action no="9" player="Kasasus" sum="€3,000" type="2"/>
  </round>
 </game>
 <game gamecode="11574767140">
  <general>
   <players>
    <player seat="3" chips="117,280" reg_code="8406572376" name="Gfs1505" dealer="1"/>
    <player seat="4" chips="94,000" reg_code="" name="Kasasus" dealer="0"/>
    <player seat="6" chips="24,418" reg_code="" name="ARTRAISER501" dealer="0"/>
    <player seat="8" chips="6,200" reg_code="" name="streetvision56" dealer="0"/>
    <player seat="9" chips="334,405" reg_code="" name="ompalompA" dealer="0"/>
    <player seat="10" chips="261,746" reg_code="" name="AlexPocRDS" dealer="0"/>
   </players>
  </general>
  <round no="0">
   <action no="1" player="Kasasus" sum="€400" type="15"/>
   <action no="2" player="ARTRAISER501" sum="€400" type="15"/>
   <action no="3" player="streetvision56" sum="€400" type="15"/>
   <action no="4" player="ompalompA" sum="€400" type="15"/>
   <action no="5" player="AlexPocRDS" sum="€400" type="15"/>
   <action no="6" player="Gfs1505" sum="€400" type="15"/>
   <action no="7" player="Kasasus" sum="€1,500" type="1"/>
   <action no="8" player="ARTRAISER501" sum="€3,000" type="2"/>
  </round>
 </game>
 <game gamecode="11574767158">
  <general>
   <players>
    <player seat="3" chips="98,880" reg_code="8406572376" name="Gfs1505" dealer="0"/>
    <player seat="4" chips="117,000" reg_code="" name="Kasasus" dealer="1"/>
    <player seat="6" chips="21,018" reg_code="" name="ARTRAISER501" dealer="0"/>
    <player seat="8" chips="5,800" reg_code="" name="streetvision56" dealer="0"/>
    <player seat="9" chips="334,005" reg_code="" name="ompalompA" dealer="0"/>
    <player seat="10" chips="261,346" reg_code="" name="AlexPocRDS" dealer="0"/>
   </players>
  </general>
  <round no="0">
   <action no="1" player="ARTRAISER501" sum="€400" type="15"/>
   <action no="2" player="streetvision56" sum="€400" type="15"/>
   <action no="3" player="ompalompA" sum="€400" type="15"/>
   <action no="4" player="AlexPocRDS" sum="€400" type="15"/>
   <action no="5" player="Gfs1505" sum="€400" type="15"/>
   <action no="6" player="Kasasus" sum="€400" type="15"/>
   <action no="7" player="ARTRAISER501" sum="€1,500" type="1"/>
   <action no="8" player="streetvision56" sum="€3,000" type="2"/>
  </round>
 </game>
 <game gamecode="11574767178">
  <general>
   <players>
    <player seat="1" chips="100,000" reg_code="" name="Powerfulicy652" dealer="0"/>
    <player seat="4" chips="221,980" reg_code="" name="Kasasus" dealer="0"/>
    <player seat="6" chips="19,118" reg_code="" name="ARTRAISER501" dealer="1"/>
    <player seat="8" chips="2,400" reg_code="" name="streetvision56" dealer="0"/>
    <player seat="9" chips="333,605" reg_code="" name="ompalompA" dealer="0"/>
    <player seat="10" chips="260,946" reg_code="" name="AlexPocRDS" dealer="0"/>
   </players>
  </general>
  <round no="0">
   <action no="1" player="streetvision56" sum="€450" type="15"/>
   <action no="2" player="ompalompA" sum="€450" type="15"/>
   <action no="3" player="AlexPocRDS" sum="€450" type="15"/>
   <action no="4" player="Powerfulicy652" sum="€450" type="15"/>
   <action no="5" player="Kasasus" sum="€450" type="15"/>
   <action no="6" player="ARTRAISER501" sum="€450" type="15"/>
   <action no="7" player="streetvision56" sum="€1,950" type="1"/>
   <action no="8" player="ompalompA" sum="€4,000" type="2"/>
  </round>
 </game>
</session>
