<?xml version="1.0" encoding="utf-8"?>
<session sessioncode="8406572040">
 <general>
  <client_version>25.1.1.9</client_version>
  <mode>real</mode>
  <gametype>Holdem NL</gametype>
  <tablename>€12.5 TUESDAY MINI MAIN, 1130502400</tablename>
  <tournamentcurrency>EUR</tournamentcurrency>
  <duration>00:08:58</duration>
  <gamecount>7</gamecount>
  <startdate>2025-07-15 15:01:41</startdate>
  <currency>USD</currency>
  <nickname>Gfs1505</nickname>
  <bets>100,000</bets>
  <wins>0</wins>
  <chipsin>99,800</chipsin>
  <chipsout>0</chipsout>
  <statuspoints>RSP11.20</statuspoints>
  <awardpoints>RSP11.20</awardpoints>
  <ipoints>RSP11.20</ipoints>
  <tablesize>7</tablesize>
  <tournamentcode>1129789334</tournamentcode>
  <tournamentname>€12.5 TUESDAY MINI MAIN</tournamentname>
  <place>315</place>
  <buyin>€5.69 + €5.69 + €1.12</buyin>
  <totalbuyin>€12.50</totalbuyin>
  <win>0</win>
 </general>
 <game gamecode="11574746590">
  <general>
   <startdate>2025-07-15 15:01:41</startdate>
   <smallblind>700</smallblind>
   <bigblind>1,400</bigblind>
   <ante>200</ante>
   <players>
    <player addon="0" seat="1" win="7,500" rebuy="0" chips="78,932" reg_code="" name="MaksymTsaruk" dealer="1" bet="7,200"/>
    <player addon="0" seat="3" win="0" rebuy="0" chips="111,666" reg_code="" name="vtm01" dealer="0" bet="900"/>
    <player addon="0" seat="6" win="0" rebuy="0" chips="87,000" reg_code="" name="duke996sky" dealer="0" bet="3,000"/>
    <player addon="0" seat="8" win="0" rebuy="0" chips="95,220" reg_code="" name="Kasasus" dealer="0" bet="200"/>
    <player addon="0" seat="9" win="0" rebuy="0" chips="152,651" reg_code="" name="moozeevv" dealer="0" bet="200"/>
    <player addon="0" seat="10" win="0" rebuy="0" chips="434,729" reg_code="" name="VIPa4" dealer="0" bet="200"/>
   </players>
  </general>
  <round no="0">
   <action no="1" player="vtm01" sum="200" type="15"/>
   <action no="2" player="duke996sky" sum="200" type="15"/>
   <action no="3" player="Kasasus" sum="200" type="15"/>
   <action no="4" player="moozeevv" sum="200" type="15"/>
   <action no="5" player="VIPa4" sum="200" type="15"/>
   <action no="6" player="MaksymTsaruk" sum="200" type="15"/>
   <action no="7" player="vtm01" sum="700" type="1"/>
   <action no="8" player="duke996sky" sum="1,400" type="2"/>
  </round>
  <round no="1">
   <cards player="Kasasus" type="Pocket">X X</cards>
   <action no="9" player="Kasasus" sum="0" type="0"/>
   <cards player="moozeevv" type="Pocket">X X</cards>
   <action no="10" player="moozeevv" sum="0" type="0"/>
   <cards player="VIPa4" type="Pocket">X X</cards>
   <action no="11" player="VIPa4" sum="0" type="0"/>
   <cards player="MaksymTsaruk" type="Pocket">X X</cards>
   <action no="12" player="MaksymTsaruk" sum="2,800" type="23"/>
   <cards player="vtm01" type="Pocket">X X</cards>
   <action no="13" player="vtm01" sum="0" type="0"/>
   <cards player="duke996sky" type="Pocket">X X</cards>
   <action no="14" player="duke996sky" sum="1,400" type="3"/>
  </round>
  <round no="2">
   <cards type="Flop">S4 S6 H8</cards>
   <action no="15" player="duke996sky" sum="0" type="4"/>
   <action no="16" player="MaksymTsaruk" sum="0" type="4"/>
  </round>
  <round no="3">
   <cards type="Turn">S7</cards>
   <action no="17" player="duke996sky" sum="0" type="4"/>
   <action no="18" player="MaksymTsaruk" sum="4,200" type="5"/>
   <action no="19" player="duke996sky" sum="0" type="0"/>
  </round>
 </game>
 <game gamecode="11574746691">
  <general>
   <startdate>2025-07-15 15:02:58</startdate>
   <smallblind>700</smallblind>
   <bigblind>1,400</bigblind>
   <ante>200</ante>
   <players>
    <player addon="0" seat="1" win="0" rebuy="0" chips="83,432" reg_code="" name="MaksymTsaruk" dealer="0" bet="200"/>
    <player addon="0" seat="3" win="0" rebuy="0" chips="110,766" reg_code="" name="vtm01" dealer="1" bet="200"/>
    <player addon="0" seat="6" win="0" rebuy="0" chips="84,000" reg_code="" name="duke996sky" dealer="0" bet="10,000"/>
    <player addon="0" seat="8" win="20,800" rebuy="0" chips="95,020" reg_code="" name="Kasasus" dealer="0" bet="10,000"/>
    <player addon="0" seat="9" win="0" rebuy="0" chips="152,451" reg_code="" name="moozeevv" dealer="0" bet="200"/>
    <player addon="0" seat="10" win="0" rebuy="0" chips="434,529" reg_code="" name="VIPa4" dealer="0" bet="200"/>
   </players>
  </general>
  <round no="0">
   <action no="1" player="duke996sky" sum="200" type="15"/>
   <action no="2" player="Kasasus" sum="200" type="15"/>
   <action no="3" player="moozeevv" sum="200" type="15"/>
   <action no="4" player="VIPa4" sum="200" type="15"/>
   <action no="5" player="MaksymTsaruk" sum="200" type="15"/>
   <action no="6" player="vtm01" sum="200" type="15"/>
   <action no="7" player="duke996sky" sum="700" type="1"/>
   <action no="8" player="Kasasus" sum="1,400" type="2"/>
  </round>
  <round no="1">
   <cards player="moozeevv" type="Pocket">X X</cards>
   <action no="9" player="moozeevv" sum="0" type="0"/>
   <cards player="VIPa4" type="Pocket">X X</cards>
   <action no="10" player="VIPa4" sum="0" type="0"/>
   <cards player="MaksymTsaruk" type="Pocket">X X</cards>
   <action no="11" player="MaksymTsaruk" sum="0" type="0"/>
   <cards player="vtm01" type="Pocket">X X</cards>
   <action no="12" player="vtm01" sum="0" type="0"/>
   <cards player="duke996sky" type="Pocket">CQ DJ</cards>
   <action no="13" player="duke996sky" sum="700" type="3"/>
   <cards player="Kasasus" type="Pocket">H10 HK</cards>
   <action no="14" player="Kasasus" sum="0" type="4"/>
  </round>
  <round no="2">
   <cards type="Flop">H5 D8 H9</cards>
   <action no="15" player="duke996sky" sum="1,400" type="5"/>
   <action no="16" player="Kasasus" sum="1,400" type="3"/>
  </round>
  <round no="3">
   <cards type="Turn">HQ</cards>
   <action no="17" player="duke996sky" sum="1,400" type="5"/>
   <action no="18" player="Kasasus" sum="1,400" type="3"/>
  </round>
  <round no="4">
   <cards type="River">DQ</cards>
   <action no="19" player="duke996sky" sum="1,400" type="5"/>
   <action no="20" player="Kasasus" sum="5,600" type="23"/>
   <action no="21" player="duke996sky" sum="4,200" type="3"/>
  </round>
 </game>
 <game gamecode="11574746763">
  <general>
   <startdate>2025-07-15 15:04:02</startdate>
   <smallblind>700</smallblind>
   <bigblind>1,400</bigblind>
   <ante>200</ante>
   <players>
    <player addon="0" seat="1" win="35,700" rebuy="0" chips="83,232" reg_code="" name="MaksymTsaruk" dealer="0" bet="38,490"/>
    <player addon="0" seat="3" win="0" rebuy="0" chips="110,566" reg_code="" name="vtm01" dealer="0" bet="200"/>
    <player addon="0" seat="4" win="0" rebuy="0" chips="100,000" reg_code="8406572040" name="Gfs1505" dealer="0" bet="200"/>
    <player addon="0" seat="6" win="0" rebuy="0" chips="74,000" reg_code="" name="duke996sky" dealer="1" bet="3,700"/>
    <player addon="0" seat="8" win="0" rebuy="0" chips="105,820" reg_code="" name="Kasasus" dealer="0" bet="900"/>
    <player addon="0" seat="9" win="0" rebuy="0" chips="152,251" reg_code="" name="moozeevv" dealer="0" bet="3,700"/>
    <player addon="0" seat="10" win="0" rebuy="0" chips="434,329" reg_code="" name="VIPa4" dealer="0" bet="13,500"/>
   </players>
  </general>
  <round no="0">
   <action no="1" player="Kasasus" sum="200" type="15"/>
   <action no="2" player="moozeevv" sum="200" type="15"/>
   <action no="3" player="VIPa4" sum="200" type="15"/>
   <action no="4" player="MaksymTsaruk" sum="200" type="15"/>
   <action no="5" player="vtm01" sum="200" type="15"/>
   <action no="6" player="Gfs1505" sum="200" type="15"/>
   <action no="7" player="duke996sky" sum="200" type="15"/>
   <action no="8" player="Kasasus" sum="700" type="1"/>
   <action no="9" player="moozeevv" sum="1,400" type="2"/>
  </round>
  <round no="1">
   <cards player="VIPa4" type="Pocket">X X</cards>
   <action no="10" player="VIPa4" sum="3,500" type="23"/>
   <cards player="MaksymTsaruk" type="Pocket">X X</cards>
   <action no="11" player="MaksymTsaruk" sum="3,500" type="3"/>
   <cards player="vtm01" type="Pocket">X X</cards>
   <action no="12" player="vtm01" sum="0" type="0"/>
   <cards player="Gfs1505" type="Pocket">C7 D9</cards>
   <action no="13" player="Gfs1505" sum="0" type="0"/>
   <cards player="duke996sky" type="Pocket">X X</cards>
   <action no="14" player="duke996sky" sum="3,500" type="3"/>
   <cards player="Kasasus" type="Pocket">X X</cards>
   <action no="15" player="Kasasus" sum="0" type="0"/>
   <cards player="moozeevv" type="Pocket">X X</cards>
   <action no="16" player="moozeevv" sum="2,100" type="3"/>
  </round>
  <round no="2">
   <cards type="Flop">H6 D4 S2</cards>
   <action no="17" player="moozeevv" sum="0" type="4"/>
   <action no="18" player="VIPa4" sum="0" type="4"/>
   <action no="19" player="MaksymTsaruk" sum="9,800" type="5"/>
   <action no="20" player="duke996sky" sum="0" type="0"/>
   <action no="21" player="moozeevv" sum="0" type="0"/>
   <action no="22" player="VIPa4" sum="9,800" type="3"/>
  </round>
  <round no="3">
   <cards type="Turn">CJ</cards>
   <action no="23" player="VIPa4" sum="0" type="4"/>
   <action no="24" player="MaksymTsaruk" sum="24,990" type="5"/>
   <action no="25" player="VIPa4" sum="0" type="0"/>
  </round>
 </game>
 <game gamecode="11574746896">
  <general>
   <startdate>2025-07-15 15:05:57</startdate>
   <smallblind>800</smallblind>
   <bigblind>1,600</bigblind>
   <ante>250</ante>
   <players>
    <player addon="0" seat="1" win="0" rebuy="0" chips="105,432" reg_code="" name="MaksymTsaruk" dealer="0" bet="250"/>
    <player addon="0" seat="3" win="0" rebuy="0" chips="110,366" reg_code="" name="vtm01" dealer="0" bet="250"/>
    <player addon="0" seat="4" win="0" rebuy="0" chips="99,800" reg_code="8406572040" name="Gfs1505" dealer="0" bet="250"/>
    <player addon="0" seat="6" win="0" rebuy="0" chips="70,300" reg_code="" name="duke996sky" dealer="0" bet="250"/>
    <player addon="0" seat="8" win="0" rebuy="0" chips="104,920" reg_code="" name="Kasasus" dealer="1" bet="1,850"/>
    <player addon="0" seat="9" win="0" rebuy="0" chips="148,551" reg_code="" name="moozeevv" dealer="0" bet="1,050"/>
    <player addon="0" seat="10" win="5,750" rebuy="0" chips="420,829" reg_code="" name="VIPa4" dealer="0" bet="6,162"/>
   </players>
  </general>
  <round no="0">
   <action no="1" player="moozeevv" sum="250" type="15"/>
   <action no="2" player="VIPa4" sum="250" type="15"/>
   <action no="3" player="MaksymTsaruk" sum="250" type="15"/>
   <action no="4" player="vtm01" sum="250" type="15"/>
   <action no="5" player="Gfs1505" sum="250" type="15"/>
   <action no="6" player="duke996sky" sum="250" type="15"/>
   <action no="7" player="Kasasus" sum="250" type="15"/>
   <action no="8" player="moozeevv" sum="800" type="1"/>
   <action no="9" player="VIPa4" sum="1,600" type="2"/>
  </round>
  <round no="1">
   <cards player="MaksymTsaruk" type="Pocket">X X</cards>
   <action no="10" player="MaksymTsaruk" sum="0" type="0"/>
   <cards player="vtm01" type="Pocket">X X</cards>
   <action no="11" player="vtm01" sum="0" type="0"/>
   <cards player="Gfs1505" type="Pocket">S4 D10</cards>
   <action no="12" player="Gfs1505" sum="0" type="0"/>
   <cards player="duke996sky" type="Pocket">X X</cards>
   <action no="13" player="duke996sky" sum="0" type="0"/>
   <cards player="Kasasus" type="Pocket">X X</cards>
   <action no="14" player="Kasasus" sum="1,600" type="3"/>
   <cards player="moozeevv" type="Pocket">X X</cards>
   <action no="15" player="moozeevv" sum="0" type="0"/>
   <cards player="VIPa4" type="Pocket">X X</cards>
   <action no="16" player="VIPa4" sum="0" type="4"/>
  </round>
  <round no="2">
   <cards type="Flop">CK C2 S10</cards>
   <action no="17" player="VIPa4" sum="0" type="4"/>
   <action no="18" player="Kasasus" sum="0" type="4"/>
  </round>
  <round no="3">
   <cards type="Turn">S5</cards>
   <action no="19" player="VIPa4" sum="4,312" type="5"/>
   <action no="20" player="Kasasus" sum="0" type="0"/>
  </round>
 </game>
 <game gamecode="11574746942">
  <general>
   <startdate>2025-07-15 15:06:39</startdate>
   <smallblind>800</smallblind>
   <bigblind>1,600</bigblind>
   <ante>250</ante>
   <players>
    <player addon="0" seat="3" win="0" rebuy="0" chips="110,116" reg_code="" name="vtm01" dealer="0" bet="9,192"/>
    <player addon="0" seat="4" win="0" rebuy="0" chips="99,550" reg_code="8406572040" name="Gfs1505" dealer="0" bet="250"/>
    <player addon="0" seat="6" win="0" rebuy="0" chips="70,050" reg_code="" name="duke996sky" dealer="0" bet="250"/>
    <player addon="0" seat="8" win="0" rebuy="0" chips="103,070" reg_code="" name="Kasasus" dealer="0" bet="250"/>
    <player addon="0" seat="9" win="20,184" rebuy="0" chips="147,501" reg_code="" name="moozeevv" dealer="1" bet="9,192"/>
    <player addon="0" seat="10" win="0" rebuy="0" chips="424,729" reg_code="" name="VIPa4" dealer="0" bet="1,050"/>
   </players>
  </general>
  <round no="0">
   <action no="1" player="VIPa4" sum="250" type="15"/>
   <action no="2" player="vtm01" sum="250" type="15"/>
   <action no="3" player="Gfs1505" sum="250" type="15"/>
   <action no="4" player="duke996sky" sum="250" type="15"/>
   <action no="5" player="Kasasus" sum="250" type="15"/>
   <action no="6" player="moozeevv" sum="250" type="15"/>
   <action no="7" player="VIPa4" sum="800" type="1"/>
   <action no="8" player="vtm01" sum="1,600" type="2"/>
  </round>
  <round no="1">
   <cards player="Gfs1505" type="Pocket">D2 DJ</cards>
   <action no="9" player="Gfs1505" sum="0" type="0"/>
   <cards player="duke996sky" type="Pocket">X X</cards>
   <action no="10" player="duke996sky" sum="0" type="0"/>
   <cards player="Kasasus" type="Pocket">X X</cards>
   <action no="11" player="Kasasus" sum="0" type="0"/>
   <cards player="moozeevv" type="Pocket">HK DK</cards>
   <action no="12" player="moozeevv" sum="3,200" type="23"/>
   <cards player="VIPa4" type="Pocket">X X</cards>
   <action no="13" player="VIPa4" sum="0" type="0"/>
   <cards player="vtm01" type="Pocket">C7 D7</cards>
   <action no="14" player="vtm01" sum="1,600" type="3"/>
  </round>
  <round no="2">
   <cards type="Flop">H3 D10 SA</cards>
   <action no="15" player="vtm01" sum="0" type="4"/>
   <action no="16" player="moozeevv" sum="0" type="4"/>
  </round>
  <round no="3">
   <cards type="Turn">S10</cards>
   <action no="17" player="vtm01" sum="0" type="4"/>
   <action no="18" player="moozeevv" sum="5,742" type="5"/>
   <action no="19" player="vtm01" sum="5,742" type="3"/>
  </round>
  <round no="4">
   <cards type="River">H4</cards>
   <action no="20" player="vtm01" sum="0" type="4"/>
   <action no="21" player="moozeevv" sum="0" type="4"/>
  </round>
 </game>
 <game gamecode="11574768924">
  <general>
   <startdate>2025-07-15 15:08:37</startdate>
   <smallblind>800</smallblind>
   <bigblind>1,600</bigblind>
   <ante>250</ante>
   <players>
    <player addon="0" seat="3" win="0" rebuy="0" chips="100,924" reg_code="" name="vtm01" dealer="0" bet="1,050"/>
    <player addon="0" seat="4" win="0" rebuy="0" chips="99,300" reg_code="8406572040" name="Gfs1505" dealer="0" bet="1,850"/>
    <player addon="0" seat="6" win="0" rebuy="0" chips="69,800" reg_code="" name="duke996sky" dealer="0" bet="250"/>
    <player addon="0" seat="8" win="5,500" rebuy="0" chips="102,820" reg_code="" name="Kasasus" dealer="0" bet="3,200"/>
    <player addon="0" seat="9" win="0" rebuy="0" chips="158,493" reg_code="" name="moozeevv" dealer="0" bet="250"/>
    <player addon="0" seat="10" win="0" rebuy="0" chips="423,679" reg_code="" name="VIPa4" dealer="1" bet="250"/>
   </players>
  </general>
  <round no="0">
   <action no="1" player="vtm01" sum="250" type="15"/>
   <action no="2" player="Gfs1505" sum="250" type="15"/>
   <action no="3" player="duke996sky" sum="250" type="15"/>
   <action no="4" player="Kasasus" sum="250" type="15"/>
   <action no="5" player="moozeevv" sum="250" type="15"/>
   <action no="6" player="VIPa4" sum="250" type="15"/>
   <action no="7" player="vtm01" sum="800" type="1"/>
   <action no="8" player="Gfs1505" sum="1,600" type="2"/>
  </round>
  <round no="1">
   <cards player="duke996sky" type="Pocket">X X</cards>
   <action no="9" player="duke996sky" sum="0" type="0"/>
   <cards player="Kasasus" type="Pocket">X X</cards>
   <action no="10" player="Kasasus" sum="3,200" type="23"/>
   <cards player="moozeevv" type="Pocket">X X</cards>
   <action no="11" player="moozeevv" sum="0" type="0"/>
   <cards player="VIPa4" type="Pocket">X X</cards>
   <action no="12" player="VIPa4" sum="0" type="0"/>
   <cards player="vtm01" type="Pocket">X X</cards>
   <action no="13" player="vtm01" sum="0" type="0"/>
   <cards player="Gfs1505" type="Pocket">D7 S3</cards>
   <action no="14" player="Gfs1505" sum="0" type="0"/>
  </round>
 </game>
 <game gamecode="11574768973">
  <general>
   <startdate>2025-07-15 15:09:15</startdate>
   <smallblind>800</smallblind>
   <bigblind>1,600</bigblind>
   <ante>250</ante>
   <players>
    <player addon="0" seat="1" win="0" rebuy="0" chips="268,147" reg_code="" name="TrustThe" dealer="0" bet="250"/>
    <player addon="0" seat="3" win="0" rebuy="0" chips="99,874" reg_code="" name="vtm01" dealer="1" bet="250"/>
    <player addon="0" seat="4" win="0" rebuy="0" chips="97,450" reg_code="8406572040" name="Gfs1505" dealer="0" bet="97,450"/>
    <player addon="0" seat="6" win="0" rebuy="0" chips="69,550" reg_code="" name="duke996sky" dealer="0" bet="1,850"/>
    <player addon="0" seat="8" win="0" rebuy="0" chips="106,470" reg_code="" name="Kasasus" dealer="0" bet="250"/>
    <player addon="0" seat="9" win="197,750" rebuy="0" chips="158,243" reg_code="" name="moozeevv" dealer="0" bet="125,736"/>
    <player addon="0" seat="10" win="0" rebuy="0" chips="423,429" reg_code="" name="VIPa4" dealer="0" bet="250"/>
   </players>
  </general>
  <round no="0">
   <action no="1" player="Gfs1505" sum="250" type="15"/>
   <action no="2" player="duke996sky" sum="250" type="15"/>
   <action no="3" player="Kasasus" sum="250" type="15"/>
   <action no="4" player="moozeevv" sum="250" type="15"/>
   <action no="5" player="VIPa4" sum="250" type="15"/>
   <action no="6" player="TrustThe" sum="250" type="15"/>
   <action no="7" player="vtm01" sum="250" type="15"/>
   <action no="8" player="Gfs1505" sum="800" type="1"/>
   <action no="9" player="duke996sky" sum="1,600" type="2"/>
  </round>
  <round no="1">
   <cards player="Kasasus" type="Pocket">X X</cards>
   <action no="10" player="Kasasus" sum="0" type="0"/>
   <cards player="moozeevv" type="Pocket">H7 D7</cards>
   <action no="11" player="moozeevv" sum="3,200" type="23"/>
   <cards player="VIPa4" type="Pocket">X X</cards>
   <action no="12" player="VIPa4" sum="0" type="0"/>
   <cards player="TrustThe" type="Pocket">X X</cards>
   <action no="13" player="TrustThe" sum="0" type="0"/>
   <cards player="vtm01" type="Pocket">X X</cards>
   <action no="14" player="vtm01" sum="0" type="0"/>
   <cards player="Gfs1505" type="Pocket">DA HK</cards>
   <action no="15" player="Gfs1505" sum="13,600" type="23"/>
   <cards player="duke996sky" type="Pocket">X X</cards>
   <action no="16" player="duke996sky" sum="0" type="0"/>
   <action no="17" player="moozeevv" sum="10,400" type="3"/>
  </round>
  <round no="2">
   <cards type="Flop">S2 C7 HJ</cards>
   <action no="18" player="Gfs1505" sum="7,637" type="5"/>
   <action no="19" player="moozeevv" sum="7,637" type="3"/>
  </round>
  <round no="3">
   <cards type="Turn">SJ</cards>
   <action no="20" player="Gfs1505" sum="11,456" type="5"/>
   <action no="21" player="moozeevv" sum="11,456" type="3"/>
  </round>
  <round no="4">
   <cards type="River">S8</cards>
   <action no="22" player="Gfs1505" sum="0" type="4"/>
   <action no="23" player="moozeevv" sum="92,793" type="5"/>
   <action no="24" player="Gfs1505" sum="64,507" type="7"/>
  </round>
 </game>
</session>
