<?xml version="1.0" encoding="utf-8"?>
<session sessioncode="8406572376">
 <general>
  <client_version>25.1.1.9</client_version>
  <mode>real</mode>
  <gametype>Holdem NL</gametype>
  <tablename>€30 STORM SECRET, 1130508364</tablename>
  <tournamentcurrency>EUR</tournamentcurrency>
  <duration>00:15:31</duration>
  <gamecount>20</gamecount>
  <startdate>2025-07-15 15:02:25</startdate>
  <currency>USD</currency>
  <nickname>Gfs1505</nickname>
  <bets>182,960</bets>
  <wins>74,060</wins>
  <chipsin>99,600</chipsin>
  <chipsout>0</chipsout>
  <statuspoints>RSP27</statuspoints>
  <awardpoints>RSP27</awardpoints>
  <ipoints>RSP27</ipoints>
  <tablesize>7</tablesize>
  <tournamentcode>1129707777</tournamentcode>
  <tournamentname>€30 STORM SECRET</tournamentname>
  <place>90</place>
  <buyin>€13.65 + €13.65 + €2.70</buyin>
  <totalbuyin>€30</totalbuyin>
  <win>0</win>
 </general>
 <game gamecode="11574740994">
  <general>
   <startdate>2025-07-15 15:02:25</startdate>
   <smallblind>1,500</smallblind>
   <bigblind>3,000</bigblind>
   <ante>400</ante>
   <players>
    <player addon="0" seat="1" win="0" rebuy="0" chips="99,600" reg_code="" name="Mbegsyboy" dealer="0" bet="400"/>
    <player addon="0" seat="4" win="0" rebuy="0" chips="100,000" reg_code="" name="Kasasus" dealer="0" bet="400"/>
    <player addon="0" seat="6" win="9,900" rebuy="0" chips="76,646" reg_code="" name="TdAguiar" dealer="1" bet="6,000"/>
    <player addon="0" seat="8" win="0" rebuy="0" chips="13,900" reg_code="" name="streetvision56" dealer="0" bet="1,900"/>
    <player addon="0" seat="9" win="0" rebuy="0" chips="355,105" reg_code="" name="ompalompA" dealer="0" bet="3,400"/>
    <player addon="0" seat="10" win="0" rebuy="0" chips="99,600" reg_code="" name="AlexPocRDS" dealer="0" bet="400"/>
   </players>
  </general>
  <round no="0">
   <action no="1" player="streetvision56" sum="400" type="15"/>
   <action no="2" player="ompalompA" sum="400" type="15"/>
   <action no="3" player="AlexPocRDS" sum="400" type="15"/>
   <action no="4" player="Mbegsyboy" sum="400" type="15"/>
   <action no="5" player="Kasasus" sum="400" type="15"/>
   <action no="6" player="TdAguiar" sum="400" type="15"/>
   <action no="7" player="streetvision56" sum="1,500" type="1"/>
   <action no="8" player="ompalompA" sum="3,000" type="2"/>
  </round>
  <round no="1">
   <cards player="AlexPocRDS" type="Pocket">X X</cards>
   <action no="9" player="AlexPocRDS" sum="0" type="0"/>
   <cards player="Mbegsyboy" type="Pocket">X X</cards>
   <action no="10" player="Mbegsyboy" sum="0" type="0"/>
   <cards player="Kasasus" type="Pocket">X X</cards>
   <action no="11" player="Kasasus" sum="0" type="0"/>
   <cards player="TdAguiar" type="Pocket">X X</cards>
   <action no="12" player="TdAguiar" sum="6,000" type="23"/>
   <cards player="streetvision56" type="Pocket">X X</cards>
   <action no="13" player="streetvision56" sum="0" type="0"/>
   <cards player="ompalompA" type="Pocket">X X</cards>
   <action no="14" player="ompalompA" sum="0" type="0"/>
  </round>
 </game>
 <game gamecode="11574741003">
  <general>
   <startdate>2025-07-15 15:03:02</startdate>
   <smallblind>1,500</smallblind>
   <bigblind>3,000</bigblind>
   <ante>400</ante>
   <players>
    <player addon="0" seat="1" win="0" rebuy="0" chips="99,200" reg_code="" name="Mbegsyboy" dealer="0" bet="400"/>
    <player addon="0" seat="3" win="0" rebuy="0" chips="100,000" reg_code="8406572376" name="Gfs1505" dealer="0" bet="400"/>
    <player addon="0" seat="4" win="0" rebuy="0" chips="99,600" reg_code="" name="Kasasus" dealer="0" bet="400"/>
    <player addon="0" seat="6" win="0" rebuy="0" chips="83,146" reg_code="" name="TdAguiar" dealer="0" bet="400"/>
    <player addon="0" seat="8" win="0" rebuy="0" chips="12,000" reg_code="" name="streetvision56" dealer="1" bet="400"/>
    <player addon="0" seat="9" win="0" rebuy="0" chips="351,705" reg_code="" name="ompalompA" dealer="0" bet="1,900"/>
    <player addon="0" seat="10" win="5,800" rebuy="0" chips="99,200" reg_code="" name="AlexPocRDS" dealer="0" bet="3,400"/>
   </players>
  </general>
  <round no="0">
   <action no="1" player="ompalompA" sum="400" type="15"/>
   <action no="2" player="AlexPocRDS" sum="400" type="15"/>
   <action no="3" player="Mbegsyboy" sum="400" type="15"/>
   <action no="4" player="Gfs1505" sum="400" type="15"/>
   <action no="5" player="Kasasus" sum="400" type="15"/>
   <action no="6" player="TdAguiar" sum="400" type="15"/>
   <action no="7" player="streetvision56" sum="400" type="15"/>
   <action no="8" player="ompalompA" sum="1,500" type="1"/>
   <action no="9" player="AlexPocRDS" sum="3,000" type="2"/>
  </round>
  <round no="1">
   <cards player="AlexPocRDS" type="Pocket">X X</cards>
   <cards player="Mbegsyboy" type="Pocket">X X</cards>
   <action no="10" player="Mbegsyboy" sum="0" type="0"/>
   <cards player="Gfs1505" type="Pocket">S3 D10</cards>
   <action no="11" player="Gfs1505" sum="0" type="0"/>
   <cards player="Kasasus" type="Pocket">X X</cards>
   <action no="12" player="Kasasus" sum="0" type="0"/>
   <cards player="TdAguiar" type="Pocket">X X</cards>
   <action no="13" player="TdAguiar" sum="0" type="0"/>
   <cards player="streetvision56" type="Pocket">X X</cards>
   <action no="14" player="streetvision56" sum="0" type="0"/>
   <cards player="ompalompA" type="Pocket">X X</cards>
   <action no="15" player="ompalompA" sum="0" type="0"/>
  </round>
 </game>
 <game gamecode="11574741011">
  <general>
   <startdate>2025-07-15 15:03:36</startdate>
   <smallblind>1,500</smallblind>
   <bigblind>3,000</bigblind>
   <ante>400</ante>
   <players>
    <player addon="0" seat="1" win="0" rebuy="0" chips="98,800" reg_code="" name="Mbegsyboy" dealer="0" bet="3,400"/>
    <player addon="0" seat="3" win="0" rebuy="0" chips="99,600" reg_code="8406572376" name="Gfs1505" dealer="0" bet="400"/>
    <player addon="0" seat="4" win="0" rebuy="0" chips="99,200" reg_code="" name="Kasasus" dealer="0" bet="400"/>
    <player addon="0" seat="6" win="10,300" rebuy="0" chips="82,746" reg_code="" name="TdAguiar" dealer="0" bet="6,000"/>
    <player addon="0" seat="8" win="0" rebuy="0" chips="11,600" reg_code="" name="streetvision56" dealer="0" bet="400"/>
    <player addon="0" seat="9" win="0" rebuy="0" chips="349,805" reg_code="" name="ompalompA" dealer="1" bet="400"/>
    <player addon="0" seat="10" win="0" rebuy="0" chips="103,100" reg_code="" name="AlexPocRDS" dealer="0" bet="1,900"/>
   </players>
  </general>
  <round no="0">
   <action no="1" player="AlexPocRDS" sum="400" type="15"/>
   <action no="2" player="Mbegsyboy" sum="400" type="15"/>
   <action no="3" player="Gfs1505" sum="400" type="15"/>
   <action no="4" player="Kasasus" sum="400" type="15"/>
   <action no="5" player="TdAguiar" sum="400" type="15"/>
   <action no="6" player="streetvision56" sum="400" type="15"/>
   <action no="7" player="ompalompA" sum="400" type="15"/>
   <action no="8" player="AlexPocRDS" sum="1,500" type="1"/>
   <action no="9" player="Mbegsyboy" sum="3,000" type="2"/>
  </round>
  <round no="1">
   <cards player="Gfs1505" type="Pocket">HK D9</cards>
   <action no="10" player="Gfs1505" sum="0" type="0"/>
   <cards player="Kasasus" type="Pocket">X X</cards>
   <action no="11" player="Kasasus" sum="0" type="0"/>
   <cards player="TdAguiar" type="Pocket">X X</cards>
   <action no="12" player="TdAguiar" sum="6,000" type="23"/>
   <cards player="streetvision56" type="Pocket">X X</cards>
   <action no="13" player="streetvision56" sum="0" type="0"/>
   <cards player="ompalompA" type="Pocket">X X</cards>
   <action no="14" player="ompalompA" sum="0" type="0"/>
   <cards player="AlexPocRDS" type="Pocket">X X</cards>
   <action no="15" player="AlexPocRDS" sum="0" type="0"/>
   <cards player="Mbegsyboy" type="Pocket">X X</cards>
   <action no="16" player="Mbegsyboy" sum="0" type="0"/>
  </round>
 </game>
 <game gamecode="11574741028">
  <general>
   <startdate>2025-07-15 15:04:20</startdate>
   <smallblind>1,500</smallblind>
   <bigblind>3,000</bigblind>
   <ante>400</ante>
   <players>
    <player addon="0" seat="1" win="0" rebuy="0" chips="95,400" reg_code="" name="Mbegsyboy" dealer="0" bet="1,900"/>
    <player addon="0" seat="3" win="0" rebuy="0" chips="99,200" reg_code="8406572376" name="Gfs1505" dealer="0" bet="3,400"/>
    <player addon="0" seat="4" win="0" rebuy="0" chips="98,800" reg_code="" name="Kasasus" dealer="0" bet="400"/>
    <player addon="0" seat="6" win="0" rebuy="0" chips="89,646" reg_code="" name="TdAguiar" dealer="0" bet="89,646"/>
    <player addon="0" seat="8" win="0" rebuy="0" chips="11,200" reg_code="" name="streetvision56" dealer="0" bet="400"/>
    <player addon="0" seat="9" win="0" rebuy="0" chips="349,405" reg_code="" name="ompalompA" dealer="0" bet="400"/>
    <player addon="0" seat="10" win="185,792" rebuy="0" chips="101,200" reg_code="" name="AlexPocRDS" dealer="1" bet="89,646"/>
   </players>
  </general>
  <round no="0">
   <action no="1" player="Mbegsyboy" sum="400" type="15"/>
   <action no="2" player="Gfs1505" sum="400" type="15"/>
   <action no="3" player="Kasasus" sum="400" type="15"/>
   <action no="4" player="TdAguiar" sum="400" type="15"/>
   <action no="5" player="streetvision56" sum="400" type="15"/>
   <action no="6" player="ompalompA" sum="400" type="15"/>
   <action no="7" player="AlexPocRDS" sum="400" type="15"/>
   <action no="8" player="Mbegsyboy" sum="1,500" type="1"/>
   <action no="9" player="Gfs1505" sum="3,000" type="2"/>
  </round>
  <round no="1">
   <cards player="Kasasus" type="Pocket">X X</cards>
   <action no="10" player="Kasasus" sum="0" type="0"/>
   <cards player="TdAguiar" type="Pocket">DQ DK</cards>
   <action no="11" player="TdAguiar" sum="6,000" type="23"/>
   <cards player="streetvision56" type="Pocket">X X</cards>
   <action no="12" player="streetvision56" sum="0" type="0"/>
   <cards player="ompalompA" type="Pocket">X X</cards>
   <action no="13" player="ompalompA" sum="0" type="0"/>
   <cards player="AlexPocRDS" type="Pocket">S6 S5</cards>
   <action no="14" player="AlexPocRDS" sum="21,000" type="23"/>
   <cards player="Mbegsyboy" type="Pocket">X X</cards>
   <action no="15" player="Mbegsyboy" sum="0" type="0"/>
   <cards player="Gfs1505" type="Pocket">H10 HJ</cards>
   <action no="16" player="Gfs1505" sum="0" type="0"/>
   <action no="17" player="TdAguiar" sum="15,000" type="3"/>
  </round>
  <round no="2">
   <cards type="Flop">C9 SK D2</cards>
   <action no="18" player="TdAguiar" sum="0" type="4"/>
   <action no="19" player="AlexPocRDS" sum="15,000" type="5"/>
   <action no="20" player="TdAguiar" sum="15,000" type="3"/>
  </round>
  <round no="3">
   <cards type="Turn">SJ</cards>
   <action no="21" player="TdAguiar" sum="0" type="4"/>
   <action no="22" player="AlexPocRDS" sum="0" type="4"/>
  </round>
  <round no="4">
   <cards type="River">S4</cards>
   <action no="23" player="TdAguiar" sum="53,246" type="5"/>
   <action no="24" player="AlexPocRDS" sum="53,246" type="3"/>
  </round>
 </game>
 <game gamecode="11574741051">
  <general>
   <startdate>2025-07-15 15:05:52</startdate>
   <smallblind>1,500</smallblind>
   <bigblind>3,000</bigblind>
   <ante>400</ante>
   <players>
    <player addon="0" seat="1" win="0" rebuy="0" chips="93,500" reg_code="" name="Mbegsyboy" dealer="1" bet="400"/>
    <player addon="0" seat="3" win="0" rebuy="0" chips="95,800" reg_code="8406572376" name="Gfs1505" dealer="0" bet="1,900"/>
    <player addon="0" seat="4" win="0" rebuy="0" chips="98,400" reg_code="" name="Kasasus" dealer="0" bet="3,400"/>
    <player addon="0" seat="8" win="0" rebuy="0" chips="10,800" reg_code="" name="streetvision56" dealer="0" bet="400"/>
    <player addon="0" seat="9" win="0" rebuy="0" chips="349,005" reg_code="" name="ompalompA" dealer="0" bet="400"/>
    <player addon="0" seat="10" win="9,900" rebuy="0" chips="197,346" reg_code="" name="AlexPocRDS" dealer="0" bet="9,000"/>
   </players>
  </general>
  <round no="0">
   <action no="1" player="Gfs1505" sum="400" type="15"/>
   <action no="2" player="Kasasus" sum="400" type="15"/>
   <action no="3" player="streetvision56" sum="400" type="15"/>
   <action no="4" player="ompalompA" sum="400" type="15"/>
   <action no="5" player="AlexPocRDS" sum="400" type="15"/>
   <action no="6" player="Mbegsyboy" sum="400" type="15"/>
   <action no="7" player="Gfs1505" sum="1,500" type="1"/>
   <action no="8" player="Kasasus" sum="3,000" type="2"/>
  </round>
  <round no="1">
   <cards player="streetvision56" type="Pocket">X X</cards>
   <action no="9" player="streetvision56" sum="0" type="0"/>
   <cards player="ompalompA" type="Pocket">X X</cards>
   <action no="10" player="ompalompA" sum="0" type="0"/>
   <cards player="AlexPocRDS" type="Pocket">X X</cards>
   <action no="11" player="AlexPocRDS" sum="9,000" type="23"/>
   <cards player="Mbegsyboy" type="Pocket">X X</cards>
   <action no="12" player="Mbegsyboy" sum="0" type="0"/>
   <cards player="Gfs1505" type="Pocket">H8 HQ</cards>
   <action no="13" player="Gfs1505" sum="0" type="0"/>
   <cards player="Kasasus" type="Pocket">X X</cards>
   <action no="14" player="Kasasus" sum="0" type="0"/>
  </round>
 </game>
 <game gamecode="11574741054">
  <general>
   <startdate>2025-07-15 15:06:13</startdate>
   <smallblind>1,500</smallblind>
   <bigblind>3,000</bigblind>
   <ante>400</ante>
   <players>
    <player addon="0" seat="1" win="9,900" rebuy="0" chips="93,100" reg_code="" name="Mbegsyboy" dealer="0" bet="6,000"/>
    <player addon="0" seat="3" win="0" rebuy="0" chips="93,900" reg_code="8406572376" name="Gfs1505" dealer="1" bet="400"/>
    <player addon="0" seat="4" win="0" rebuy="0" chips="95,000" reg_code="" name="Kasasus" dealer="0" bet="1,900"/>
    <player addon="0" seat="8" win="0" rebuy="0" chips="10,400" reg_code="" name="streetvision56" dealer="0" bet="3,400"/>
    <player addon="0" seat="9" win="0" rebuy="0" chips="348,605" reg_code="" name="ompalompA" dealer="0" bet="400"/>
    <player addon="0" seat="10" win="0" rebuy="0" chips="203,846" reg_code="" name="AlexPocRDS" dealer="0" bet="400"/>
   </players>
  </general>
  <round no="0">
   <action no="1" player="Kasasus" sum="400" type="15"/>
   <action no="2" player="streetvision56" sum="400" type="15"/>
   <action no="3" player="ompalompA" sum="400" type="15"/>
   <action no="4" player="AlexPocRDS" sum="400" type="15"/>
   <action no="5" player="Mbegsyboy" sum="400" type="15"/>
   <action no="6" player="Gfs1505" sum="400" type="15"/>
   <action no="7" player="Kasasus" sum="1,500" type="1"/>
   <action no="8" player="streetvision56" sum="3,000" type="2"/>
  </round>
  <round no="1">
   <cards player="ompalompA" type="Pocket">X X</cards>
   <action no="9" player="ompalompA" sum="0" type="0"/>
   <cards player="AlexPocRDS" type="Pocket">X X</cards>
   <action no="10" player="AlexPocRDS" sum="0" type="0"/>
   <cards player="Mbegsyboy" type="Pocket">X X</cards>
   <action no="11" player="Mbegsyboy" sum="6,000" type="23"/>
   <cards player="Gfs1505" type="Pocket">D4 CA</cards>
   <action no="12" player="Gfs1505" sum="0" type="0"/>
   <cards player="Kasasus" type="Pocket">X X</cards>
   <action no="13" player="Kasasus" sum="0" type="0"/>
   <cards player="streetvision56" type="Pocket">X X</cards>
   <action no="14" player="streetvision56" sum="0" type="0"/>
  </round>
 </game>
 <game gamecode="11574741057">
  <general>
   <startdate>2025-07-15 15:06:32</startdate>
   <smallblind>1,500</smallblind>
   <bigblind>3,000</bigblind>
   <ante>400</ante>
   <players>
    <player addon="0" seat="1" win="0" rebuy="0" chips="99,600" reg_code="" name="Mbegsyboy" dealer="0" bet="400"/>
    <player addon="0" seat="3" win="0" rebuy="0" chips="93,500" reg_code="8406572376" name="Gfs1505" dealer="0" bet="400"/>
    <player addon="0" seat="4" win="9,900" rebuy="0" chips="93,100" reg_code="" name="Kasasus" dealer="1" bet="6,000"/>
    <player addon="0" seat="8" win="0" rebuy="0" chips="7,000" reg_code="" name="streetvision56" dealer="0" bet="1,900"/>
    <player addon="0" seat="9" win="0" rebuy="0" chips="348,205" reg_code="" name="ompalompA" dealer="0" bet="3,400"/>
    <player addon="0" seat="10" win="0" rebuy="0" chips="203,446" reg_code="" name="AlexPocRDS" dealer="0" bet="400"/>
   </players>
  </general>
  <round no="0">
   <action no="1" player="streetvision56" sum="400" type="15"/>
   <action no="2" player="ompalompA" sum="400" type="15"/>
   <action no="3" player="AlexPocRDS" sum="400" type="15"/>
   <action no="4" player="Mbegsyboy" sum="400" type="15"/>
   <action no="5" player="Gfs1505" sum="400" type="15"/>
   <action no="6" player="Kasasus" sum="400" type="15"/>
   <action no="7" player="streetvision56" sum="1,500" type="1"/>
   <action no="8" player="ompalompA" sum="3,000" type="2"/>
  </round>
  <round no="1">
   <cards player="AlexPocRDS" type="Pocket">X X</cards>
   <action no="9" player="AlexPocRDS" sum="0" type="0"/>
   <cards player="Mbegsyboy" type="Pocket">X X</cards>
   <action no="10" player="Mbegsyboy" sum="0" type="0"/>
   <cards player="Gfs1505" type="Pocket">H8 SQ</cards>
   <action no="11" player="Gfs1505" sum="0" type="0"/>
   <cards player="Kasasus" type="Pocket">X X</cards>
   <action no="12" player="Kasasus" sum="6,000" type="23"/>
   <cards player="streetvision56" type="Pocket">X X</cards>
   <action no="13" player="streetvision56" sum="0" type="0"/>
   <cards player="ompalompA" type="Pocket">X X</cards>
   <action no="14" player="ompalompA" sum="0" type="0"/>
  </round>
 </game>
 <game gamecode="11574741065">
  <general>
   <startdate>2025-07-15 15:06:59</startdate>
   <smallblind>1,500</smallblind>
   <bigblind>3,000</bigblind>
   <ante>400</ante>
   <players>
    <player addon="0" seat="1" win="0" rebuy="0" chips="99,200" reg_code="" name="Mbegsyboy" dealer="0" bet="400"/>
    <player addon="0" seat="3" win="0" rebuy="0" chips="93,100" reg_code="8406572376" name="Gfs1505" dealer="0" bet="400"/>
    <player addon="0" seat="4" win="9,900" rebuy="0" chips="99,600" reg_code="" name="Kasasus" dealer="0" bet="6,000"/>
    <player addon="0" seat="8" win="0" rebuy="0" chips="5,100" reg_code="" name="streetvision56" dealer="1" bet="400"/>
    <player addon="0" seat="9" win="0" rebuy="0" chips="344,805" reg_code="" name="ompalompA" dealer="0" bet="1,900"/>
    <player addon="0" seat="10" win="0" rebuy="0" chips="203,046" reg_code="" name="AlexPocRDS" dealer="0" bet="3,400"/>
   </players>
  </general>
  <round no="0">
   <action no="1" player="ompalompA" sum="400" type="15"/>
   <action no="2" player="AlexPocRDS" sum="400" type="15"/>
   <action no="3" player="Mbegsyboy" sum="400" type="15"/>
   <action no="4" player="Gfs1505" sum="400" type="15"/>
   <action no="5" player="Kasasus" sum="400" type="15"/>
   <action no="6" player="streetvision56" sum="400" type="15"/>
   <action no="7" player="ompalompA" sum="1,500" type="1"/>
   <action no="8" player="AlexPocRDS" sum="3,000" type="2"/>
  </round>
  <round no="1">
   <cards player="Mbegsyboy" type="Pocket">X X</cards>
   <action no="9" player="Mbegsyboy" sum="0" type="0"/>
   <cards player="Gfs1505" type="Pocket">SJ H8</cards>
   <action no="10" player="Gfs1505" sum="0" type="0"/>
   <cards player="Kasasus" type="Pocket">X X</cards>
   <action no="11" player="Kasasus" sum="6,000" type="23"/>
   <cards player="streetvision56" type="Pocket">X X</cards>
   <action no="12" player="streetvision56" sum="0" type="0"/>
   <cards player="ompalompA" type="Pocket">X X</cards>
   <action no="13" player="ompalompA" sum="0" type="0"/>
   <cards player="AlexPocRDS" type="Pocket">X X</cards>
   <action no="14" player="AlexPocRDS" sum="0" type="0"/>
  </round>
 </game>
 <game gamecode="11574741068">
  <general>
   <startdate>2025-07-15 15:07:20</startdate>
   <smallblind>1,500</smallblind>
   <bigblind>3,000</bigblind>
   <ante>400</ante>
   <players>
    <player addon="0" seat="1" win="0" rebuy="0" chips="98,800" reg_code="" name="Mbegsyboy" dealer="0" bet="3,400"/>
    <player addon="0" seat="3" win="0" rebuy="0" chips="92,700" reg_code="8406572376" name="Gfs1505" dealer="0" bet="400"/>
    <player addon="0" seat="4" win="9,900" rebuy="0" chips="106,100" reg_code="" name="Kasasus" dealer="0" bet="6,400"/>
    <player addon="0" seat="8" win="0" rebuy="0" chips="4,700" reg_code="" name="streetvision56" dealer="0" bet="400"/>
    <player addon="0" seat="9" win="0" rebuy="0" chips="342,905" reg_code="" name="ompalompA" dealer="1" bet="400"/>
    <player addon="0" seat="10" win="0" rebuy="0" chips="199,646" reg_code="" name="AlexPocRDS" dealer="0" bet="1,900"/>
   </players>
  </general>
  <round no="0">
   <action no="1" player="AlexPocRDS" sum="400" type="15"/>
   <action no="2" player="Mbegsyboy" sum="400" type="15"/>
   <action no="3" player="Gfs1505" sum="400" type="15"/>
   <action no="4" player="Kasasus" sum="400" type="15"/>
   <action no="5" player="streetvision56" sum="400" type="15"/>
   <action no="6" player="ompalompA" sum="400" type="15"/>
   <action no="7" player="AlexPocRDS" sum="1,500" type="1"/>
   <action no="8" player="Mbegsyboy" sum="3,000" type="2"/>
  </round>
  <round no="1">
   <cards player="Gfs1505" type="Pocket">C5 S10</cards>
   <action no="9" player="Gfs1505" sum="0" type="0"/>
   <cards player="Kasasus" type="Pocket">X X</cards>
   <action no="10" player="Kasasus" sum="3,000" type="3"/>
   <cards player="streetvision56" type="Pocket">X X</cards>
   <action no="11" player="streetvision56" sum="0" type="0"/>
   <cards player="ompalompA" type="Pocket">X X</cards>
   <action no="12" player="ompalompA" sum="0" type="0"/>
   <cards player="AlexPocRDS" type="Pocket">X X</cards>
   <action no="13" player="AlexPocRDS" sum="0" type="0"/>
   <cards player="Mbegsyboy" type="Pocket">X X</cards>
   <action no="14" player="Mbegsyboy" sum="0" type="4"/>
  </round>
  <round no="2">
   <cards type="Flop">C9 HJ C3</cards>
   <action no="15" player="Mbegsyboy" sum="0" type="4"/>
   <action no="16" player="Kasasus" sum="3,000" type="5"/>
   <action no="17" player="Mbegsyboy" sum="0" type="0"/>
  </round>
 </game>
 <game gamecode="11574741077">
  <general>
   <startdate>2025-07-15 15:07:46</startdate>
   <smallblind>1,500</smallblind>
   <bigblind>3,000</bigblind>
   <ante>400</ante>
   <players>
    <player addon="0" seat="1" win="0" rebuy="0" chips="95,400" reg_code="" name="Mbegsyboy" dealer="0" bet="9,400"/>
    <player addon="0" seat="3" win="0" rebuy="0" chips="92,300" reg_code="8406572376" name="Gfs1505" dealer="0" bet="9,400"/>
    <player addon="0" seat="4" win="0" rebuy="0" chips="112,600" reg_code="" name="Kasasus" dealer="0" bet="400"/>
    <player addon="0" seat="8" win="0" rebuy="0" chips="4,300" reg_code="" name="streetvision56" dealer="0" bet="400"/>
    <player addon="0" seat="9" win="0" rebuy="0" chips="342,505" reg_code="" name="ompalompA" dealer="0" bet="400"/>
    <player addon="0" seat="10" win="29,400" rebuy="0" chips="197,746" reg_code="" name="AlexPocRDS" dealer="1" bet="18,220"/>
   </players>
  </general>
  <round no="0">
   <action no="1" player="Mbegsyboy" sum="400" type="15"/>
   <action no="2" player="Gfs1505" sum="400" type="15"/>
   <action no="3" player="Kasasus" sum="400" type="15"/>
   <action no="4" player="streetvision56" sum="400" type="15"/>
   <action no="5" player="ompalompA" sum="400" type="15"/>
   <action no="6" player="AlexPocRDS" sum="400" type="15"/>
   <action no="7" player="Mbegsyboy" sum="1,500" type="1"/>
   <action no="8" player="Gfs1505" sum="3,000" type="2"/>
  </round>
  <round no="1">
   <cards player="Kasasus" type="Pocket">X X</cards>
   <action no="9" player="Kasasus" sum="0" type="0"/>
   <cards player="streetvision56" type="Pocket">X X</cards>
   <action no="10" player="streetvision56" sum="0" type="0"/>
   <cards player="ompalompA" type="Pocket">X X</cards>
   <action no="11" player="ompalompA" sum="0" type="0"/>
   <cards player="AlexPocRDS" type="Pocket">X X</cards>
   <action no="12" player="AlexPocRDS" sum="9,000" type="23"/>
   <cards player="Mbegsyboy" type="Pocket">X X</cards>
   <action no="13" player="Mbegsyboy" sum="7,500" type="3"/>
   <cards player="Gfs1505" type="Pocket">D6 DA</cards>
   <action no="14" player="Gfs1505" sum="6,000" type="3"/>
  </round>
  <round no="2">
   <cards type="Flop">H4 DQ SQ</cards>
   <action no="15" player="Mbegsyboy" sum="0" type="4"/>
   <action no="16" player="Gfs1505" sum="0" type="4"/>
   <action no="17" player="AlexPocRDS" sum="8,820" type="5"/>
   <action no="18" player="Mbegsyboy" sum="0" type="0"/>
   <action no="19" player="Gfs1505" sum="0" type="0"/>
  </round>
 </game>
 <game gamecode="11574741087">
  <general>
   <startdate>2025-07-15 15:08:40</startdate>
   <smallblind>1,500</smallblind>
   <bigblind>3,000</bigblind>
   <ante>400</ante>
   <players>
    <player addon="0" seat="1" win="0" rebuy="0" chips="86,000" reg_code="" name="Mbegsyboy" dealer="1" bet="9,400"/>
    <player addon="0" seat="3" win="0" rebuy="0" chips="82,900" reg_code="8406572376" name="Gfs1505" dealer="0" bet="1,900"/>
    <player addon="0" seat="4" win="0" rebuy="0" chips="112,200" reg_code="" name="Kasasus" dealer="0" bet="3,400"/>
    <player addon="0" seat="6" win="0" rebuy="0" chips="49,398" reg_code="" name="ARTRAISER501" dealer="0" bet="400"/>
    <player addon="0" seat="8" win="0" rebuy="0" chips="3,900" reg_code="" name="streetvision56" dealer="0" bet="400"/>
    <player addon="0" seat="9" win="0" rebuy="0" chips="342,105" reg_code="" name="ompalompA" dealer="0" bet="400"/>
    <player addon="0" seat="10" win="25,300" rebuy="0" chips="217,746" reg_code="" name="AlexPocRDS" dealer="0" bet="24,400"/>
   </players>
  </general>
  <round no="0">
   <action no="1" player="Gfs1505" sum="400" type="15"/>
   <action no="2" player="Kasasus" sum="400" type="15"/>
   <action no="3" player="ARTRAISER501" sum="400" type="15"/>
   <action no="4" player="streetvision56" sum="400" type="15"/>
   <action no="5" player="ompalompA" sum="400" type="15"/>
   <action no="6" player="AlexPocRDS" sum="400" type="15"/>
   <action no="7" player="Mbegsyboy" sum="400" type="15"/>
   <action no="8" player="Gfs1505" sum="1,500" type="1"/>
   <action no="9" player="Kasasus" sum="3,000" type="2"/>
  </round>
  <round no="1">
   <cards player="ARTRAISER501" type="Pocket">X X</cards>
   <action no="10" player="ARTRAISER501" sum="0" type="0"/>
   <cards player="streetvision56" type="Pocket">X X</cards>
   <action no="11" player="streetvision56" sum="0" type="0"/>
   <cards player="ompalompA" type="Pocket">X X</cards>
   <action no="12" player="ompalompA" sum="0" type="0"/>
   <cards player="AlexPocRDS" type="Pocket">X X</cards>
   <action no="13" player="AlexPocRDS" sum="9,000" type="23"/>
   <cards player="Mbegsyboy" type="Pocket">X X</cards>
   <action no="14" player="Mbegsyboy" sum="9,000" type="3"/>
   <cards player="Gfs1505" type="Pocket">HJ C8</cards>
   <action no="15" player="Gfs1505" sum="0" type="0"/>
   <cards player="Kasasus" type="Pocket">X X</cards>
   <action no="16" player="Kasasus" sum="0" type="0"/>
  </round>
  <round no="2">
   <cards type="Flop">C2 CJ D9</cards>
   <action no="17" player="AlexPocRDS" sum="0" type="4"/>
   <action no="18" player="Mbegsyboy" sum="0" type="4"/>
  </round>
  <round no="3">
   <cards type="Turn">S7</cards>
   <action no="19" player="AlexPocRDS" sum="15,000" type="5"/>
   <action no="20" player="Mbegsyboy" sum="0" type="0"/>
  </round>
 </game>
 <game gamecode="11574741093">
  <general>
   <startdate>2025-07-15 15:09:15</startdate>
   <smallblind>1,500</smallblind>
   <bigblind>3,000</bigblind>
   <ante>400</ante>
   <players>
    <player addon="0" seat="3" win="48,960" rebuy="0" chips="81,000" reg_code="8406572376" name="Gfs1505" dealer="1" bet="20,680"/>
    <player addon="0" seat="4" win="0" rebuy="0" chips="108,800" reg_code="" name="Kasasus" dealer="0" bet="6,400"/>
    <player addon="0" seat="6" win="0" rebuy="0" chips="48,998" reg_code="" name="ARTRAISER501" dealer="0" bet="20,680"/>
    <player addon="0" seat="8" win="0" rebuy="0" chips="3,500" reg_code="" name="streetvision56" dealer="0" bet="400"/>
    <player addon="0" seat="9" win="0" rebuy="0" chips="341,705" reg_code="" name="ompalompA" dealer="0" bet="400"/>
    <player addon="0" seat="10" win="0" rebuy="0" chips="233,646" reg_code="" name="AlexPocRDS" dealer="0" bet="400"/>
   </players>
  </general>
  <round no="0">
   <action no="1" player="Kasasus" sum="400" type="15"/>
   <action no="2" player="ARTRAISER501" sum="400" type="15"/>
   <action no="3" player="streetvision56" sum="400" type="15"/>
   <action no="4" player="ompalompA" sum="400" type="15"/>
   <action no="5" player="AlexPocRDS" sum="400" type="15"/>
   <action no="6" player="Gfs1505" sum="400" type="15"/>
   <action no="7" player="Kasasus" sum="1,500" type="1"/>
   <action no="8" player="ARTRAISER501" sum="3,000" type="2"/>
  </round>
  <round no="1">
   <cards player="streetvision56" type="Pocket">X X</cards>
   <action no="9" player="streetvision56" sum="0" type="0"/>
   <cards player="ompalompA" type="Pocket">X X</cards>
   <action no="10" player="ompalompA" sum="0" type="0"/>
   <cards player="AlexPocRDS" type="Pocket">X X</cards>
   <action no="11" player="AlexPocRDS" sum="0" type="0"/>
   <cards player="Gfs1505" type="Pocket">D10 C10</cards>
   <action no="12" player="Gfs1505" sum="6,000" type="23"/>
   <cards player="Kasasus" type="Pocket">X X</cards>
   <action no="13" player="Kasasus" sum="4,500" type="3"/>
   <cards player="ARTRAISER501" type="Pocket">SA H4</cards>
   <action no="14" player="ARTRAISER501" sum="3,000" type="3"/>
  </round>
  <round no="2">
   <cards type="Flop">C9 S5 CQ</cards>
   <action no="15" player="Kasasus" sum="0" type="4"/>
   <action no="16" player="ARTRAISER501" sum="0" type="4"/>
   <action no="17" player="Gfs1505" sum="0" type="4"/>
  </round>
  <round no="3">
   <cards type="Turn">H3</cards>
   <action no="18" player="Kasasus" sum="0" type="4"/>
   <action no="19" player="ARTRAISER501" sum="14,280" type="5"/>
   <action no="20" player="Gfs1505" sum="14,280" type="3"/>
   <action no="21" player="Kasasus" sum="0" type="0"/>
  </round>
  <round no="4">
   <cards type="River">SJ</cards>
   <action no="22" player="ARTRAISER501" sum="0" type="4"/>
   <action no="23" player="Gfs1505" sum="0" type="4"/>
  </round>
 </game>
 <game gamecode="11574767072">
  <general>
   <startdate>2025-07-15 15:10:38</startdate>
   <smallblind>1,500</smallblind>
   <bigblind>3,000</bigblind>
   <ante>400</ante>
   <players>
    <player addon="0" seat="1" win="0" rebuy="0" chips="326,120" reg_code="" name="willg25" dealer="0" bet="400"/>
    <player addon="0" seat="3" win="0" rebuy="0" chips="109,280" reg_code="8406572376" name="Gfs1505" dealer="0" bet="6,000"/>
    <player addon="0" seat="4" win="0" rebuy="0" chips="102,400" reg_code="" name="Kasasus" dealer="1" bet="400"/>
    <player addon="0" seat="6" win="0" rebuy="0" chips="28,318" reg_code="" name="ARTRAISER501" dealer="0" bet="1,900"/>
    <player addon="0" seat="8" win="9,700" rebuy="0" chips="3,100" reg_code="" name="streetvision56" dealer="0" bet="3,100"/>
    <player addon="0" seat="9" win="0" rebuy="0" chips="341,305" reg_code="" name="ompalompA" dealer="0" bet="400"/>
    <player addon="0" seat="10" win="0" rebuy="0" chips="233,246" reg_code="" name="AlexPocRDS" dealer="0" bet="400"/>
   </players>
  </general>
  <round no="0">
   <action no="1" player="ARTRAISER501" sum="400" type="15"/>
   <action no="2" player="streetvision56" sum="400" type="15"/>
   <action no="3" player="ompalompA" sum="400" type="15"/>
   <action no="4" player="AlexPocRDS" sum="400" type="15"/>
   <action no="5" player="willg25" sum="400" type="15"/>
   <action no="6" player="Gfs1505" sum="400" type="15"/>
   <action no="7" player="Kasasus" sum="400" type="15"/>
   <action no="8" player="ARTRAISER501" sum="1,500" type="1"/>
   <action no="9" player="streetvision56" sum="2,700" type="2"/>
  </round>
  <round no="1">
   <cards player="streetvision56" type="Pocket">H2 H10</cards>
   <cards player="ompalompA" type="Pocket">X X</cards>
   <action no="10" player="ompalompA" sum="0" type="0"/>
   <cards player="AlexPocRDS" type="Pocket">X X</cards>
   <action no="11" player="AlexPocRDS" sum="0" type="0"/>
   <cards player="willg25" type="Pocket">X X</cards>
   <action no="12" player="willg25" sum="0" type="0"/>
   <cards player="Gfs1505" type="Pocket">H9 HJ</cards>
   <action no="13" player="Gfs1505" sum="6,000" type="23"/>
   <cards player="Kasasus" type="Pocket">X X</cards>
   <action no="14" player="Kasasus" sum="0" type="0"/>
   <cards player="ARTRAISER501" type="Pocket">X X</cards>
   <action no="15" player="ARTRAISER501" sum="0" type="0"/>
  </round>
  <round no="2">
   <cards type="Flop">S3 S10 H4</cards>
  </round>
  <round no="3">
   <cards type="Turn">D10</cards>
  </round>
  <round no="4">
   <cards type="River">H6</cards>
  </round>
 </game>
 <game gamecode="11574767080">
  <general>
   <startdate>2025-07-15 15:11:09</startdate>
   <smallblind>1,500</smallblind>
   <bigblind>3,000</bigblind>
   <ante>400</ante>
   <players>
    <player addon="0" seat="1" win="0" rebuy="0" chips="325,720" reg_code="" name="willg25" dealer="0" bet="400"/>
    <player addon="0" seat="3" win="0" rebuy="0" chips="106,180" reg_code="8406572376" name="Gfs1505" dealer="0" bet="400"/>
    <player addon="0" seat="4" win="0" rebuy="0" chips="102,000" reg_code="" name="Kasasus" dealer="0" bet="400"/>
    <player addon="0" seat="6" win="0" rebuy="0" chips="26,418" reg_code="" name="ARTRAISER501" dealer="1" bet="400"/>
    <player addon="0" seat="8" win="0" rebuy="0" chips="9,700" reg_code="" name="streetvision56" dealer="0" bet="1,900"/>
    <player addon="0" seat="9" win="0" rebuy="0" chips="340,905" reg_code="" name="ompalompA" dealer="0" bet="3,400"/>
    <player addon="0" seat="10" win="10,300" rebuy="0" chips="232,846" reg_code="" name="AlexPocRDS" dealer="0" bet="9,000"/>
   </players>
  </general>
  <round no="0">
   <action no="1" player="streetvision56" sum="400" type="15"/>
   <action no="2" player="ompalompA" sum="400" type="15"/>
   <action no="3" player="AlexPocRDS" sum="400" type="15"/>
   <action no="4" player="willg25" sum="400" type="15"/>
   <action no="5" player="Gfs1505" sum="400" type="15"/>
   <action no="6" player="Kasasus" sum="400" type="15"/>
   <action no="7" player="ARTRAISER501" sum="400" type="15"/>
   <action no="8" player="streetvision56" sum="1,500" type="1"/>
   <action no="9" player="ompalompA" sum="3,000" type="2"/>
  </round>
  <round no="1">
   <cards player="AlexPocRDS" type="Pocket">X X</cards>
   <action no="10" player="AlexPocRDS" sum="9,000" type="23"/>
   <cards player="willg25" type="Pocket">X X</cards>
   <action no="11" player="willg25" sum="0" type="0"/>
   <cards player="Gfs1505" type="Pocket">SJ D8</cards>
   <action no="12" player="Gfs1505" sum="0" type="0"/>
   <cards player="Kasasus" type="Pocket">X X</cards>
   <action no="13" player="Kasasus" sum="0" type="0"/>
   <cards player="ARTRAISER501" type="Pocket">X X</cards>
   <action no="14" player="ARTRAISER501" sum="0" type="0"/>
   <cards player="streetvision56" type="Pocket">X X</cards>
   <action no="15" player="streetvision56" sum="0" type="0"/>
   <cards player="ompalompA" type="Pocket">X X</cards>
   <action no="16" player="ompalompA" sum="0" type="0"/>
  </round>
 </game>
 <game gamecode="11574767092">
  <general>
   <startdate>2025-07-15 15:11:45</startdate>
   <smallblind>1,500</smallblind>
   <bigblind>3,000</bigblind>
   <ante>400</ante>
   <players>
    <player addon="0" seat="1" win="0" rebuy="0" chips="325,320" reg_code="" name="willg25" dealer="0" bet="400"/>
    <player addon="0" seat="3" win="16,300" rebuy="0" chips="105,780" reg_code="8406572376" name="Gfs1505" dealer="0" bet="6,400"/>
    <player addon="0" seat="4" win="0" rebuy="0" chips="101,600" reg_code="" name="Kasasus" dealer="0" bet="400"/>
    <player addon="0" seat="6" win="0" rebuy="0" chips="26,018" reg_code="" name="ARTRAISER501" dealer="0" bet="400"/>
    <player addon="0" seat="8" win="0" rebuy="0" chips="7,800" reg_code="" name="streetvision56" dealer="1" bet="400"/>
    <player addon="0" seat="9" win="0" rebuy="0" chips="337,505" reg_code="" name="ompalompA" dealer="0" bet="1,900"/>
    <player addon="0" seat="10" win="0" rebuy="0" chips="239,746" reg_code="" name="AlexPocRDS" dealer="0" bet="6,400"/>
   </players>
  </general>
  <round no="0">
   <action no="1" player="ompalompA" sum="400" type="15"/>
   <action no="2" player="AlexPocRDS" sum="400" type="15"/>
   <action no="3" player="willg25" sum="400" type="15"/>
   <action no="4" player="Gfs1505" sum="400" type="15"/>
   <action no="5" player="Kasasus" sum="400" type="15"/>
   <action no="6" player="ARTRAISER501" sum="400" type="15"/>
   <action no="7" player="streetvision56" sum="400" type="15"/>
   <action no="8" player="ompalompA" sum="1,500" type="1"/>
   <action no="9" player="AlexPocRDS" sum="3,000" type="2"/>
  </round>
  <round no="1">
   <cards player="willg25" type="Pocket">X X</cards>
   <action no="10" player="willg25" sum="0" type="0"/>
   <cards player="Gfs1505" type="Pocket">HA DK</cards>
   <action no="11" player="Gfs1505" sum="6,000" type="23"/>
   <cards player="Kasasus" type="Pocket">X X</cards>
   <action no="12" player="Kasasus" sum="0" type="0"/>
   <cards player="ARTRAISER501" type="Pocket">X X</cards>
   <action no="13" player="ARTRAISER501" sum="0" type="0"/>
   <cards player="streetvision56" type="Pocket">X X</cards>
   <action no="14" player="streetvision56" sum="0" type="0"/>
   <cards player="ompalompA" type="Pocket">X X</cards>
   <action no="15" player="ompalompA" sum="0" type="0"/>
   <cards player="AlexPocRDS" type="Pocket">SA C3</cards>
   <action no="16" player="AlexPocRDS" sum="3,000" type="3"/>
  </round>
  <round no="2">
   <cards type="Flop">C5 C8 D4</cards>
   <action no="17" player="AlexPocRDS" sum="0" type="4"/>
   <action no="18" player="Gfs1505" sum="0" type="4"/>
  </round>
  <round no="3">
   <cards type="Turn">CQ</cards>
   <action no="19" player="AlexPocRDS" sum="0" type="4"/>
   <action no="20" player="Gfs1505" sum="0" type="4"/>
  </round>
  <round no="4">
   <cards type="River">H5</cards>
   <action no="21" player="AlexPocRDS" sum="0" type="4"/>
   <action no="22" player="Gfs1505" sum="0" type="4"/>
  </round>
 </game>
 <game gamecode="11574767104">
  <general>
   <startdate>2025-07-15 15:12:53</startdate>
   <smallblind>1,500</smallblind>
   <bigblind>3,000</bigblind>
   <ante>400</ante>
   <players>
    <player addon="0" seat="1" win="0" rebuy="0" chips="324,920" reg_code="" name="willg25" dealer="0" bet="3,400"/>
    <player addon="0" seat="3" win="0" rebuy="0" chips="115,680" reg_code="8406572376" name="Gfs1505" dealer="0" bet="400"/>
    <player addon="0" seat="4" win="0" rebuy="0" chips="101,200" reg_code="" name="Kasasus" dealer="0" bet="400"/>
    <player addon="0" seat="6" win="0" rebuy="0" chips="25,618" reg_code="" name="ARTRAISER501" dealer="0" bet="400"/>
    <player addon="0" seat="8" win="0" rebuy="0" chips="7,400" reg_code="" name="streetvision56" dealer="0" bet="400"/>
    <player addon="0" seat="9" win="0" rebuy="0" chips="335,605" reg_code="" name="ompalompA" dealer="1" bet="400"/>
    <player addon="0" seat="10" win="8,800" rebuy="0" chips="233,346" reg_code="" name="AlexPocRDS" dealer="0" bet="10,500"/>
   </players>
  </general>
  <round no="0">
   <action no="1" player="AlexPocRDS" sum="400" type="15"/>
   <action no="2" player="willg25" sum="400" type="15"/>
   <action no="3" player="Gfs1505" sum="400" type="15"/>
   <action no="4" player="Kasasus" sum="400" type="15"/>
   <action no="5" player="ARTRAISER501" sum="400" type="15"/>
   <action no="6" player="streetvision56" sum="400" type="15"/>
   <action no="7" player="ompalompA" sum="400" type="15"/>
   <action no="8" player="AlexPocRDS" sum="1,500" type="1"/>
   <action no="9" player="willg25" sum="3,000" type="2"/>
  </round>
  <round no="1">
   <cards player="Gfs1505" type="Pocket">H8 SK</cards>
   <action no="10" player="Gfs1505" sum="0" type="0"/>
   <cards player="Kasasus" type="Pocket">X X</cards>
   <action no="11" player="Kasasus" sum="0" type="0"/>
   <cards player="ARTRAISER501" type="Pocket">X X</cards>
   <action no="12" player="ARTRAISER501" sum="0" type="0"/>
   <cards player="streetvision56" type="Pocket">X X</cards>
   <action no="13" player="streetvision56" sum="0" type="0"/>
   <cards player="ompalompA" type="Pocket">X X</cards>
   <action no="14" player="ompalompA" sum="0" type="0"/>
   <cards player="AlexPocRDS" type="Pocket">X X</cards>
   <action no="15" player="AlexPocRDS" sum="10,500" type="23"/>
   <cards player="willg25" type="Pocket">X X</cards>
   <action no="16" player="willg25" sum="0" type="0"/>
  </round>
 </game>
 <game gamecode="11574767113">
  <general>
   <startdate>2025-07-15 15:13:21</startdate>
   <smallblind>1,500</smallblind>
   <bigblind>3,000</bigblind>
   <ante>400</ante>
   <players>
    <player addon="0" seat="1" win="0" rebuy="0" chips="321,520" reg_code="" name="willg25" dealer="0" bet="15,400"/>
    <player addon="0" seat="3" win="0" rebuy="0" chips="115,280" reg_code="8406572376" name="Gfs1505" dealer="0" bet="3,400"/>
    <player addon="0" seat="4" win="0" rebuy="0" chips="100,800" reg_code="" name="Kasasus" dealer="0" bet="3,400"/>
    <player addon="0" seat="6" win="0" rebuy="0" chips="25,218" reg_code="" name="ARTRAISER501" dealer="0" bet="400"/>
    <player addon="0" seat="8" win="0" rebuy="0" chips="7,000" reg_code="" name="streetvision56" dealer="0" bet="400"/>
    <player addon="0" seat="9" win="0" rebuy="0" chips="335,205" reg_code="" name="ompalompA" dealer="0" bet="400"/>
    <player addon="0" seat="10" win="38,800" rebuy="0" chips="238,746" reg_code="" name="AlexPocRDS" dealer="1" bet="39,400"/>
   </players>
  </general>
  <round no="0">
   <action no="1" player="willg25" sum="400" type="15"/>
   <action no="2" player="Gfs1505" sum="400" type="15"/>
   <action no="3" player="Kasasus" sum="400" type="15"/>
   <action no="4" player="ARTRAISER501" sum="400" type="15"/>
   <action no="5" player="streetvision56" sum="400" type="15"/>
   <action no="6" player="ompalompA" sum="400" type="15"/>
   <action no="7" player="AlexPocRDS" sum="400" type="15"/>
   <action no="8" player="willg25" sum="1,500" type="1"/>
   <action no="9" player="Gfs1505" sum="3,000" type="2"/>
  </round>
  <round no="1">
   <cards player="Kasasus" type="Pocket">X X</cards>
   <action no="10" player="Kasasus" sum="3,000" type="3"/>
   <cards player="ARTRAISER501" type="Pocket">X X</cards>
   <action no="11" player="ARTRAISER501" sum="0" type="0"/>
   <cards player="streetvision56" type="Pocket">X X</cards>
   <action no="12" player="streetvision56" sum="0" type="0"/>
   <cards player="ompalompA" type="Pocket">X X</cards>
   <action no="13" player="ompalompA" sum="0" type="0"/>
   <cards player="AlexPocRDS" type="Pocket">X X</cards>
   <action no="14" player="AlexPocRDS" sum="15,000" type="23"/>
   <cards player="willg25" type="Pocket">X X</cards>
   <action no="15" player="willg25" sum="13,500" type="3"/>
   <cards player="Gfs1505" type="Pocket">S10 S7</cards>
   <action no="16" player="Gfs1505" sum="0" type="0"/>
   <action no="17" player="Kasasus" sum="0" type="0"/>
  </round>
  <round no="2">
   <cards type="Flop">C8 H3 C2</cards>
   <action no="18" player="willg25" sum="0" type="4"/>
   <action no="19" player="AlexPocRDS" sum="24,000" type="5"/>
   <action no="20" player="willg25" sum="0" type="0"/>
  </round>
 </game>
 <game gamecode="11574767131">
  <general>
   <startdate>2025-07-15 15:14:46</startdate>
   <smallblind>1,500</smallblind>
   <bigblind>3,000</bigblind>
   <ante>400</ante>
   <players>
    <player addon="0" seat="1" win="0" rebuy="0" chips="306,120" reg_code="" name="willg25" dealer="1" bet="400"/>
    <player addon="0" seat="3" win="8,800" rebuy="0" chips="111,880" reg_code="8406572376" name="Gfs1505" dealer="0" bet="9,400"/>
    <player addon="0" seat="4" win="0" rebuy="0" chips="97,400" reg_code="" name="Kasasus" dealer="0" bet="3,400"/>
    <player addon="0" seat="6" win="0" rebuy="0" chips="24,818" reg_code="" name="ARTRAISER501" dealer="0" bet="400"/>
    <player addon="0" seat="8" win="0" rebuy="0" chips="6,600" reg_code="" name="streetvision56" dealer="0" bet="400"/>
    <player addon="0" seat="9" win="0" rebuy="0" chips="334,805" reg_code="" name="ompalompA" dealer="0" bet="400"/>
    <player addon="0" seat="10" win="0" rebuy="0" chips="262,146" reg_code="" name="AlexPocRDS" dealer="0" bet="400"/>
   </players>
  </general>
  <round no="0">
   <action no="1" player="Gfs1505" sum="400" type="15"/>
   <action no="2" player="Kasasus" sum="400" type="15"/>
   <action no="3" player="ARTRAISER501" sum="400" type="15"/>
   <action no="4" player="streetvision56" sum="400" type="15"/>
   <action no="5" player="ompalompA" sum="400" type="15"/>
   <action no="6" player="AlexPocRDS" sum="400" type="15"/>
   <action no="7" player="willg25" sum="400" type="15"/>
   <action no="8" player="Gfs1505" sum="1,500" type="1"/>
   <action no="9" player="Kasasus" sum="3,000" type="2"/>
  </round>
  <round no="1">
   <cards player="ARTRAISER501" type="Pocket">X X</cards>
   <action no="10" player="ARTRAISER501" sum="0" type="0"/>
   <cards player="streetvision56" type="Pocket">X X</cards>
   <action no="11" player="streetvision56" sum="0" type="0"/>
   <cards player="ompalompA" type="Pocket">X X</cards>
   <action no="12" player="ompalompA" sum="0" type="0"/>
   <cards player="AlexPocRDS" type="Pocket">X X</cards>
   <action no="13" player="AlexPocRDS" sum="0" type="0"/>
   <cards player="willg25" type="Pocket">X X</cards>
   <action no="14" player="willg25" sum="0" type="0"/>
   <cards player="Gfs1505" type="Pocket">D7 D10</cards>
   <action no="15" player="Gfs1505" sum="1,500" type="3"/>
   <cards player="Kasasus" type="Pocket">X X</cards>
   <action no="16" player="Kasasus" sum="0" type="4"/>
  </round>
  <round no="2">
   <cards type="Flop">H8 D3 H10</cards>
   <action no="17" player="Gfs1505" sum="6,000" type="5"/>
   <action no="18" player="Kasasus" sum="0" type="0"/>
  </round>
 </game>
 <game gamecode="11574767140">
  <general>
   <startdate>2025-07-15 15:15:25</startdate>
   <smallblind>1,500</smallblind>
   <bigblind>3,000</bigblind>
   <ante>400</ante>
   <players>
    <player addon="0" seat="3" win="0" rebuy="0" chips="117,280" reg_code="8406572376" name="Gfs1505" dealer="1" bet="18,400"/>
    <player addon="0" seat="4" win="41,400" rebuy="0" chips="94,000" reg_code="" name="Kasasus" dealer="0" bet="18,400"/>
    <player addon="0" seat="6" win="0" rebuy="0" chips="24,418" reg_code="" name="ARTRAISER501" dealer="0" bet="3,400"/>
    <player addon="0" seat="8" win="0" rebuy="0" chips="6,200" reg_code="" name="streetvision56" dealer="0" bet="400"/>
    <player addon="0" seat="9" win="0" rebuy="0" chips="334,405" reg_code="" name="ompalompA" dealer="0" bet="400"/>
    <player addon="0" seat="10" win="0" rebuy="0" chips="261,746" reg_code="" name="AlexPocRDS" dealer="0" bet="400"/>
   </players>
  </general>
  <round no="0">
   <action no="1" player="Kasasus" sum="400" type="15"/>
   <action no="2" player="ARTRAISER501" sum="400" type="15"/>
   <action no="3" player="streetvision56" sum="400" type="15"/>
   <action no="4" player="ompalompA" sum="400" type="15"/>
   <action no="5" player="AlexPocRDS" sum="400" type="15"/>
   <action no="6" player="Gfs1505" sum="400" type="15"/>
   <action no="7" player="Kasasus" sum="1,500" type="1"/>
   <action no="8" player="ARTRAISER501" sum="3,000" type="2"/>
  </round>
  <round no="1">
   <cards player="streetvision56" type="Pocket">X X</cards>
   <action no="9" player="streetvision56" sum="0" type="0"/>
   <cards player="ompalompA" type="Pocket">X X</cards>
   <action no="10" player="ompalompA" sum="0" type="0"/>
   <cards player="AlexPocRDS" type="Pocket">X X</cards>
   <action no="11" player="AlexPocRDS" sum="0" type="0"/>
   <cards player="Gfs1505" type="Pocket">D10 D6</cards>
   <action no="12" player="Gfs1505" sum="6,000" type="23"/>
   <cards player="Kasasus" type="Pocket">HJ DJ</cards>
   <action no="13" player="Kasasus" sum="9,000" type="23"/>
   <cards player="ARTRAISER501" type="Pocket">X X</cards>
   <action no="14" player="ARTRAISER501" sum="0" type="0"/>
   <action no="15" player="Gfs1505" sum="3,000" type="3"/>
  </round>
  <round no="2">
   <cards type="Flop">S4 S6 S7</cards>
   <action no="16" player="Kasasus" sum="3,000" type="5"/>
   <action no="17" player="Gfs1505" sum="3,000" type="3"/>
  </round>
  <round no="3">
   <cards type="Turn">H7</cards>
   <action no="18" player="Kasasus" sum="6,000" type="5"/>
   <action no="19" player="Gfs1505" sum="6,000" type="3"/>
  </round>
  <round no="4">
   <cards type="River">H8</cards>
   <action no="20" player="Kasasus" sum="0" type="4"/>
   <action no="21" player="Gfs1505" sum="0" type="4"/>
  </round>
 </game>
 <game gamecode="11574767158">
  <general>
   <startdate>2025-07-15 15:16:33</startdate>
   <smallblind>1,500</smallblind>
   <bigblind>3,000</bigblind>
   <ante>400</ante>
   <players>
    <player addon="0" seat="3" win="0" rebuy="0" chips="98,880" reg_code="8406572376" name="Gfs1505" dealer="0" bet="98,880"/>
    <player addon="0" seat="4" win="203,860" rebuy="0" chips="117,000" reg_code="" name="Kasasus" dealer="1" bet="98,880"/>
    <player addon="0" seat="6" win="0" rebuy="0" chips="21,018" reg_code="" name="ARTRAISER501" dealer="0" bet="1,900"/>
    <player addon="0" seat="8" win="0" rebuy="0" chips="5,800" reg_code="" name="streetvision56" dealer="0" bet="3,400"/>
    <player addon="0" seat="9" win="0" rebuy="0" chips="334,005" reg_code="" name="ompalompA" dealer="0" bet="400"/>
    <player addon="0" seat="10" win="0" rebuy="0" chips="261,346" reg_code="" name="AlexPocRDS" dealer="0" bet="400"/>
   </players>
  </general>
  <round no="0">
   <action no="1" player="ARTRAISER501" sum="400" type="15"/>
   <action no="2" player="streetvision56" sum="400" type="15"/>
   <action no="3" player="ompalompA" sum="400" type="15"/>
   <action no="4" player="AlexPocRDS" sum="400" type="15"/>
   <action no="5" player="Gfs1505" sum="400" type="15"/>
   <action no="6" player="Kasasus" sum="400" type="15"/>
   <action no="7" player="ARTRAISER501" sum="1,500" type="1"/>
   <action no="8" player="streetvision56" sum="3,000" type="2"/>
  </round>
  <round no="1">
   <cards player="ompalompA" type="Pocket">X X</cards>
   <action no="9" player="ompalompA" sum="0" type="0"/>
   <cards player="AlexPocRDS" type="Pocket">X X</cards>
   <action no="10" player="AlexPocRDS" sum="0" type="0"/>
   <cards player="Gfs1505" type="Pocket">S4 D4</cards>
   <action no="11" player="Gfs1505" sum="6,000" type="23"/>
   <cards player="Kasasus" type="Pocket">D5 H5</cards>
   <action no="12" player="Kasasus" sum="6,000" type="3"/>
   <cards player="ARTRAISER501" type="Pocket">X X</cards>
   <action no="13" player="ARTRAISER501" sum="0" type="0"/>
   <cards player="streetvision56" type="Pocket">X X</cards>
   <action no="14" player="streetvision56" sum="0" type="0"/>
  </round>
  <round no="2">
   <cards type="Flop">C3 H2 C5</cards>
   <action no="15" player="Gfs1505" sum="9,450" type="5"/>
   <action no="16" player="Kasasus" sum="18,900" type="23"/>
   <action no="17" player="Gfs1505" sum="37,800" type="23"/>
   <action no="18" player="Kasasus" sum="65,700" type="23"/>
   <action no="19" player="Gfs1505" sum="54,680" type="7"/>
   <action no="20" player="Kasasus" sum="26,780" type="3"/>
  </round>
  <round no="3">
   <cards type="Turn">H3</cards>
  </round>
  <round no="4">
   <cards type="River">S3</cards>
  </round>
 </game>
</session>
