<?xml version="1.0" encoding="utf-8"?>
<session sessioncode="8406572040">
 <general>
  <mode>real</mode>
  <gametype>Holdem NL</gametype>
  <tablename>€12.5 TUESDAY MINI MAIN, 1130502400</tablename>
  <tournamentcurrency>1</tournamentcurrency>
  <currency>USD</currency>
  <nickname>Gfs1505</nickname>
  <buyin>€5.69 + €5.69 + €1.12</buyin>
  <totalbuyin>€6.81</totalbuyin>
 </general>
 <game gamecode="11574746691">
  <general>
   <players>
    <player seat="1" chips="83,432" reg_code="" name="MaksymTsaruk" dealer="0"/>
    <player seat="3" chips="110,766" reg_code="" name="vtm01" dealer="1"/>
    <player seat="4" chips="100,000" reg_code="8406572040" name="Gfs1505" dealer="0"/>
    <player seat="6" chips="84,000" reg_code="" name="duke996sky" dealer="0"/>
    <player seat="8" chips="95,020" reg_code="" name="Kasasus" dealer="0"/>
    <player seat="9" chips="152,451" reg_code="" name="moozeevv" dealer="0"/>
    <player seat="10" chips="434,529" reg_code="" name="VIPa4" dealer="0"/>
   </players>
  </general>
  <round no="0">
   <action no="1" player="duke996sky" sum="€200" type="15"/>
   <action no="2" player="Kasasus" sum="€200" type="15"/>
   <action no="3" player="moozeevv" sum="€200" type="15"/>
   <action no="4" player="VIPa4" sum="€200" type="15"/>
   <action no="5" player="MaksymTsaruk" sum="€200" type="15"/>
   <action no="6" player="vtm01" sum="€200" type="15"/>
   <action no="7" player="duke996sky" sum="€700" type="1"/>
   <action no="8" player="Kasasus" sum="€1,400" type="2"/>
  </round>
 </game>
 <game gamecode="11574746763">
  <general>
   <players>
    <player seat="1" chips="83,232" reg_code="" name="MaksymTsaruk" dealer="0"/>
    <player seat="3" chips="110,566" reg_code="" name="vtm01" dealer="0"/>
    <player seat="4" chips="100,000" reg_code="8406572040" name="Gfs1505" dealer="0"/>
    <player seat="6" chips="74,000" reg_code="" name="duke996sky" dealer="1"/>
    <player seat="8" chips="105,820" reg_code="" name="Kasasus" dealer="0"/>
    <player seat="9" chips="152,251" reg_code="" name="moozeevv" dealer="0"/>
    <player seat="10" chips="434,329" reg_code="" name="VIPa4" dealer="0"/>
   </players>
  </general>
  <round no="0">
   <action no="1" player="Kasasus" sum="€200" type="15"/>
   <action no="2" player="moozeevv" sum="€200" type="15"/>
   <action no="3" player="VIPa4" sum="€200" type="15"/>
   <action no="4" player="MaksymTsaruk" sum="€200" type="15"/>
   <action no="5" player="vtm01" sum="€200" type="15"/>
   <action no="6" player="Gfs1505" sum="€200" type="15"/>
   <action no="7" player="duke996sky" sum="€200" type="15"/>
   <action no="8" player="Kasasus" sum="€700" type="1"/>
   <action no="9" player="moozeevv" sum="€1,400" type="2"/>
  </round>
 </game>
 <game gamecode="11574746896">
  <general>
   <players>
    <player seat="1" chips="105,432" reg_code="" name="MaksymTsaruk" dealer="0"/>
    <player seat="3" chips="110,366" reg_code="" name="vtm01" dealer="0"/>
    <player seat="4" chips="99,800" reg_code="8406572040" name="Gfs1505" dealer="0"/>
    <player seat="6" chips="70,300" reg_code="" name="duke996sky" dealer="0"/>
    <player seat="8" chips="104,920" reg_code="" name="Kasasus" dealer="1"/>
    <player seat="9" chips="148,551" reg_code="" name="moozeevv" dealer="0"/>
    <player seat="10" chips="420,829" reg_code="" name="VIPa4" dealer="0"/>
   </players>
  </general>
  <round no="0">
   <action no="1" player="moozeevv" sum="€250" type="15"/>
   <action no="2" player="VIPa4" sum="€250" type="15"/>
   <action no="3" player="MaksymTsaruk" sum="€250" type="15"/>
   <action no="4" player="vtm01" sum="€250" type="15"/>
   <action no="5" player="Gfs1505" sum="€250" type="15"/>
   <action no="6" player="duke996sky" sum="€250" type="15"/>
   <action no="7" player="Kasasus" sum="€250" type="15"/>
   <action no="8" player="moozeevv" sum="€800" type="1"/>
   <action no="9" player="VIPa4" sum="€1,600" type="2"/>
  </round>
 </game>
 <game gamecode="11574746942">
  <general>
   <players>
    <player seat="3" chips="110,116" reg_code="" name="vtm01" dealer="0"/>
    <player seat="4" chips="99,550" reg_code="8406572040" name="Gfs1505" dealer="0"/>
    <player seat="6" chips="70,050" reg_code="" name="duke996sky" dealer="0"/>
    <player seat="8" chips="103,070" reg_code="" name="Kasasus" dealer="0"/>
    <player seat="9" chips="147,501" reg_code="" name="moozeevv" dealer="1"/>
    <player seat="10" chips="424,729" reg_code="" name="VIPa4" dealer="0"/>
   </players>
  </general>
  <round no="0">
   <action no="1" player="VIPa4" sum="€250" type="15"/>
   <action no="2" player="vtm01" sum="€250" type="15"/>
   <action no="3" player="Gfs1505" sum="€250" type="15"/>
   <action no="4" player="duke996sky" sum="€250" type="15"/>
   <action no="5" player="Kasasus" sum="€250" type="15"/>
   <action no="6" player="moozeevv" sum="€250" type="15"/>
   <action no="7" player="VIPa4" sum="€800" type="1"/>
   <action no="8" player="vtm01" sum="€1,600" type="2"/>
  </round>
 </game>
 <game gamecode="11574768924">
  <general>
   <players>
    <player seat="1" chips="268,147" reg_code="" name="TrustThe" dealer="0"/>
    <player seat="3" chips="100,924" reg_code="" name="vtm01" dealer="0"/>
    <player seat="4" chips="99,300" reg_code="8406572040" name="Gfs1505" dealer="0"/>
    <player seat="6" chips="69,800" reg_code="" name="duke996sky" dealer="0"/>
    <player seat="8" chips="102,820" reg_code="" name="Kasasus" dealer="0"/>
    <player seat="9" chips="158,493" reg_code="" name="moozeevv" dealer="0"/>
    <player seat="10" chips="423,679" reg_code="" name="VIPa4" dealer="1"/>
   </players>
  </general>
  <round no="0">
   <action no="1" player="vtm01" sum="€250" type="15"/>
   <action no="2" player="Gfs1505" sum="€250" type="15"/>
   <action no="3" player="duke996sky" sum="€250" type="15"/>
   <action no="4" player="Kasasus" sum="€250" type="15"/>
   <action no="5" player="moozeevv" sum="€250" type="15"/>
   <action no="6" player="VIPa4" sum="€250" type="15"/>
   <action no="7" player="vtm01" sum="€800" type="1"/>
   <action no="8" player="Gfs1505" sum="€1,600" type="2"/>
  </round>
 </game>
 <game gamecode="11574768973">
  <general>
   <players>
    <player seat="1" chips="268,147" reg_code="" name="TrustThe" dealer="0"/>
    <player seat="3" chips="99,874" reg_code="" name="vtm01" dealer="1"/>
    <player seat="4" chips="97,450" reg_code="8406572040" name="Gfs1505" dealer="0"/>
    <player seat="6" chips="69,550" reg_code="" name="duke996sky" dealer="0"/>
    <player seat="8" chips="106,470" reg_code="" name="Kasasus" dealer="0"/>
    <player seat="9" chips="158,243" reg_code="" name="moozeevv" dealer="0"/>
    <player seat="10" chips="423,429" reg_code="" name="VIPa4" dealer="0"/>
   </players>
  </general>
  <round no="0">
   <action no="1" player="Gfs1505" sum="€250" type="15"/>
   <action no="2" player="duke996sky" sum="€250" type="15"/>
   <action no="3" player="Kasasus" sum="€250" type="15"/>
   <action no="4" player="moozeevv" sum="€250" type="15"/>
   <action no="5" player="VIPa4" sum="€250" type="15"/>
   <action no="6" player="TrustThe" sum="€250" type="15"/>
   <action no="7" player="vtm01" sum="€250" type="15"/>
   <action no="8" player="Gfs1505" sum="€800" type="1"/>
   <action no="9" player="duke996sky" sum="€1,600" type="2"/>
  </round>
 </game>
 <game gamecode="11574769070">
  <general>
   <players>
    <player seat="1" chips="267,897" reg_code="" name="TrustThe" dealer="0"/>
    <player seat="3" chips="99,624" reg_code="" name="vtm01" dealer="0"/>
    <player seat="6" chips="67,700" reg_code="" name="duke996sky" dealer="0"/>
    <player seat="8" chips="106,220" reg_code="" name="Kasasus" dealer="0"/>
    <player seat="9" chips="258,543" reg_code="" name="moozeevv" dealer="0"/>
    <player seat="10" chips="423,179" reg_code="" name="VIPa4" dealer="0"/>
   </players>
  </general>
  <round no="0">
   <action no="1" player="duke996sky" sum="€250" type="15"/>
   <action no="2" player="Kasasus" sum="€250" type="15"/>
   <action no="3" player="moozeevv" sum="€250" type="15"/>
   <action no="4" player="VIPa4" sum="€250" type="15"/>
   <action no="5" player="TrustThe" sum="€250" type="15"/>
   <action no="6" player="vtm01" sum="€250" type="15"/>
   <action no="7" player="duke996sky" sum="€800" type="1"/>
   <action no="8" player="Kasasus" sum="€1,600" type="2"/>
  </round>
 </game>
</session>
