<?xml version="1.0" encoding="utf-8"?>
<client_specification>
 <platform>
  <section_changed>Tue Aug  5 21:13:02 2025 -0300</section_changed>
  <processor_level>6</processor_level>
  <processor_revision1>183</processor_revision1>
  <processor_revision2>1</processor_revision2>
  <caps>3</caps>
  <memory_status>66837076</memory_status>
  <screenX>3072</screenX>
  <screenY>1728</screenY>
  <os_major_version>10</os_major_version>
  <os_minor_version>0</os_minor_version>
  <os_build_number>26100</os_build_number>
  <os_csd_version/>
  <host_name>Storm460</host_name>
  <os_version_name>Windows 10 Professional (build 26100), 64-bit</os_version_name>
 </platform>
 <config>
  <section_changed>Mon Jul 28 20:38:38 2025 -0300</section_changed>
  <side_view>0</side_view>
  <show_avatars>1</show_avatars>
  <avatar_number>-1</avatar_number>
  <show_details>0</show_details>
  <sound>0</sound>
  <music>0</music>
  <dealer_sounds>0</dealer_sounds>
  <player_sounds>0</player_sounds>
  <full_screen>0</full_screen>
  <chat_bubbles>0</chat_bubbles>
  <chat>0</chat>
  <bring_to_top>0</bring_to_top>
  <grid_view>-1</grid_view>
  <dll_version>25.1.1.9</dll_version>
  <config_version>25.1.1.9</config_version>
 </config>
</client_specification>
