<?xml version="1.0" encoding="utf-8"?>
<session sessioncode="8407295742">
 <general>
  <client_version>25.1.1.9</client_version>
  <mode>real</mode>
  <gametype>Holdem NL</gametype>
  <tablename>€25 BOUNTY SUPER XL, 1130603495</tablename>
  <tournamentcurrency>EUR</tournamentcurrency>
  <duration>00:30:48</duration>
  <gamecount>19</gamecount>
  <startdate>2025-07-16 13:36:08</startdate>
  <currency>USD</currency>
  <nickname>Gfs1505</nickname>
  <bets>294,100</bets>
  <wins>94,800</wins>
  <chipsin>199,500</chipsin>
  <chipsout>0</chipsout>
  <statuspoints>RSP22.50</statuspoints>
  <awardpoints>RSP22.50</awardpoints>
  <ipoints>RSP22.50</ipoints>
  <tablesize>8</tablesize>
  <tournamentcode>1129881588</tournamentcode>
  <tournamentname>€25 BOUNTY SUPER XL</tournamentname>
  <place>278</place>
  <buyin>€11.37 + €11.38 + €2.25</buyin>
  <totalbuyin>€25</totalbuyin>
  <win>0</win>
 </general>
 <game gamecode="11576673451">
  <general>
   <startdate>2025-07-16 13:36:08</startdate>
   <smallblind>2,500</smallblind>
   <bigblind>5,000</bigblind>
   <ante>500</ante>
   <players>
    <player win="0" bet="500" addon="0" reg_code="" name="RiVerSE" chips="200,000" dealer="1" rebuy="0" seat="1"/>
    <player win="0" bet="3,000" addon="0" reg_code="" name="Cress2300" chips="200,000" dealer="0" rebuy="0" seat="2"/>
    <player win="43,160" bet="33,322" addon="0" reg_code="" name="GhostStyles" chips="200,000" dealer="0" rebuy="0" seat="5"/>
    <player win="0" bet="500" addon="0" reg_code="" name="Floki29" chips="368,078" dealer="0" rebuy="0" seat="6"/>
    <player win="0" bet="500" addon="0" reg_code="" name="RS795" chips="200,000" dealer="0" rebuy="0" seat="7"/>
    <player win="0" bet="19,080" addon="0" reg_code="" name="Cheremsha1" chips="115,946" dealer="0" rebuy="0" seat="9"/>
    <player win="0" bet="500" addon="0" reg_code="" name="B3773rCallSaul" chips="38,867" dealer="0" rebuy="0" seat="10"/>
   </players>
  </general>
  <round no="0">
   <action type="15" no="1" player="Cress2300" sum="500"/>
   <action type="15" no="2" player="GhostStyles" sum="500"/>
   <action type="15" no="3" player="Floki29" sum="500"/>
   <action type="15" no="4" player="RS795" sum="500"/>
   <action type="15" no="5" player="Cheremsha1" sum="500"/>
   <action type="15" no="6" player="B3773rCallSaul" sum="500"/>
   <action type="15" no="7" player="RiVerSE" sum="500"/>
   <action type="1" no="8" player="Cress2300" sum="2,500"/>
   <action type="2" no="9" player="GhostStyles" sum="5,000"/>
  </round>
  <round no="1">
   <cards type="Pocket" player="Floki29">X X</cards>
   <action type="0" no="10" player="Floki29" sum="0"/>
   <cards type="Pocket" player="RS795">X X</cards>
   <action type="0" no="11" player="RS795" sum="0"/>
   <cards type="Pocket" player="Cheremsha1">X X</cards>
   <action type="23" no="12" player="Cheremsha1" sum="10,000"/>
   <cards type="Pocket" player="B3773rCallSaul">X X</cards>
   <action type="0" no="13" player="B3773rCallSaul" sum="0"/>
   <cards type="Pocket" player="RiVerSE">X X</cards>
   <action type="0" no="14" player="RiVerSE" sum="0"/>
   <cards type="Pocket" player="Cress2300">X X</cards>
   <action type="0" no="15" player="Cress2300" sum="0"/>
   <cards type="Pocket" player="GhostStyles">X X</cards>
   <action type="3" no="16" player="GhostStyles" sum="5,000"/>
  </round>
  <round no="2">
   <cards type="Flop">DK D4 CQ</cards>
   <action type="4" no="17" player="GhostStyles" sum="0"/>
   <action type="5" no="18" player="Cheremsha1" sum="8,580"/>
   <action type="3" no="19" player="GhostStyles" sum="8,580"/>
  </round>
  <round no="3">
   <cards type="Turn">H4</cards>
   <action type="5" no="20" player="GhostStyles" sum="14,242"/>
   <action type="0" no="21" player="Cheremsha1" sum="0"/>
  </round>
 </game>
 <game gamecode="11576697257">
  <general>
   <startdate>2025-07-16 13:37:09</startdate>
   <smallblind>2,500</smallblind>
   <bigblind>5,000</bigblind>
   <ante>500</ante>
   <players>
    <player win="0" bet="500" addon="0" reg_code="" name="RiVerSE" chips="199,500" dealer="0" rebuy="0" seat="1"/>
    <player win="0" bet="500" addon="0" reg_code="" name="Cress2300" chips="197,000" dealer="1" rebuy="0" seat="2"/>
    <player win="0" bet="3,000" addon="0" reg_code="" name="GhostStyles" chips="224,080" dealer="0" rebuy="0" seat="5"/>
    <player win="112,200" bet="128,600" addon="0" reg_code="" name="Floki29" chips="367,578" dealer="0" rebuy="0" seat="6"/>
    <player win="0" bet="53,600" addon="0" reg_code="" name="RS795" chips="199,500" dealer="0" rebuy="0" seat="7"/>
    <player win="0" bet="500" addon="0" reg_code="" name="Cheremsha1" chips="96,866" dealer="0" rebuy="0" seat="9"/>
    <player win="0" bet="500" addon="0" reg_code="" name="B3773rCallSaul" chips="38,367" dealer="0" rebuy="0" seat="10"/>
   </players>
  </general>
  <round no="0">
   <action type="15" no="1" player="GhostStyles" sum="500"/>
   <action type="15" no="2" player="Floki29" sum="500"/>
   <action type="15" no="3" player="RS795" sum="500"/>
   <action type="15" no="4" player="Cheremsha1" sum="500"/>
   <action type="15" no="5" player="B3773rCallSaul" sum="500"/>
   <action type="15" no="6" player="RiVerSE" sum="500"/>
   <action type="15" no="7" player="Cress2300" sum="500"/>
   <action type="1" no="8" player="GhostStyles" sum="2,500"/>
   <action type="2" no="9" player="Floki29" sum="5,000"/>
  </round>
  <round no="1">
   <cards type="Pocket" player="RS795">X X</cards>
   <action type="23" no="10" player="RS795" sum="11,500"/>
   <cards type="Pocket" player="Cheremsha1">X X</cards>
   <action type="0" no="11" player="Cheremsha1" sum="0"/>
   <cards type="Pocket" player="B3773rCallSaul">X X</cards>
   <action type="0" no="12" player="B3773rCallSaul" sum="0"/>
   <cards type="Pocket" player="RiVerSE">X X</cards>
   <action type="0" no="13" player="RiVerSE" sum="0"/>
   <cards type="Pocket" player="Cress2300">X X</cards>
   <action type="0" no="14" player="Cress2300" sum="0"/>
   <cards type="Pocket" player="GhostStyles">X X</cards>
   <action type="0" no="15" player="GhostStyles" sum="0"/>
   <cards type="Pocket" player="Floki29">X X</cards>
   <action type="3" no="16" player="Floki29" sum="6,500"/>
  </round>
  <round no="2">
   <cards type="Flop">H6 S8 SQ</cards>
   <action type="4" no="17" player="Floki29" sum="0"/>
   <action type="5" no="18" player="RS795" sum="11,600"/>
   <action type="3" no="19" player="Floki29" sum="11,600"/>
  </round>
  <round no="3">
   <cards type="Turn">H4</cards>
   <action type="5" no="20" player="Floki29" sum="30,000"/>
   <action type="3" no="21" player="RS795" sum="30,000"/>
  </round>
  <round no="4">
   <cards type="River">C5</cards>
   <action type="5" no="22" player="Floki29" sum="75,000"/>
   <action type="0" no="23" player="RS795" sum="0"/>
  </round>
 </game>
 <game gamecode="11576697319">
  <general>
   <startdate>2025-07-16 13:38:42</startdate>
   <smallblind>2,500</smallblind>
   <bigblind>5,000</bigblind>
   <ante>500</ante>
   <players>
    <player win="0" bet="500" addon="0" reg_code="" name="RiVerSE" chips="199,000" dealer="0" rebuy="0" seat="1"/>
    <player win="0" bet="500" addon="0" reg_code="8407295742" name="Gfs1505" chips="200,000" dealer="0" rebuy="0" seat="4"/>
    <player win="0" bet="500" addon="0" reg_code="" name="GhostStyles" chips="221,080" dealer="1" rebuy="0" seat="5"/>
    <player win="0" bet="35,500" addon="0" reg_code="" name="Floki29" chips="426,178" dealer="0" rebuy="0" seat="6"/>
    <player win="73,500" bet="80,500" addon="0" reg_code="" name="RS795" chips="145,900" dealer="0" rebuy="0" seat="7"/>
    <player win="0" bet="500" addon="0" reg_code="" name="Cheremsha1" chips="96,366" dealer="0" rebuy="0" seat="9"/>
    <player win="0" bet="500" addon="0" reg_code="" name="B3773rCallSaul" chips="37,867" dealer="0" rebuy="0" seat="10"/>
   </players>
  </general>
  <round no="0">
   <action type="15" no="1" player="Floki29" sum="500"/>
   <action type="15" no="2" player="RS795" sum="500"/>
   <action type="15" no="3" player="Cheremsha1" sum="500"/>
   <action type="15" no="4" player="B3773rCallSaul" sum="500"/>
   <action type="15" no="5" player="RiVerSE" sum="500"/>
   <action type="15" no="6" player="Gfs1505" sum="500"/>
   <action type="15" no="7" player="GhostStyles" sum="500"/>
   <action type="1" no="8" player="Floki29" sum="2,500"/>
   <action type="2" no="9" player="RS795" sum="5,000"/>
  </round>
  <round no="1">
   <cards type="Pocket" player="Cheremsha1">X X</cards>
   <action type="0" no="10" player="Cheremsha1" sum="0"/>
   <cards type="Pocket" player="B3773rCallSaul">X X</cards>
   <action type="0" no="11" player="B3773rCallSaul" sum="0"/>
   <cards type="Pocket" player="RiVerSE">X X</cards>
   <action type="0" no="12" player="RiVerSE" sum="0"/>
   <cards type="Pocket" player="Gfs1505">C7 HQ</cards>
   <action type="0" no="13" player="Gfs1505" sum="0"/>
   <cards type="Pocket" player="GhostStyles">X X</cards>
   <action type="0" no="14" player="GhostStyles" sum="0"/>
   <cards type="Pocket" player="Floki29">X D9</cards>
   <action type="23" no="15" player="Floki29" sum="10,000"/>
   <cards type="Pocket" player="RS795">X X</cards>
   <action type="3" no="16" player="RS795" sum="5,000"/>
  </round>
  <round no="2">
   <cards type="Flop">CA H6 D10</cards>
   <action type="4" no="17" player="Floki29" sum="0"/>
   <action type="4" no="18" player="RS795" sum="0"/>
  </round>
  <round no="3">
   <cards type="Turn">S4</cards>
   <action type="5" no="19" player="Floki29" sum="10,000"/>
   <action type="3" no="20" player="RS795" sum="10,000"/>
  </round>
  <round no="4">
   <cards type="River">DJ</cards>
   <action type="5" no="21" player="Floki29" sum="15,000"/>
   <action type="23" no="22" player="RS795" sum="60,000"/>
   <action type="0" no="23" player="Floki29" sum="0"/>
  </round>
 </game>
 <game gamecode="11576697372">
  <general>
   <startdate>2025-07-16 13:40:14</startdate>
   <smallblind>2,500</smallblind>
   <bigblind>5,000</bigblind>
   <ante>500</ante>
   <players>
    <player win="0" bet="500" addon="0" reg_code="" name="RiVerSE" chips="198,500" dealer="0" rebuy="0" seat="1"/>
    <player win="0" bet="500" addon="0" reg_code="" name="MrWhoo13" chips="773,313" dealer="0" rebuy="0" seat="2"/>
    <player win="0" bet="500" addon="0" reg_code="8407295742" name="Gfs1505" chips="199,500" dealer="0" rebuy="0" seat="4"/>
    <player win="0" bet="500" addon="0" reg_code="" name="GhostStyles" chips="220,580" dealer="0" rebuy="0" seat="5"/>
    <player win="0" bet="500" addon="0" reg_code="" name="Floki29" chips="390,678" dealer="1" rebuy="0" seat="6"/>
    <player win="0" bet="3,000" addon="0" reg_code="" name="RS795" chips="183,900" dealer="0" rebuy="0" seat="7"/>
    <player win="80,234" bet="37,367" addon="0" reg_code="" name="Cheremsha1" chips="95,866" dealer="0" rebuy="0" seat="9">
     <knockout kicked="B3773rCallSaul" tobalance="€5.69" tobounty="€5.69"/>
    </player>
    <player win="0" bet="36,867" addon="0" reg_code="" name="B3773rCallSaul" chips="37,367" dealer="0" rebuy="0" seat="10"/>
   </players>
  </general>
  <round no="0">
   <action type="15" no="1" player="RS795" sum="500"/>
   <action type="15" no="2" player="Cheremsha1" sum="500"/>
   <action type="15" no="3" player="B3773rCallSaul" sum="500"/>
   <action type="15" no="4" player="RiVerSE" sum="500"/>
   <action type="15" no="5" player="MrWhoo13" sum="500"/>
   <action type="15" no="6" player="Gfs1505" sum="500"/>
   <action type="15" no="7" player="GhostStyles" sum="500"/>
   <action type="15" no="8" player="Floki29" sum="500"/>
   <action type="1" no="9" player="RS795" sum="2,500"/>
   <action type="2" no="10" player="Cheremsha1" sum="5,000"/>
  </round>
  <round no="1">
   <cards type="Pocket" player="B3773rCallSaul">S7 C7</cards>
   <action type="23" no="11" player="B3773rCallSaul" sum="36,867"/>
   <cards type="Pocket" player="RiVerSE">X X</cards>
   <action type="0" no="12" player="RiVerSE" sum="0"/>
   <cards type="Pocket" player="MrWhoo13">X X</cards>
   <action type="0" no="13" player="MrWhoo13" sum="0"/>
   <cards type="Pocket" player="Gfs1505">H9 H3</cards>
   <action type="0" no="14" player="Gfs1505" sum="0"/>
   <cards type="Pocket" player="GhostStyles">X X</cards>
   <action type="0" no="15" player="GhostStyles" sum="0"/>
   <cards type="Pocket" player="Floki29">X X</cards>
   <action type="0" no="16" player="Floki29" sum="0"/>
   <cards type="Pocket" player="RS795">X X</cards>
   <action type="0" no="17" player="RS795" sum="0"/>
   <cards type="Pocket" player="Cheremsha1">DA D9</cards>
   <action type="3" no="18" player="Cheremsha1" sum="31,867"/>
  </round>
  <round no="2">
   <cards type="Flop">C9 HK SJ</cards>
  </round>
  <round no="3">
   <cards type="Turn">DJ</cards>
  </round>
  <round no="4">
   <cards type="River">D2</cards>
  </round>
 </game>
 <game gamecode="11576697401">
  <general>
   <startdate>2025-07-16 13:41:02</startdate>
   <smallblind>2,500</smallblind>
   <bigblind>5,000</bigblind>
   <ante>500</ante>
   <players>
    <player win="28,000" bet="27,460" addon="0" reg_code="" name="RiVerSE" chips="198,000" dealer="0" rebuy="0" seat="1"/>
    <player win="0" bet="500" addon="0" reg_code="" name="MrWhoo13" chips="772,813" dealer="0" rebuy="0" seat="2"/>
    <player win="0" bet="500" addon="0" reg_code="8407295742" name="Gfs1505" chips="199,000" dealer="0" rebuy="0" seat="4"/>
    <player win="0" bet="11,500" addon="0" reg_code="" name="GhostStyles" chips="220,080" dealer="0" rebuy="0" seat="5"/>
    <player win="0" bet="500" addon="0" reg_code="" name="Floki29" chips="390,178" dealer="0" rebuy="0" seat="6"/>
    <player win="0" bet="500" addon="0" reg_code="" name="RS795" chips="180,900" dealer="1" rebuy="0" seat="7"/>
    <player win="0" bet="3,000" addon="0" reg_code="" name="Cheremsha1" chips="138,733" dealer="0" rebuy="0" seat="9"/>
   </players>
  </general>
  <round no="0">
   <action type="15" no="1" player="Cheremsha1" sum="500"/>
   <action type="15" no="2" player="RiVerSE" sum="500"/>
   <action type="15" no="3" player="MrWhoo13" sum="500"/>
   <action type="15" no="4" player="Gfs1505" sum="500"/>
   <action type="15" no="5" player="GhostStyles" sum="500"/>
   <action type="15" no="6" player="Floki29" sum="500"/>
   <action type="15" no="7" player="RS795" sum="500"/>
   <action type="1" no="8" player="Cheremsha1" sum="2,500"/>
   <action type="2" no="9" player="RiVerSE" sum="5,000"/>
  </round>
  <round no="1">
   <cards type="Pocket" player="MrWhoo13">X X</cards>
   <action type="0" no="10" player="MrWhoo13" sum="0"/>
   <cards type="Pocket" player="Gfs1505">HJ D7</cards>
   <action type="0" no="11" player="Gfs1505" sum="0"/>
   <cards type="Pocket" player="GhostStyles">X X</cards>
   <action type="23" no="12" player="GhostStyles" sum="11,000"/>
   <cards type="Pocket" player="Floki29">X X</cards>
   <action type="0" no="13" player="Floki29" sum="0"/>
   <cards type="Pocket" player="RS795">X X</cards>
   <action type="0" no="14" player="RS795" sum="0"/>
   <cards type="Pocket" player="Cheremsha1">X X</cards>
   <action type="0" no="15" player="Cheremsha1" sum="0"/>
   <cards type="Pocket" player="RiVerSE">X X</cards>
   <action type="3" no="16" player="RiVerSE" sum="6,000"/>
  </round>
  <round no="2">
   <cards type="Flop">H8 S5 D6</cards>
   <action type="4" no="17" player="RiVerSE" sum="0"/>
   <action type="4" no="18" player="GhostStyles" sum="0"/>
  </round>
  <round no="3">
   <cards type="Turn">H9</cards>
   <action type="5" no="19" player="RiVerSE" sum="15,960"/>
   <action type="0" no="20" player="GhostStyles" sum="0"/>
  </round>
 </game>
 <game gamecode="11576697448">
  <general>
   <startdate>2025-07-16 13:42:15</startdate>
   <smallblind>2,500</smallblind>
   <bigblind>5,000</bigblind>
   <ante>500</ante>
   <players>
    <player win="47,250" bet="19,875" addon="0" reg_code="" name="RiVerSE" chips="214,500" dealer="0" rebuy="0" seat="1"/>
    <player win="0" bet="5,500" addon="0" reg_code="" name="MrWhoo13" chips="772,313" dealer="0" rebuy="0" seat="2"/>
    <player win="0" bet="500" addon="0" reg_code="8407295742" name="Gfs1505" chips="198,500" dealer="0" rebuy="0" seat="4"/>
    <player win="0" bet="500" addon="0" reg_code="" name="GhostStyles" chips="208,580" dealer="0" rebuy="0" seat="5"/>
    <player win="0" bet="500" addon="0" reg_code="" name="Floki29" chips="389,678" dealer="0" rebuy="0" seat="6"/>
    <player win="0" bet="19,875" addon="0" reg_code="" name="RS795" chips="180,400" dealer="0" rebuy="0" seat="7"/>
    <player win="0" bet="500" addon="0" reg_code="" name="Cheremsha1" chips="135,733" dealer="1" rebuy="0" seat="9"/>
   </players>
  </general>
  <round no="0">
   <action type="15" no="1" player="RiVerSE" sum="500"/>
   <action type="15" no="2" player="MrWhoo13" sum="500"/>
   <action type="15" no="3" player="Gfs1505" sum="500"/>
   <action type="15" no="4" player="GhostStyles" sum="500"/>
   <action type="15" no="5" player="Floki29" sum="500"/>
   <action type="15" no="6" player="RS795" sum="500"/>
   <action type="15" no="7" player="Cheremsha1" sum="500"/>
   <action type="1" no="8" player="RiVerSE" sum="2,500"/>
   <action type="2" no="9" player="MrWhoo13" sum="5,000"/>
  </round>
  <round no="1">
   <cards type="Pocket" player="Gfs1505">S4 C9</cards>
   <action type="0" no="10" player="Gfs1505" sum="0"/>
   <cards type="Pocket" player="GhostStyles">X X</cards>
   <action type="0" no="11" player="GhostStyles" sum="0"/>
   <cards type="Pocket" player="Floki29">X X</cards>
   <action type="0" no="12" player="Floki29" sum="0"/>
   <cards type="Pocket" player="RS795">HJ H10</cards>
   <action type="23" no="13" player="RS795" sum="11,500"/>
   <cards type="Pocket" player="Cheremsha1">X X</cards>
   <action type="0" no="14" player="Cheremsha1" sum="0"/>
   <cards type="Pocket" player="RiVerSE">HA H3</cards>
   <action type="3" no="15" player="RiVerSE" sum="9,000"/>
   <cards type="Pocket" player="MrWhoo13">X X</cards>
   <action type="0" no="16" player="MrWhoo13" sum="0"/>
  </round>
  <round no="2">
   <cards type="Flop">H6 CQ C6</cards>
   <action type="4" no="17" player="RiVerSE" sum="0"/>
   <action type="5" no="18" player="RS795" sum="7,875"/>
   <action type="3" no="19" player="RiVerSE" sum="7,875"/>
  </round>
  <round no="3">
   <cards type="Turn">H5</cards>
   <action type="4" no="20" player="RiVerSE" sum="0"/>
   <action type="4" no="21" player="RS795" sum="0"/>
  </round>
  <round no="4">
   <cards type="River">C7</cards>
   <action type="4" no="22" player="RiVerSE" sum="0"/>
   <action type="4" no="23" player="RS795" sum="0"/>
  </round>
 </game>
 <game gamecode="11576697500">
  <general>
   <startdate>2025-07-16 13:43:43</startdate>
   <smallblind>2,500</smallblind>
   <bigblind>5,000</bigblind>
   <ante>500</ante>
   <players>
    <player win="0" bet="500" addon="0" reg_code="" name="RiVerSE" chips="241,875" dealer="1" rebuy="0" seat="1"/>
    <player win="0" bet="3,000" addon="0" reg_code="" name="MrWhoo13" chips="766,813" dealer="0" rebuy="0" seat="2"/>
    <player win="0" bet="5,500" addon="0" reg_code="8407295742" name="Gfs1505" chips="198,000" dealer="0" rebuy="0" seat="4"/>
    <player win="0" bet="500" addon="0" reg_code="" name="GhostStyles" chips="208,080" dealer="0" rebuy="0" seat="5"/>
    <player win="16,500" bet="15,000" addon="0" reg_code="" name="Floki29" chips="389,178" dealer="0" rebuy="0" seat="6"/>
    <player win="0" bet="500" addon="0" reg_code="" name="RS795" chips="160,525" dealer="0" rebuy="0" seat="7"/>
    <player win="0" bet="500" addon="0" reg_code="" name="Cheremsha1" chips="135,233" dealer="0" rebuy="0" seat="9"/>
    <player win="0" bet="500" addon="0" reg_code="" name="Gabaritinis" chips="486,063" dealer="0" rebuy="0" seat="10"/>
   </players>
  </general>
  <round no="0">
   <action type="15" no="1" player="MrWhoo13" sum="500"/>
   <action type="15" no="2" player="Gfs1505" sum="500"/>
   <action type="15" no="3" player="GhostStyles" sum="500"/>
   <action type="15" no="4" player="Floki29" sum="500"/>
   <action type="15" no="5" player="RS795" sum="500"/>
   <action type="15" no="6" player="Cheremsha1" sum="500"/>
   <action type="15" no="7" player="Gabaritinis" sum="500"/>
   <action type="15" no="8" player="RiVerSE" sum="500"/>
   <action type="1" no="9" player="MrWhoo13" sum="2,500"/>
   <action type="2" no="10" player="Gfs1505" sum="5,000"/>
  </round>
  <round no="1">
   <cards type="Pocket" player="GhostStyles">X X</cards>
   <action type="0" no="11" player="GhostStyles" sum="0"/>
   <cards type="Pocket" player="Floki29">X X</cards>
   <action type="23" no="12" player="Floki29" sum="15,000"/>
   <cards type="Pocket" player="RS795">X X</cards>
   <action type="0" no="13" player="RS795" sum="0"/>
   <cards type="Pocket" player="Cheremsha1">X X</cards>
   <action type="0" no="14" player="Cheremsha1" sum="0"/>
   <cards type="Pocket" player="Gabaritinis">X X</cards>
   <action type="0" no="15" player="Gabaritinis" sum="0"/>
   <cards type="Pocket" player="RiVerSE">X X</cards>
   <action type="0" no="16" player="RiVerSE" sum="0"/>
   <cards type="Pocket" player="MrWhoo13">X X</cards>
   <action type="0" no="17" player="MrWhoo13" sum="0"/>
   <cards type="Pocket" player="Gfs1505">S2 D4</cards>
   <action type="0" no="18" player="Gfs1505" sum="0"/>
  </round>
 </game>
 <game gamecode="11576697529">
  <general>
   <startdate>2025-07-16 13:44:29</startdate>
   <smallblind>2,500</smallblind>
   <bigblind>5,000</bigblind>
   <ante>500</ante>
   <players>
    <player win="0" bet="500" addon="0" reg_code="" name="RiVerSE" chips="241,375" dealer="0" rebuy="0" seat="1"/>
    <player win="0" bet="66,250" addon="0" reg_code="" name="MrWhoo13" chips="763,813" dealer="1" rebuy="0" seat="2"/>
    <player win="0" bet="3,000" addon="0" reg_code="8407295742" name="Gfs1505" chips="192,500" dealer="0" rebuy="0" seat="4"/>
    <player win="0" bet="5,500" addon="0" reg_code="" name="GhostStyles" chips="207,580" dealer="0" rebuy="0" seat="5"/>
    <player win="0" bet="500" addon="0" reg_code="" name="Floki29" chips="400,178" dealer="0" rebuy="0" seat="6"/>
    <player win="143,000" bet="160,025" addon="0" reg_code="" name="RS795" chips="160,025" dealer="0" rebuy="0" seat="7"/>
    <player win="0" bet="500" addon="0" reg_code="" name="Cheremsha1" chips="134,733" dealer="0" rebuy="0" seat="9"/>
    <player win="0" bet="500" addon="0" reg_code="" name="Gabaritinis" chips="485,563" dealer="0" rebuy="0" seat="10"/>
   </players>
  </general>
  <round no="0">
   <action type="15" no="1" player="Gfs1505" sum="500"/>
   <action type="15" no="2" player="GhostStyles" sum="500"/>
   <action type="15" no="3" player="Floki29" sum="500"/>
   <action type="15" no="4" player="RS795" sum="500"/>
   <action type="15" no="5" player="Cheremsha1" sum="500"/>
   <action type="15" no="6" player="Gabaritinis" sum="500"/>
   <action type="15" no="7" player="RiVerSE" sum="500"/>
   <action type="15" no="8" player="MrWhoo13" sum="500"/>
   <action type="1" no="9" player="Gfs1505" sum="2,500"/>
   <action type="2" no="10" player="GhostStyles" sum="5,000"/>
  </round>
  <round no="1">
   <cards type="Pocket" player="Floki29">X X</cards>
   <action type="0" no="11" player="Floki29" sum="0"/>
   <cards type="Pocket" player="RS795">X X</cards>
   <action type="23" no="12" player="RS795" sum="10,000"/>
   <cards type="Pocket" player="Cheremsha1">X X</cards>
   <action type="0" no="13" player="Cheremsha1" sum="0"/>
   <cards type="Pocket" player="Gabaritinis">X X</cards>
   <action type="0" no="14" player="Gabaritinis" sum="0"/>
   <cards type="Pocket" player="RiVerSE">X X</cards>
   <action type="0" no="15" player="RiVerSE" sum="0"/>
   <cards type="Pocket" player="MrWhoo13">X X</cards>
   <action type="23" no="16" player="MrWhoo13" sum="30,000"/>
   <cards type="Pocket" player="Gfs1505">DJ S8</cards>
   <action type="0" no="17" player="Gfs1505" sum="0"/>
   <cards type="Pocket" player="GhostStyles">X X</cards>
   <action type="0" no="18" player="GhostStyles" sum="0"/>
   <action type="3" no="19" player="RS795" sum="20,000"/>
  </round>
  <round no="2">
   <cards type="Flop">DQ S6 DK</cards>
   <action type="4" no="20" player="RS795" sum="0"/>
   <action type="4" no="21" player="MrWhoo13" sum="0"/>
  </round>
  <round no="3">
   <cards type="Turn">C9</cards>
   <action type="5" no="22" player="RS795" sum="35,750"/>
   <action type="3" no="23" player="MrWhoo13" sum="35,750"/>
  </round>
  <round no="4">
   <cards type="River">S7</cards>
   <action type="5" no="24" player="RS795" sum="93,775"/>
   <action type="0" no="25" player="MrWhoo13" sum="0"/>
  </round>
 </game>
 <game gamecode="11576697581">
  <general>
   <startdate>2025-07-16 13:45:56</startdate>
   <smallblind>3,000</smallblind>
   <bigblind>6,000</bigblind>
   <ante>600</ante>
   <players>
    <player win="0" bet="600" addon="0" reg_code="" name="RiVerSE" chips="240,875" dealer="0" rebuy="0" seat="1"/>
    <player win="0" bet="600" addon="0" reg_code="" name="MrWhoo13" chips="697,563" dealer="0" rebuy="0" seat="2"/>
    <player win="94,800" bet="42,600" addon="0" reg_code="8407295742" name="Gfs1505" chips="189,500" dealer="1" rebuy="0" seat="4"/>
    <player win="0" bet="42,600" addon="0" reg_code="" name="GhostStyles" chips="202,080" dealer="0" rebuy="0" seat="5"/>
    <player win="0" bet="6,600" addon="0" reg_code="" name="Floki29" chips="399,678" dealer="0" rebuy="0" seat="6"/>
    <player win="0" bet="600" addon="0" reg_code="" name="RS795" chips="236,775" dealer="0" rebuy="0" seat="7"/>
    <player win="0" bet="600" addon="0" reg_code="" name="Cheremsha1" chips="134,233" dealer="0" rebuy="0" seat="9"/>
    <player win="0" bet="600" addon="0" reg_code="" name="Gabaritinis" chips="485,063" dealer="0" rebuy="0" seat="10"/>
   </players>
  </general>
  <round no="0">
   <action type="15" no="1" player="GhostStyles" sum="600"/>
   <action type="15" no="2" player="Floki29" sum="600"/>
   <action type="15" no="3" player="RS795" sum="600"/>
   <action type="15" no="4" player="Cheremsha1" sum="600"/>
   <action type="15" no="5" player="Gabaritinis" sum="600"/>
   <action type="15" no="6" player="RiVerSE" sum="600"/>
   <action type="15" no="7" player="MrWhoo13" sum="600"/>
   <action type="15" no="8" player="Gfs1505" sum="600"/>
   <action type="1" no="9" player="GhostStyles" sum="3,000"/>
   <action type="2" no="10" player="Floki29" sum="6,000"/>
  </round>
  <round no="1">
   <cards type="Pocket" player="RS795">X X</cards>
   <action type="0" no="11" player="RS795" sum="0"/>
   <cards type="Pocket" player="Cheremsha1">X X</cards>
   <action type="0" no="12" player="Cheremsha1" sum="0"/>
   <cards type="Pocket" player="Gabaritinis">X X</cards>
   <action type="0" no="13" player="Gabaritinis" sum="0"/>
   <cards type="Pocket" player="RiVerSE">X X</cards>
   <action type="0" no="14" player="RiVerSE" sum="0"/>
   <cards type="Pocket" player="MrWhoo13">X X</cards>
   <action type="0" no="15" player="MrWhoo13" sum="0"/>
   <cards type="Pocket" player="Gfs1505">DA D8</cards>
   <action type="23" no="16" player="Gfs1505" sum="12,000"/>
   <cards type="Pocket" player="GhostStyles">CA D3</cards>
   <action type="23" no="17" player="GhostStyles" sum="42,000"/>
   <cards type="Pocket" player="Floki29">X X</cards>
   <action type="0" no="18" player="Floki29" sum="0"/>
   <action type="3" no="19" player="Gfs1505" sum="30,000"/>
  </round>
  <round no="2">
   <cards type="Flop">HQ S2 S10</cards>
   <action type="4" no="20" player="GhostStyles" sum="0"/>
   <action type="4" no="21" player="Gfs1505" sum="0"/>
  </round>
  <round no="3">
   <cards type="Turn">SQ</cards>
   <action type="4" no="22" player="GhostStyles" sum="0"/>
   <action type="4" no="23" player="Gfs1505" sum="0"/>
  </round>
  <round no="4">
   <cards type="River">C6</cards>
   <action type="4" no="24" player="GhostStyles" sum="0"/>
   <action type="4" no="25" player="Gfs1505" sum="0"/>
  </round>
 </game>
 <game gamecode="11576697634">
  <general>
   <startdate>2025-07-16 13:47:29</startdate>
   <smallblind>3,000</smallblind>
   <bigblind>6,000</bigblind>
   <ante>600</ante>
   <players>
    <player win="0" bet="600" addon="0" reg_code="" name="RiVerSE" chips="240,275" dealer="0" rebuy="0" seat="1"/>
    <player win="0" bet="600" addon="0" reg_code="" name="MrWhoo13" chips="696,963" dealer="0" rebuy="0" seat="2"/>
    <player win="0" bet="12,600" addon="0" reg_code="8407295742" name="Gfs1505" chips="241,700" dealer="0" rebuy="0" seat="4"/>
    <player win="0" bet="600" addon="0" reg_code="" name="GhostStyles" chips="159,480" dealer="1" rebuy="0" seat="5"/>
    <player win="0" bet="3,600" addon="0" reg_code="" name="Floki29" chips="393,078" dealer="0" rebuy="0" seat="6"/>
    <player win="31,800" bet="23,100" addon="0" reg_code="" name="RS795" chips="236,175" dealer="0" rebuy="0" seat="7"/>
    <player win="0" bet="600" addon="0" reg_code="" name="Cheremsha1" chips="133,633" dealer="0" rebuy="0" seat="9"/>
    <player win="0" bet="600" addon="0" reg_code="" name="Gabaritinis" chips="484,463" dealer="0" rebuy="0" seat="10"/>
   </players>
  </general>
  <round no="0">
   <action type="15" no="1" player="Floki29" sum="600"/>
   <action type="15" no="2" player="RS795" sum="600"/>
   <action type="15" no="3" player="Cheremsha1" sum="600"/>
   <action type="15" no="4" player="Gabaritinis" sum="600"/>
   <action type="15" no="5" player="RiVerSE" sum="600"/>
   <action type="15" no="6" player="MrWhoo13" sum="600"/>
   <action type="15" no="7" player="Gfs1505" sum="600"/>
   <action type="15" no="8" player="GhostStyles" sum="600"/>
   <action type="1" no="9" player="Floki29" sum="3,000"/>
   <action type="2" no="10" player="RS795" sum="6,000"/>
  </round>
  <round no="1">
   <cards type="Pocket" player="Cheremsha1">X X</cards>
   <action type="0" no="11" player="Cheremsha1" sum="0"/>
   <cards type="Pocket" player="Gabaritinis">X X</cards>
   <action type="0" no="12" player="Gabaritinis" sum="0"/>
   <cards type="Pocket" player="RiVerSE">X X</cards>
   <action type="0" no="13" player="RiVerSE" sum="0"/>
   <cards type="Pocket" player="MrWhoo13">X X</cards>
   <action type="0" no="14" player="MrWhoo13" sum="0"/>
   <cards type="Pocket" player="Gfs1505">CJ DK</cards>
   <action type="23" no="15" player="Gfs1505" sum="12,000"/>
   <cards type="Pocket" player="GhostStyles">X X</cards>
   <action type="0" no="16" player="GhostStyles" sum="0"/>
   <cards type="Pocket" player="Floki29">X X</cards>
   <action type="0" no="17" player="Floki29" sum="0"/>
   <cards type="Pocket" player="RS795">X X</cards>
   <action type="3" no="18" player="RS795" sum="6,000"/>
  </round>
  <round no="2">
   <cards type="Flop">S2 S4 S8</cards>
   <action type="4" no="19" player="RS795" sum="0"/>
   <action type="4" no="20" player="Gfs1505" sum="0"/>
  </round>
  <round no="3">
   <cards type="Turn">C5</cards>
   <action type="5" no="21" player="RS795" sum="10,500"/>
   <action type="0" no="22" player="Gfs1505" sum="0"/>
  </round>
 </game>
 <game gamecode="11576723107">
  <general>
   <startdate>2025-07-16 13:48:34</startdate>
   <smallblind>3,000</smallblind>
   <bigblind>6,000</bigblind>
   <ante>600</ante>
   <players>
    <player win="0" bet="600" addon="0" reg_code="" name="RiVerSE" chips="239,675" dealer="0" rebuy="0" seat="1"/>
    <player win="0" bet="600" addon="0" reg_code="" name="MrWhoo13" chips="696,363" dealer="0" rebuy="0" seat="2"/>
    <player win="0" bet="600" addon="0" reg_code="8407295742" name="Gfs1505" chips="229,100" dealer="0" rebuy="0" seat="4"/>
    <player win="0" bet="600" addon="0" reg_code="" name="GhostStyles" chips="158,880" dealer="0" rebuy="0" seat="5"/>
    <player win="0" bet="600" addon="0" reg_code="" name="Floki29" chips="389,478" dealer="1" rebuy="0" seat="6"/>
    <player win="0" bet="3,600" addon="0" reg_code="" name="RS795" chips="255,375" dealer="0" rebuy="0" seat="7"/>
    <player win="0" bet="12,600" addon="0" reg_code="" name="Cheremsha1" chips="133,033" dealer="0" rebuy="0" seat="9"/>
    <player win="31,800" bet="28,500" addon="0" reg_code="" name="Gabaritinis" chips="483,863" dealer="0" rebuy="0" seat="10"/>
   </players>
  </general>
  <round no="0">
   <action type="15" no="1" player="RS795" sum="600"/>
   <action type="15" no="2" player="Cheremsha1" sum="600"/>
   <action type="15" no="3" player="Gabaritinis" sum="600"/>
   <action type="15" no="4" player="RiVerSE" sum="600"/>
   <action type="15" no="5" player="MrWhoo13" sum="600"/>
   <action type="15" no="6" player="Gfs1505" sum="600"/>
   <action type="15" no="7" player="GhostStyles" sum="600"/>
   <action type="15" no="8" player="Floki29" sum="600"/>
   <action type="1" no="9" player="RS795" sum="3,000"/>
   <action type="2" no="10" player="Cheremsha1" sum="6,000"/>
  </round>
  <round no="1">
   <cards type="Pocket" player="Gabaritinis">X X</cards>
   <action type="23" no="11" player="Gabaritinis" sum="12,000"/>
   <cards type="Pocket" player="RiVerSE">X X</cards>
   <action type="0" no="12" player="RiVerSE" sum="0"/>
   <cards type="Pocket" player="MrWhoo13">X X</cards>
   <action type="0" no="13" player="MrWhoo13" sum="0"/>
   <cards type="Pocket" player="Gfs1505">D4 H6</cards>
   <action type="0" no="14" player="Gfs1505" sum="0"/>
   <cards type="Pocket" player="GhostStyles">X X</cards>
   <action type="0" no="15" player="GhostStyles" sum="0"/>
   <cards type="Pocket" player="Floki29">X X</cards>
   <action type="0" no="16" player="Floki29" sum="0"/>
   <cards type="Pocket" player="RS795">X X</cards>
   <action type="0" no="17" player="RS795" sum="0"/>
   <cards type="Pocket" player="Cheremsha1">X X</cards>
   <action type="3" no="18" player="Cheremsha1" sum="6,000"/>
  </round>
  <round no="2">
   <cards type="Flop">CA CJ CK</cards>
   <action type="4" no="19" player="Cheremsha1" sum="0"/>
   <action type="5" no="20" player="Gabaritinis" sum="15,900"/>
   <action type="0" no="21" player="Cheremsha1" sum="0"/>
  </round>
 </game>
 <game gamecode="11576723138">
  <general>
   <startdate>2025-07-16 13:49:27</startdate>
   <smallblind>3,000</smallblind>
   <bigblind>6,000</bigblind>
   <ante>600</ante>
   <players>
    <player win="0" bet="600" addon="0" reg_code="" name="RiVerSE" chips="239,075" dealer="0" rebuy="0" seat="1"/>
    <player win="0" bet="600" addon="0" reg_code="" name="MrWhoo13" chips="695,763" dealer="0" rebuy="0" seat="2"/>
    <player win="0" bet="600" addon="0" reg_code="8407295742" name="Gfs1505" chips="228,500" dealer="0" rebuy="0" seat="4"/>
    <player win="0" bet="600" addon="0" reg_code="" name="GhostStyles" chips="158,280" dealer="0" rebuy="0" seat="5"/>
    <player win="0" bet="600" addon="0" reg_code="" name="Floki29" chips="388,878" dealer="0" rebuy="0" seat="6"/>
    <player win="0" bet="600" addon="0" reg_code="" name="RS795" chips="251,775" dealer="1" rebuy="0" seat="7"/>
    <player win="57,600" bet="120,433" addon="0" reg_code="" name="Cheremsha1" chips="120,433" dealer="0" rebuy="0" seat="9"/>
    <player win="0" bet="27,000" addon="0" reg_code="" name="Gabaritinis" chips="503,063" dealer="0" rebuy="0" seat="10"/>
   </players>
  </general>
  <round no="0">
   <action type="15" no="1" player="Cheremsha1" sum="600"/>
   <action type="15" no="2" player="Gabaritinis" sum="600"/>
   <action type="15" no="3" player="RiVerSE" sum="600"/>
   <action type="15" no="4" player="MrWhoo13" sum="600"/>
   <action type="15" no="5" player="Gfs1505" sum="600"/>
   <action type="15" no="6" player="GhostStyles" sum="600"/>
   <action type="15" no="7" player="Floki29" sum="600"/>
   <action type="15" no="8" player="RS795" sum="600"/>
   <action type="1" no="9" player="Cheremsha1" sum="3,000"/>
   <action type="2" no="10" player="Gabaritinis" sum="6,000"/>
  </round>
  <round no="1">
   <cards type="Pocket" player="RiVerSE">X X</cards>
   <action type="0" no="11" player="RiVerSE" sum="0"/>
   <cards type="Pocket" player="MrWhoo13">X X</cards>
   <action type="0" no="12" player="MrWhoo13" sum="0"/>
   <cards type="Pocket" player="Gfs1505">H2 D10</cards>
   <action type="0" no="13" player="Gfs1505" sum="0"/>
   <cards type="Pocket" player="GhostStyles">X X</cards>
   <action type="0" no="14" player="GhostStyles" sum="0"/>
   <cards type="Pocket" player="Floki29">X X</cards>
   <action type="0" no="15" player="Floki29" sum="0"/>
   <cards type="Pocket" player="RS795">X X</cards>
   <action type="0" no="16" player="RS795" sum="0"/>
   <cards type="Pocket" player="Cheremsha1">X X</cards>
   <action type="3" no="17" player="Cheremsha1" sum="3,000"/>
   <cards type="Pocket" player="Gabaritinis">X X</cards>
   <action type="4" no="18" player="Gabaritinis" sum="0"/>
  </round>
  <round no="2">
   <cards type="Flop">CQ S9 H8</cards>
   <action type="4" no="19" player="Cheremsha1" sum="0"/>
   <action type="5" no="20" player="Gabaritinis" sum="6,000"/>
   <action type="3" no="21" player="Cheremsha1" sum="6,000"/>
  </round>
  <round no="3">
   <cards type="Turn">S6</cards>
   <action type="4" no="22" player="Cheremsha1" sum="0"/>
   <action type="5" no="23" player="Gabaritinis" sum="14,400"/>
   <action type="23" no="24" player="Cheremsha1" sum="107,833"/>
   <action type="0" no="25" player="Gabaritinis" sum="0"/>
  </round>
 </game>
 <game gamecode="11576723190">
  <general>
   <startdate>2025-07-16 13:50:50</startdate>
   <smallblind>3,000</smallblind>
   <bigblind>6,000</bigblind>
   <ante>600</ante>
   <players>
    <player win="0" bet="23,094" addon="0" reg_code="" name="RiVerSE" chips="238,475" dealer="0" rebuy="0" seat="1"/>
    <player win="0" bet="600" addon="0" reg_code="" name="MrWhoo13" chips="695,163" dealer="0" rebuy="0" seat="2"/>
    <player win="0" bet="600" addon="0" reg_code="8407295742" name="Gfs1505" chips="227,900" dealer="0" rebuy="0" seat="4"/>
    <player win="0" bet="600" addon="0" reg_code="" name="GhostStyles" chips="157,680" dealer="0" rebuy="0" seat="5"/>
    <player win="0" bet="600" addon="0" reg_code="" name="Floki29" chips="388,278" dealer="0" rebuy="0" seat="6"/>
    <player win="0" bet="600" addon="0" reg_code="" name="RS795" chips="251,175" dealer="0" rebuy="0" seat="7"/>
    <player win="52,788" bet="23,094" addon="0" reg_code="" name="Cheremsha1" chips="151,033" dealer="1" rebuy="0" seat="9"/>
    <player win="0" bet="3,600" addon="0" reg_code="" name="Gabaritinis" chips="476,063" dealer="0" rebuy="0" seat="10"/>
   </players>
  </general>
  <round no="0">
   <action type="15" no="1" player="Gabaritinis" sum="600"/>
   <action type="15" no="2" player="RiVerSE" sum="600"/>
   <action type="15" no="3" player="MrWhoo13" sum="600"/>
   <action type="15" no="4" player="Gfs1505" sum="600"/>
   <action type="15" no="5" player="GhostStyles" sum="600"/>
   <action type="15" no="6" player="Floki29" sum="600"/>
   <action type="15" no="7" player="RS795" sum="600"/>
   <action type="15" no="8" player="Cheremsha1" sum="600"/>
   <action type="1" no="9" player="Gabaritinis" sum="3,000"/>
   <action type="2" no="10" player="RiVerSE" sum="6,000"/>
  </round>
  <round no="1">
   <cards type="Pocket" player="MrWhoo13">X X</cards>
   <action type="0" no="11" player="MrWhoo13" sum="0"/>
   <cards type="Pocket" player="Gfs1505">S8 H3</cards>
   <action type="0" no="12" player="Gfs1505" sum="0"/>
   <cards type="Pocket" player="GhostStyles">X X</cards>
   <action type="0" no="13" player="GhostStyles" sum="0"/>
   <cards type="Pocket" player="Floki29">X X</cards>
   <action type="0" no="14" player="Floki29" sum="0"/>
   <cards type="Pocket" player="RS795">X X</cards>
   <action type="0" no="15" player="RS795" sum="0"/>
   <cards type="Pocket" player="Cheremsha1">SA C6</cards>
   <action type="23" no="16" player="Cheremsha1" sum="12,000"/>
   <cards type="Pocket" player="Gabaritinis">X X</cards>
   <action type="0" no="17" player="Gabaritinis" sum="0"/>
   <cards type="Pocket" player="RiVerSE">D6 C8</cards>
   <action type="3" no="18" player="RiVerSE" sum="6,000"/>
  </round>
  <round no="2">
   <cards type="Flop">S2 S7 D7</cards>
   <action type="4" no="19" player="RiVerSE" sum="0"/>
   <action type="4" no="20" player="Cheremsha1" sum="0"/>
  </round>
  <round no="3">
   <cards type="Turn">H2</cards>
   <action type="4" no="21" player="RiVerSE" sum="0"/>
   <action type="4" no="22" player="Cheremsha1" sum="0"/>
  </round>
  <round no="4">
   <cards type="River">HA</cards>
   <action type="4" no="23" player="RiVerSE" sum="0"/>
   <action type="5" no="24" player="Cheremsha1" sum="10,494"/>
   <action type="3" no="25" player="RiVerSE" sum="10,494"/>
  </round>
 </game>
 <game gamecode="11576723249">
  <general>
   <startdate>2025-07-16 13:52:21</startdate>
   <smallblind>3,000</smallblind>
   <bigblind>6,000</bigblind>
   <ante>600</ante>
   <players>
    <player win="0" bet="3,600" addon="0" reg_code="" name="RiVerSE" chips="215,381" dealer="0" rebuy="0" seat="1"/>
    <player win="10,800" bet="6,600" addon="0" reg_code="" name="MrWhoo13" chips="694,563" dealer="0" rebuy="0" seat="2"/>
    <player win="0" bet="600" addon="0" reg_code="8407295742" name="Gfs1505" chips="227,300" dealer="0" rebuy="0" seat="4"/>
    <player win="0" bet="600" addon="0" reg_code="" name="GhostStyles" chips="157,080" dealer="0" rebuy="0" seat="5"/>
    <player win="0" bet="600" addon="0" reg_code="" name="Floki29" chips="387,678" dealer="0" rebuy="0" seat="6"/>
    <player win="0" bet="600" addon="0" reg_code="" name="RS795" chips="250,575" dealer="0" rebuy="0" seat="7"/>
    <player win="0" bet="600" addon="0" reg_code="" name="Cheremsha1" chips="180,727" dealer="0" rebuy="0" seat="9"/>
    <player win="0" bet="600" addon="0" reg_code="" name="Gabaritinis" chips="472,463" dealer="1" rebuy="0" seat="10"/>
   </players>
  </general>
  <round no="0">
   <action type="15" no="1" player="RiVerSE" sum="600"/>
   <action type="15" no="2" player="MrWhoo13" sum="600"/>
   <action type="15" no="3" player="Gfs1505" sum="600"/>
   <action type="15" no="4" player="GhostStyles" sum="600"/>
   <action type="15" no="5" player="Floki29" sum="600"/>
   <action type="15" no="6" player="RS795" sum="600"/>
   <action type="15" no="7" player="Cheremsha1" sum="600"/>
   <action type="15" no="8" player="Gabaritinis" sum="600"/>
   <action type="1" no="9" player="RiVerSE" sum="3,000"/>
   <action type="2" no="10" player="MrWhoo13" sum="6,000"/>
  </round>
  <round no="1">
   <cards type="Pocket" player="MrWhoo13">X X</cards>
   <cards type="Pocket" player="Gfs1505">DJ H9</cards>
   <action type="0" no="11" player="Gfs1505" sum="0"/>
   <cards type="Pocket" player="GhostStyles">X X</cards>
   <action type="0" no="12" player="GhostStyles" sum="0"/>
   <cards type="Pocket" player="Floki29">X X</cards>
   <action type="0" no="13" player="Floki29" sum="0"/>
   <cards type="Pocket" player="RS795">X X</cards>
   <action type="0" no="14" player="RS795" sum="0"/>
   <cards type="Pocket" player="Cheremsha1">X X</cards>
   <action type="0" no="15" player="Cheremsha1" sum="0"/>
   <cards type="Pocket" player="Gabaritinis">X X</cards>
   <action type="0" no="16" player="Gabaritinis" sum="0"/>
   <cards type="Pocket" player="RiVerSE">X X</cards>
   <action type="0" no="17" player="RiVerSE" sum="0"/>
  </round>
 </game>
 <game gamecode="11576723264">
  <general>
   <startdate>2025-07-16 13:53:00</startdate>
   <smallblind>3,000</smallblind>
   <bigblind>6,000</bigblind>
   <ante>600</ante>
   <players>
    <player win="0" bet="600" addon="0" reg_code="" name="RiVerSE" chips="211,781" dealer="1" rebuy="0" seat="1"/>
    <player win="0" bet="3,600" addon="0" reg_code="" name="MrWhoo13" chips="701,763" dealer="0" rebuy="0" seat="2"/>
    <player win="0" bet="6,600" addon="0" reg_code="8407295742" name="Gfs1505" chips="226,700" dealer="0" rebuy="0" seat="4"/>
    <player win="0" bet="600" addon="0" reg_code="" name="GhostStyles" chips="156,480" dealer="0" rebuy="0" seat="5"/>
    <player win="0" bet="6,600" addon="0" reg_code="" name="Floki29" chips="387,078" dealer="0" rebuy="0" seat="6"/>
    <player win="0" bet="600" addon="0" reg_code="" name="RS795" chips="249,975" dealer="0" rebuy="0" seat="7"/>
    <player win="25,800" bet="30,000" addon="0" reg_code="" name="Cheremsha1" chips="180,127" dealer="0" rebuy="0" seat="9"/>
    <player win="0" bet="600" addon="0" reg_code="" name="Gabaritinis" chips="471,863" dealer="0" rebuy="0" seat="10"/>
   </players>
  </general>
  <round no="0">
   <action type="15" no="1" player="MrWhoo13" sum="600"/>
   <action type="15" no="2" player="Gfs1505" sum="600"/>
   <action type="15" no="3" player="GhostStyles" sum="600"/>
   <action type="15" no="4" player="Floki29" sum="600"/>
   <action type="15" no="5" player="RS795" sum="600"/>
   <action type="15" no="6" player="Cheremsha1" sum="600"/>
   <action type="15" no="7" player="Gabaritinis" sum="600"/>
   <action type="15" no="8" player="RiVerSE" sum="600"/>
   <action type="1" no="9" player="MrWhoo13" sum="3,000"/>
   <action type="2" no="10" player="Gfs1505" sum="6,000"/>
  </round>
  <round no="1">
   <cards type="Pocket" player="GhostStyles">X X</cards>
   <action type="0" no="11" player="GhostStyles" sum="0"/>
   <cards type="Pocket" player="Floki29">X X</cards>
   <action type="3" no="12" player="Floki29" sum="6,000"/>
   <cards type="Pocket" player="RS795">X X</cards>
   <action type="0" no="13" player="RS795" sum="0"/>
   <cards type="Pocket" player="Cheremsha1">X X</cards>
   <action type="23" no="14" player="Cheremsha1" sum="30,000"/>
   <cards type="Pocket" player="Gabaritinis">X X</cards>
   <action type="0" no="15" player="Gabaritinis" sum="0"/>
   <cards type="Pocket" player="RiVerSE">X X</cards>
   <action type="0" no="16" player="RiVerSE" sum="0"/>
   <cards type="Pocket" player="MrWhoo13">X X</cards>
   <action type="0" no="17" player="MrWhoo13" sum="0"/>
   <cards type="Pocket" player="Gfs1505">S6 CA</cards>
   <action type="0" no="18" player="Gfs1505" sum="0"/>
   <action type="0" no="19" player="Floki29" sum="0"/>
  </round>
 </game>
 <game gamecode="11576723291">
  <general>
   <startdate>2025-07-16 13:53:48</startdate>
   <smallblind>3,000</smallblind>
   <bigblind>6,000</bigblind>
   <ante>600</ante>
   <players>
    <player win="0" bet="600" addon="0" reg_code="" name="RiVerSE" chips="211,181" dealer="0" rebuy="0" seat="1"/>
    <player win="0" bet="6,600" addon="0" reg_code="" name="MrWhoo13" chips="698,163" dealer="1" rebuy="0" seat="2"/>
    <player win="0" bet="3,600" addon="0" reg_code="8407295742" name="Gfs1505" chips="220,100" dealer="0" rebuy="0" seat="4"/>
    <player win="330,360" bet="155,880" addon="0" reg_code="" name="GhostStyles" chips="155,880" dealer="0" rebuy="0" seat="5"/>
    <player win="0" bet="155,880" addon="0" reg_code="" name="Floki29" chips="380,478" dealer="0" rebuy="0" seat="6"/>
    <player win="0" bet="600" addon="0" reg_code="" name="RS795" chips="249,375" dealer="0" rebuy="0" seat="7"/>
    <player win="0" bet="600" addon="0" reg_code="" name="Cheremsha1" chips="199,327" dealer="0" rebuy="0" seat="9"/>
    <player win="0" bet="6,600" addon="0" reg_code="" name="Gabaritinis" chips="471,263" dealer="0" rebuy="0" seat="10"/>
   </players>
  </general>
  <round no="0">
   <action type="15" no="1" player="Gfs1505" sum="600"/>
   <action type="15" no="2" player="GhostStyles" sum="600"/>
   <action type="15" no="3" player="Floki29" sum="600"/>
   <action type="15" no="4" player="RS795" sum="600"/>
   <action type="15" no="5" player="Cheremsha1" sum="600"/>
   <action type="15" no="6" player="Gabaritinis" sum="600"/>
   <action type="15" no="7" player="RiVerSE" sum="600"/>
   <action type="15" no="8" player="MrWhoo13" sum="600"/>
   <action type="1" no="9" player="Gfs1505" sum="3,000"/>
   <action type="2" no="10" player="GhostStyles" sum="6,000"/>
  </round>
  <round no="1">
   <cards type="Pocket" player="Floki29">C7 DA</cards>
   <action type="3" no="11" player="Floki29" sum="6,000"/>
   <cards type="Pocket" player="RS795">X X</cards>
   <action type="0" no="12" player="RS795" sum="0"/>
   <cards type="Pocket" player="Cheremsha1">X X</cards>
   <action type="0" no="13" player="Cheremsha1" sum="0"/>
   <cards type="Pocket" player="Gabaritinis">X X</cards>
   <action type="3" no="14" player="Gabaritinis" sum="6,000"/>
   <cards type="Pocket" player="RiVerSE">X X</cards>
   <action type="0" no="15" player="RiVerSE" sum="0"/>
   <cards type="Pocket" player="MrWhoo13">X X</cards>
   <action type="3" no="16" player="MrWhoo13" sum="6,000"/>
   <cards type="Pocket" player="Gfs1505">C5 H7</cards>
   <action type="0" no="17" player="Gfs1505" sum="0"/>
   <cards type="Pocket" player="GhostStyles">CA S3</cards>
   <action type="4" no="18" player="GhostStyles" sum="0"/>
  </round>
  <round no="2">
   <cards type="Flop">SA D3 S6</cards>
   <action type="4" no="19" player="GhostStyles" sum="0"/>
   <action type="5" no="20" player="Floki29" sum="12,000"/>
   <action type="0" no="21" player="Gabaritinis" sum="0"/>
   <action type="0" no="22" player="MrWhoo13" sum="0"/>
   <action type="23" no="23" player="GhostStyles" sum="30,000"/>
   <action type="3" no="24" player="Floki29" sum="18,000"/>
  </round>
  <round no="3">
   <cards type="Turn">HQ</cards>
   <action type="4" no="25" player="GhostStyles" sum="0"/>
   <action type="5" no="26" player="Floki29" sum="24,000"/>
   <action type="23" no="27" player="GhostStyles" sum="119,280"/>
   <action type="3" no="28" player="Floki29" sum="95,280"/>
  </round>
  <round no="4">
   <cards type="River">H2</cards>
  </round>
 </game>
 <game gamecode="11576723371">
  <general>
   <startdate>2025-07-16 14:02:08</startdate>
   <smallblind>3,000</smallblind>
   <bigblind>6,000</bigblind>
   <ante>600</ante>
   <players>
    <player win="0" bet="600" addon="0" reg_code="" name="RiVerSE" chips="210,581" dealer="0" rebuy="0" seat="1"/>
    <player win="0" bet="600" addon="0" reg_code="" name="MrWhoo13" chips="691,563" dealer="0" rebuy="0" seat="2"/>
    <player win="0" bet="600" addon="0" reg_code="8407295742" name="Gfs1505" chips="216,500" dealer="1" rebuy="0" seat="4"/>
    <player win="0" bet="3,600" addon="0" reg_code="" name="GhostStyles" chips="330,360" dealer="0" rebuy="0" seat="5"/>
    <player win="0" bet="6,600" addon="0" reg_code="" name="Floki29" chips="224,598" dealer="0" rebuy="0" seat="6"/>
    <player win="0" bet="72,500" addon="0" reg_code="" name="RS795" chips="248,775" dealer="0" rebuy="0" seat="7"/>
    <player win="0" bet="600" addon="0" reg_code="" name="Cheremsha1" chips="198,727" dealer="0" rebuy="0" seat="9"/>
    <player win="157,600" bet="151,300" addon="0" reg_code="" name="Gabaritinis" chips="464,663" dealer="0" rebuy="0" seat="10"/>
   </players>
  </general>
  <round no="0">
   <action type="15" no="1" player="GhostStyles" sum="600"/>
   <action type="15" no="2" player="Floki29" sum="600"/>
   <action type="15" no="3" player="RS795" sum="600"/>
   <action type="15" no="4" player="Cheremsha1" sum="600"/>
   <action type="15" no="5" player="Gabaritinis" sum="600"/>
   <action type="15" no="6" player="RiVerSE" sum="600"/>
   <action type="15" no="7" player="MrWhoo13" sum="600"/>
   <action type="15" no="8" player="Gfs1505" sum="600"/>
   <action type="1" no="9" player="GhostStyles" sum="3,000"/>
   <action type="2" no="10" player="Floki29" sum="6,000"/>
  </round>
  <round no="1">
   <cards type="Pocket" player="RS795">X X</cards>
   <action type="23" no="11" player="RS795" sum="13,800"/>
   <cards type="Pocket" player="Cheremsha1">X X</cards>
   <action type="0" no="12" player="Cheremsha1" sum="0"/>
   <cards type="Pocket" player="Gabaritinis">X X</cards>
   <action type="3" no="13" player="Gabaritinis" sum="13,800"/>
   <cards type="Pocket" player="RiVerSE">X X</cards>
   <action type="0" no="14" player="RiVerSE" sum="0"/>
   <cards type="Pocket" player="MrWhoo13">X X</cards>
   <action type="0" no="15" player="MrWhoo13" sum="0"/>
   <cards type="Pocket" player="Gfs1505">C2 H3</cards>
   <action type="0" no="16" player="Gfs1505" sum="0"/>
   <cards type="Pocket" player="GhostStyles">X X</cards>
   <action type="0" no="17" player="GhostStyles" sum="0"/>
   <cards type="Pocket" player="Floki29">X X</cards>
   <action type="0" no="18" player="Floki29" sum="0"/>
  </round>
  <round no="2">
   <cards type="Flop">C8 H6 DA</cards>
   <action type="4" no="19" player="RS795" sum="0"/>
   <action type="5" no="20" player="Gabaritinis" sum="18,700"/>
   <action type="3" no="21" player="RS795" sum="18,700"/>
  </round>
  <round no="3">
   <cards type="Turn">C5</cards>
   <action type="4" no="22" player="RS795" sum="0"/>
   <action type="5" no="23" player="Gabaritinis" sum="39,400"/>
   <action type="3" no="24" player="RS795" sum="39,400"/>
  </round>
  <round no="4">
   <cards type="River">D2</cards>
   <action type="4" no="25" player="RS795" sum="0"/>
   <action type="5" no="26" player="Gabaritinis" sum="78,800"/>
   <action type="0" no="27" player="RS795" sum="0"/>
  </round>
 </game>
 <game gamecode="11576723413">
  <general>
   <startdate>2025-07-16 14:03:50</startdate>
   <smallblind>3,500</smallblind>
   <bigblind>7,000</bigblind>
   <ante>700</ante>
   <players>
    <player win="0" bet="14,700" addon="0" reg_code="" name="RiVerSE" chips="209,981" dealer="0" rebuy="0" seat="1"/>
    <player win="0" bet="700" addon="0" reg_code="" name="MrWhoo13" chips="690,963" dealer="0" rebuy="0" seat="2"/>
    <player win="0" bet="700" addon="0" reg_code="8407295742" name="Gfs1505" chips="215,900" dealer="0" rebuy="0" seat="4"/>
    <player win="0" bet="14,700" addon="0" reg_code="" name="GhostStyles" chips="326,760" dealer="1" rebuy="0" seat="5"/>
    <player win="0" bet="35,700" addon="0" reg_code="" name="Floki29" chips="217,998" dealer="0" rebuy="0" seat="6"/>
    <player win="0" bet="7,700" addon="0" reg_code="" name="RS795" chips="176,275" dealer="0" rebuy="0" seat="7"/>
    <player win="0" bet="84,700" addon="0" reg_code="" name="Cheremsha1" chips="198,127" dealer="0" rebuy="0" seat="9"/>
    <player win="243,600" bet="255,220" addon="0" reg_code="" name="Gabaritinis" chips="549,763" dealer="0" rebuy="0" seat="10"/>
   </players>
  </general>
  <round no="0">
   <action type="15" no="1" player="Floki29" sum="700"/>
   <action type="15" no="2" player="RS795" sum="700"/>
   <action type="15" no="3" player="Cheremsha1" sum="700"/>
   <action type="15" no="4" player="Gabaritinis" sum="700"/>
   <action type="15" no="5" player="RiVerSE" sum="700"/>
   <action type="15" no="6" player="MrWhoo13" sum="700"/>
   <action type="15" no="7" player="Gfs1505" sum="700"/>
   <action type="15" no="8" player="GhostStyles" sum="700"/>
   <action type="1" no="9" player="Floki29" sum="3,500"/>
   <action type="2" no="10" player="RS795" sum="7,000"/>
  </round>
  <round no="1">
   <cards type="Pocket" player="Cheremsha1">X X</cards>
   <action type="23" no="11" player="Cheremsha1" sum="14,000"/>
   <cards type="Pocket" player="Gabaritinis">X X</cards>
   <action type="3" no="12" player="Gabaritinis" sum="14,000"/>
   <cards type="Pocket" player="RiVerSE">X X</cards>
   <action type="3" no="13" player="RiVerSE" sum="14,000"/>
   <cards type="Pocket" player="MrWhoo13">X X</cards>
   <action type="0" no="14" player="MrWhoo13" sum="0"/>
   <cards type="Pocket" player="Gfs1505">C6 H10</cards>
   <action type="0" no="15" player="Gfs1505" sum="0"/>
   <cards type="Pocket" player="GhostStyles">X X</cards>
   <action type="3" no="16" player="GhostStyles" sum="14,000"/>
   <cards type="Pocket" player="Floki29">X X</cards>
   <action type="3" no="17" player="Floki29" sum="10,500"/>
   <cards type="Pocket" player="RS795">X X</cards>
   <action type="0" no="18" player="RS795" sum="0"/>
  </round>
  <round no="2">
   <cards type="Flop">HA D10 DK</cards>
   <action type="4" no="19" player="Floki29" sum="0"/>
   <action type="4" no="20" player="Cheremsha1" sum="0"/>
   <action type="4" no="21" player="Gabaritinis" sum="0"/>
   <action type="4" no="22" player="RiVerSE" sum="0"/>
   <action type="4" no="23" player="GhostStyles" sum="0"/>
  </round>
  <round no="3">
   <cards type="Turn">S3</cards>
   <action type="5" no="24" player="Floki29" sum="21,000"/>
   <action type="23" no="25" player="Cheremsha1" sum="70,000"/>
   <action type="3" no="26" player="Gabaritinis" sum="70,000"/>
   <action type="0" no="27" player="RiVerSE" sum="0"/>
   <action type="0" no="28" player="GhostStyles" sum="0"/>
   <action type="0" no="29" player="Floki29" sum="0"/>
  </round>
  <round no="4">
   <cards type="River">D8</cards>
   <action type="4" no="30" player="Cheremsha1" sum="0"/>
   <action type="5" no="31" player="Gabaritinis" sum="170,520"/>
   <action type="0" no="32" player="Cheremsha1" sum="0"/>
  </round>
 </game>
 <game gamecode="11576723495">
  <general>
   <startdate>2025-07-16 14:06:04</startdate>
   <smallblind>3,500</smallblind>
   <bigblind>7,000</bigblind>
   <ante>700</ante>
   <players>
    <player win="0" bet="700" addon="0" reg_code="" name="RiVerSE" chips="195,281" dealer="0" rebuy="0" seat="1"/>
    <player win="65,804" bet="215,200" addon="0" reg_code="" name="MrWhoo13" chips="690,263" dealer="0" rebuy="0" seat="2">
     <knockout kicked="Gfs1505" tobalance="€5.69" tobounty="€5.69"/>
    </player>
    <player win="0" bet="214,500" addon="0" reg_code="8407295742" name="Gfs1505" chips="215,200" dealer="0" rebuy="0" seat="4"/>
    <player win="0" bet="700" addon="0" reg_code="" name="GhostStyles" chips="312,060" dealer="0" rebuy="0" seat="5"/>
    <player win="560,894" bet="182,298" addon="0" reg_code="" name="Floki29" chips="182,298" dealer="1" rebuy="0" seat="6"/>
    <player win="0" bet="4,200" addon="0" reg_code="" name="RS795" chips="168,575" dealer="0" rebuy="0" seat="7"/>
    <player win="0" bet="7,700" addon="0" reg_code="" name="Cheremsha1" chips="113,427" dealer="0" rebuy="0" seat="9"/>
    <player win="0" bet="700" addon="0" reg_code="" name="Gabaritinis" chips="708,663" dealer="0" rebuy="0" seat="10"/>
   </players>
  </general>
  <round no="0">
   <action type="15" no="1" player="RS795" sum="700"/>
   <action type="15" no="2" player="Cheremsha1" sum="700"/>
   <action type="15" no="3" player="Gabaritinis" sum="700"/>
   <action type="15" no="4" player="RiVerSE" sum="700"/>
   <action type="15" no="5" player="MrWhoo13" sum="700"/>
   <action type="15" no="6" player="Gfs1505" sum="700"/>
   <action type="15" no="7" player="GhostStyles" sum="700"/>
   <action type="15" no="8" player="Floki29" sum="700"/>
   <action type="1" no="9" player="RS795" sum="3,500"/>
   <action type="2" no="10" player="Cheremsha1" sum="7,000"/>
  </round>
  <round no="1">
   <cards type="Pocket" player="Gabaritinis">X X</cards>
   <action type="0" no="11" player="Gabaritinis" sum="0"/>
   <cards type="Pocket" player="RiVerSE">X X</cards>
   <action type="0" no="12" player="RiVerSE" sum="0"/>
   <cards type="Pocket" player="MrWhoo13">CJ SJ</cards>
   <action type="23" no="13" player="MrWhoo13" sum="14,350"/>
   <cards type="Pocket" player="Gfs1505">CA SQ</cards>
   <action type="23" no="14" player="Gfs1505" sum="214,500"/>
   <cards type="Pocket" player="GhostStyles">X X</cards>
   <action type="0" no="15" player="GhostStyles" sum="0"/>
   <cards type="Pocket" player="Floki29">DQ HK</cards>
   <action type="7" no="16" player="Floki29" sum="181,598"/>
   <cards type="Pocket" player="RS795">X X</cards>
   <action type="0" no="17" player="RS795" sum="0"/>
   <cards type="Pocket" player="Cheremsha1">X X</cards>
   <action type="0" no="18" player="Cheremsha1" sum="0"/>
   <action type="3" no="19" player="MrWhoo13" sum="200,150"/>
  </round>
  <round no="2">
   <cards type="Flop">C4 C7 D2</cards>
  </round>
  <round no="3">
   <cards type="Turn">DK</cards>
  </round>
  <round no="4">
   <cards type="River">S3</cards>
  </round>
 </game>
</session>
