<?xml version="1.0" encoding="utf-8"?>
<session sessioncode="8407295742">
 <general>
  <mode>real</mode>
  <gametype>Holdem NL</gametype>
  <tablename>€25 BOUNTY SUPER XL, 1130603495</tablename>
  <tournamentcurrency>1</tournamentcurrency>
  <currency>USD</currency>
  <nickname>Gfs1505</nickname>
  <buyin>€11.37 + €11.38 + €2.25</buyin>
  <totalbuyin>€13.62</totalbuyin>
 </general>
 <game gamecode="11576697257">
  <general>
   <players>
    <player reg_code="" name="RiVerSE" chips="199,500" dealer="0" seat="1"/>
    <player reg_code="" name="Cress2300" chips="197,000" dealer="1" seat="2"/>
    <player reg_code="8407295742" name="Gfs1505" chips="200,000" dealer="0" seat="4"/>
    <player reg_code="" name="GhostStyles" chips="224,080" dealer="0" seat="5"/>
    <player reg_code="" name="Floki29" chips="367,578" dealer="0" seat="6"/>
    <player reg_code="" name="RS795" chips="199,500" dealer="0" seat="7"/>
    <player reg_code="" name="Cheremsha1" chips="96,866" dealer="0" seat="9"/>
    <player reg_code="" name="B3773rCallSaul" chips="38,367" dealer="0" seat="10"/>
   </players>
  </general>
  <round no="0">
   <action type="15" no="1" player="GhostStyles" sum="€500"/>
   <action type="15" no="2" player="Floki29" sum="€500"/>
   <action type="15" no="3" player="RS795" sum="€500"/>
   <action type="15" no="4" player="Cheremsha1" sum="€500"/>
   <action type="15" no="5" player="B3773rCallSaul" sum="€500"/>
   <action type="15" no="6" player="RiVerSE" sum="€500"/>
   <action type="15" no="7" player="Cress2300" sum="€500"/>
   <action type="1" no="8" player="GhostStyles" sum="€2,500"/>
   <action type="2" no="9" player="Floki29" sum="€5,000"/>
  </round>
 </game>
 <game gamecode="11576697319">
  <general>
   <players>
    <player reg_code="" name="RiVerSE" chips="199,000" dealer="0" seat="1"/>
    <player reg_code="8407295742" name="Gfs1505" chips="200,000" dealer="0" seat="4"/>
    <player reg_code="" name="GhostStyles" chips="221,080" dealer="1" seat="5"/>
    <player reg_code="" name="Floki29" chips="426,178" dealer="0" seat="6"/>
    <player reg_code="" name="RS795" chips="145,900" dealer="0" seat="7"/>
    <player reg_code="" name="Cheremsha1" chips="96,366" dealer="0" seat="9"/>
    <player reg_code="" name="B3773rCallSaul" chips="37,867" dealer="0" seat="10"/>
   </players>
  </general>
  <round no="0">
   <action type="15" no="1" player="Floki29" sum="€500"/>
   <action type="15" no="2" player="RS795" sum="€500"/>
   <action type="15" no="3" player="Cheremsha1" sum="€500"/>
   <action type="15" no="4" player="B3773rCallSaul" sum="€500"/>
   <action type="15" no="5" player="RiVerSE" sum="€500"/>
   <action type="15" no="6" player="Gfs1505" sum="€500"/>
   <action type="15" no="7" player="GhostStyles" sum="€500"/>
   <action type="1" no="8" player="Floki29" sum="€2,500"/>
   <action type="2" no="9" player="RS795" sum="€5,000"/>
  </round>
 </game>
 <game gamecode="11576697372">
  <general>
   <players>
    <player reg_code="" name="RiVerSE" chips="198,500" dealer="0" seat="1"/>
    <player reg_code="" name="MrWhoo13" chips="773,313" dealer="0" seat="2"/>
    <player reg_code="8407295742" name="Gfs1505" chips="199,500" dealer="0" seat="4"/>
    <player reg_code="" name="GhostStyles" chips="220,580" dealer="0" seat="5"/>
    <player reg_code="" name="Floki29" chips="390,678" dealer="1" seat="6"/>
    <player reg_code="" name="RS795" chips="183,900" dealer="0" seat="7"/>
    <player reg_code="" name="Cheremsha1" chips="95,866" dealer="0" seat="9"/>
    <player reg_code="" name="B3773rCallSaul" chips="37,367" dealer="0" seat="10"/>
   </players>
  </general>
  <round no="0">
   <action type="15" no="1" player="RS795" sum="€500"/>
   <action type="15" no="2" player="Cheremsha1" sum="€500"/>
   <action type="15" no="3" player="B3773rCallSaul" sum="€500"/>
   <action type="15" no="4" player="RiVerSE" sum="€500"/>
   <action type="15" no="5" player="MrWhoo13" sum="€500"/>
   <action type="15" no="6" player="Gfs1505" sum="€500"/>
   <action type="15" no="7" player="GhostStyles" sum="€500"/>
   <action type="15" no="8" player="Floki29" sum="€500"/>
   <action type="1" no="9" player="RS795" sum="€2,500"/>
   <action type="2" no="10" player="Cheremsha1" sum="€5,000"/>
  </round>
 </game>
 <game gamecode="11576697401">
  <general>
   <players>
    <player reg_code="" name="RiVerSE" chips="198,000" dealer="0" seat="1"/>
    <player reg_code="" name="MrWhoo13" chips="772,813" dealer="0" seat="2"/>
    <player reg_code="8407295742" name="Gfs1505" chips="199,000" dealer="0" seat="4"/>
    <player reg_code="" name="GhostStyles" chips="220,080" dealer="0" seat="5"/>
    <player reg_code="" name="Floki29" chips="390,178" dealer="0" seat="6"/>
    <player reg_code="" name="RS795" chips="180,900" dealer="1" seat="7"/>
    <player reg_code="" name="Cheremsha1" chips="138,733" dealer="0" seat="9"/>
   </players>
  </general>
  <round no="0">
   <action type="15" no="1" player="Cheremsha1" sum="€500"/>
   <action type="15" no="2" player="RiVerSE" sum="€500"/>
   <action type="15" no="3" player="MrWhoo13" sum="€500"/>
   <action type="15" no="4" player="Gfs1505" sum="€500"/>
   <action type="15" no="5" player="GhostStyles" sum="€500"/>
   <action type="15" no="6" player="Floki29" sum="€500"/>
   <action type="15" no="7" player="RS795" sum="€500"/>
   <action type="1" no="8" player="Cheremsha1" sum="€2,500"/>
   <action type="2" no="9" player="RiVerSE" sum="€5,000"/>
  </round>
 </game>
 <game gamecode="11576697448">
  <general>
   <players>
    <player reg_code="" name="RiVerSE" chips="214,500" dealer="0" seat="1"/>
    <player reg_code="" name="MrWhoo13" chips="772,313" dealer="0" seat="2"/>
    <player reg_code="8407295742" name="Gfs1505" chips="198,500" dealer="0" seat="4"/>
    <player reg_code="" name="GhostStyles" chips="208,580" dealer="0" seat="5"/>
    <player reg_code="" name="Floki29" chips="389,678" dealer="0" seat="6"/>
    <player reg_code="" name="RS795" chips="180,400" dealer="0" seat="7"/>
    <player reg_code="" name="Cheremsha1" chips="135,733" dealer="1" seat="9"/>
   </players>
  </general>
  <round no="0">
   <action type="15" no="1" player="RiVerSE" sum="€500"/>
   <action type="15" no="2" player="MrWhoo13" sum="€500"/>
   <action type="15" no="3" player="Gfs1505" sum="€500"/>
   <action type="15" no="4" player="GhostStyles" sum="€500"/>
   <action type="15" no="5" player="Floki29" sum="€500"/>
   <action type="15" no="6" player="RS795" sum="€500"/>
   <action type="15" no="7" player="Cheremsha1" sum="€500"/>
   <action type="1" no="8" player="RiVerSE" sum="€2,500"/>
   <action type="2" no="9" player="MrWhoo13" sum="€5,000"/>
  </round>
 </game>
 <game gamecode="11576697500">
  <general>
   <players>
    <player reg_code="" name="RiVerSE" chips="241,875" dealer="1" seat="1"/>
    <player reg_code="" name="MrWhoo13" chips="766,813" dealer="0" seat="2"/>
    <player reg_code="8407295742" name="Gfs1505" chips="198,000" dealer="0" seat="4"/>
    <player reg_code="" name="GhostStyles" chips="208,080" dealer="0" seat="5"/>
    <player reg_code="" name="Floki29" chips="389,178" dealer="0" seat="6"/>
    <player reg_code="" name="RS795" chips="160,525" dealer="0" seat="7"/>
    <player reg_code="" name="Cheremsha1" chips="135,233" dealer="0" seat="9"/>
    <player reg_code="" name="Gabaritinis" chips="486,063" dealer="0" seat="10"/>
   </players>
  </general>
  <round no="0">
   <action type="15" no="1" player="MrWhoo13" sum="€500"/>
   <action type="15" no="2" player="Gfs1505" sum="€500"/>
   <action type="15" no="3" player="GhostStyles" sum="€500"/>
   <action type="15" no="4" player="Floki29" sum="€500"/>
   <action type="15" no="5" player="RS795" sum="€500"/>
   <action type="15" no="6" player="Cheremsha1" sum="€500"/>
   <action type="15" no="7" player="Gabaritinis" sum="€500"/>
   <action type="15" no="8" player="RiVerSE" sum="€500"/>
   <action type="1" no="9" player="MrWhoo13" sum="€2,500"/>
   <action type="2" no="10" player="Gfs1505" sum="€5,000"/>
  </round>
 </game>
 <game gamecode="11576697529">
  <general>
   <players>
    <player reg_code="" name="RiVerSE" chips="241,375" dealer="0" seat="1"/>
    <player reg_code="" name="MrWhoo13" chips="763,813" dealer="1" seat="2"/>
    <player reg_code="8407295742" name="Gfs1505" chips="192,500" dealer="0" seat="4"/>
    <player reg_code="" name="GhostStyles" chips="207,580" dealer="0" seat="5"/>
    <player reg_code="" name="Floki29" chips="400,178" dealer="0" seat="6"/>
    <player reg_code="" name="RS795" chips="160,025" dealer="0" seat="7"/>
    <player reg_code="" name="Cheremsha1" chips="134,733" dealer="0" seat="9"/>
    <player reg_code="" name="Gabaritinis" chips="485,563" dealer="0" seat="10"/>
   </players>
  </general>
  <round no="0">
   <action type="15" no="1" player="Gfs1505" sum="€500"/>
   <action type="15" no="2" player="GhostStyles" sum="€500"/>
   <action type="15" no="3" player="Floki29" sum="€500"/>
   <action type="15" no="4" player="RS795" sum="€500"/>
   <action type="15" no="5" player="Cheremsha1" sum="€500"/>
   <action type="15" no="6" player="Gabaritinis" sum="€500"/>
   <action type="15" no="7" player="RiVerSE" sum="€500"/>
   <action type="15" no="8" player="MrWhoo13" sum="€500"/>
   <action type="1" no="9" player="Gfs1505" sum="€2,500"/>
   <action type="2" no="10" player="GhostStyles" sum="€5,000"/>
  </round>
 </game>
 <game gamecode="11576697581">
  <general>
   <players>
    <player reg_code="" name="RiVerSE" chips="240,875" dealer="0" seat="1"/>
    <player reg_code="" name="MrWhoo13" chips="697,563" dealer="0" seat="2"/>
    <player reg_code="8407295742" name="Gfs1505" chips="189,500" dealer="1" seat="4"/>
    <player reg_code="" name="GhostStyles" chips="202,080" dealer="0" seat="5"/>
    <player reg_code="" name="Floki29" chips="399,678" dealer="0" seat="6"/>
    <player reg_code="" name="RS795" chips="236,775" dealer="0" seat="7"/>
    <player reg_code="" name="Cheremsha1" chips="134,233" dealer="0" seat="9"/>
    <player reg_code="" name="Gabaritinis" chips="485,063" dealer="0" seat="10"/>
   </players>
  </general>
  <round no="0">
   <action type="15" no="1" player="GhostStyles" sum="€600"/>
   <action type="15" no="2" player="Floki29" sum="€600"/>
   <action type="15" no="3" player="RS795" sum="€600"/>
   <action type="15" no="4" player="Cheremsha1" sum="€600"/>
   <action type="15" no="5" player="Gabaritinis" sum="€600"/>
   <action type="15" no="6" player="RiVerSE" sum="€600"/>
   <action type="15" no="7" player="MrWhoo13" sum="€600"/>
   <action type="15" no="8" player="Gfs1505" sum="€600"/>
   <action type="1" no="9" player="GhostStyles" sum="€3,000"/>
   <action type="2" no="10" player="Floki29" sum="€6,000"/>
  </round>
 </game>
 <game gamecode="11576697634">
  <general>
   <players>
    <player reg_code="" name="RiVerSE" chips="240,275" dealer="0" seat="1"/>
    <player reg_code="" name="MrWhoo13" chips="696,963" dealer="0" seat="2"/>
    <player reg_code="8407295742" name="Gfs1505" chips="241,700" dealer="0" seat="4"/>
    <player reg_code="" name="GhostStyles" chips="159,480" dealer="1" seat="5"/>
    <player reg_code="" name="Floki29" chips="393,078" dealer="0" seat="6"/>
    <player reg_code="" name="RS795" chips="236,175" dealer="0" seat="7"/>
    <player reg_code="" name="Cheremsha1" chips="133,633" dealer="0" seat="9"/>
    <player reg_code="" name="Gabaritinis" chips="484,463" dealer="0" seat="10"/>
   </players>
  </general>
  <round no="0">
   <action type="15" no="1" player="Floki29" sum="€600"/>
   <action type="15" no="2" player="RS795" sum="€600"/>
   <action type="15" no="3" player="Cheremsha1" sum="€600"/>
   <action type="15" no="4" player="Gabaritinis" sum="€600"/>
   <action type="15" no="5" player="RiVerSE" sum="€600"/>
   <action type="15" no="6" player="MrWhoo13" sum="€600"/>
   <action type="15" no="7" player="Gfs1505" sum="€600"/>
   <action type="15" no="8" player="GhostStyles" sum="€600"/>
   <action type="1" no="9" player="Floki29" sum="€3,000"/>
   <action type="2" no="10" player="RS795" sum="€6,000"/>
  </round>
 </game>
 <game gamecode="11576723107">
  <general>
   <players>
    <player reg_code="" name="RiVerSE" chips="239,675" dealer="0" seat="1"/>
    <player reg_code="" name="MrWhoo13" chips="696,363" dealer="0" seat="2"/>
    <player reg_code="8407295742" name="Gfs1505" chips="229,100" dealer="0" seat="4"/>
    <player reg_code="" name="GhostStyles" chips="158,880" dealer="0" seat="5"/>
    <player reg_code="" name="Floki29" chips="389,478" dealer="1" seat="6"/>
    <player reg_code="" name="RS795" chips="255,375" dealer="0" seat="7"/>
    <player reg_code="" name="Cheremsha1" chips="133,033" dealer="0" seat="9"/>
    <player reg_code="" name="Gabaritinis" chips="483,863" dealer="0" seat="10"/>
   </players>
  </general>
  <round no="0">
   <action type="15" no="1" player="RS795" sum="€600"/>
   <action type="15" no="2" player="Cheremsha1" sum="€600"/>
   <action type="15" no="3" player="Gabaritinis" sum="€600"/>
   <action type="15" no="4" player="RiVerSE" sum="€600"/>
   <action type="15" no="5" player="MrWhoo13" sum="€600"/>
   <action type="15" no="6" player="Gfs1505" sum="€600"/>
   <action type="15" no="7" player="GhostStyles" sum="€600"/>
   <action type="15" no="8" player="Floki29" sum="€600"/>
   <action type="1" no="9" player="RS795" sum="€3,000"/>
   <action type="2" no="10" player="Cheremsha1" sum="€6,000"/>
  </round>
 </game>
 <game gamecode="11576723138">
  <general>
   <players>
    <player reg_code="" name="RiVerSE" chips="239,075" dealer="0" seat="1"/>
    <player reg_code="" name="MrWhoo13" chips="695,763" dealer="0" seat="2"/>
    <player reg_code="8407295742" name="Gfs1505" chips="228,500" dealer="0" seat="4"/>
    <player reg_code="" name="GhostStyles" chips="158,280" dealer="0" seat="5"/>
    <player reg_code="" name="Floki29" chips="388,878" dealer="0" seat="6"/>
    <player reg_code="" name="RS795" chips="251,775" dealer="1" seat="7"/>
    <player reg_code="" name="Cheremsha1" chips="120,433" dealer="0" seat="9"/>
    <player reg_code="" name="Gabaritinis" chips="503,063" dealer="0" seat="10"/>
   </players>
  </general>
  <round no="0">
   <action type="15" no="1" player="Cheremsha1" sum="€600"/>
   <action type="15" no="2" player="Gabaritinis" sum="€600"/>
   <action type="15" no="3" player="RiVerSE" sum="€600"/>
   <action type="15" no="4" player="MrWhoo13" sum="€600"/>
   <action type="15" no="5" player="Gfs1505" sum="€600"/>
   <action type="15" no="6" player="GhostStyles" sum="€600"/>
   <action type="15" no="7" player="Floki29" sum="€600"/>
   <action type="15" no="8" player="RS795" sum="€600"/>
   <action type="1" no="9" player="Cheremsha1" sum="€3,000"/>
   <action type="2" no="10" player="Gabaritinis" sum="€6,000"/>
  </round>
 </game>
 <game gamecode="11576723190">
  <general>
   <players>
    <player reg_code="" name="RiVerSE" chips="238,475" dealer="0" seat="1"/>
    <player reg_code="" name="MrWhoo13" chips="695,163" dealer="0" seat="2"/>
    <player reg_code="8407295742" name="Gfs1505" chips="227,900" dealer="0" seat="4"/>
    <player reg_code="" name="GhostStyles" chips="157,680" dealer="0" seat="5"/>
    <player reg_code="" name="Floki29" chips="388,278" dealer="0" seat="6"/>
    <player reg_code="" name="RS795" chips="251,175" dealer="0" seat="7"/>
    <player reg_code="" name="Cheremsha1" chips="151,033" dealer="1" seat="9"/>
    <player reg_code="" name="Gabaritinis" chips="476,063" dealer="0" seat="10"/>
   </players>
  </general>
  <round no="0">
   <action type="15" no="1" player="Gabaritinis" sum="€600"/>
   <action type="15" no="2" player="RiVerSE" sum="€600"/>
   <action type="15" no="3" player="MrWhoo13" sum="€600"/>
   <action type="15" no="4" player="Gfs1505" sum="€600"/>
   <action type="15" no="5" player="GhostStyles" sum="€600"/>
   <action type="15" no="6" player="Floki29" sum="€600"/>
   <action type="15" no="7" player="RS795" sum="€600"/>
   <action type="15" no="8" player="Cheremsha1" sum="€600"/>
   <action type="1" no="9" player="Gabaritinis" sum="€3,000"/>
   <action type="2" no="10" player="RiVerSE" sum="€6,000"/>
  </round>
 </game>
 <game gamecode="11576723249">
  <general>
   <players>
    <player reg_code="" name="RiVerSE" chips="215,381" dealer="0" seat="1"/>
    <player reg_code="" name="MrWhoo13" chips="694,563" dealer="0" seat="2"/>
    <player reg_code="8407295742" name="Gfs1505" chips="227,300" dealer="0" seat="4"/>
    <player reg_code="" name="GhostStyles" chips="157,080" dealer="0" seat="5"/>
    <player reg_code="" name="Floki29" chips="387,678" dealer="0" seat="6"/>
    <player reg_code="" name="RS795" chips="250,575" dealer="0" seat="7"/>
    <player reg_code="" name="Cheremsha1" chips="180,727" dealer="0" seat="9"/>
    <player reg_code="" name="Gabaritinis" chips="472,463" dealer="1" seat="10"/>
   </players>
  </general>
  <round no="0">
   <action type="15" no="1" player="RiVerSE" sum="€600"/>
   <action type="15" no="2" player="MrWhoo13" sum="€600"/>
   <action type="15" no="3" player="Gfs1505" sum="€600"/>
   <action type="15" no="4" player="GhostStyles" sum="€600"/>
   <action type="15" no="5" player="Floki29" sum="€600"/>
   <action type="15" no="6" player="RS795" sum="€600"/>
   <action type="15" no="7" player="Cheremsha1" sum="€600"/>
   <action type="15" no="8" player="Gabaritinis" sum="€600"/>
   <action type="1" no="9" player="RiVerSE" sum="€3,000"/>
   <action type="2" no="10" player="MrWhoo13" sum="€6,000"/>
  </round>
 </game>
 <game gamecode="11576723264">
  <general>
   <players>
    <player reg_code="" name="RiVerSE" chips="211,781" dealer="1" seat="1"/>
    <player reg_code="" name="MrWhoo13" chips="701,763" dealer="0" seat="2"/>
    <player reg_code="8407295742" name="Gfs1505" chips="226,700" dealer="0" seat="4"/>
    <player reg_code="" name="GhostStyles" chips="156,480" dealer="0" seat="5"/>
    <player reg_code="" name="Floki29" chips="387,078" dealer="0" seat="6"/>
    <player reg_code="" name="RS795" chips="249,975" dealer="0" seat="7"/>
    <player reg_code="" name="Cheremsha1" chips="180,127" dealer="0" seat="9"/>
    <player reg_code="" name="Gabaritinis" chips="471,863" dealer="0" seat="10"/>
   </players>
  </general>
  <round no="0">
   <action type="15" no="1" player="MrWhoo13" sum="€600"/>
   <action type="15" no="2" player="Gfs1505" sum="€600"/>
   <action type="15" no="3" player="GhostStyles" sum="€600"/>
   <action type="15" no="4" player="Floki29" sum="€600"/>
   <action type="15" no="5" player="RS795" sum="€600"/>
   <action type="15" no="6" player="Cheremsha1" sum="€600"/>
   <action type="15" no="7" player="Gabaritinis" sum="€600"/>
   <action type="15" no="8" player="RiVerSE" sum="€600"/>
   <action type="1" no="9" player="MrWhoo13" sum="€3,000"/>
   <action type="2" no="10" player="Gfs1505" sum="€6,000"/>
  </round>
 </game>
 <game gamecode="11576723291">
  <general>
   <players>
    <player reg_code="" name="RiVerSE" chips="211,181" dealer="0" seat="1"/>
    <player reg_code="" name="MrWhoo13" chips="698,163" dealer="1" seat="2"/>
    <player reg_code="8407295742" name="Gfs1505" chips="220,100" dealer="0" seat="4"/>
    <player reg_code="" name="GhostStyles" chips="155,880" dealer="0" seat="5"/>
    <player reg_code="" name="Floki29" chips="380,478" dealer="0" seat="6"/>
    <player reg_code="" name="RS795" chips="249,375" dealer="0" seat="7"/>
    <player reg_code="" name="Cheremsha1" chips="199,327" dealer="0" seat="9"/>
    <player reg_code="" name="Gabaritinis" chips="471,263" dealer="0" seat="10"/>
   </players>
  </general>
  <round no="0">
   <action type="15" no="1" player="Gfs1505" sum="€600"/>
   <action type="15" no="2" player="GhostStyles" sum="€600"/>
   <action type="15" no="3" player="Floki29" sum="€600"/>
   <action type="15" no="4" player="RS795" sum="€600"/>
   <action type="15" no="5" player="Cheremsha1" sum="€600"/>
   <action type="15" no="6" player="Gabaritinis" sum="€600"/>
   <action type="15" no="7" player="RiVerSE" sum="€600"/>
   <action type="15" no="8" player="MrWhoo13" sum="€600"/>
   <action type="1" no="9" player="Gfs1505" sum="€3,000"/>
   <action type="2" no="10" player="GhostStyles" sum="€6,000"/>
  </round>
 </game>
 <game gamecode="11576723371">
  <general>
   <players>
    <player reg_code="" name="RiVerSE" chips="210,581" dealer="0" seat="1"/>
    <player reg_code="" name="MrWhoo13" chips="691,563" dealer="0" seat="2"/>
    <player reg_code="8407295742" name="Gfs1505" chips="216,500" dealer="1" seat="4"/>
    <player reg_code="" name="GhostStyles" chips="330,360" dealer="0" seat="5"/>
    <player reg_code="" name="Floki29" chips="224,598" dealer="0" seat="6"/>
    <player reg_code="" name="RS795" chips="248,775" dealer="0" seat="7"/>
    <player reg_code="" name="Cheremsha1" chips="198,727" dealer="0" seat="9"/>
    <player reg_code="" name="Gabaritinis" chips="464,663" dealer="0" seat="10"/>
   </players>
  </general>
  <round no="0">
   <action type="15" no="1" player="GhostStyles" sum="€600"/>
   <action type="15" no="2" player="Floki29" sum="€600"/>
   <action type="15" no="3" player="RS795" sum="€600"/>
   <action type="15" no="4" player="Cheremsha1" sum="€600"/>
   <action type="15" no="5" player="Gabaritinis" sum="€600"/>
   <action type="15" no="6" player="RiVerSE" sum="€600"/>
   <action type="15" no="7" player="MrWhoo13" sum="€600"/>
   <action type="15" no="8" player="Gfs1505" sum="€600"/>
   <action type="1" no="9" player="GhostStyles" sum="€3,000"/>
   <action type="2" no="10" player="Floki29" sum="€6,000"/>
  </round>
 </game>
 <game gamecode="11576723413">
  <general>
   <players>
    <player reg_code="" name="RiVerSE" chips="209,981" dealer="0" seat="1"/>
    <player reg_code="" name="MrWhoo13" chips="690,963" dealer="0" seat="2"/>
    <player reg_code="8407295742" name="Gfs1505" chips="215,900" dealer="0" seat="4"/>
    <player reg_code="" name="GhostStyles" chips="326,760" dealer="1" seat="5"/>
    <player reg_code="" name="Floki29" chips="217,998" dealer="0" seat="6"/>
    <player reg_code="" name="RS795" chips="176,275" dealer="0" seat="7"/>
    <player reg_code="" name="Cheremsha1" chips="198,127" dealer="0" seat="9"/>
    <player reg_code="" name="Gabaritinis" chips="549,763" dealer="0" seat="10"/>
   </players>
  </general>
  <round no="0">
   <action type="15" no="1" player="Floki29" sum="€700"/>
   <action type="15" no="2" player="RS795" sum="€700"/>
   <action type="15" no="3" player="Cheremsha1" sum="€700"/>
   <action type="15" no="4" player="Gabaritinis" sum="€700"/>
   <action type="15" no="5" player="RiVerSE" sum="€700"/>
   <action type="15" no="6" player="MrWhoo13" sum="€700"/>
   <action type="15" no="7" player="Gfs1505" sum="€700"/>
   <action type="15" no="8" player="GhostStyles" sum="€700"/>
   <action type="1" no="9" player="Floki29" sum="€3,500"/>
   <action type="2" no="10" player="RS795" sum="€7,000"/>
  </round>
 </game>
 <game gamecode="11576723495">
  <general>
   <players>
    <player reg_code="" name="RiVerSE" chips="195,281" dealer="0" seat="1"/>
    <player reg_code="" name="MrWhoo13" chips="690,263" dealer="0" seat="2"/>
    <player reg_code="8407295742" name="Gfs1505" chips="215,200" dealer="0" seat="4"/>
    <player reg_code="" name="GhostStyles" chips="312,060" dealer="0" seat="5"/>
    <player reg_code="" name="Floki29" chips="182,298" dealer="1" seat="6"/>
    <player reg_code="" name="RS795" chips="168,575" dealer="0" seat="7"/>
    <player reg_code="" name="Cheremsha1" chips="113,427" dealer="0" seat="9"/>
    <player reg_code="" name="Gabaritinis" chips="708,663" dealer="0" seat="10"/>
   </players>
  </general>
  <round no="0">
   <action type="15" no="1" player="RS795" sum="€700"/>
   <action type="15" no="2" player="Cheremsha1" sum="€700"/>
   <action type="15" no="3" player="Gabaritinis" sum="€700"/>
   <action type="15" no="4" player="RiVerSE" sum="€700"/>
   <action type="15" no="5" player="MrWhoo13" sum="€700"/>
   <action type="15" no="6" player="Gfs1505" sum="€700"/>
   <action type="15" no="7" player="GhostStyles" sum="€700"/>
   <action type="15" no="8" player="Floki29" sum="€700"/>
   <action type="1" no="9" player="RS795" sum="€3,500"/>
   <action type="2" no="10" player="Cheremsha1" sum="€7,000"/>
  </round>
 </game>
 <game gamecode="11576723528">
  <general>
   <players>
    <player reg_code="" name="RiVerSE" chips="194,581" dealer="0" seat="1"/>
    <player reg_code="" name="MrWhoo13" chips="540,867" dealer="0" seat="2"/>
    <player reg_code="" name="GhostStyles" chips="311,360" dealer="0" seat="5"/>
    <player reg_code="" name="Floki29" chips="560,894" dealer="0" seat="6"/>
    <player reg_code="" name="RS795" chips="164,375" dealer="1" seat="7"/>
    <player reg_code="" name="Cheremsha1" chips="105,727" dealer="0" seat="9"/>
    <player reg_code="" name="Gabaritinis" chips="707,963" dealer="0" seat="10"/>
   </players>
  </general>
  <round no="0">
   <action type="15" no="1" player="Cheremsha1" sum="€700"/>
   <action type="15" no="2" player="Gabaritinis" sum="€700"/>
   <action type="15" no="3" player="RiVerSE" sum="€700"/>
   <action type="15" no="4" player="MrWhoo13" sum="€700"/>
   <action type="15" no="5" player="GhostStyles" sum="€700"/>
   <action type="15" no="6" player="Floki29" sum="€700"/>
   <action type="15" no="7" player="RS795" sum="€700"/>
   <action type="1" no="8" player="Cheremsha1" sum="€3,500"/>
   <action type="2" no="9" player="Gabaritinis" sum="€7,000"/>
  </round>
 </game>
</session>
