<?xml version="1.0" encoding="utf-8"?>
<session sessioncode="8411036152">
 <general>
  <client_version>25.1.1.9</client_version>
  <mode>real</mode>
  <gametype>Holdem NL</gametype>
  <tablename>€20 MYSTERY KICKOFF, 1131110945</tablename>
  <tournamentcurrency>EUR</tournamentcurrency>
  <duration>00:02:33</duration>
  <gamecount>3</gamecount>
  <startdate>2025-07-21 13:04:42</startdate>
  <currency>USD</currency>
  <nickname>Gfs1505</nickname>
  <bets>100,000</bets>
  <wins>0</wins>
  <chipsin>99,000</chipsin>
  <chipsout>0</chipsout>
  <statuspoints>0.00</statuspoints>
  <awardpoints>0.00</awardpoints>
  <ipoints>0.00</ipoints>
  <tablesize>7</tablesize>
  <tournamentcode>1130373920</tournamentcode>
  <tournamentname>€20 MYSTERY KICKOFF</tournamentname>
  <place>N/A</place>
  <buyin>€9.10 + €9.10 + €1.80</buyin>
  <totalbuyin>€20</totalbuyin>
  <win>N/A</win>
 </general>
 <game gamecode="11587231295">
  <general>
   <startdate>2025-07-21 13:04:42</startdate>
   <smallblind>4,500</smallblind>
   <bigblind>9,000</bigblind>
   <ante>900</ante>
   <players>
    <player addon="0" win="0" chips="64,156" rebuy="0" dealer="0" reg_code="" bet="9,900" seat="1" name="FlangoandCarne"/>
    <player addon="0" win="0" chips="175,140" rebuy="0" dealer="0" reg_code="" bet="900" seat="3" name="luckymo32"/>
    <player addon="0" win="0" chips="561,033" rebuy="0" dealer="0" reg_code="" bet="900" seat="4" name="BabyShlang"/>
    <player addon="0" win="27,900" chips="143,316" rebuy="0" dealer="0" reg_code="" bet="18,000" seat="6" name="lionfair659"/>
    <player addon="0" win="0" chips="169,398" rebuy="0" dealer="1" reg_code="" bet="900" seat="9" name="p0ker4134"/>
    <player addon="0" win="0" chips="302,877" rebuy="0" dealer="0" reg_code="" bet="5,400" seat="10" name="Player1546"/>
   </players>
  </general>
  <round no="0">
   <action player="Player1546" sum="900" no="1" type="15"/>
   <action player="FlangoandCarne" sum="900" no="2" type="15"/>
   <action player="luckymo32" sum="900" no="3" type="15"/>
   <action player="BabyShlang" sum="900" no="4" type="15"/>
   <action player="lionfair659" sum="900" no="5" type="15"/>
   <action player="p0ker4134" sum="900" no="6" type="15"/>
   <action player="Player1546" sum="4,500" no="7" type="1"/>
   <action player="FlangoandCarne" sum="9,000" no="8" type="2"/>
  </round>
  <round no="1">
   <cards player="luckymo32" type="Pocket">X X</cards>
   <action player="luckymo32" sum="0" no="9" type="0"/>
   <cards player="BabyShlang" type="Pocket">X X</cards>
   <action player="BabyShlang" sum="0" no="10" type="0"/>
   <cards player="lionfair659" type="Pocket">X X</cards>
   <action player="lionfair659" sum="18,000" no="11" type="23"/>
   <cards player="p0ker4134" type="Pocket">X X</cards>
   <action player="p0ker4134" sum="0" no="12" type="0"/>
   <cards player="Player1546" type="Pocket">X X</cards>
   <action player="Player1546" sum="0" no="13" type="0"/>
   <cards player="FlangoandCarne" type="Pocket">X X</cards>
   <action player="FlangoandCarne" sum="0" no="14" type="0"/>
  </round>
 </game>
 <game gamecode="11587246583">
  <general>
   <startdate>2025-07-21 13:05:45</startdate>
   <smallblind>5,000</smallblind>
   <bigblind>10,000</bigblind>
   <ante>1,000</ante>
   <players>
    <player addon="0" win="112,512" chips="54,256" rebuy="0" dealer="0" reg_code="" bet="53,256" seat="1" name="FlangoandCarne"/>
    <player addon="0" win="0" chips="560,133" rebuy="0" dealer="0" reg_code="" bet="54,256" seat="4" name="BabyShlang"/>
    <player addon="0" win="0" chips="161,316" rebuy="0" dealer="0" reg_code="" bet="1,000" seat="6" name="lionfair659"/>
    <player addon="0" win="0" chips="100,000" rebuy="0" dealer="0" reg_code="8411036152" bet="1,000" seat="8" name="Gfs1505"/>
    <player addon="0" win="0" chips="168,498" rebuy="0" dealer="0" reg_code="" bet="1,000" seat="9" name="p0ker4134"/>
    <player addon="0" win="0" chips="297,477" rebuy="0" dealer="1" reg_code="" bet="1,000" seat="10" name="Player1546"/>
   </players>
  </general>
  <round no="0">
   <action player="FlangoandCarne" sum="1,000" no="1" type="15"/>
   <action player="BabyShlang" sum="1,000" no="2" type="15"/>
   <action player="lionfair659" sum="1,000" no="3" type="15"/>
   <action player="Gfs1505" sum="1,000" no="4" type="15"/>
   <action player="p0ker4134" sum="1,000" no="5" type="15"/>
   <action player="Player1546" sum="1,000" no="6" type="15"/>
   <action player="FlangoandCarne" sum="5,000" no="7" type="1"/>
   <action player="BabyShlang" sum="10,000" no="8" type="2"/>
  </round>
  <round no="1">
   <cards player="lionfair659" type="Pocket">X X</cards>
   <action player="lionfair659" sum="0" no="9" type="0"/>
   <cards player="Gfs1505" type="Pocket">S9 S6</cards>
   <action player="Gfs1505" sum="0" no="10" type="0"/>
   <cards player="p0ker4134" type="Pocket">X X</cards>
   <action player="p0ker4134" sum="0" no="11" type="0"/>
   <cards player="Player1546" type="Pocket">X X</cards>
   <action player="Player1546" sum="0" no="12" type="0"/>
   <cards player="FlangoandCarne" type="Pocket">S10 S7</cards>
   <action player="FlangoandCarne" sum="53,256" no="13" type="23"/>
   <cards player="BabyShlang" type="Pocket">DK CK</cards>
   <action player="BabyShlang" sum="43,256" no="14" type="3"/>
  </round>
  <round no="2">
   <cards type="Flop">H10 H8 HJ</cards>
  </round>
  <round no="3">
   <cards type="Turn">C10</cards>
  </round>
  <round no="4">
   <cards type="River">S2</cards>
  </round>
 </game>
 <game gamecode="11587246639">
  <general>
   <startdate>2025-07-21 13:06:33</startdate>
   <smallblind>5,000</smallblind>
   <bigblind>10,000</bigblind>
   <ante>1,000</ante>
   <players>
    <player addon="0" win="0" chips="112,512" rebuy="0" dealer="1" reg_code="" bet="1,000" seat="1" name="FlangoandCarne"/>
    <player addon="0" win="0" chips="505,877" rebuy="0" dealer="0" reg_code="" bet="6,000" seat="4" name="BabyShlang"/>
    <player addon="0" win="0" chips="160,316" rebuy="0" dealer="0" reg_code="" bet="11,000" seat="6" name="lionfair659"/>
    <player addon="0" win="0" chips="99,000" rebuy="0" dealer="0" reg_code="8411036152" bet="99,000" seat="8" name="Gfs1505"/>
    <player addon="0" win="217,000" chips="167,498" rebuy="0" dealer="0" reg_code="" bet="166,498" seat="9" name="p0ker4134"/>
    <player addon="0" win="0" chips="296,477" rebuy="0" dealer="0" reg_code="" bet="1,000" seat="10" name="Player1546"/>
   </players>
  </general>
  <round no="0">
   <action player="BabyShlang" sum="1,000" no="1" type="15"/>
   <action player="lionfair659" sum="1,000" no="2" type="15"/>
   <action player="Gfs1505" sum="1,000" no="3" type="15"/>
   <action player="p0ker4134" sum="1,000" no="4" type="15"/>
   <action player="Player1546" sum="1,000" no="5" type="15"/>
   <action player="FlangoandCarne" sum="1,000" no="6" type="15"/>
   <action player="BabyShlang" sum="5,000" no="7" type="1"/>
   <action player="lionfair659" sum="10,000" no="8" type="2"/>
  </round>
  <round no="1">
   <cards player="Gfs1505" type="Pocket">HA DK</cards>
   <action player="Gfs1505" sum="20,000" no="9" type="23"/>
   <cards player="p0ker4134" type="Pocket">DA CA</cards>
   <action player="p0ker4134" sum="166,498" no="10" type="23"/>
   <cards player="Player1546" type="Pocket">X X</cards>
   <action player="Player1546" sum="0" no="11" type="0"/>
   <cards player="FlangoandCarne" type="Pocket">X X</cards>
   <action player="FlangoandCarne" sum="0" no="12" type="0"/>
   <cards player="BabyShlang" type="Pocket">X X</cards>
   <action player="BabyShlang" sum="0" no="13" type="0"/>
   <cards player="lionfair659" type="Pocket">X X</cards>
   <action player="lionfair659" sum="0" no="14" type="0"/>
   <action player="Gfs1505" sum="78,000" no="15" type="7"/>
  </round>
  <round no="2">
   <cards type="Flop">H4 D3 HQ</cards>
  </round>
  <round no="3">
   <cards type="Turn">D7</cards>
  </round>
  <round no="4">
   <cards type="River">D5</cards>
  </round>
 </game>
</session>
