<?xml version="1.0" encoding="utf-8"?>
<session sessioncode="8411035941">
 <general>
  <client_version>25.1.1.9</client_version>
  <mode>real</mode>
  <gametype>Holdem NL</gametype>
  <tablename>€30 MONDAY ELIMINATOR, 1131116250</tablename>
  <tournamentcurrency>EUR</tournamentcurrency>
  <duration>00:37:46</duration>
  <gamecount>31</gamecount>
  <startdate>2025-07-21 13:04:40</startdate>
  <currency>USD</currency>
  <nickname>Gfs1505</nickname>
  <bets>553,665</bets>
  <wins>293,267</wins>
  <chipsin>70,463</chipsin>
  <chipsout>0</chipsout>
  <statuspoints>RSP27</statuspoints>
  <awardpoints>RSP27</awardpoints>
  <ipoints>RSP27</ipoints>
  <tablesize>8</tablesize>
  <tournamentcode>1130567257</tournamentcode>
  <tournamentname>€30 MONDAY ELIMINATOR</tournamentname>
  <place>391</place>
  <buyin>€13.65 + €13.65 + €2.70</buyin>
  <totalbuyin>€30</totalbuyin>
  <win>0</win>
 </general>
 <game gamecode="11587224942">
  <general>
   <startdate>2025-07-21 13:04:40</startdate>
   <smallblind>600</smallblind>
   <bigblind>1,200</bigblind>
   <ante>180</ante>
   <players>
    <player addon="0" win="0" chips="84,654" rebuy="0" dealer="0" reg_code="" bet="780" seat="1" name="Vadim92"/>
    <player addon="0" win="0" chips="361,711" rebuy="0" dealer="0" reg_code="" bet="1,380" seat="2" name="whaleharbor487"/>
    <player addon="0" win="0" chips="170,150" rebuy="0" dealer="0" reg_code="" bet="180" seat="5" name="macsbigmac"/>
    <player addon="0" win="0" chips="388,225" rebuy="0" dealer="0" reg_code="" bet="180" seat="6" name="quadrober"/>
    <player addon="0" win="0" chips="117,990" rebuy="0" dealer="0" reg_code="" bet="180" seat="9" name="PikiRice"/>
    <player addon="0" win="4,080" chips="82,965" rebuy="0" dealer="1" reg_code="" bet="2,400" seat="10" name="AlphaPVP"/>
   </players>
  </general>
  <round no="0">
   <action player="Vadim92" sum="180" no="1" type="15"/>
   <action player="whaleharbor487" sum="180" no="2" type="15"/>
   <action player="macsbigmac" sum="180" no="3" type="15"/>
   <action player="quadrober" sum="180" no="4" type="15"/>
   <action player="PikiRice" sum="180" no="5" type="15"/>
   <action player="AlphaPVP" sum="180" no="6" type="15"/>
   <action player="Vadim92" sum="600" no="7" type="1"/>
   <action player="whaleharbor487" sum="1,200" no="8" type="2"/>
  </round>
  <round no="1">
   <cards player="macsbigmac" type="Pocket">X X</cards>
   <action player="macsbigmac" sum="0" no="9" type="0"/>
   <cards player="quadrober" type="Pocket">X X</cards>
   <action player="quadrober" sum="0" no="10" type="0"/>
   <cards player="PikiRice" type="Pocket">X X</cards>
   <action player="PikiRice" sum="0" no="11" type="0"/>
   <cards player="AlphaPVP" type="Pocket">X X</cards>
   <action player="AlphaPVP" sum="2,400" no="12" type="23"/>
   <cards player="Vadim92" type="Pocket">X X</cards>
   <action player="Vadim92" sum="0" no="13" type="0"/>
   <cards player="whaleharbor487" type="Pocket">X X</cards>
   <action player="whaleharbor487" sum="0" no="14" type="0"/>
  </round>
 </game>
 <game gamecode="11587224962">
  <general>
   <startdate>2025-07-21 13:05:08</startdate>
   <smallblind>600</smallblind>
   <bigblind>1,200</bigblind>
   <ante>180</ante>
   <players>
    <player addon="0" win="0" chips="83,874" rebuy="0" dealer="1" reg_code="" bet="180" seat="1" name="Vadim92"/>
    <player addon="0" win="0" chips="360,331" rebuy="0" dealer="0" reg_code="" bet="3,780" seat="2" name="whaleharbor487"/>
    <player addon="0" win="0" chips="100,000" rebuy="0" dealer="0" reg_code="8411035941" bet="29,537" seat="4" name="Gfs1505"/>
    <player addon="0" win="77,369" chips="169,970" rebuy="0" dealer="0" reg_code="" bet="48,879" seat="5" name="macsbigmac"/>
    <player addon="0" win="0" chips="388,045" rebuy="0" dealer="0" reg_code="" bet="10,195" seat="6" name="quadrober"/>
    <player addon="0" win="0" chips="155,274" rebuy="0" dealer="0" reg_code="" bet="180" seat="7" name="krizh1985"/>
    <player addon="0" win="0" chips="117,810" rebuy="0" dealer="0" reg_code="" bet="180" seat="9" name="PikiRice"/>
    <player addon="0" win="0" chips="85,665" rebuy="0" dealer="0" reg_code="" bet="3,780" seat="10" name="AlphaPVP"/>
   </players>
  </general>
  <round no="0">
   <action player="whaleharbor487" sum="180" no="1" type="15"/>
   <action player="Gfs1505" sum="180" no="2" type="15"/>
   <action player="macsbigmac" sum="180" no="3" type="15"/>
   <action player="quadrober" sum="180" no="4" type="15"/>
   <action player="krizh1985" sum="180" no="5" type="15"/>
   <action player="PikiRice" sum="180" no="6" type="15"/>
   <action player="AlphaPVP" sum="180" no="7" type="15"/>
   <action player="Vadim92" sum="180" no="8" type="15"/>
   <action player="whaleharbor487" sum="600" no="9" type="1"/>
   <action player="Gfs1505" sum="1,200" no="10" type="2"/>
  </round>
  <round no="1">
   <cards player="macsbigmac" type="Pocket">X X</cards>
   <action player="macsbigmac" sum="3,600" no="11" type="23"/>
   <cards player="quadrober" type="Pocket">X X</cards>
   <action player="quadrober" sum="3,600" no="12" type="3"/>
   <cards player="krizh1985" type="Pocket">X X</cards>
   <action player="krizh1985" sum="0" no="13" type="0"/>
   <cards player="PikiRice" type="Pocket">X X</cards>
   <action player="PikiRice" sum="0" no="14" type="0"/>
   <cards player="AlphaPVP" type="Pocket">X X</cards>
   <action player="AlphaPVP" sum="3,600" no="15" type="3"/>
   <cards player="Vadim92" type="Pocket">X X</cards>
   <action player="Vadim92" sum="0" no="16" type="0"/>
   <cards player="whaleharbor487" type="Pocket">X X</cards>
   <action player="whaleharbor487" sum="3,000" no="17" type="3"/>
   <cards player="Gfs1505" type="Pocket">HK HJ</cards>
   <action player="Gfs1505" sum="2,400" no="18" type="3"/>
  </round>
  <round no="2">
   <cards type="Flop">S5 C2 H2</cards>
   <action player="whaleharbor487" sum="0" no="19" type="4"/>
   <action player="Gfs1505" sum="6,415" no="20" type="5"/>
   <action player="macsbigmac" sum="6,415" no="21" type="3"/>
   <action player="quadrober" sum="6,415" no="22" type="3"/>
   <action player="AlphaPVP" sum="0" no="23" type="0"/>
   <action player="whaleharbor487" sum="0" no="24" type="0"/>
  </round>
  <round no="3">
   <cards type="Turn">S3</cards>
   <action player="Gfs1505" sum="19,342" no="25" type="5"/>
   <action player="macsbigmac" sum="38,684" no="26" type="23"/>
   <action player="quadrober" sum="0" no="27" type="0"/>
   <action player="Gfs1505" sum="0" no="28" type="0"/>
  </round>
 </game>
 <game gamecode="11587245378">
  <general>
   <startdate>2025-07-21 13:06:59</startdate>
   <smallblind>600</smallblind>
   <bigblind>1,200</bigblind>
   <ante>180</ante>
   <players>
    <player addon="0" win="0" chips="356,551" rebuy="0" dealer="1" reg_code="" bet="180" seat="2" name="whaleharbor487"/>
    <player addon="0" win="14,042" chips="70,463" rebuy="0" dealer="0" reg_code="8411035941" bet="10,996" seat="4" name="Gfs1505"/>
    <player addon="0" win="0" chips="217,802" rebuy="0" dealer="0" reg_code="" bet="2,580" seat="5" name="macsbigmac"/>
    <player addon="0" win="0" chips="377,850" rebuy="0" dealer="0" reg_code="" bet="180" seat="6" name="quadrober"/>
    <player addon="0" win="0" chips="155,094" rebuy="0" dealer="0" reg_code="" bet="180" seat="7" name="krizh1985"/>
    <player addon="0" win="0" chips="117,630" rebuy="0" dealer="0" reg_code="" bet="180" seat="9" name="PikiRice"/>
    <player addon="0" win="0" chips="81,885" rebuy="0" dealer="0" reg_code="" bet="5,371" seat="10" name="AlphaPVP"/>
   </players>
  </general>
  <round no="0">
   <action player="Gfs1505" sum="180" no="1" type="15"/>
   <action player="macsbigmac" sum="180" no="2" type="15"/>
   <action player="quadrober" sum="180" no="3" type="15"/>
   <action player="krizh1985" sum="180" no="4" type="15"/>
   <action player="PikiRice" sum="180" no="5" type="15"/>
   <action player="AlphaPVP" sum="180" no="6" type="15"/>
   <action player="whaleharbor487" sum="180" no="7" type="15"/>
   <action player="Gfs1505" sum="600" no="8" type="1"/>
   <action player="macsbigmac" sum="1,200" no="9" type="2"/>
  </round>
  <round no="1">
   <cards player="quadrober" type="Pocket">X X</cards>
   <action player="quadrober" sum="0" no="10" type="0"/>
   <cards player="krizh1985" type="Pocket">X X</cards>
   <action player="krizh1985" sum="0" no="11" type="0"/>
   <cards player="PikiRice" type="Pocket">X X</cards>
   <action player="PikiRice" sum="0" no="12" type="0"/>
   <cards player="AlphaPVP" type="Pocket">X X</cards>
   <action player="AlphaPVP" sum="2,400" no="13" type="23"/>
   <cards player="whaleharbor487" type="Pocket">X X</cards>
   <action player="whaleharbor487" sum="0" no="14" type="0"/>
   <cards player="Gfs1505" type="Pocket">S10 DK</cards>
   <action player="Gfs1505" sum="1,800" no="15" type="3"/>
   <cards player="macsbigmac" type="Pocket">X X</cards>
   <action player="macsbigmac" sum="1,200" no="16" type="3"/>
  </round>
  <round no="2">
   <cards type="Flop">D9 DA D7</cards>
   <action player="Gfs1505" sum="0" no="17" type="4"/>
   <action player="macsbigmac" sum="0" no="18" type="4"/>
   <action player="AlphaPVP" sum="2,791" no="19" type="5"/>
   <action player="Gfs1505" sum="8,416" no="20" type="23"/>
   <action player="macsbigmac" sum="0" no="21" type="0"/>
   <action player="AlphaPVP" sum="0" no="22" type="0"/>
  </round>
 </game>
 <game gamecode="11587245412">
  <general>
   <startdate>2025-07-21 13:07:54</startdate>
   <smallblind>600</smallblind>
   <bigblind>1,200</bigblind>
   <ante>180</ante>
   <players>
    <player addon="0" win="0" chips="186,592" rebuy="0" dealer="0" reg_code="" bet="9,300" seat="1" name="woxix"/>
    <player addon="0" win="0" chips="79,134" rebuy="0" dealer="1" reg_code="8411035941" bet="180" seat="4" name="Gfs1505"/>
    <player addon="0" win="0" chips="215,222" rebuy="0" dealer="0" reg_code="" bet="780" seat="5" name="macsbigmac"/>
    <player addon="0" win="0" chips="377,670" rebuy="0" dealer="0" reg_code="" bet="1,380" seat="6" name="quadrober"/>
    <player addon="0" win="0" chips="154,914" rebuy="0" dealer="0" reg_code="" bet="39,300" seat="7" name="krizh1985"/>
    <player addon="0" win="90,420" chips="117,450" rebuy="0" dealer="0" reg_code="" bet="117,450" seat="9" name="PikiRice"/>
    <player addon="0" win="0" chips="76,514" rebuy="0" dealer="0" reg_code="" bet="180" seat="10" name="AlphaPVP"/>
   </players>
  </general>
  <round no="0">
   <action player="macsbigmac" sum="180" no="1" type="15"/>
   <action player="quadrober" sum="180" no="2" type="15"/>
   <action player="krizh1985" sum="180" no="3" type="15"/>
   <action player="PikiRice" sum="180" no="4" type="15"/>
   <action player="AlphaPVP" sum="180" no="5" type="15"/>
   <action player="woxix" sum="180" no="6" type="15"/>
   <action player="Gfs1505" sum="180" no="7" type="15"/>
   <action player="macsbigmac" sum="600" no="8" type="1"/>
   <action player="quadrober" sum="1,200" no="9" type="2"/>
  </round>
  <round no="1">
   <cards player="krizh1985" type="Pocket">X X</cards>
   <action player="krizh1985" sum="2,760" no="10" type="23"/>
   <cards player="PikiRice" type="Pocket">X X</cards>
   <action player="PikiRice" sum="9,120" no="11" type="23"/>
   <cards player="AlphaPVP" type="Pocket">X X</cards>
   <action player="AlphaPVP" sum="0" no="12" type="0"/>
   <cards player="woxix" type="Pocket">X X</cards>
   <action player="woxix" sum="9,120" no="13" type="3"/>
   <cards player="Gfs1505" type="Pocket">D9 D3</cards>
   <action player="Gfs1505" sum="0" no="14" type="0"/>
   <cards player="macsbigmac" type="Pocket">X X</cards>
   <action player="macsbigmac" sum="0" no="15" type="0"/>
   <cards player="quadrober" type="Pocket">X X</cards>
   <action player="quadrober" sum="0" no="16" type="0"/>
   <action player="krizh1985" sum="6,360" no="17" type="3"/>
  </round>
  <round no="2">
   <cards type="Flop">SJ CJ C8</cards>
   <action player="krizh1985" sum="0" no="18" type="4"/>
   <action player="PikiRice" sum="9,600" no="19" type="5"/>
   <action player="woxix" sum="0" no="20" type="0"/>
   <action player="krizh1985" sum="9,600" no="21" type="3"/>
  </round>
  <round no="3">
   <cards type="Turn">D10</cards>
   <action player="krizh1985" sum="0" no="22" type="4"/>
   <action player="PikiRice" sum="20,400" no="23" type="5"/>
   <action player="krizh1985" sum="20,400" no="24" type="3"/>
  </round>
  <round no="4">
   <cards type="River">H5</cards>
   <action player="krizh1985" sum="0" no="25" type="4"/>
   <action player="PikiRice" sum="78,150" no="26" type="5"/>
   <action player="krizh1985" sum="0" no="27" type="0"/>
  </round>
 </game>
 <game gamecode="11587245513">
  <general>
   <startdate>2025-07-21 13:10:07</startdate>
   <smallblind>600</smallblind>
   <bigblind>1,200</bigblind>
   <ante>180</ante>
   <players>
    <player addon="0" win="0" chips="177,292" rebuy="0" dealer="0" reg_code="" bet="180" seat="1" name="woxix"/>
    <player addon="0" win="0" chips="55,377" rebuy="0" dealer="0" reg_code="" bet="180" seat="2" name="CreepOnlyFarm"/>
    <player addon="0" win="0" chips="78,954" rebuy="0" dealer="0" reg_code="8411035941" bet="180" seat="4" name="Gfs1505"/>
    <player addon="0" win="0" chips="214,442" rebuy="0" dealer="1" reg_code="" bet="180" seat="5" name="macsbigmac"/>
    <player addon="0" win="0" chips="376,290" rebuy="0" dealer="0" reg_code="" bet="780" seat="6" name="quadrober"/>
    <player addon="0" win="0" chips="115,614" rebuy="0" dealer="0" reg_code="" bet="1,380" seat="7" name="krizh1985"/>
    <player addon="0" win="0" chips="168,570" rebuy="0" dealer="0" reg_code="" bet="180" seat="9" name="PikiRice"/>
    <player addon="0" win="4,440" chips="76,334" rebuy="0" dealer="0" reg_code="" bet="2,400" seat="10" name="AlphaPVP"/>
   </players>
  </general>
  <round no="0">
   <action player="quadrober" sum="180" no="1" type="15"/>
   <action player="krizh1985" sum="180" no="2" type="15"/>
   <action player="PikiRice" sum="180" no="3" type="15"/>
   <action player="AlphaPVP" sum="180" no="4" type="15"/>
   <action player="woxix" sum="180" no="5" type="15"/>
   <action player="CreepOnlyFarm" sum="180" no="6" type="15"/>
   <action player="Gfs1505" sum="180" no="7" type="15"/>
   <action player="macsbigmac" sum="180" no="8" type="15"/>
   <action player="quadrober" sum="600" no="9" type="1"/>
   <action player="krizh1985" sum="1,200" no="10" type="2"/>
  </round>
  <round no="1">
   <cards player="PikiRice" type="Pocket">X X</cards>
   <action player="PikiRice" sum="0" no="11" type="0"/>
   <cards player="AlphaPVP" type="Pocket">X X</cards>
   <action player="AlphaPVP" sum="2,400" no="12" type="23"/>
   <cards player="woxix" type="Pocket">X X</cards>
   <action player="woxix" sum="0" no="13" type="0"/>
   <cards player="CreepOnlyFarm" type="Pocket">X X</cards>
   <action player="CreepOnlyFarm" sum="0" no="14" type="0"/>
   <cards player="Gfs1505" type="Pocket">S5 C3</cards>
   <action player="Gfs1505" sum="0" no="15" type="0"/>
   <cards player="macsbigmac" type="Pocket">X X</cards>
   <action player="macsbigmac" sum="0" no="16" type="0"/>
   <cards player="quadrober" type="Pocket">X X</cards>
   <action player="quadrober" sum="0" no="17" type="0"/>
   <cards player="krizh1985" type="Pocket">X X</cards>
   <action player="krizh1985" sum="0" no="18" type="0"/>
  </round>
 </game>
 <game gamecode="11587245539">
  <general>
   <startdate>2025-07-21 13:10:44</startdate>
   <smallblind>600</smallblind>
   <bigblind>1,200</bigblind>
   <ante>180</ante>
   <players>
    <player addon="0" win="0" chips="177,112" rebuy="0" dealer="0" reg_code="" bet="180" seat="1" name="woxix"/>
    <player addon="0" win="0" chips="55,197" rebuy="0" dealer="0" reg_code="" bet="180" seat="2" name="CreepOnlyFarm"/>
    <player addon="0" win="7,440" chips="78,774" rebuy="0" dealer="0" reg_code="8411035941" bet="9,180" seat="4" name="Gfs1505"/>
    <player addon="0" win="0" chips="214,262" rebuy="0" dealer="0" reg_code="" bet="180" seat="5" name="macsbigmac"/>
    <player addon="0" win="0" chips="375,510" rebuy="0" dealer="1" reg_code="" bet="180" seat="6" name="quadrober"/>
    <player addon="0" win="0" chips="114,234" rebuy="0" dealer="0" reg_code="" bet="2,580" seat="7" name="krizh1985"/>
    <player addon="0" win="0" chips="168,390" rebuy="0" dealer="0" reg_code="" bet="1,380" seat="9" name="PikiRice"/>
    <player addon="0" win="0" chips="79,394" rebuy="0" dealer="0" reg_code="" bet="180" seat="10" name="AlphaPVP"/>
   </players>
  </general>
  <round no="0">
   <action player="krizh1985" sum="180" no="1" type="15"/>
   <action player="PikiRice" sum="180" no="2" type="15"/>
   <action player="AlphaPVP" sum="180" no="3" type="15"/>
   <action player="woxix" sum="180" no="4" type="15"/>
   <action player="CreepOnlyFarm" sum="180" no="5" type="15"/>
   <action player="Gfs1505" sum="180" no="6" type="15"/>
   <action player="macsbigmac" sum="180" no="7" type="15"/>
   <action player="quadrober" sum="180" no="8" type="15"/>
   <action player="krizh1985" sum="600" no="9" type="1"/>
   <action player="PikiRice" sum="1,200" no="10" type="2"/>
  </round>
  <round no="1">
   <cards player="AlphaPVP" type="Pocket">X X</cards>
   <action player="AlphaPVP" sum="0" no="11" type="0"/>
   <cards player="woxix" type="Pocket">X X</cards>
   <action player="woxix" sum="0" no="12" type="0"/>
   <cards player="CreepOnlyFarm" type="Pocket">X X</cards>
   <action player="CreepOnlyFarm" sum="0" no="13" type="0"/>
   <cards player="Gfs1505" type="Pocket">CA H7</cards>
   <action player="Gfs1505" sum="2,400" no="14" type="23"/>
   <cards player="macsbigmac" type="Pocket">X X</cards>
   <action player="macsbigmac" sum="0" no="15" type="0"/>
   <cards player="quadrober" type="Pocket">X X</cards>
   <action player="quadrober" sum="0" no="16" type="0"/>
   <cards player="krizh1985" type="Pocket">X X</cards>
   <action player="krizh1985" sum="1,800" no="17" type="3"/>
   <cards player="PikiRice" type="Pocket">X X</cards>
   <action player="PikiRice" sum="0" no="18" type="0"/>
  </round>
  <round no="2">
   <cards type="Flop">S5 S7 HQ</cards>
   <action player="krizh1985" sum="0" no="19" type="4"/>
   <action player="Gfs1505" sum="0" no="20" type="4"/>
  </round>
  <round no="3">
   <cards type="Turn">D7</cards>
   <action player="krizh1985" sum="0" no="21" type="4"/>
   <action player="Gfs1505" sum="6,600" no="22" type="5"/>
   <action player="krizh1985" sum="0" no="23" type="0"/>
  </round>
 </game>
 <game gamecode="11587245581">
  <general>
   <startdate>2025-07-21 13:11:42</startdate>
   <smallblind>600</smallblind>
   <bigblind>1,200</bigblind>
   <ante>180</ante>
   <players>
    <player addon="0" win="0" chips="176,932" rebuy="0" dealer="0" reg_code="" bet="180" seat="1" name="woxix"/>
    <player addon="0" win="0" chips="55,017" rebuy="0" dealer="0" reg_code="" bet="180" seat="2" name="CreepOnlyFarm"/>
    <player addon="0" win="68,169" chips="83,634" rebuy="0" dealer="0" reg_code="8411035941" bet="64,604" seat="4" name="Gfs1505"/>
    <player addon="0" win="0" chips="214,082" rebuy="0" dealer="0" reg_code="" bet="180" seat="5" name="macsbigmac"/>
    <player addon="0" win="0" chips="375,330" rebuy="0" dealer="0" reg_code="" bet="30,520" seat="6" name="quadrober"/>
    <player addon="0" win="0" chips="111,654" rebuy="0" dealer="1" reg_code="" bet="180" seat="7" name="krizh1985"/>
    <player addon="0" win="0" chips="167,010" rebuy="0" dealer="0" reg_code="" bet="780" seat="9" name="PikiRice"/>
    <player addon="0" win="0" chips="79,214" rebuy="0" dealer="0" reg_code="" bet="5,629" seat="10" name="AlphaPVP"/>
   </players>
  </general>
  <round no="0">
   <action player="PikiRice" sum="180" no="1" type="15"/>
   <action player="AlphaPVP" sum="180" no="2" type="15"/>
   <action player="woxix" sum="180" no="3" type="15"/>
   <action player="CreepOnlyFarm" sum="180" no="4" type="15"/>
   <action player="Gfs1505" sum="180" no="5" type="15"/>
   <action player="macsbigmac" sum="180" no="6" type="15"/>
   <action player="quadrober" sum="180" no="7" type="15"/>
   <action player="krizh1985" sum="180" no="8" type="15"/>
   <action player="PikiRice" sum="600" no="9" type="1"/>
   <action player="AlphaPVP" sum="1,200" no="10" type="2"/>
  </round>
  <round no="1">
   <cards player="woxix" type="Pocket">X X</cards>
   <action player="woxix" sum="0" no="11" type="0"/>
   <cards player="CreepOnlyFarm" type="Pocket">X X</cards>
   <action player="CreepOnlyFarm" sum="0" no="12" type="0"/>
   <cards player="Gfs1505" type="Pocket">HQ H10</cards>
   <action player="Gfs1505" sum="2,400" no="13" type="23"/>
   <cards player="macsbigmac" type="Pocket">X X</cards>
   <action player="macsbigmac" sum="0" no="14" type="0"/>
   <cards player="quadrober" type="Pocket">X X</cards>
   <action player="quadrober" sum="2,400" no="15" type="3"/>
   <cards player="krizh1985" type="Pocket">X X</cards>
   <action player="krizh1985" sum="0" no="16" type="0"/>
   <cards player="PikiRice" type="Pocket">X X</cards>
   <action player="PikiRice" sum="0" no="17" type="0"/>
   <cards player="AlphaPVP" type="Pocket">X X</cards>
   <action player="AlphaPVP" sum="1,200" no="18" type="3"/>
  </round>
  <round no="2">
   <cards type="Flop">C2 S9 S5</cards>
   <action player="AlphaPVP" sum="0" no="19" type="4"/>
   <action player="Gfs1505" sum="0" no="20" type="4"/>
   <action player="quadrober" sum="3,049" no="21" type="5"/>
   <action player="AlphaPVP" sum="3,049" no="22" type="3"/>
   <action player="Gfs1505" sum="10,898" no="23" type="23"/>
   <action player="quadrober" sum="7,849" no="24" type="3"/>
   <action player="AlphaPVP" sum="0" no="25" type="0"/>
  </round>
  <round no="3">
   <cards type="Turn">C4</cards>
   <action player="Gfs1505" sum="17,042" no="26" type="5"/>
   <action player="quadrober" sum="17,042" no="27" type="3"/>
  </round>
  <round no="4">
   <cards type="River">CJ</cards>
   <action player="Gfs1505" sum="34,084" no="28" type="5"/>
   <action player="quadrober" sum="0" no="29" type="0"/>
  </round>
 </game>
 <game gamecode="11587245684">
  <general>
   <startdate>2025-07-21 13:14:01</startdate>
   <smallblind>700</smallblind>
   <bigblind>1,400</bigblind>
   <ante>200</ante>
   <players>
    <player addon="0" win="0" chips="176,752" rebuy="0" dealer="0" reg_code="" bet="1,600" seat="1" name="woxix"/>
    <player addon="0" win="0" chips="54,837" rebuy="0" dealer="0" reg_code="" bet="200" seat="2" name="CreepOnlyFarm"/>
    <player addon="0" win="0" chips="121,283" rebuy="0" dealer="0" reg_code="8411035941" bet="200" seat="4" name="Gfs1505"/>
    <player addon="0" win="0" chips="213,902" rebuy="0" dealer="0" reg_code="" bet="8,600" seat="5" name="macsbigmac"/>
    <player addon="0" win="0" chips="344,810" rebuy="0" dealer="0" reg_code="" bet="200" seat="6" name="quadrober"/>
    <player addon="0" win="0" chips="111,474" rebuy="0" dealer="0" reg_code="" bet="200" seat="7" name="krizh1985"/>
    <player addon="0" win="20,500" chips="166,230" rebuy="0" dealer="1" reg_code="" bet="33,800" seat="9" name="PikiRice"/>
    <player addon="0" win="0" chips="73,585" rebuy="0" dealer="0" reg_code="" bet="900" seat="10" name="AlphaPVP"/>
   </players>
  </general>
  <round no="0">
   <action player="AlphaPVP" sum="200" no="1" type="15"/>
   <action player="woxix" sum="200" no="2" type="15"/>
   <action player="CreepOnlyFarm" sum="200" no="3" type="15"/>
   <action player="Gfs1505" sum="200" no="4" type="15"/>
   <action player="macsbigmac" sum="200" no="5" type="15"/>
   <action player="quadrober" sum="200" no="6" type="15"/>
   <action player="krizh1985" sum="200" no="7" type="15"/>
   <action player="PikiRice" sum="200" no="8" type="15"/>
   <action player="AlphaPVP" sum="700" no="9" type="1"/>
   <action player="woxix" sum="1,400" no="10" type="2"/>
  </round>
  <round no="1">
   <cards player="CreepOnlyFarm" type="Pocket">X X</cards>
   <action player="CreepOnlyFarm" sum="0" no="11" type="0"/>
   <cards player="Gfs1505" type="Pocket">S8 C5</cards>
   <action player="Gfs1505" sum="0" no="12" type="0"/>
   <cards player="macsbigmac" type="Pocket">X X</cards>
   <action player="macsbigmac" sum="4,200" no="13" type="23"/>
   <cards player="quadrober" type="Pocket">X X</cards>
   <action player="quadrober" sum="0" no="14" type="0"/>
   <cards player="krizh1985" type="Pocket">X X</cards>
   <action player="krizh1985" sum="0" no="15" type="0"/>
   <cards player="PikiRice" type="Pocket">X X</cards>
   <action player="PikiRice" sum="4,200" no="16" type="3"/>
   <cards player="AlphaPVP" type="Pocket">X X</cards>
   <action player="AlphaPVP" sum="0" no="17" type="0"/>
   <cards player="woxix" type="Pocket">X X</cards>
   <action player="woxix" sum="0" no="18" type="0"/>
  </round>
  <round no="2">
   <cards type="Flop">SQ D9 C2</cards>
   <action player="macsbigmac" sum="0" no="19" type="4"/>
   <action player="PikiRice" sum="4,200" no="20" type="5"/>
   <action player="macsbigmac" sum="4,200" no="21" type="3"/>
  </round>
  <round no="3">
   <cards type="Turn">C8</cards>
   <action player="macsbigmac" sum="0" no="22" type="4"/>
   <action player="PikiRice" sum="25,200" no="23" type="5"/>
   <action player="macsbigmac" sum="0" no="24" type="0"/>
  </round>
 </game>
 <game gamecode="11587245741">
  <general>
   <startdate>2025-07-21 13:15:07</startdate>
   <smallblind>700</smallblind>
   <bigblind>1,400</bigblind>
   <ante>200</ante>
   <players>
    <player addon="0" win="0" chips="175,152" rebuy="0" dealer="0" reg_code="" bet="14,200" seat="1" name="woxix"/>
    <player addon="0" win="0" chips="54,637" rebuy="0" dealer="0" reg_code="" bet="1,600" seat="2" name="CreepOnlyFarm"/>
    <player addon="0" win="0" chips="121,083" rebuy="0" dealer="0" reg_code="8411035941" bet="200" seat="4" name="Gfs1505"/>
    <player addon="0" win="45,000" chips="205,302" rebuy="0" dealer="0" reg_code="" bet="32,400" seat="5" name="macsbigmac"/>
    <player addon="0" win="0" chips="344,610" rebuy="0" dealer="0" reg_code="" bet="200" seat="6" name="quadrober"/>
    <player addon="0" win="0" chips="111,274" rebuy="0" dealer="0" reg_code="" bet="200" seat="7" name="krizh1985"/>
    <player addon="0" win="0" chips="178,130" rebuy="0" dealer="0" reg_code="" bet="14,200" seat="9" name="PikiRice"/>
    <player addon="0" win="0" chips="72,685" rebuy="0" dealer="1" reg_code="" bet="200" seat="10" name="AlphaPVP"/>
   </players>
  </general>
  <round no="0">
   <action player="woxix" sum="200" no="1" type="15"/>
   <action player="CreepOnlyFarm" sum="200" no="2" type="15"/>
   <action player="Gfs1505" sum="200" no="3" type="15"/>
   <action player="macsbigmac" sum="200" no="4" type="15"/>
   <action player="quadrober" sum="200" no="5" type="15"/>
   <action player="krizh1985" sum="200" no="6" type="15"/>
   <action player="PikiRice" sum="200" no="7" type="15"/>
   <action player="AlphaPVP" sum="200" no="8" type="15"/>
   <action player="woxix" sum="700" no="9" type="1"/>
   <action player="CreepOnlyFarm" sum="1,400" no="10" type="2"/>
  </round>
  <round no="1">
   <cards player="Gfs1505" type="Pocket">H10 S9</cards>
   <action player="Gfs1505" sum="0" no="11" type="0"/>
   <cards player="macsbigmac" type="Pocket">X X</cards>
   <action player="macsbigmac" sum="4,200" no="12" type="23"/>
   <cards player="quadrober" type="Pocket">X X</cards>
   <action player="quadrober" sum="0" no="13" type="0"/>
   <cards player="krizh1985" type="Pocket">X X</cards>
   <action player="krizh1985" sum="0" no="14" type="0"/>
   <cards player="PikiRice" type="Pocket">X X</cards>
   <action player="PikiRice" sum="14,000" no="15" type="23"/>
   <cards player="AlphaPVP" type="Pocket">X X</cards>
   <action player="AlphaPVP" sum="0" no="16" type="0"/>
   <cards player="woxix" type="Pocket">X X</cards>
   <action player="woxix" sum="13,300" no="17" type="3"/>
   <cards player="CreepOnlyFarm" type="Pocket">X X</cards>
   <action player="CreepOnlyFarm" sum="0" no="18" type="0"/>
   <action player="macsbigmac" sum="9,800" no="19" type="3"/>
  </round>
  <round no="2">
   <cards type="Flop">C7 SQ CA</cards>
   <action player="woxix" sum="0" no="20" type="4"/>
   <action player="macsbigmac" sum="0" no="21" type="4"/>
   <action player="PikiRice" sum="0" no="22" type="4"/>
  </round>
  <round no="3">
   <cards type="Turn">SA</cards>
   <action player="woxix" sum="0" no="23" type="4"/>
   <action player="macsbigmac" sum="18,200" no="24" type="5"/>
   <action player="PikiRice" sum="0" no="25" type="0"/>
   <action player="woxix" sum="0" no="26" type="0"/>
  </round>
 </game>
 <game gamecode="11587245802">
  <general>
   <startdate>2025-07-21 13:16:31</startdate>
   <smallblind>700</smallblind>
   <bigblind>1,400</bigblind>
   <ante>200</ante>
   <players>
    <player addon="0" win="19,100" chips="160,952" rebuy="0" dealer="1" reg_code="" bet="13,503" seat="1" name="woxix"/>
    <player addon="0" win="0" chips="53,037" rebuy="0" dealer="0" reg_code="" bet="900" seat="2" name="CreepOnlyFarm"/>
    <player addon="0" win="0" chips="120,883" rebuy="0" dealer="0" reg_code="8411035941" bet="1,600" seat="4" name="Gfs1505"/>
    <player addon="0" win="0" chips="236,102" rebuy="0" dealer="0" reg_code="" bet="7,200" seat="5" name="macsbigmac"/>
    <player addon="0" win="0" chips="344,410" rebuy="0" dealer="0" reg_code="" bet="200" seat="6" name="quadrober"/>
    <player addon="0" win="0" chips="111,074" rebuy="0" dealer="0" reg_code="" bet="1,600" seat="7" name="krizh1985"/>
    <player addon="0" win="0" chips="163,930" rebuy="0" dealer="0" reg_code="" bet="200" seat="9" name="PikiRice"/>
    <player addon="0" win="0" chips="72,485" rebuy="0" dealer="0" reg_code="" bet="200" seat="10" name="AlphaPVP"/>
   </players>
  </general>
  <round no="0">
   <action player="CreepOnlyFarm" sum="200" no="1" type="15"/>
   <action player="Gfs1505" sum="200" no="2" type="15"/>
   <action player="macsbigmac" sum="200" no="3" type="15"/>
   <action player="quadrober" sum="200" no="4" type="15"/>
   <action player="krizh1985" sum="200" no="5" type="15"/>
   <action player="PikiRice" sum="200" no="6" type="15"/>
   <action player="AlphaPVP" sum="200" no="7" type="15"/>
   <action player="woxix" sum="200" no="8" type="15"/>
   <action player="CreepOnlyFarm" sum="700" no="9" type="1"/>
   <action player="Gfs1505" sum="1,400" no="10" type="2"/>
  </round>
  <round no="1">
   <cards player="macsbigmac" type="Pocket">X X</cards>
   <action player="macsbigmac" sum="1,400" no="11" type="3"/>
   <cards player="quadrober" type="Pocket">X X</cards>
   <action player="quadrober" sum="0" no="12" type="0"/>
   <cards player="krizh1985" type="Pocket">X X</cards>
   <action player="krizh1985" sum="1,400" no="13" type="3"/>
   <cards player="PikiRice" type="Pocket">X X</cards>
   <action player="PikiRice" sum="0" no="14" type="0"/>
   <cards player="AlphaPVP" type="Pocket">X X</cards>
   <action player="AlphaPVP" sum="0" no="15" type="0"/>
   <cards player="woxix" type="Pocket">X X</cards>
   <action player="woxix" sum="7,000" no="16" type="23"/>
   <cards player="CreepOnlyFarm" type="Pocket">X X</cards>
   <action player="CreepOnlyFarm" sum="0" no="17" type="0"/>
   <cards player="Gfs1505" type="Pocket">D8 HQ</cards>
   <action player="Gfs1505" sum="0" no="18" type="0"/>
   <action player="macsbigmac" sum="5,600" no="19" type="3"/>
   <action player="krizh1985" sum="0" no="20" type="0"/>
  </round>
  <round no="2">
   <cards type="Flop">D10 C2 D3</cards>
   <action player="macsbigmac" sum="0" no="21" type="4"/>
   <action player="woxix" sum="6,303" no="22" type="5"/>
   <action player="macsbigmac" sum="0" no="23" type="0"/>
  </round>
 </game>
 <game gamecode="11587281535">
  <general>
   <startdate>2025-07-21 13:18:10</startdate>
   <smallblind>700</smallblind>
   <bigblind>1,400</bigblind>
   <ante>200</ante>
   <players>
    <player addon="0" win="0" chips="172,852" rebuy="0" dealer="0" reg_code="" bet="200" seat="1" name="woxix"/>
    <player addon="0" win="0" chips="52,137" rebuy="0" dealer="1" reg_code="" bet="200" seat="2" name="CreepOnlyFarm"/>
    <player addon="0" win="0" chips="119,283" rebuy="0" dealer="0" reg_code="8411035941" bet="900" seat="4" name="Gfs1505"/>
    <player addon="0" win="3,000" chips="228,902" rebuy="0" dealer="0" reg_code="" bet="1,600" seat="5" name="macsbigmac"/>
    <player addon="0" win="0" chips="344,210" rebuy="0" dealer="0" reg_code="" bet="200" seat="6" name="quadrober"/>
    <player addon="0" win="0" chips="109,474" rebuy="0" dealer="0" reg_code="" bet="200" seat="7" name="krizh1985"/>
    <player addon="0" win="0" chips="163,730" rebuy="0" dealer="0" reg_code="" bet="200" seat="9" name="PikiRice"/>
    <player addon="0" win="0" chips="72,285" rebuy="0" dealer="0" reg_code="" bet="200" seat="10" name="AlphaPVP"/>
   </players>
  </general>
  <round no="0">
   <action player="Gfs1505" sum="200" no="1" type="15"/>
   <action player="macsbigmac" sum="200" no="2" type="15"/>
   <action player="quadrober" sum="200" no="3" type="15"/>
   <action player="krizh1985" sum="200" no="4" type="15"/>
   <action player="PikiRice" sum="200" no="5" type="15"/>
   <action player="AlphaPVP" sum="200" no="6" type="15"/>
   <action player="woxix" sum="200" no="7" type="15"/>
   <action player="CreepOnlyFarm" sum="200" no="8" type="15"/>
   <action player="Gfs1505" sum="700" no="9" type="1"/>
   <action player="macsbigmac" sum="1,400" no="10" type="2"/>
  </round>
  <round no="1">
   <cards player="macsbigmac" type="Pocket">X X</cards>
   <cards player="quadrober" type="Pocket">X X</cards>
   <action player="quadrober" sum="0" no="11" type="0"/>
   <cards player="krizh1985" type="Pocket">X X</cards>
   <action player="krizh1985" sum="0" no="12" type="0"/>
   <cards player="PikiRice" type="Pocket">X X</cards>
   <action player="PikiRice" sum="0" no="13" type="0"/>
   <cards player="AlphaPVP" type="Pocket">X X</cards>
   <action player="AlphaPVP" sum="0" no="14" type="0"/>
   <cards player="woxix" type="Pocket">X X</cards>
   <action player="woxix" sum="0" no="15" type="0"/>
   <cards player="CreepOnlyFarm" type="Pocket">X X</cards>
   <action player="CreepOnlyFarm" sum="0" no="16" type="0"/>
   <cards player="Gfs1505" type="Pocket">HJ D2</cards>
   <action player="Gfs1505" sum="0" no="17" type="0"/>
  </round>
 </game>
 <game gamecode="11587281562">
  <general>
   <startdate>2025-07-21 13:18:49</startdate>
   <smallblind>700</smallblind>
   <bigblind>1,400</bigblind>
   <ante>200</ante>
   <players>
    <player addon="0" win="0" chips="172,652" rebuy="0" dealer="0" reg_code="" bet="200" seat="1" name="woxix"/>
    <player addon="0" win="0" chips="51,937" rebuy="0" dealer="0" reg_code="" bet="4,975" seat="2" name="CreepOnlyFarm"/>
    <player addon="0" win="0" chips="118,383" rebuy="0" dealer="1" reg_code="8411035941" bet="200" seat="4" name="Gfs1505"/>
    <player addon="0" win="0" chips="231,002" rebuy="0" dealer="0" reg_code="" bet="900" seat="5" name="macsbigmac"/>
    <player addon="0" win="11,850" chips="344,010" rebuy="0" dealer="0" reg_code="" bet="8,885" seat="6" name="quadrober"/>
    <player addon="0" win="0" chips="109,274" rebuy="0" dealer="0" reg_code="" bet="200" seat="7" name="krizh1985"/>
    <player addon="0" win="0" chips="163,530" rebuy="0" dealer="0" reg_code="" bet="200" seat="9" name="PikiRice"/>
    <player addon="0" win="0" chips="72,085" rebuy="0" dealer="0" reg_code="" bet="200" seat="10" name="AlphaPVP"/>
   </players>
  </general>
  <round no="0">
   <action player="macsbigmac" sum="200" no="1" type="15"/>
   <action player="quadrober" sum="200" no="2" type="15"/>
   <action player="krizh1985" sum="200" no="3" type="15"/>
   <action player="PikiRice" sum="200" no="4" type="15"/>
   <action player="AlphaPVP" sum="200" no="5" type="15"/>
   <action player="woxix" sum="200" no="6" type="15"/>
   <action player="CreepOnlyFarm" sum="200" no="7" type="15"/>
   <action player="Gfs1505" sum="200" no="8" type="15"/>
   <action player="macsbigmac" sum="700" no="9" type="1"/>
   <action player="quadrober" sum="1,400" no="10" type="2"/>
  </round>
  <round no="1">
   <cards player="krizh1985" type="Pocket">X X</cards>
   <action player="krizh1985" sum="0" no="11" type="0"/>
   <cards player="PikiRice" type="Pocket">X X</cards>
   <action player="PikiRice" sum="0" no="12" type="0"/>
   <cards player="AlphaPVP" type="Pocket">X X</cards>
   <action player="AlphaPVP" sum="0" no="13" type="0"/>
   <cards player="woxix" type="Pocket">X X</cards>
   <action player="woxix" sum="0" no="14" type="0"/>
   <cards player="CreepOnlyFarm" type="Pocket">X X</cards>
   <action player="CreepOnlyFarm" sum="2,800" no="15" type="23"/>
   <cards player="Gfs1505" type="Pocket">DA H5</cards>
   <action player="Gfs1505" sum="0" no="16" type="0"/>
   <cards player="macsbigmac" type="Pocket">X X</cards>
   <action player="macsbigmac" sum="0" no="17" type="0"/>
   <cards player="quadrober" type="Pocket">X X</cards>
   <action player="quadrober" sum="1,400" no="18" type="3"/>
  </round>
  <round no="2">
   <cards type="Flop">S3 H6 H4</cards>
   <action player="quadrober" sum="0" no="19" type="4"/>
   <action player="CreepOnlyFarm" sum="1,975" no="20" type="5"/>
   <action player="quadrober" sum="1,975" no="21" type="3"/>
  </round>
  <round no="3">
   <cards type="Turn">D4</cards>
   <action player="quadrober" sum="3,910" no="22" type="5"/>
   <action player="CreepOnlyFarm" sum="0" no="23" type="0"/>
  </round>
 </game>
 <game gamecode="11587281607">
  <general>
   <startdate>2025-07-21 13:19:56</startdate>
   <smallblind>700</smallblind>
   <bigblind>1,400</bigblind>
   <ante>200</ante>
   <players>
    <player addon="0" win="0" chips="172,452" rebuy="0" dealer="0" reg_code="" bet="200" seat="1" name="woxix"/>
    <player addon="0" win="0" chips="46,962" rebuy="0" dealer="0" reg_code="" bet="200" seat="2" name="CreepOnlyFarm"/>
    <player addon="0" win="0" chips="118,183" rebuy="0" dealer="0" reg_code="8411035941" bet="200" seat="4" name="Gfs1505"/>
    <player addon="0" win="0" chips="230,102" rebuy="0" dealer="1" reg_code="" bet="200" seat="5" name="macsbigmac"/>
    <player addon="0" win="0" chips="350,885" rebuy="0" dealer="0" reg_code="" bet="900" seat="6" name="quadrober"/>
    <player addon="0" win="49,900" chips="109,074" rebuy="0" dealer="0" reg_code="" bet="36,475" seat="7" name="krizh1985"/>
    <player addon="0" win="0" chips="163,330" rebuy="0" dealer="0" reg_code="" bet="24,000" seat="9" name="PikiRice"/>
    <player addon="0" win="0" chips="71,885" rebuy="0" dealer="0" reg_code="" bet="200" seat="10" name="AlphaPVP"/>
   </players>
  </general>
  <round no="0">
   <action player="quadrober" sum="200" no="1" type="15"/>
   <action player="krizh1985" sum="200" no="2" type="15"/>
   <action player="PikiRice" sum="200" no="3" type="15"/>
   <action player="AlphaPVP" sum="200" no="4" type="15"/>
   <action player="woxix" sum="200" no="5" type="15"/>
   <action player="CreepOnlyFarm" sum="200" no="6" type="15"/>
   <action player="Gfs1505" sum="200" no="7" type="15"/>
   <action player="macsbigmac" sum="200" no="8" type="15"/>
   <action player="quadrober" sum="700" no="9" type="1"/>
   <action player="krizh1985" sum="1,400" no="10" type="2"/>
  </round>
  <round no="1">
   <cards player="PikiRice" type="Pocket">X X</cards>
   <action player="PikiRice" sum="4,200" no="11" type="23"/>
   <cards player="AlphaPVP" type="Pocket">X X</cards>
   <action player="AlphaPVP" sum="0" no="12" type="0"/>
   <cards player="woxix" type="Pocket">X X</cards>
   <action player="woxix" sum="0" no="13" type="0"/>
   <cards player="CreepOnlyFarm" type="Pocket">X X</cards>
   <action player="CreepOnlyFarm" sum="0" no="14" type="0"/>
   <cards player="Gfs1505" type="Pocket">C6 DA</cards>
   <action player="Gfs1505" sum="0" no="15" type="0"/>
   <cards player="macsbigmac" type="Pocket">X X</cards>
   <action player="macsbigmac" sum="0" no="16" type="0"/>
   <cards player="quadrober" type="Pocket">X X</cards>
   <action player="quadrober" sum="0" no="17" type="0"/>
   <cards player="krizh1985" type="Pocket">X X</cards>
   <action player="krizh1985" sum="2,800" no="18" type="3"/>
  </round>
  <round no="2">
   <cards type="Flop">C2 D2 S5</cards>
   <action player="krizh1985" sum="0" no="19" type="4"/>
   <action player="PikiRice" sum="2,800" no="20" type="5"/>
   <action player="krizh1985" sum="2,800" no="21" type="3"/>
  </round>
  <round no="3">
   <cards type="Turn">D3</cards>
   <action player="krizh1985" sum="4,200" no="22" type="5"/>
   <action player="PikiRice" sum="16,800" no="23" type="23"/>
   <action player="krizh1985" sum="12,600" no="24" type="3"/>
  </round>
  <round no="4">
   <cards type="River">H6</cards>
   <action player="krizh1985" sum="12,475" no="25" type="5"/>
   <action player="PikiRice" sum="0" no="26" type="0"/>
  </round>
 </game>
 <game gamecode="11587281665">
  <general>
   <startdate>2025-07-21 13:21:17</startdate>
   <smallblind>700</smallblind>
   <bigblind>1,400</bigblind>
   <ante>200</ante>
   <players>
    <player addon="0" win="0" chips="172,252" rebuy="0" dealer="0" reg_code="" bet="200" seat="1" name="woxix"/>
    <player addon="0" win="96,824" chips="46,762" rebuy="0" dealer="0" reg_code="" bet="46,562" seat="2" name="CreepOnlyFarm"/>
    <player addon="0" win="0" chips="117,983" rebuy="0" dealer="0" reg_code="8411035941" bet="46,762" seat="4" name="Gfs1505"/>
    <player addon="0" win="0" chips="229,902" rebuy="0" dealer="0" reg_code="" bet="200" seat="5" name="macsbigmac"/>
    <player addon="0" win="0" chips="349,985" rebuy="0" dealer="1" reg_code="" bet="200" seat="6" name="quadrober"/>
    <player addon="0" win="0" chips="134,974" rebuy="0" dealer="0" reg_code="" bet="900" seat="7" name="krizh1985"/>
    <player addon="0" win="0" chips="139,330" rebuy="0" dealer="0" reg_code="" bet="1,600" seat="9" name="PikiRice"/>
    <player addon="0" win="0" chips="71,685" rebuy="0" dealer="0" reg_code="" bet="200" seat="10" name="AlphaPVP"/>
   </players>
  </general>
  <round no="0">
   <action player="krizh1985" sum="200" no="1" type="15"/>
   <action player="PikiRice" sum="200" no="2" type="15"/>
   <action player="AlphaPVP" sum="200" no="3" type="15"/>
   <action player="woxix" sum="200" no="4" type="15"/>
   <action player="CreepOnlyFarm" sum="200" no="5" type="15"/>
   <action player="Gfs1505" sum="200" no="6" type="15"/>
   <action player="macsbigmac" sum="200" no="7" type="15"/>
   <action player="quadrober" sum="200" no="8" type="15"/>
   <action player="krizh1985" sum="700" no="9" type="1"/>
   <action player="PikiRice" sum="1,400" no="10" type="2"/>
  </round>
  <round no="1">
   <cards player="AlphaPVP" type="Pocket">X X</cards>
   <action player="AlphaPVP" sum="0" no="11" type="0"/>
   <cards player="woxix" type="Pocket">X X</cards>
   <action player="woxix" sum="0" no="12" type="0"/>
   <cards player="CreepOnlyFarm" type="Pocket">CJ HJ</cards>
   <action player="CreepOnlyFarm" sum="2,800" no="13" type="23"/>
   <cards player="Gfs1505" type="Pocket">HK DA</cards>
   <action player="Gfs1505" sum="9,800" no="14" type="23"/>
   <cards player="macsbigmac" type="Pocket">X X</cards>
   <action player="macsbigmac" sum="0" no="15" type="0"/>
   <cards player="quadrober" type="Pocket">X X</cards>
   <action player="quadrober" sum="0" no="16" type="0"/>
   <cards player="krizh1985" type="Pocket">X X</cards>
   <action player="krizh1985" sum="0" no="17" type="0"/>
   <cards player="PikiRice" type="Pocket">X X</cards>
   <action player="PikiRice" sum="0" no="18" type="0"/>
   <action player="CreepOnlyFarm" sum="46,562" no="19" type="23"/>
   <action player="Gfs1505" sum="36,762" no="20" type="3"/>
  </round>
  <round no="2">
   <cards type="Flop">D7 S9 S6</cards>
  </round>
  <round no="3">
   <cards type="Turn">C9</cards>
  </round>
  <round no="4">
   <cards type="River">C3</cards>
  </round>
 </game>
 <game gamecode="11587281706">
  <general>
   <startdate>2025-07-21 13:22:14</startdate>
   <smallblind>700</smallblind>
   <bigblind>1,400</bigblind>
   <ante>200</ante>
   <players>
    <player addon="0" win="0" chips="172,052" rebuy="0" dealer="0" reg_code="" bet="200" seat="1" name="woxix"/>
    <player addon="0" win="0" chips="96,824" rebuy="0" dealer="0" reg_code="" bet="200" seat="2" name="CreepOnlyFarm"/>
    <player addon="0" win="0" chips="71,221" rebuy="0" dealer="0" reg_code="8411035941" bet="200" seat="4" name="Gfs1505"/>
    <player addon="0" win="23,100" chips="229,702" rebuy="0" dealer="0" reg_code="" bet="23,800" seat="5" name="macsbigmac"/>
    <player addon="0" win="0" chips="349,785" rebuy="0" dealer="0" reg_code="" bet="10,000" seat="6" name="quadrober"/>
    <player addon="0" win="0" chips="137,730" rebuy="0" dealer="0" reg_code="" bet="900" seat="9" name="PikiRice"/>
    <player addon="0" win="0" chips="71,485" rebuy="0" dealer="0" reg_code="" bet="1,600" seat="10" name="AlphaPVP"/>
   </players>
  </general>
  <round no="0">
   <action player="PikiRice" sum="200" no="1" type="15"/>
   <action player="AlphaPVP" sum="200" no="2" type="15"/>
   <action player="woxix" sum="200" no="3" type="15"/>
   <action player="CreepOnlyFarm" sum="200" no="4" type="15"/>
   <action player="Gfs1505" sum="200" no="5" type="15"/>
   <action player="macsbigmac" sum="200" no="6" type="15"/>
   <action player="quadrober" sum="200" no="7" type="15"/>
   <action player="PikiRice" sum="700" no="8" type="1"/>
   <action player="AlphaPVP" sum="1,400" no="9" type="2"/>
  </round>
  <round no="1">
   <cards player="woxix" type="Pocket">X X</cards>
   <action player="woxix" sum="0" no="10" type="0"/>
   <cards player="CreepOnlyFarm" type="Pocket">X X</cards>
   <action player="CreepOnlyFarm" sum="0" no="11" type="0"/>
   <cards player="Gfs1505" type="Pocket">C4 CQ</cards>
   <action player="Gfs1505" sum="0" no="12" type="0"/>
   <cards player="macsbigmac" type="Pocket">X X</cards>
   <action player="macsbigmac" sum="2,800" no="13" type="23"/>
   <cards player="quadrober" type="Pocket">X X</cards>
   <action player="quadrober" sum="9,800" no="14" type="23"/>
   <cards player="PikiRice" type="Pocket">X X</cards>
   <action player="PikiRice" sum="0" no="15" type="0"/>
   <cards player="AlphaPVP" type="Pocket">X X</cards>
   <action player="AlphaPVP" sum="0" no="16" type="0"/>
   <action player="macsbigmac" sum="23,800" no="17" type="23"/>
   <action player="quadrober" sum="0" no="18" type="0"/>
  </round>
 </game>
 <game gamecode="11587281737">
  <general>
   <startdate>2025-07-21 13:23:07</startdate>
   <smallblind>700</smallblind>
   <bigblind>1,400</bigblind>
   <ante>200</ante>
   <players>
    <player addon="0" win="0" chips="171,852" rebuy="0" dealer="0" reg_code="" bet="3,000" seat="1" name="woxix"/>
    <player addon="0" win="0" chips="96,624" rebuy="0" dealer="0" reg_code="" bet="200" seat="2" name="CreepOnlyFarm"/>
    <player addon="0" win="0" chips="71,021" rebuy="0" dealer="0" reg_code="8411035941" bet="200" seat="4" name="Gfs1505"/>
    <player addon="0" win="0" chips="242,802" rebuy="0" dealer="0" reg_code="" bet="200" seat="5" name="macsbigmac"/>
    <player addon="0" win="64,740" chips="339,785" rebuy="0" dealer="0" reg_code="" bet="30,370" seat="6" name="quadrober"/>
    <player addon="0" win="0" chips="82,111" rebuy="0" dealer="0" reg_code="" bet="200" seat="7" name="Alyrio98"/>
    <player addon="0" win="0" chips="136,830" rebuy="0" dealer="1" reg_code="" bet="200" seat="9" name="PikiRice"/>
    <player addon="0" win="0" chips="69,885" rebuy="0" dealer="0" reg_code="" bet="30,370" seat="10" name="AlphaPVP"/>
   </players>
  </general>
  <round no="0">
   <action player="AlphaPVP" sum="200" no="1" type="15"/>
   <action player="woxix" sum="200" no="2" type="15"/>
   <action player="CreepOnlyFarm" sum="200" no="3" type="15"/>
   <action player="Gfs1505" sum="200" no="4" type="15"/>
   <action player="macsbigmac" sum="200" no="5" type="15"/>
   <action player="quadrober" sum="200" no="6" type="15"/>
   <action player="Alyrio98" sum="200" no="7" type="15"/>
   <action player="PikiRice" sum="200" no="8" type="15"/>
   <action player="AlphaPVP" sum="700" no="9" type="1"/>
   <action player="woxix" sum="1,400" no="10" type="2"/>
  </round>
  <round no="1">
   <cards player="CreepOnlyFarm" type="Pocket">X X</cards>
   <action player="CreepOnlyFarm" sum="0" no="11" type="0"/>
   <cards player="Gfs1505" type="Pocket">H2 CK</cards>
   <action player="Gfs1505" sum="0" no="12" type="0"/>
   <cards player="macsbigmac" type="Pocket">X X</cards>
   <action player="macsbigmac" sum="0" no="13" type="0"/>
   <cards player="quadrober" type="Pocket">CJ D10</cards>
   <action player="quadrober" sum="2,800" no="14" type="23"/>
   <cards player="Alyrio98" type="Pocket">X X</cards>
   <action player="Alyrio98" sum="0" no="15" type="0"/>
   <cards player="PikiRice" type="Pocket">X X</cards>
   <action player="PikiRice" sum="0" no="16" type="0"/>
   <cards player="AlphaPVP" type="Pocket">DA D4</cards>
   <action player="AlphaPVP" sum="2,100" no="17" type="3"/>
   <cards player="woxix" type="Pocket">X X</cards>
   <action player="woxix" sum="1,400" no="18" type="3"/>
  </round>
  <round no="2">
   <cards type="Flop">CQ CA S6</cards>
   <action player="AlphaPVP" sum="0" no="19" type="4"/>
   <action player="woxix" sum="0" no="20" type="4"/>
   <action player="quadrober" sum="3,300" no="21" type="5"/>
   <action player="AlphaPVP" sum="3,300" no="22" type="3"/>
   <action player="woxix" sum="0" no="23" type="0"/>
  </round>
  <round no="3">
   <cards type="Turn">D9</cards>
   <action player="AlphaPVP" sum="0" no="24" type="4"/>
   <action player="quadrober" sum="11,200" no="25" type="5"/>
   <action player="AlphaPVP" sum="11,200" no="26" type="3"/>
  </round>
  <round no="4">
   <cards type="River">S8</cards>
   <action player="AlphaPVP" sum="0" no="27" type="4"/>
   <action player="quadrober" sum="12,870" no="28" type="5"/>
   <action player="AlphaPVP" sum="12,870" no="29" type="3"/>
  </round>
 </game>
 <game gamecode="11587281829">
  <general>
   <startdate>2025-07-21 13:25:02</startdate>
   <smallblind>700</smallblind>
   <bigblind>1,400</bigblind>
   <ante>200</ante>
   <players>
    <player addon="0" win="0" chips="168,852" rebuy="0" dealer="0" reg_code="" bet="1,600" seat="1" name="woxix"/>
    <player addon="0" win="0" chips="96,424" rebuy="0" dealer="0" reg_code="" bet="5,800" seat="2" name="CreepOnlyFarm"/>
    <player addon="0" win="0" chips="70,821" rebuy="0" dealer="0" reg_code="8411035941" bet="200" seat="4" name="Gfs1505"/>
    <player addon="0" win="14,200" chips="242,602" rebuy="0" dealer="0" reg_code="" bet="15,740" seat="5" name="macsbigmac"/>
    <player addon="0" win="0" chips="374,155" rebuy="0" dealer="0" reg_code="" bet="200" seat="6" name="quadrober"/>
    <player addon="0" win="0" chips="81,911" rebuy="0" dealer="0" reg_code="" bet="200" seat="7" name="Alyrio98"/>
    <player addon="0" win="0" chips="136,630" rebuy="0" dealer="0" reg_code="" bet="200" seat="9" name="PikiRice"/>
    <player addon="0" win="0" chips="39,515" rebuy="0" dealer="1" reg_code="" bet="200" seat="10" name="AlphaPVP"/>
   </players>
  </general>
  <round no="0">
   <action player="woxix" sum="200" no="1" type="15"/>
   <action player="CreepOnlyFarm" sum="200" no="2" type="15"/>
   <action player="Gfs1505" sum="200" no="3" type="15"/>
   <action player="macsbigmac" sum="200" no="4" type="15"/>
   <action player="quadrober" sum="200" no="5" type="15"/>
   <action player="Alyrio98" sum="200" no="6" type="15"/>
   <action player="PikiRice" sum="200" no="7" type="15"/>
   <action player="AlphaPVP" sum="200" no="8" type="15"/>
   <action player="woxix" sum="700" no="9" type="1"/>
   <action player="CreepOnlyFarm" sum="1,400" no="10" type="2"/>
  </round>
  <round no="1">
   <cards player="Gfs1505" type="Pocket">C9 H8</cards>
   <action player="Gfs1505" sum="0" no="11" type="0"/>
   <cards player="macsbigmac" type="Pocket">X X</cards>
   <action player="macsbigmac" sum="1,400" no="12" type="3"/>
   <cards player="quadrober" type="Pocket">X X</cards>
   <action player="quadrober" sum="0" no="13" type="0"/>
   <cards player="Alyrio98" type="Pocket">X X</cards>
   <action player="Alyrio98" sum="0" no="14" type="0"/>
   <cards player="PikiRice" type="Pocket">X X</cards>
   <action player="PikiRice" sum="0" no="15" type="0"/>
   <cards player="AlphaPVP" type="Pocket">X X</cards>
   <action player="AlphaPVP" sum="0" no="16" type="0"/>
   <cards player="woxix" type="Pocket">X X</cards>
   <action player="woxix" sum="700" no="17" type="3"/>
   <cards player="CreepOnlyFarm" type="Pocket">X X</cards>
   <action player="CreepOnlyFarm" sum="0" no="18" type="4"/>
  </round>
  <round no="2">
   <cards type="Flop">CK D9 DQ</cards>
   <action player="woxix" sum="0" no="19" type="4"/>
   <action player="CreepOnlyFarm" sum="0" no="20" type="4"/>
   <action player="macsbigmac" sum="4,200" no="21" type="5"/>
   <action player="woxix" sum="0" no="22" type="0"/>
   <action player="CreepOnlyFarm" sum="4,200" no="23" type="3"/>
  </round>
  <round no="3">
   <cards type="Turn">CJ</cards>
   <action player="CreepOnlyFarm" sum="0" no="24" type="4"/>
   <action player="macsbigmac" sum="9,940" no="25" type="5"/>
   <action player="CreepOnlyFarm" sum="0" no="26" type="0"/>
  </round>
 </game>
 <game gamecode="11587281892">
  <general>
   <startdate>2025-07-21 13:26:30</startdate>
   <smallblind>700</smallblind>
   <bigblind>1,400</bigblind>
   <ante>200</ante>
   <players>
    <player addon="0" win="0" chips="167,252" rebuy="0" dealer="1" reg_code="" bet="200" seat="1" name="woxix"/>
    <player addon="0" win="0" chips="90,624" rebuy="0" dealer="0" reg_code="" bet="900" seat="2" name="CreepOnlyFarm"/>
    <player addon="0" win="0" chips="70,621" rebuy="0" dealer="0" reg_code="8411035941" bet="1,600" seat="4" name="Gfs1505"/>
    <player addon="0" win="0" chips="251,002" rebuy="0" dealer="0" reg_code="" bet="200" seat="5" name="macsbigmac"/>
    <player addon="0" win="0" chips="373,955" rebuy="0" dealer="0" reg_code="" bet="200" seat="6" name="quadrober"/>
    <player addon="0" win="0" chips="81,711" rebuy="0" dealer="0" reg_code="" bet="10,000" seat="7" name="Alyrio98"/>
    <player addon="0" win="23,300" chips="136,430" rebuy="0" dealer="0" reg_code="" bet="17,000" seat="9" name="PikiRice"/>
    <player addon="0" win="0" chips="39,315" rebuy="0" dealer="0" reg_code="" bet="200" seat="10" name="AlphaPVP"/>
   </players>
  </general>
  <round no="0">
   <action player="CreepOnlyFarm" sum="200" no="1" type="15"/>
   <action player="Gfs1505" sum="200" no="2" type="15"/>
   <action player="macsbigmac" sum="200" no="3" type="15"/>
   <action player="quadrober" sum="200" no="4" type="15"/>
   <action player="Alyrio98" sum="200" no="5" type="15"/>
   <action player="PikiRice" sum="200" no="6" type="15"/>
   <action player="AlphaPVP" sum="200" no="7" type="15"/>
   <action player="woxix" sum="200" no="8" type="15"/>
   <action player="CreepOnlyFarm" sum="700" no="9" type="1"/>
   <action player="Gfs1505" sum="1,400" no="10" type="2"/>
  </round>
  <round no="1">
   <cards player="macsbigmac" type="Pocket">X X</cards>
   <action player="macsbigmac" sum="0" no="11" type="0"/>
   <cards player="quadrober" type="Pocket">X X</cards>
   <action player="quadrober" sum="0" no="12" type="0"/>
   <cards player="Alyrio98" type="Pocket">X X</cards>
   <action player="Alyrio98" sum="2,800" no="13" type="23"/>
   <cards player="PikiRice" type="Pocket">X X</cards>
   <action player="PikiRice" sum="9,800" no="14" type="23"/>
   <cards player="AlphaPVP" type="Pocket">X X</cards>
   <action player="AlphaPVP" sum="0" no="15" type="0"/>
   <cards player="woxix" type="Pocket">X X</cards>
   <action player="woxix" sum="0" no="16" type="0"/>
   <cards player="CreepOnlyFarm" type="Pocket">X X</cards>
   <action player="CreepOnlyFarm" sum="0" no="17" type="0"/>
   <cards player="Gfs1505" type="Pocket">S2 S6</cards>
   <action player="Gfs1505" sum="0" no="18" type="0"/>
   <action player="Alyrio98" sum="7,000" no="19" type="3"/>
  </round>
  <round no="2">
   <cards type="Flop">D4 DQ H3</cards>
   <action player="Alyrio98" sum="0" no="20" type="4"/>
   <action player="PikiRice" sum="7,000" no="21" type="5"/>
   <action player="Alyrio98" sum="0" no="22" type="0"/>
  </round>
 </game>
 <game gamecode="11587281960">
  <general>
   <startdate>2025-07-21 13:27:57</startdate>
   <smallblind>700</smallblind>
   <bigblind>1,400</bigblind>
   <ante>200</ante>
   <players>
    <player addon="0" win="0" chips="167,052" rebuy="0" dealer="0" reg_code="" bet="200" seat="1" name="woxix"/>
    <player addon="0" win="0" chips="89,724" rebuy="0" dealer="1" reg_code="" bet="200" seat="2" name="CreepOnlyFarm"/>
    <player addon="0" win="140,642" chips="69,021" rebuy="0" dealer="0" reg_code="8411035941" bet="69,021" seat="4" name="Gfs1505"/>
    <player addon="0" win="0" chips="250,802" rebuy="0" dealer="0" reg_code="" bet="1,600" seat="5" name="macsbigmac"/>
    <player addon="0" win="0" chips="373,755" rebuy="0" dealer="0" reg_code="" bet="200" seat="6" name="quadrober"/>
    <player addon="0" win="0" chips="71,711" rebuy="0" dealer="0" reg_code="" bet="200" seat="7" name="Alyrio98"/>
    <player addon="0" win="0" chips="149,730" rebuy="0" dealer="0" reg_code="" bet="102,125" seat="9" name="PikiRice"/>
    <player addon="0" win="0" chips="39,115" rebuy="0" dealer="0" reg_code="" bet="200" seat="10" name="AlphaPVP"/>
   </players>
  </general>
  <round no="0">
   <action player="Gfs1505" sum="200" no="1" type="15"/>
   <action player="macsbigmac" sum="200" no="2" type="15"/>
   <action player="quadrober" sum="200" no="3" type="15"/>
   <action player="Alyrio98" sum="200" no="4" type="15"/>
   <action player="PikiRice" sum="200" no="5" type="15"/>
   <action player="AlphaPVP" sum="200" no="6" type="15"/>
   <action player="woxix" sum="200" no="7" type="15"/>
   <action player="CreepOnlyFarm" sum="200" no="8" type="15"/>
   <action player="Gfs1505" sum="700" no="9" type="1"/>
   <action player="macsbigmac" sum="1,400" no="10" type="2"/>
  </round>
  <round no="1">
   <cards player="quadrober" type="Pocket">X X</cards>
   <action player="quadrober" sum="0" no="11" type="0"/>
   <cards player="Alyrio98" type="Pocket">X X</cards>
   <action player="Alyrio98" sum="0" no="12" type="0"/>
   <cards player="PikiRice" type="Pocket">C10 HK</cards>
   <action player="PikiRice" sum="4,200" no="13" type="23"/>
   <cards player="AlphaPVP" type="Pocket">X X</cards>
   <action player="AlphaPVP" sum="0" no="14" type="0"/>
   <cards player="woxix" type="Pocket">X X</cards>
   <action player="woxix" sum="0" no="15" type="0"/>
   <cards player="CreepOnlyFarm" type="Pocket">X X</cards>
   <action player="CreepOnlyFarm" sum="0" no="16" type="0"/>
   <cards player="Gfs1505" type="Pocket">HA H6</cards>
   <action player="Gfs1505" sum="3,500" no="17" type="3"/>
   <cards player="macsbigmac" type="Pocket">X X</cards>
   <action player="macsbigmac" sum="0" no="18" type="0"/>
  </round>
  <round no="2">
   <cards type="Flop">S6 H9 C7</cards>
   <action player="Gfs1505" sum="0" no="19" type="4"/>
   <action player="PikiRice" sum="2,850" no="20" type="5"/>
   <action player="Gfs1505" sum="2,850" no="21" type="3"/>
  </round>
  <round no="3">
   <cards type="Turn">S9</cards>
   <action player="Gfs1505" sum="0" no="22" type="4"/>
   <action player="PikiRice" sum="21,000" no="23" type="5"/>
   <action player="Gfs1505" sum="21,000" no="24" type="3"/>
  </round>
  <round no="4">
   <cards type="River">H5</cards>
   <action player="Gfs1505" sum="0" no="25" type="4"/>
   <action player="PikiRice" sum="73,875" no="26" type="5"/>
   <action player="Gfs1505" sum="40,771" no="27" type="7"/>
  </round>
 </game>
 <game gamecode="11587302538">
  <general>
   <startdate>2025-07-21 13:28:58</startdate>
   <smallblind>800</smallblind>
   <bigblind>1,600</bigblind>
   <ante>250</ante>
   <players>
    <player addon="0" win="0" chips="166,852" rebuy="0" dealer="0" reg_code="" bet="250" seat="1" name="woxix"/>
    <player addon="0" win="0" chips="89,524" rebuy="0" dealer="0" reg_code="" bet="250" seat="2" name="CreepOnlyFarm"/>
    <player addon="0" win="48,024" chips="140,642" rebuy="0" dealer="1" reg_code="8411035941" bet="22,862" seat="4" name="Gfs1505"/>
    <player addon="0" win="0" chips="249,202" rebuy="0" dealer="0" reg_code="" bet="1,050" seat="5" name="macsbigmac"/>
    <player addon="0" win="0" chips="373,555" rebuy="0" dealer="0" reg_code="" bet="22,862" seat="6" name="quadrober"/>
    <player addon="0" win="0" chips="71,511" rebuy="0" dealer="0" reg_code="" bet="250" seat="7" name="Alyrio98"/>
    <player addon="0" win="0" chips="80,709" rebuy="0" dealer="0" reg_code="" bet="250" seat="9" name="PikiRice"/>
    <player addon="0" win="0" chips="38,915" rebuy="0" dealer="0" reg_code="" bet="250" seat="10" name="AlphaPVP"/>
   </players>
  </general>
  <round no="0">
   <action player="macsbigmac" sum="250" no="1" type="15"/>
   <action player="quadrober" sum="250" no="2" type="15"/>
   <action player="Alyrio98" sum="250" no="3" type="15"/>
   <action player="PikiRice" sum="250" no="4" type="15"/>
   <action player="AlphaPVP" sum="250" no="5" type="15"/>
   <action player="woxix" sum="250" no="6" type="15"/>
   <action player="CreepOnlyFarm" sum="250" no="7" type="15"/>
   <action player="Gfs1505" sum="250" no="8" type="15"/>
   <action player="macsbigmac" sum="800" no="9" type="1"/>
   <action player="quadrober" sum="1,600" no="10" type="2"/>
  </round>
  <round no="1">
   <cards player="Alyrio98" type="Pocket">X X</cards>
   <action player="Alyrio98" sum="0" no="11" type="0"/>
   <cards player="PikiRice" type="Pocket">X X</cards>
   <action player="PikiRice" sum="0" no="12" type="0"/>
   <cards player="AlphaPVP" type="Pocket">X X</cards>
   <action player="AlphaPVP" sum="0" no="13" type="0"/>
   <cards player="woxix" type="Pocket">X X</cards>
   <action player="woxix" sum="0" no="14" type="0"/>
   <cards player="CreepOnlyFarm" type="Pocket">X X</cards>
   <action player="CreepOnlyFarm" sum="0" no="15" type="0"/>
   <cards player="Gfs1505" type="Pocket">C7 C9</cards>
   <action player="Gfs1505" sum="3,200" no="16" type="23"/>
   <cards player="macsbigmac" type="Pocket">X X</cards>
   <action player="macsbigmac" sum="0" no="17" type="0"/>
   <cards player="quadrober" type="Pocket">H5 HQ</cards>
   <action player="quadrober" sum="1,600" no="18" type="3"/>
  </round>
  <round no="2">
   <cards type="Flop">D6 S3 CK</cards>
   <action player="quadrober" sum="0" no="19" type="4"/>
   <action player="Gfs1505" sum="2,300" no="20" type="5"/>
   <action player="quadrober" sum="2,300" no="21" type="3"/>
  </round>
  <round no="3">
   <cards type="Turn">D7</cards>
   <action player="quadrober" sum="3,450" no="22" type="5"/>
   <action player="Gfs1505" sum="3,450" no="23" type="3"/>
  </round>
  <round no="4">
   <cards type="River">DJ</cards>
   <action player="quadrober" sum="13,662" no="24" type="5"/>
   <action player="Gfs1505" sum="13,662" no="25" type="3"/>
  </round>
 </game>
 <game gamecode="11587302610">
  <general>
   <startdate>2025-07-21 13:30:25</startdate>
   <smallblind>800</smallblind>
   <bigblind>1,600</bigblind>
   <ante>250</ante>
   <players>
    <player addon="0" win="0" chips="166,602" rebuy="0" dealer="0" reg_code="" bet="250" seat="1" name="woxix"/>
    <player addon="0" win="0" chips="89,274" rebuy="0" dealer="0" reg_code="" bet="250" seat="2" name="CreepOnlyFarm"/>
    <player addon="0" win="0" chips="165,804" rebuy="0" dealer="0" reg_code="8411035941" bet="14,050" seat="4" name="Gfs1505"/>
    <player addon="0" win="0" chips="248,152" rebuy="0" dealer="1" reg_code="" bet="250" seat="5" name="macsbigmac"/>
    <player addon="0" win="32,800" chips="350,693" rebuy="0" dealer="0" reg_code="" bet="14,050" seat="6" name="quadrober"/>
    <player addon="0" win="0" chips="71,261" rebuy="0" dealer="0" reg_code="" bet="3,450" seat="7" name="Alyrio98"/>
    <player addon="0" win="0" chips="80,459" rebuy="0" dealer="0" reg_code="" bet="250" seat="9" name="PikiRice"/>
    <player addon="0" win="0" chips="38,665" rebuy="0" dealer="0" reg_code="" bet="250" seat="10" name="AlphaPVP"/>
   </players>
  </general>
  <round no="0">
   <action player="quadrober" sum="250" no="1" type="15"/>
   <action player="Alyrio98" sum="250" no="2" type="15"/>
   <action player="PikiRice" sum="250" no="3" type="15"/>
   <action player="AlphaPVP" sum="250" no="4" type="15"/>
   <action player="woxix" sum="250" no="5" type="15"/>
   <action player="CreepOnlyFarm" sum="250" no="6" type="15"/>
   <action player="Gfs1505" sum="250" no="7" type="15"/>
   <action player="macsbigmac" sum="250" no="8" type="15"/>
   <action player="quadrober" sum="800" no="9" type="1"/>
   <action player="Alyrio98" sum="1,600" no="10" type="2"/>
  </round>
  <round no="1">
   <cards player="PikiRice" type="Pocket">X X</cards>
   <action player="PikiRice" sum="0" no="11" type="0"/>
   <cards player="AlphaPVP" type="Pocket">X X</cards>
   <action player="AlphaPVP" sum="0" no="12" type="0"/>
   <cards player="woxix" type="Pocket">X X</cards>
   <action player="woxix" sum="0" no="13" type="0"/>
   <cards player="CreepOnlyFarm" type="Pocket">X X</cards>
   <action player="CreepOnlyFarm" sum="0" no="14" type="0"/>
   <cards player="Gfs1505" type="Pocket">HQ CQ</cards>
   <action player="Gfs1505" sum="3,200" no="15" type="23"/>
   <cards player="macsbigmac" type="Pocket">X X</cards>
   <action player="macsbigmac" sum="0" no="16" type="0"/>
   <cards player="quadrober" type="Pocket">C4 CK</cards>
   <action player="quadrober" sum="2,400" no="17" type="3"/>
   <cards player="Alyrio98" type="Pocket">X X</cards>
   <action player="Alyrio98" sum="1,600" no="18" type="3"/>
  </round>
  <round no="2">
   <cards type="Flop">C9 H9 HK</cards>
   <action player="quadrober" sum="0" no="19" type="4"/>
   <action player="Alyrio98" sum="0" no="20" type="4"/>
   <action player="Gfs1505" sum="2,400" no="21" type="5"/>
   <action player="quadrober" sum="2,400" no="22" type="3"/>
   <action player="Alyrio98" sum="0" no="23" type="0"/>
  </round>
  <round no="3">
   <cards type="Turn">H5</cards>
   <action player="quadrober" sum="0" no="24" type="4"/>
   <action player="Gfs1505" sum="8,200" no="25" type="5"/>
   <action player="quadrober" sum="8,200" no="26" type="3"/>
  </round>
  <round no="4">
   <cards type="River">C7</cards>
   <action player="quadrober" sum="0" no="27" type="4"/>
   <action player="Gfs1505" sum="0" no="28" type="4"/>
  </round>
 </game>
 <game gamecode="11587302699">
  <general>
   <startdate>2025-07-21 13:32:08</startdate>
   <smallblind>800</smallblind>
   <bigblind>1,600</bigblind>
   <ante>250</ante>
   <players>
    <player addon="0" win="0" chips="166,352" rebuy="0" dealer="0" reg_code="" bet="250" seat="1" name="woxix"/>
    <player addon="0" win="0" chips="89,024" rebuy="0" dealer="0" reg_code="" bet="250" seat="2" name="CreepOnlyFarm"/>
    <player addon="0" win="6,000" chips="151,754" rebuy="0" dealer="0" reg_code="8411035941" bet="3,200" seat="4" name="Gfs1505"/>
    <player addon="0" win="0" chips="247,902" rebuy="0" dealer="0" reg_code="" bet="250" seat="5" name="macsbigmac"/>
    <player addon="0" win="0" chips="369,443" rebuy="0" dealer="1" reg_code="" bet="250" seat="6" name="quadrober"/>
    <player addon="0" win="0" chips="67,811" rebuy="0" dealer="0" reg_code="" bet="1,050" seat="7" name="Alyrio98"/>
    <player addon="0" win="0" chips="80,209" rebuy="0" dealer="0" reg_code="" bet="1,850" seat="9" name="PikiRice"/>
    <player addon="0" win="0" chips="38,415" rebuy="0" dealer="0" reg_code="" bet="250" seat="10" name="AlphaPVP"/>
   </players>
  </general>
  <round no="0">
   <action player="Alyrio98" sum="250" no="1" type="15"/>
   <action player="PikiRice" sum="250" no="2" type="15"/>
   <action player="AlphaPVP" sum="250" no="3" type="15"/>
   <action player="woxix" sum="250" no="4" type="15"/>
   <action player="CreepOnlyFarm" sum="250" no="5" type="15"/>
   <action player="Gfs1505" sum="250" no="6" type="15"/>
   <action player="macsbigmac" sum="250" no="7" type="15"/>
   <action player="quadrober" sum="250" no="8" type="15"/>
   <action player="Alyrio98" sum="800" no="9" type="1"/>
   <action player="PikiRice" sum="1,600" no="10" type="2"/>
  </round>
  <round no="1">
   <cards player="AlphaPVP" type="Pocket">X X</cards>
   <action player="AlphaPVP" sum="0" no="11" type="0"/>
   <cards player="woxix" type="Pocket">X X</cards>
   <action player="woxix" sum="0" no="12" type="0"/>
   <cards player="CreepOnlyFarm" type="Pocket">X X</cards>
   <action player="CreepOnlyFarm" sum="0" no="13" type="0"/>
   <cards player="Gfs1505" type="Pocket">S10 SK</cards>
   <action player="Gfs1505" sum="3,200" no="14" type="23"/>
   <cards player="macsbigmac" type="Pocket">X X</cards>
   <action player="macsbigmac" sum="0" no="15" type="0"/>
   <cards player="quadrober" type="Pocket">X X</cards>
   <action player="quadrober" sum="0" no="16" type="0"/>
   <cards player="Alyrio98" type="Pocket">X X</cards>
   <action player="Alyrio98" sum="0" no="17" type="0"/>
   <cards player="PikiRice" type="Pocket">X X</cards>
   <action player="PikiRice" sum="0" no="18" type="0"/>
  </round>
 </game>
 <game gamecode="11587302727">
  <general>
   <startdate>2025-07-21 13:32:39</startdate>
   <smallblind>800</smallblind>
   <bigblind>1,600</bigblind>
   <ante>250</ante>
   <players>
    <player addon="0" win="0" chips="166,102" rebuy="0" dealer="0" reg_code="" bet="250" seat="1" name="woxix"/>
    <player addon="0" win="0" chips="88,774" rebuy="0" dealer="0" reg_code="" bet="250" seat="2" name="CreepOnlyFarm"/>
    <player addon="0" win="0" chips="155,904" rebuy="0" dealer="0" reg_code="8411035941" bet="250" seat="4" name="Gfs1505"/>
    <player addon="0" win="0" chips="247,652" rebuy="0" dealer="0" reg_code="" bet="250" seat="5" name="macsbigmac"/>
    <player addon="0" win="0" chips="369,193" rebuy="0" dealer="0" reg_code="" bet="11,450" seat="6" name="quadrober"/>
    <player addon="0" win="0" chips="66,761" rebuy="0" dealer="1" reg_code="" bet="250" seat="7" name="Alyrio98"/>
    <player addon="0" win="26,000" chips="78,359" rebuy="0" dealer="0" reg_code="" bet="20,030" seat="9" name="PikiRice"/>
    <player addon="0" win="0" chips="38,165" rebuy="0" dealer="0" reg_code="" bet="1,850" seat="10" name="AlphaPVP"/>
   </players>
  </general>
  <round no="0">
   <action player="PikiRice" sum="250" no="1" type="15"/>
   <action player="AlphaPVP" sum="250" no="2" type="15"/>
   <action player="woxix" sum="250" no="3" type="15"/>
   <action player="CreepOnlyFarm" sum="250" no="4" type="15"/>
   <action player="Gfs1505" sum="250" no="5" type="15"/>
   <action player="macsbigmac" sum="250" no="6" type="15"/>
   <action player="quadrober" sum="250" no="7" type="15"/>
   <action player="Alyrio98" sum="250" no="8" type="15"/>
   <action player="PikiRice" sum="800" no="9" type="1"/>
   <action player="AlphaPVP" sum="1,600" no="10" type="2"/>
  </round>
  <round no="1">
   <cards player="woxix" type="Pocket">X X</cards>
   <action player="woxix" sum="0" no="11" type="0"/>
   <cards player="CreepOnlyFarm" type="Pocket">X X</cards>
   <action player="CreepOnlyFarm" sum="0" no="12" type="0"/>
   <cards player="Gfs1505" type="Pocket">C6 DA</cards>
   <action player="Gfs1505" sum="0" no="13" type="0"/>
   <cards player="macsbigmac" type="Pocket">X X</cards>
   <action player="macsbigmac" sum="0" no="14" type="0"/>
   <cards player="quadrober" type="Pocket">X X</cards>
   <action player="quadrober" sum="3,200" no="15" type="23"/>
   <cards player="Alyrio98" type="Pocket">X X</cards>
   <action player="Alyrio98" sum="0" no="16" type="0"/>
   <cards player="PikiRice" type="Pocket">X X</cards>
   <action player="PikiRice" sum="11,200" no="17" type="23"/>
   <cards player="AlphaPVP" type="Pocket">X X</cards>
   <action player="AlphaPVP" sum="0" no="18" type="0"/>
   <action player="quadrober" sum="8,000" no="19" type="3"/>
  </round>
  <round no="2">
   <cards type="Flop">D7 S10 S5</cards>
   <action player="PikiRice" sum="8,580" no="20" type="5"/>
   <action player="quadrober" sum="0" no="21" type="0"/>
  </round>
 </game>
 <game gamecode="11587302782">
  <general>
   <startdate>2025-07-21 13:33:44</startdate>
   <smallblind>800</smallblind>
   <bigblind>1,600</bigblind>
   <ante>250</ante>
   <players>
    <player addon="0" win="0" chips="165,852" rebuy="0" dealer="0" reg_code="" bet="3,450" seat="1" name="woxix"/>
    <player addon="0" win="0" chips="88,524" rebuy="0" dealer="0" reg_code="" bet="250" seat="2" name="CreepOnlyFarm"/>
    <player addon="0" win="0" chips="155,654" rebuy="0" dealer="0" reg_code="8411035941" bet="3,450" seat="4" name="Gfs1505"/>
    <player addon="0" win="12,400" chips="247,402" rebuy="0" dealer="0" reg_code="" bet="11,450" seat="5" name="macsbigmac"/>
    <player addon="0" win="0" chips="357,743" rebuy="0" dealer="0" reg_code="" bet="250" seat="6" name="quadrober"/>
    <player addon="0" win="0" chips="66,511" rebuy="0" dealer="0" reg_code="" bet="250" seat="7" name="Alyrio98"/>
    <player addon="0" win="0" chips="92,909" rebuy="0" dealer="1" reg_code="" bet="250" seat="9" name="PikiRice"/>
    <player addon="0" win="0" chips="36,315" rebuy="0" dealer="0" reg_code="" bet="1,050" seat="10" name="AlphaPVP"/>
   </players>
  </general>
  <round no="0">
   <action player="AlphaPVP" sum="250" no="1" type="15"/>
   <action player="woxix" sum="250" no="2" type="15"/>
   <action player="CreepOnlyFarm" sum="250" no="3" type="15"/>
   <action player="Gfs1505" sum="250" no="4" type="15"/>
   <action player="macsbigmac" sum="250" no="5" type="15"/>
   <action player="quadrober" sum="250" no="6" type="15"/>
   <action player="Alyrio98" sum="250" no="7" type="15"/>
   <action player="PikiRice" sum="250" no="8" type="15"/>
   <action player="AlphaPVP" sum="800" no="9" type="1"/>
   <action player="woxix" sum="1,600" no="10" type="2"/>
  </round>
  <round no="1">
   <cards player="CreepOnlyFarm" type="Pocket">X X</cards>
   <action player="CreepOnlyFarm" sum="0" no="11" type="0"/>
   <cards player="Gfs1505" type="Pocket">SQ CJ</cards>
   <action player="Gfs1505" sum="3,200" no="12" type="23"/>
   <cards player="macsbigmac" type="Pocket">X X</cards>
   <action player="macsbigmac" sum="3,200" no="13" type="3"/>
   <cards player="quadrober" type="Pocket">X X</cards>
   <action player="quadrober" sum="0" no="14" type="0"/>
   <cards player="Alyrio98" type="Pocket">X X</cards>
   <action player="Alyrio98" sum="0" no="15" type="0"/>
   <cards player="PikiRice" type="Pocket">X X</cards>
   <action player="PikiRice" sum="0" no="16" type="0"/>
   <cards player="AlphaPVP" type="Pocket">X X</cards>
   <action player="AlphaPVP" sum="0" no="17" type="0"/>
   <cards player="woxix" type="Pocket">X X</cards>
   <action player="woxix" sum="1,600" no="18" type="3"/>
  </round>
  <round no="2">
   <cards type="Flop">D3 S7 DA</cards>
   <action player="woxix" sum="0" no="19" type="4"/>
   <action player="Gfs1505" sum="0" no="20" type="4"/>
   <action player="macsbigmac" sum="8,000" no="21" type="5"/>
   <action player="woxix" sum="0" no="22" type="0"/>
   <action player="Gfs1505" sum="0" no="23" type="0"/>
  </round>
 </game>
 <game gamecode="11587302841">
  <general>
   <startdate>2025-07-21 13:34:53</startdate>
   <smallblind>800</smallblind>
   <bigblind>1,600</bigblind>
   <ante>250</ante>
   <players>
    <player addon="0" win="0" chips="162,402" rebuy="0" dealer="0" reg_code="" bet="1,050" seat="1" name="woxix"/>
    <player addon="0" win="220,263" chips="88,274" rebuy="0" dealer="0" reg_code="" bet="88,024" seat="2" name="CreepOnlyFarm">
     <knockout kicked="AlphaPVP" tobalance="€6.83" tobounty="€6.82"/>
    </player>
    <player addon="0" win="0" chips="152,204" rebuy="0" dealer="0" reg_code="8411035941" bet="141,033" seat="4" name="Gfs1505"/>
    <player addon="0" win="0" chips="256,352" rebuy="0" dealer="0" reg_code="" bet="250" seat="5" name="macsbigmac"/>
    <player addon="0" win="0" chips="357,493" rebuy="0" dealer="0" reg_code="" bet="3,450" seat="6" name="quadrober"/>
    <player addon="0" win="0" chips="66,261" rebuy="0" dealer="0" reg_code="" bet="250" seat="7" name="Alyrio98"/>
    <player addon="0" win="0" chips="92,659" rebuy="0" dealer="0" reg_code="" bet="3,450" seat="9" name="PikiRice"/>
    <player addon="0" win="0" chips="35,265" rebuy="0" dealer="1" reg_code="" bet="35,015" seat="10" name="AlphaPVP"/>
   </players>
  </general>
  <round no="0">
   <action player="woxix" sum="250" no="1" type="15"/>
   <action player="CreepOnlyFarm" sum="250" no="2" type="15"/>
   <action player="Gfs1505" sum="250" no="3" type="15"/>
   <action player="macsbigmac" sum="250" no="4" type="15"/>
   <action player="quadrober" sum="250" no="5" type="15"/>
   <action player="Alyrio98" sum="250" no="6" type="15"/>
   <action player="PikiRice" sum="250" no="7" type="15"/>
   <action player="AlphaPVP" sum="250" no="8" type="15"/>
   <action player="woxix" sum="800" no="9" type="1"/>
   <action player="CreepOnlyFarm" sum="1,600" no="10" type="2"/>
  </round>
  <round no="1">
   <cards player="Gfs1505" type="Pocket">H9 D9</cards>
   <action player="Gfs1505" sum="3,200" no="11" type="23"/>
   <cards player="macsbigmac" type="Pocket">X X</cards>
   <action player="macsbigmac" sum="0" no="12" type="0"/>
   <cards player="quadrober" type="Pocket">X X</cards>
   <action player="quadrober" sum="3,200" no="13" type="3"/>
   <cards player="Alyrio98" type="Pocket">X X</cards>
   <action player="Alyrio98" sum="0" no="14" type="0"/>
   <cards player="PikiRice" type="Pocket">X X</cards>
   <action player="PikiRice" sum="3,200" no="15" type="3"/>
   <cards player="AlphaPVP" type="Pocket">CK HK</cards>
   <action player="AlphaPVP" sum="35,015" no="16" type="23"/>
   <cards player="woxix" type="Pocket">X X</cards>
   <action player="woxix" sum="0" no="17" type="0"/>
   <cards player="CreepOnlyFarm" type="Pocket">HA H10</cards>
   <action player="CreepOnlyFarm" sum="88,024" no="18" type="23"/>
   <action player="Gfs1505" sum="141,033" no="19" type="23"/>
   <action player="quadrober" sum="0" no="20" type="0"/>
   <action player="PikiRice" sum="0" no="21" type="0"/>
  </round>
  <round no="2">
   <cards type="Flop">SA DQ HQ</cards>
  </round>
  <round no="3">
   <cards type="Turn">S5</cards>
  </round>
  <round no="4">
   <cards type="River">D8</cards>
  </round>
 </game>
 <game gamecode="11587302904">
  <general>
   <startdate>2025-07-21 13:36:09</startdate>
   <smallblind>800</smallblind>
   <bigblind>1,600</bigblind>
   <ante>250</ante>
   <players>
    <player addon="0" win="0" chips="161,352" rebuy="0" dealer="1" reg_code="" bet="250" seat="1" name="woxix"/>
    <player addon="0" win="0" chips="220,263" rebuy="0" dealer="0" reg_code="" bet="1,050" seat="2" name="CreepOnlyFarm"/>
    <player addon="0" win="8,950" chips="63,930" rebuy="0" dealer="0" reg_code="8411035941" bet="63,680" seat="4" name="Gfs1505"/>
    <player addon="0" win="0" chips="256,102" rebuy="0" dealer="0" reg_code="" bet="250" seat="5" name="macsbigmac"/>
    <player addon="0" win="0" chips="354,043" rebuy="0" dealer="0" reg_code="" bet="250" seat="6" name="quadrober"/>
    <player addon="0" win="0" chips="66,011" rebuy="0" dealer="0" reg_code="" bet="250" seat="7" name="Alyrio98"/>
    <player addon="0" win="0" chips="89,209" rebuy="0" dealer="0" reg_code="" bet="3,450" seat="9" name="PikiRice"/>
   </players>
  </general>
  <round no="0">
   <action player="CreepOnlyFarm" sum="250" no="1" type="15"/>
   <action player="Gfs1505" sum="250" no="2" type="15"/>
   <action player="macsbigmac" sum="250" no="3" type="15"/>
   <action player="quadrober" sum="250" no="4" type="15"/>
   <action player="Alyrio98" sum="250" no="5" type="15"/>
   <action player="PikiRice" sum="250" no="6" type="15"/>
   <action player="woxix" sum="250" no="7" type="15"/>
   <action player="CreepOnlyFarm" sum="800" no="8" type="1"/>
   <action player="Gfs1505" sum="1,600" no="9" type="2"/>
  </round>
  <round no="1">
   <cards player="macsbigmac" type="Pocket">X X</cards>
   <action player="macsbigmac" sum="0" no="10" type="0"/>
   <cards player="quadrober" type="Pocket">X X</cards>
   <action player="quadrober" sum="0" no="11" type="0"/>
   <cards player="Alyrio98" type="Pocket">X X</cards>
   <action player="Alyrio98" sum="0" no="12" type="0"/>
   <cards player="PikiRice" type="Pocket">X X</cards>
   <action player="PikiRice" sum="3,200" no="13" type="23"/>
   <cards player="woxix" type="Pocket">X X</cards>
   <action player="woxix" sum="0" no="14" type="0"/>
   <cards player="CreepOnlyFarm" type="Pocket">X X</cards>
   <action player="CreepOnlyFarm" sum="0" no="15" type="0"/>
   <cards player="Gfs1505" type="Pocket">D9 CA</cards>
   <action player="Gfs1505" sum="63,680" no="16" type="23"/>
   <action player="PikiRice" sum="0" no="17" type="0"/>
  </round>
 </game>
 <game gamecode="11587302931">
  <general>
   <startdate>2025-07-21 13:36:42</startdate>
   <smallblind>800</smallblind>
   <bigblind>1,600</bigblind>
   <ante>250</ante>
   <players>
    <player addon="0" win="0" chips="161,102" rebuy="0" dealer="0" reg_code="" bet="250" seat="1" name="woxix"/>
    <player addon="0" win="0" chips="219,213" rebuy="0" dealer="1" reg_code="" bet="250" seat="2" name="CreepOnlyFarm"/>
    <player addon="0" win="0" chips="69,430" rebuy="0" dealer="0" reg_code="8411035941" bet="1,050" seat="4" name="Gfs1505"/>
    <player addon="0" win="44,150" chips="255,852" rebuy="0" dealer="0" reg_code="" bet="45,050" seat="5" name="macsbigmac"/>
    <player addon="0" win="0" chips="353,793" rebuy="0" dealer="0" reg_code="" bet="21,050" seat="6" name="quadrober"/>
    <player addon="0" win="0" chips="65,761" rebuy="0" dealer="0" reg_code="" bet="250" seat="7" name="Alyrio98"/>
    <player addon="0" win="0" chips="85,759" rebuy="0" dealer="0" reg_code="" bet="250" seat="9" name="PikiRice"/>
   </players>
  </general>
  <round no="0">
   <action player="Gfs1505" sum="250" no="1" type="15"/>
   <action player="macsbigmac" sum="250" no="2" type="15"/>
   <action player="quadrober" sum="250" no="3" type="15"/>
   <action player="Alyrio98" sum="250" no="4" type="15"/>
   <action player="PikiRice" sum="250" no="5" type="15"/>
   <action player="woxix" sum="250" no="6" type="15"/>
   <action player="CreepOnlyFarm" sum="250" no="7" type="15"/>
   <action player="Gfs1505" sum="800" no="8" type="1"/>
   <action player="macsbigmac" sum="1,600" no="9" type="2"/>
  </round>
  <round no="1">
   <cards player="quadrober" type="Pocket">X X</cards>
   <action player="quadrober" sum="3,200" no="10" type="23"/>
   <cards player="Alyrio98" type="Pocket">X X</cards>
   <action player="Alyrio98" sum="0" no="11" type="0"/>
   <cards player="PikiRice" type="Pocket">X X</cards>
   <action player="PikiRice" sum="0" no="12" type="0"/>
   <cards player="woxix" type="Pocket">X X</cards>
   <action player="woxix" sum="0" no="13" type="0"/>
   <cards player="CreepOnlyFarm" type="Pocket">X X</cards>
   <action player="CreepOnlyFarm" sum="0" no="14" type="0"/>
   <cards player="Gfs1505" type="Pocket">H10 C5</cards>
   <action player="Gfs1505" sum="0" no="15" type="0"/>
   <cards player="macsbigmac" type="Pocket">X X</cards>
   <action player="macsbigmac" sum="4,800" no="16" type="23"/>
   <action player="quadrober" sum="1,600" no="17" type="3"/>
  </round>
  <round no="2">
   <cards type="Flop">C9 S7 HA</cards>
   <action player="macsbigmac" sum="0" no="18" type="4"/>
   <action player="quadrober" sum="0" no="19" type="4"/>
  </round>
  <round no="3">
   <cards type="Turn">CK</cards>
   <action player="macsbigmac" sum="3,200" no="20" type="5"/>
   <action player="quadrober" sum="16,000" no="21" type="23"/>
   <action player="macsbigmac" sum="40,000" no="22" type="23"/>
   <action player="quadrober" sum="0" no="23" type="0"/>
  </round>
 </game>
 <game gamecode="11587325909">
  <general>
   <startdate>2025-07-21 13:38:04</startdate>
   <smallblind>800</smallblind>
   <bigblind>1,600</bigblind>
   <ante>250</ante>
   <players>
    <player addon="0" win="0" chips="160,852" rebuy="0" dealer="0" reg_code="" bet="250" seat="1" name="woxix"/>
    <player addon="0" win="0" chips="218,963" rebuy="0" dealer="0" reg_code="" bet="3,450" seat="2" name="CreepOnlyFarm"/>
    <player addon="0" win="0" chips="68,380" rebuy="0" dealer="1" reg_code="8411035941" bet="250" seat="4" name="Gfs1505"/>
    <player addon="0" win="0" chips="278,952" rebuy="0" dealer="0" reg_code="" bet="1,050" seat="5" name="macsbigmac"/>
    <player addon="0" win="0" chips="332,743" rebuy="0" dealer="0" reg_code="" bet="7,542" seat="6" name="quadrober"/>
    <player addon="0" win="0" chips="65,511" rebuy="0" dealer="0" reg_code="" bet="250" seat="7" name="Alyrio98"/>
    <player addon="0" win="20,584" chips="85,509" rebuy="0" dealer="0" reg_code="" bet="33,272" seat="9" name="PikiRice"/>
    <player addon="0" win="0" chips="100,000" rebuy="0" dealer="0" reg_code="" bet="250" seat="10" name="Davideriksso"/>
   </players>
  </general>
  <round no="0">
   <action player="macsbigmac" sum="250" no="1" type="15"/>
   <action player="quadrober" sum="250" no="2" type="15"/>
   <action player="Alyrio98" sum="250" no="3" type="15"/>
   <action player="PikiRice" sum="250" no="4" type="15"/>
   <action player="Davideriksso" sum="250" no="5" type="15"/>
   <action player="woxix" sum="250" no="6" type="15"/>
   <action player="CreepOnlyFarm" sum="250" no="7" type="15"/>
   <action player="Gfs1505" sum="250" no="8" type="15"/>
   <action player="macsbigmac" sum="800" no="9" type="1"/>
   <action player="quadrober" sum="1,600" no="10" type="2"/>
  </round>
  <round no="1">
   <cards player="Alyrio98" type="Pocket">X X</cards>
   <action player="Alyrio98" sum="0" no="11" type="0"/>
   <cards player="PikiRice" type="Pocket">X X</cards>
   <action player="PikiRice" sum="3,200" no="12" type="23"/>
   <cards player="Davideriksso" type="Pocket">X X</cards>
   <action player="Davideriksso" sum="0" no="13" type="0"/>
   <cards player="woxix" type="Pocket">X X</cards>
   <action player="woxix" sum="0" no="14" type="0"/>
   <cards player="CreepOnlyFarm" type="Pocket">X X</cards>
   <action player="CreepOnlyFarm" sum="3,200" no="15" type="3"/>
   <cards player="Gfs1505" type="Pocket">C8 H2</cards>
   <action player="Gfs1505" sum="0" no="16" type="0"/>
   <cards player="macsbigmac" type="Pocket">X X</cards>
   <action player="macsbigmac" sum="0" no="17" type="0"/>
   <cards player="quadrober" type="Pocket">X X</cards>
   <action player="quadrober" sum="1,600" no="18" type="3"/>
  </round>
  <round no="2">
   <cards type="Flop">H7 HA D4</cards>
   <action player="quadrober" sum="0" no="19" type="4"/>
   <action player="PikiRice" sum="4,092" no="20" type="5"/>
   <action player="CreepOnlyFarm" sum="0" no="21" type="0"/>
   <action player="quadrober" sum="4,092" no="22" type="3"/>
  </round>
  <round no="3">
   <cards type="Turn">D2</cards>
   <action player="quadrober" sum="0" no="23" type="4"/>
   <action player="PikiRice" sum="25,730" no="24" type="5"/>
   <action player="quadrober" sum="0" no="25" type="0"/>
  </round>
 </game>
 <game gamecode="11587325972">
  <general>
   <startdate>2025-07-21 13:39:08</startdate>
   <smallblind>800</smallblind>
   <bigblind>1,600</bigblind>
   <ante>250</ante>
   <players>
    <player addon="0" win="0" chips="160,602" rebuy="0" dealer="0" reg_code="" bet="250" seat="1" name="woxix"/>
    <player addon="0" win="0" chips="215,513" rebuy="0" dealer="0" reg_code="" bet="250" seat="2" name="CreepOnlyFarm"/>
    <player addon="0" win="0" chips="68,130" rebuy="0" dealer="0" reg_code="8411035941" bet="250" seat="4" name="Gfs1505"/>
    <player addon="0" win="48,150" chips="325,201" rebuy="0" dealer="0" reg_code="" bet="23,450" seat="6" name="quadrober"/>
    <player addon="0" win="0" chips="65,261" rebuy="0" dealer="0" reg_code="" bet="23,450" seat="7" name="Alyrio98"/>
    <player addon="0" win="0" chips="98,551" rebuy="0" dealer="0" reg_code="" bet="250" seat="9" name="PikiRice"/>
    <player addon="0" win="0" chips="99,750" rebuy="0" dealer="0" reg_code="" bet="250" seat="10" name="Davideriksso"/>
   </players>
  </general>
  <round no="0">
   <action player="quadrober" sum="250" no="1" type="15"/>
   <action player="Alyrio98" sum="250" no="2" type="15"/>
   <action player="PikiRice" sum="250" no="3" type="15"/>
   <action player="Davideriksso" sum="250" no="4" type="15"/>
   <action player="woxix" sum="250" no="5" type="15"/>
   <action player="CreepOnlyFarm" sum="250" no="6" type="15"/>
   <action player="Gfs1505" sum="250" no="7" type="15"/>
   <action player="quadrober" sum="800" no="8" type="1"/>
   <action player="Alyrio98" sum="1,600" no="9" type="2"/>
  </round>
  <round no="1">
   <cards player="PikiRice" type="Pocket">X X</cards>
   <action player="PikiRice" sum="0" no="10" type="0"/>
   <cards player="Davideriksso" type="Pocket">X X</cards>
   <action player="Davideriksso" sum="0" no="11" type="0"/>
   <cards player="woxix" type="Pocket">X X</cards>
   <action player="woxix" sum="0" no="12" type="0"/>
   <cards player="CreepOnlyFarm" type="Pocket">X X</cards>
   <action player="CreepOnlyFarm" sum="0" no="13" type="0"/>
   <cards player="Gfs1505" type="Pocket">S9 CJ</cards>
   <action player="Gfs1505" sum="0" no="14" type="0"/>
   <cards player="quadrober" type="Pocket">S7 CA</cards>
   <action player="quadrober" sum="5,600" no="15" type="23"/>
   <cards player="Alyrio98" type="Pocket">D8 CQ</cards>
   <action player="Alyrio98" sum="4,000" no="16" type="3"/>
  </round>
  <round no="2">
   <cards type="Flop">S8 H10 HA</cards>
   <action player="quadrober" sum="6,400" no="17" type="5"/>
   <action player="Alyrio98" sum="6,400" no="18" type="3"/>
  </round>
  <round no="3">
   <cards type="Turn">C10</cards>
   <action player="quadrober" sum="0" no="19" type="4"/>
   <action player="Alyrio98" sum="0" no="20" type="4"/>
  </round>
  <round no="4">
   <cards type="River">C6</cards>
   <action player="quadrober" sum="11,200" no="21" type="5"/>
   <action player="Alyrio98" sum="11,200" no="22" type="3"/>
  </round>
 </game>
 <game gamecode="11587326058">
  <general>
   <startdate>2025-07-21 13:40:48</startdate>
   <smallblind>800</smallblind>
   <bigblind>1,600</bigblind>
   <ante>250</ante>
   <players>
    <player addon="0" win="0" chips="160,352" rebuy="0" dealer="0" reg_code="" bet="250" seat="1" name="woxix"/>
    <player addon="0" win="0" chips="215,263" rebuy="0" dealer="0" reg_code="" bet="250" seat="2" name="CreepOnlyFarm"/>
    <player addon="0" win="0" chips="67,880" rebuy="0" dealer="0" reg_code="8411035941" bet="250" seat="4" name="Gfs1505"/>
    <player addon="0" win="0" chips="86,116" rebuy="0" dealer="0" reg_code="" bet="6,490" seat="5" name="pugpower"/>
    <player addon="0" win="0" chips="349,901" rebuy="0" dealer="1" reg_code="" bet="250" seat="6" name="quadrober"/>
    <player addon="0" win="0" chips="41,811" rebuy="0" dealer="0" reg_code="" bet="1,050" seat="7" name="Alyrio98"/>
    <player addon="0" win="15,280" chips="98,301" rebuy="0" dealer="0" reg_code="" bet="12,730" seat="9" name="PikiRice"/>
    <player addon="0" win="0" chips="99,500" rebuy="0" dealer="0" reg_code="" bet="250" seat="10" name="Davideriksso"/>
   </players>
  </general>
  <round no="0">
   <action player="Alyrio98" sum="250" no="1" type="15"/>
   <action player="PikiRice" sum="250" no="2" type="15"/>
   <action player="Davideriksso" sum="250" no="3" type="15"/>
   <action player="woxix" sum="250" no="4" type="15"/>
   <action player="CreepOnlyFarm" sum="250" no="5" type="15"/>
   <action player="Gfs1505" sum="250" no="6" type="15"/>
   <action player="pugpower" sum="250" no="7" type="15"/>
   <action player="quadrober" sum="250" no="8" type="15"/>
   <action player="Alyrio98" sum="800" no="9" type="1"/>
   <action player="PikiRice" sum="1,600" no="10" type="2"/>
  </round>
  <round no="1">
   <cards player="Davideriksso" type="Pocket">X X</cards>
   <action player="Davideriksso" sum="0" no="11" type="0"/>
   <cards player="woxix" type="Pocket">X X</cards>
   <action player="woxix" sum="0" no="12" type="0"/>
   <cards player="CreepOnlyFarm" type="Pocket">X X</cards>
   <action player="CreepOnlyFarm" sum="0" no="13" type="0"/>
   <cards player="Gfs1505" type="Pocket">S3 DJ</cards>
   <action player="Gfs1505" sum="0" no="14" type="0"/>
   <cards player="pugpower" type="Pocket">X X</cards>
   <action player="pugpower" sum="3,200" no="15" type="23"/>
   <cards player="quadrober" type="Pocket">X X</cards>
   <action player="quadrober" sum="0" no="16" type="0"/>
   <cards player="Alyrio98" type="Pocket">X X</cards>
   <action player="Alyrio98" sum="0" no="17" type="0"/>
   <cards player="PikiRice" type="Pocket">X X</cards>
   <action player="PikiRice" sum="1,600" no="18" type="3"/>
  </round>
  <round no="2">
   <cards type="Flop">D4 C7 S6</cards>
   <action player="PikiRice" sum="0" no="19" type="4"/>
   <action player="pugpower" sum="3,040" no="20" type="5"/>
   <action player="PikiRice" sum="9,280" no="21" type="23"/>
   <action player="pugpower" sum="0" no="22" type="0"/>
  </round>
 </game>
 <game gamecode="11587326104">
  <general>
   <startdate>2025-07-21 13:41:41</startdate>
   <smallblind>800</smallblind>
   <bigblind>1,600</bigblind>
   <ante>250</ante>
   <players>
    <player addon="0" win="0" chips="160,102" rebuy="0" dealer="0" reg_code="" bet="250" seat="1" name="woxix"/>
    <player addon="0" win="0" chips="215,013" rebuy="0" dealer="0" reg_code="" bet="250" seat="2" name="CreepOnlyFarm"/>
    <player addon="0" win="0" chips="67,630" rebuy="0" dealer="0" reg_code="8411035941" bet="67,380" seat="4" name="Gfs1505"/>
    <player addon="0" win="0" chips="79,626" rebuy="0" dealer="0" reg_code="" bet="3,450" seat="5" name="pugpower"/>
    <player addon="0" win="0" chips="349,651" rebuy="0" dealer="0" reg_code="" bet="250" seat="6" name="quadrober"/>
    <player addon="0" win="0" chips="40,761" rebuy="0" dealer="1" reg_code="" bet="250" seat="7" name="Alyrio98"/>
    <player addon="0" win="141,560" chips="107,091" rebuy="0" dealer="0" reg_code="" bet="67,630" seat="9" name="PikiRice">
     <knockout kicked="Gfs1505" tobalance="€6.83" tobounty="€6.82"/>
    </player>
    <player addon="0" win="0" chips="99,250" rebuy="0" dealer="0" reg_code="" bet="1,850" seat="10" name="Davideriksso"/>
   </players>
  </general>
  <round no="0">
   <action player="PikiRice" sum="250" no="1" type="15"/>
   <action player="Davideriksso" sum="250" no="2" type="15"/>
   <action player="woxix" sum="250" no="3" type="15"/>
   <action player="CreepOnlyFarm" sum="250" no="4" type="15"/>
   <action player="Gfs1505" sum="250" no="5" type="15"/>
   <action player="pugpower" sum="250" no="6" type="15"/>
   <action player="quadrober" sum="250" no="7" type="15"/>
   <action player="Alyrio98" sum="250" no="8" type="15"/>
   <action player="PikiRice" sum="800" no="9" type="1"/>
   <action player="Davideriksso" sum="1,600" no="10" type="2"/>
  </round>
  <round no="1">
   <cards player="woxix" type="Pocket">X X</cards>
   <action player="woxix" sum="0" no="11" type="0"/>
   <cards player="CreepOnlyFarm" type="Pocket">X X</cards>
   <action player="CreepOnlyFarm" sum="0" no="12" type="0"/>
   <cards player="Gfs1505" type="Pocket">HJ SJ</cards>
   <action player="Gfs1505" sum="3,200" no="13" type="23"/>
   <cards player="pugpower" type="Pocket">X X</cards>
   <action player="pugpower" sum="3,200" no="14" type="3"/>
   <cards player="quadrober" type="Pocket">X X</cards>
   <action player="quadrober" sum="0" no="15" type="0"/>
   <cards player="Alyrio98" type="Pocket">X X</cards>
   <action player="Alyrio98" sum="0" no="16" type="0"/>
   <cards player="PikiRice" type="Pocket">SA DK</cards>
   <action player="PikiRice" sum="17,600" no="17" type="23"/>
   <cards player="Davideriksso" type="Pocket">X X</cards>
   <action player="Davideriksso" sum="0" no="18" type="0"/>
   <action player="Gfs1505" sum="67,380" no="19" type="23"/>
   <action player="pugpower" sum="0" no="20" type="0"/>
   <action player="PikiRice" sum="49,780" no="21" type="3"/>
  </round>
  <round no="2">
   <cards type="Flop">H9 C4 SK</cards>
  </round>
  <round no="3">
   <cards type="Turn">HQ</cards>
  </round>
  <round no="4">
   <cards type="River">H5</cards>
  </round>
 </game>
</session>
