<?xml version="1.0" encoding="utf-8"?>
<session sessioncode="8411036152">
 <general>
  <mode>real</mode>
  <gametype>Holdem NL</gametype>
  <tablename>€20 MYSTERY KICKOFF, 1131110945</tablename>
  <tournamentcurrency>1</tournamentcurrency>
  <currency>USD</currency>
  <nickname>Gfs1505</nickname>
  <buyin>€9.10 + €9.10 + €1.80</buyin>
  <totalbuyin>€10.90</totalbuyin>
 </general>
 <game gamecode="11587246583">
  <general>
   <players>
    <player chips="54,256" dealer="0" reg_code="" seat="1" name="FlangoandCarne"/>
    <player chips="560,133" dealer="0" reg_code="" seat="4" name="BabyShlang"/>
    <player chips="161,316" dealer="0" reg_code="" seat="6" name="lionfair659"/>
    <player chips="100,000" dealer="0" reg_code="8411036152" seat="8" name="Gfs1505"/>
    <player chips="168,498" dealer="0" reg_code="" seat="9" name="p0ker4134"/>
    <player chips="297,477" dealer="1" reg_code="" seat="10" name="Player1546"/>
   </players>
  </general>
  <round no="0">
   <action player="FlangoandCarne" sum="€1,000" no="1" type="15"/>
   <action player="BabyShlang" sum="€1,000" no="2" type="15"/>
   <action player="lionfair659" sum="€1,000" no="3" type="15"/>
   <action player="Gfs1505" sum="€1,000" no="4" type="15"/>
   <action player="p0ker4134" sum="€1,000" no="5" type="15"/>
   <action player="Player1546" sum="€1,000" no="6" type="15"/>
   <action player="FlangoandCarne" sum="€5,000" no="7" type="1"/>
   <action player="BabyShlang" sum="€10,000" no="8" type="2"/>
  </round>
 </game>
 <game gamecode="11587246639">
  <general>
   <players>
    <player chips="112,512" dealer="1" reg_code="" seat="1" name="FlangoandCarne"/>
    <player chips="505,877" dealer="0" reg_code="" seat="4" name="BabyShlang"/>
    <player chips="160,316" dealer="0" reg_code="" seat="6" name="lionfair659"/>
    <player chips="99,000" dealer="0" reg_code="8411036152" seat="8" name="Gfs1505"/>
    <player chips="167,498" dealer="0" reg_code="" seat="9" name="p0ker4134"/>
    <player chips="296,477" dealer="0" reg_code="" seat="10" name="Player1546"/>
   </players>
  </general>
  <round no="0">
   <action player="BabyShlang" sum="€1,000" no="1" type="15"/>
   <action player="lionfair659" sum="€1,000" no="2" type="15"/>
   <action player="Gfs1505" sum="€1,000" no="3" type="15"/>
   <action player="p0ker4134" sum="€1,000" no="4" type="15"/>
   <action player="Player1546" sum="€1,000" no="5" type="15"/>
   <action player="FlangoandCarne" sum="€1,000" no="6" type="15"/>
   <action player="BabyShlang" sum="€5,000" no="7" type="1"/>
   <action player="lionfair659" sum="€10,000" no="8" type="2"/>
  </round>
 </game>
 <game gamecode="11587246697">
  <general>
   <players>
    <player chips="111,512" dealer="0" reg_code="" seat="1" name="FlangoandCarne"/>
    <player chips="499,877" dealer="1" reg_code="" seat="4" name="BabyShlang"/>
    <player chips="149,316" dealer="0" reg_code="" seat="6" name="lionfair659"/>
    <player chips="285,498" dealer="0" reg_code="" seat="9" name="p0ker4134"/>
    <player chips="295,477" dealer="0" reg_code="" seat="10" name="Player1546"/>
   </players>
  </general>
  <round no="0">
   <action player="lionfair659" sum="€1,000" no="1" type="15"/>
   <action player="p0ker4134" sum="€1,000" no="2" type="15"/>
   <action player="Player1546" sum="€1,000" no="3" type="15"/>
   <action player="FlangoandCarne" sum="€1,000" no="4" type="15"/>
   <action player="BabyShlang" sum="€1,000" no="5" type="15"/>
   <action player="lionfair659" sum="€5,000" no="6" type="1"/>
   <action player="p0ker4134" sum="€10,000" no="7" type="2"/>
  </round>
 </game>
</session>
