<?xml version="1.0" encoding="utf-8"?>
<session sessioncode="8411035941">
 <general>
  <mode>real</mode>
  <gametype>Holdem NL</gametype>
  <tablename>€30 MONDAY ELIMINATOR, 1131116250</tablename>
  <tournamentcurrency>1</tournamentcurrency>
  <currency>USD</currency>
  <nickname>Gfs1505</nickname>
  <buyin>€13.65 + €13.65 + €2.70</buyin>
  <totalbuyin>€16.35</totalbuyin>
 </general>
 <game gamecode="11587224962">
  <general>
   <players>
    <player chips="83,874" dealer="1" reg_code="" seat="1" name="Vadim92"/>
    <player chips="360,331" dealer="0" reg_code="" seat="2" name="whaleharbor487"/>
    <player chips="100,000" dealer="0" reg_code="8411035941" seat="4" name="Gfs1505"/>
    <player chips="169,970" dealer="0" reg_code="" seat="5" name="macsbigmac"/>
    <player chips="388,045" dealer="0" reg_code="" seat="6" name="quadrober"/>
    <player chips="155,274" dealer="0" reg_code="" seat="7" name="krizh1985"/>
    <player chips="117,810" dealer="0" reg_code="" seat="9" name="PikiRice"/>
    <player chips="85,665" dealer="0" reg_code="" seat="10" name="AlphaPVP"/>
   </players>
  </general>
  <round no="0">
   <action player="whaleharbor487" sum="€180" no="1" type="15"/>
   <action player="Gfs1505" sum="€180" no="2" type="15"/>
   <action player="macsbigmac" sum="€180" no="3" type="15"/>
   <action player="quadrober" sum="€180" no="4" type="15"/>
   <action player="krizh1985" sum="€180" no="5" type="15"/>
   <action player="PikiRice" sum="€180" no="6" type="15"/>
   <action player="AlphaPVP" sum="€180" no="7" type="15"/>
   <action player="Vadim92" sum="€180" no="8" type="15"/>
   <action player="whaleharbor487" sum="€600" no="9" type="1"/>
   <action player="Gfs1505" sum="€1,200" no="10" type="2"/>
  </round>
 </game>
 <game gamecode="11587245378">
  <general>
   <players>
    <player chips="356,551" dealer="1" reg_code="" seat="2" name="whaleharbor487"/>
    <player chips="70,463" dealer="0" reg_code="8411035941" seat="4" name="Gfs1505"/>
    <player chips="217,802" dealer="0" reg_code="" seat="5" name="macsbigmac"/>
    <player chips="377,850" dealer="0" reg_code="" seat="6" name="quadrober"/>
    <player chips="155,094" dealer="0" reg_code="" seat="7" name="krizh1985"/>
    <player chips="117,630" dealer="0" reg_code="" seat="9" name="PikiRice"/>
    <player chips="81,885" dealer="0" reg_code="" seat="10" name="AlphaPVP"/>
   </players>
  </general>
  <round no="0">
   <action player="Gfs1505" sum="€180" no="1" type="15"/>
   <action player="macsbigmac" sum="€180" no="2" type="15"/>
   <action player="quadrober" sum="€180" no="3" type="15"/>
   <action player="krizh1985" sum="€180" no="4" type="15"/>
   <action player="PikiRice" sum="€180" no="5" type="15"/>
   <action player="AlphaPVP" sum="€180" no="6" type="15"/>
   <action player="whaleharbor487" sum="€180" no="7" type="15"/>
   <action player="Gfs1505" sum="€600" no="8" type="1"/>
   <action player="macsbigmac" sum="€1,200" no="9" type="2"/>
  </round>
 </game>
 <game gamecode="11587245412">
  <general>
   <players>
    <player chips="186,592" dealer="0" reg_code="" seat="1" name="woxix"/>
    <player chips="79,134" dealer="1" reg_code="8411035941" seat="4" name="Gfs1505"/>
    <player chips="215,222" dealer="0" reg_code="" seat="5" name="macsbigmac"/>
    <player chips="377,670" dealer="0" reg_code="" seat="6" name="quadrober"/>
    <player chips="154,914" dealer="0" reg_code="" seat="7" name="krizh1985"/>
    <player chips="117,450" dealer="0" reg_code="" seat="9" name="PikiRice"/>
    <player chips="76,514" dealer="0" reg_code="" seat="10" name="AlphaPVP"/>
   </players>
  </general>
  <round no="0">
   <action player="macsbigmac" sum="€180" no="1" type="15"/>
   <action player="quadrober" sum="€180" no="2" type="15"/>
   <action player="krizh1985" sum="€180" no="3" type="15"/>
   <action player="PikiRice" sum="€180" no="4" type="15"/>
   <action player="AlphaPVP" sum="€180" no="5" type="15"/>
   <action player="woxix" sum="€180" no="6" type="15"/>
   <action player="Gfs1505" sum="€180" no="7" type="15"/>
   <action player="macsbigmac" sum="€600" no="8" type="1"/>
   <action player="quadrober" sum="€1,200" no="9" type="2"/>
  </round>
 </game>
 <game gamecode="11587245513">
  <general>
   <players>
    <player chips="177,292" dealer="0" reg_code="" seat="1" name="woxix"/>
    <player chips="55,377" dealer="0" reg_code="" seat="2" name="CreepOnlyFarm"/>
    <player chips="78,954" dealer="0" reg_code="8411035941" seat="4" name="Gfs1505"/>
    <player chips="214,442" dealer="1" reg_code="" seat="5" name="macsbigmac"/>
    <player chips="376,290" dealer="0" reg_code="" seat="6" name="quadrober"/>
    <player chips="115,614" dealer="0" reg_code="" seat="7" name="krizh1985"/>
    <player chips="168,570" dealer="0" reg_code="" seat="9" name="PikiRice"/>
    <player chips="76,334" dealer="0" reg_code="" seat="10" name="AlphaPVP"/>
   </players>
  </general>
  <round no="0">
   <action player="quadrober" sum="€180" no="1" type="15"/>
   <action player="krizh1985" sum="€180" no="2" type="15"/>
   <action player="PikiRice" sum="€180" no="3" type="15"/>
   <action player="AlphaPVP" sum="€180" no="4" type="15"/>
   <action player="woxix" sum="€180" no="5" type="15"/>
   <action player="CreepOnlyFarm" sum="€180" no="6" type="15"/>
   <action player="Gfs1505" sum="€180" no="7" type="15"/>
   <action player="macsbigmac" sum="€180" no="8" type="15"/>
   <action player="quadrober" sum="€600" no="9" type="1"/>
   <action player="krizh1985" sum="€1,200" no="10" type="2"/>
  </round>
 </game>
 <game gamecode="11587245539">
  <general>
   <players>
    <player chips="177,112" dealer="0" reg_code="" seat="1" name="woxix"/>
    <player chips="55,197" dealer="0" reg_code="" seat="2" name="CreepOnlyFarm"/>
    <player chips="78,774" dealer="0" reg_code="8411035941" seat="4" name="Gfs1505"/>
    <player chips="214,262" dealer="0" reg_code="" seat="5" name="macsbigmac"/>
    <player chips="375,510" dealer="1" reg_code="" seat="6" name="quadrober"/>
    <player chips="114,234" dealer="0" reg_code="" seat="7" name="krizh1985"/>
    <player chips="168,390" dealer="0" reg_code="" seat="9" name="PikiRice"/>
    <player chips="79,394" dealer="0" reg_code="" seat="10" name="AlphaPVP"/>
   </players>
  </general>
  <round no="0">
   <action player="krizh1985" sum="€180" no="1" type="15"/>
   <action player="PikiRice" sum="€180" no="2" type="15"/>
   <action player="AlphaPVP" sum="€180" no="3" type="15"/>
   <action player="woxix" sum="€180" no="4" type="15"/>
   <action player="CreepOnlyFarm" sum="€180" no="5" type="15"/>
   <action player="Gfs1505" sum="€180" no="6" type="15"/>
   <action player="macsbigmac" sum="€180" no="7" type="15"/>
   <action player="quadrober" sum="€180" no="8" type="15"/>
   <action player="krizh1985" sum="€600" no="9" type="1"/>
   <action player="PikiRice" sum="€1,200" no="10" type="2"/>
  </round>
 </game>
 <game gamecode="11587245581">
  <general>
   <players>
    <player chips="176,932" dealer="0" reg_code="" seat="1" name="woxix"/>
    <player chips="55,017" dealer="0" reg_code="" seat="2" name="CreepOnlyFarm"/>
    <player chips="83,634" dealer="0" reg_code="8411035941" seat="4" name="Gfs1505"/>
    <player chips="214,082" dealer="0" reg_code="" seat="5" name="macsbigmac"/>
    <player chips="375,330" dealer="0" reg_code="" seat="6" name="quadrober"/>
    <player chips="111,654" dealer="1" reg_code="" seat="7" name="krizh1985"/>
    <player chips="167,010" dealer="0" reg_code="" seat="9" name="PikiRice"/>
    <player chips="79,214" dealer="0" reg_code="" seat="10" name="AlphaPVP"/>
   </players>
  </general>
  <round no="0">
   <action player="PikiRice" sum="€180" no="1" type="15"/>
   <action player="AlphaPVP" sum="€180" no="2" type="15"/>
   <action player="woxix" sum="€180" no="3" type="15"/>
   <action player="CreepOnlyFarm" sum="€180" no="4" type="15"/>
   <action player="Gfs1505" sum="€180" no="5" type="15"/>
   <action player="macsbigmac" sum="€180" no="6" type="15"/>
   <action player="quadrober" sum="€180" no="7" type="15"/>
   <action player="krizh1985" sum="€180" no="8" type="15"/>
   <action player="PikiRice" sum="€600" no="9" type="1"/>
   <action player="AlphaPVP" sum="€1,200" no="10" type="2"/>
  </round>
 </game>
 <game gamecode="11587245684">
  <general>
   <players>
    <player chips="176,752" dealer="0" reg_code="" seat="1" name="woxix"/>
    <player chips="54,837" dealer="0" reg_code="" seat="2" name="CreepOnlyFarm"/>
    <player chips="121,283" dealer="0" reg_code="8411035941" seat="4" name="Gfs1505"/>
    <player chips="213,902" dealer="0" reg_code="" seat="5" name="macsbigmac"/>
    <player chips="344,810" dealer="0" reg_code="" seat="6" name="quadrober"/>
    <player chips="111,474" dealer="0" reg_code="" seat="7" name="krizh1985"/>
    <player chips="166,230" dealer="1" reg_code="" seat="9" name="PikiRice"/>
    <player chips="73,585" dealer="0" reg_code="" seat="10" name="AlphaPVP"/>
   </players>
  </general>
  <round no="0">
   <action player="AlphaPVP" sum="€200" no="1" type="15"/>
   <action player="woxix" sum="€200" no="2" type="15"/>
   <action player="CreepOnlyFarm" sum="€200" no="3" type="15"/>
   <action player="Gfs1505" sum="€200" no="4" type="15"/>
   <action player="macsbigmac" sum="€200" no="5" type="15"/>
   <action player="quadrober" sum="€200" no="6" type="15"/>
   <action player="krizh1985" sum="€200" no="7" type="15"/>
   <action player="PikiRice" sum="€200" no="8" type="15"/>
   <action player="AlphaPVP" sum="€700" no="9" type="1"/>
   <action player="woxix" sum="€1,400" no="10" type="2"/>
  </round>
 </game>
 <game gamecode="11587245741">
  <general>
   <players>
    <player chips="175,152" dealer="0" reg_code="" seat="1" name="woxix"/>
    <player chips="54,637" dealer="0" reg_code="" seat="2" name="CreepOnlyFarm"/>
    <player chips="121,083" dealer="0" reg_code="8411035941" seat="4" name="Gfs1505"/>
    <player chips="205,302" dealer="0" reg_code="" seat="5" name="macsbigmac"/>
    <player chips="344,610" dealer="0" reg_code="" seat="6" name="quadrober"/>
    <player chips="111,274" dealer="0" reg_code="" seat="7" name="krizh1985"/>
    <player chips="178,130" dealer="0" reg_code="" seat="9" name="PikiRice"/>
    <player chips="72,685" dealer="1" reg_code="" seat="10" name="AlphaPVP"/>
   </players>
  </general>
  <round no="0">
   <action player="woxix" sum="€200" no="1" type="15"/>
   <action player="CreepOnlyFarm" sum="€200" no="2" type="15"/>
   <action player="Gfs1505" sum="€200" no="3" type="15"/>
   <action player="macsbigmac" sum="€200" no="4" type="15"/>
   <action player="quadrober" sum="€200" no="5" type="15"/>
   <action player="krizh1985" sum="€200" no="6" type="15"/>
   <action player="PikiRice" sum="€200" no="7" type="15"/>
   <action player="AlphaPVP" sum="€200" no="8" type="15"/>
   <action player="woxix" sum="€700" no="9" type="1"/>
   <action player="CreepOnlyFarm" sum="€1,400" no="10" type="2"/>
  </round>
 </game>
 <game gamecode="11587245802">
  <general>
   <players>
    <player chips="160,952" dealer="1" reg_code="" seat="1" name="woxix"/>
    <player chips="53,037" dealer="0" reg_code="" seat="2" name="CreepOnlyFarm"/>
    <player chips="120,883" dealer="0" reg_code="8411035941" seat="4" name="Gfs1505"/>
    <player chips="236,102" dealer="0" reg_code="" seat="5" name="macsbigmac"/>
    <player chips="344,410" dealer="0" reg_code="" seat="6" name="quadrober"/>
    <player chips="111,074" dealer="0" reg_code="" seat="7" name="krizh1985"/>
    <player chips="163,930" dealer="0" reg_code="" seat="9" name="PikiRice"/>
    <player chips="72,485" dealer="0" reg_code="" seat="10" name="AlphaPVP"/>
   </players>
  </general>
  <round no="0">
   <action player="CreepOnlyFarm" sum="€200" no="1" type="15"/>
   <action player="Gfs1505" sum="€200" no="2" type="15"/>
   <action player="macsbigmac" sum="€200" no="3" type="15"/>
   <action player="quadrober" sum="€200" no="4" type="15"/>
   <action player="krizh1985" sum="€200" no="5" type="15"/>
   <action player="PikiRice" sum="€200" no="6" type="15"/>
   <action player="AlphaPVP" sum="€200" no="7" type="15"/>
   <action player="woxix" sum="€200" no="8" type="15"/>
   <action player="CreepOnlyFarm" sum="€700" no="9" type="1"/>
   <action player="Gfs1505" sum="€1,400" no="10" type="2"/>
  </round>
 </game>
 <game gamecode="11587281535">
  <general>
   <players>
    <player chips="172,852" dealer="0" reg_code="" seat="1" name="woxix"/>
    <player chips="52,137" dealer="1" reg_code="" seat="2" name="CreepOnlyFarm"/>
    <player chips="119,283" dealer="0" reg_code="8411035941" seat="4" name="Gfs1505"/>
    <player chips="228,902" dealer="0" reg_code="" seat="5" name="macsbigmac"/>
    <player chips="344,210" dealer="0" reg_code="" seat="6" name="quadrober"/>
    <player chips="109,474" dealer="0" reg_code="" seat="7" name="krizh1985"/>
    <player chips="163,730" dealer="0" reg_code="" seat="9" name="PikiRice"/>
    <player chips="72,285" dealer="0" reg_code="" seat="10" name="AlphaPVP"/>
   </players>
  </general>
  <round no="0">
   <action player="Gfs1505" sum="€200" no="1" type="15"/>
   <action player="macsbigmac" sum="€200" no="2" type="15"/>
   <action player="quadrober" sum="€200" no="3" type="15"/>
   <action player="krizh1985" sum="€200" no="4" type="15"/>
   <action player="PikiRice" sum="€200" no="5" type="15"/>
   <action player="AlphaPVP" sum="€200" no="6" type="15"/>
   <action player="woxix" sum="€200" no="7" type="15"/>
   <action player="CreepOnlyFarm" sum="€200" no="8" type="15"/>
   <action player="Gfs1505" sum="€700" no="9" type="1"/>
   <action player="macsbigmac" sum="€1,400" no="10" type="2"/>
  </round>
 </game>
 <game gamecode="11587281562">
  <general>
   <players>
    <player chips="172,652" dealer="0" reg_code="" seat="1" name="woxix"/>
    <player chips="51,937" dealer="0" reg_code="" seat="2" name="CreepOnlyFarm"/>
    <player chips="118,383" dealer="1" reg_code="8411035941" seat="4" name="Gfs1505"/>
    <player chips="231,002" dealer="0" reg_code="" seat="5" name="macsbigmac"/>
    <player chips="344,010" dealer="0" reg_code="" seat="6" name="quadrober"/>
    <player chips="109,274" dealer="0" reg_code="" seat="7" name="krizh1985"/>
    <player chips="163,530" dealer="0" reg_code="" seat="9" name="PikiRice"/>
    <player chips="72,085" dealer="0" reg_code="" seat="10" name="AlphaPVP"/>
   </players>
  </general>
  <round no="0">
   <action player="macsbigmac" sum="€200" no="1" type="15"/>
   <action player="quadrober" sum="€200" no="2" type="15"/>
   <action player="krizh1985" sum="€200" no="3" type="15"/>
   <action player="PikiRice" sum="€200" no="4" type="15"/>
   <action player="AlphaPVP" sum="€200" no="5" type="15"/>
   <action player="woxix" sum="€200" no="6" type="15"/>
   <action player="CreepOnlyFarm" sum="€200" no="7" type="15"/>
   <action player="Gfs1505" sum="€200" no="8" type="15"/>
   <action player="macsbigmac" sum="€700" no="9" type="1"/>
   <action player="quadrober" sum="€1,400" no="10" type="2"/>
  </round>
 </game>
 <game gamecode="11587281607">
  <general>
   <players>
    <player chips="172,452" dealer="0" reg_code="" seat="1" name="woxix"/>
    <player chips="46,962" dealer="0" reg_code="" seat="2" name="CreepOnlyFarm"/>
    <player chips="118,183" dealer="0" reg_code="8411035941" seat="4" name="Gfs1505"/>
    <player chips="230,102" dealer="1" reg_code="" seat="5" name="macsbigmac"/>
    <player chips="350,885" dealer="0" reg_code="" seat="6" name="quadrober"/>
    <player chips="109,074" dealer="0" reg_code="" seat="7" name="krizh1985"/>
    <player chips="163,330" dealer="0" reg_code="" seat="9" name="PikiRice"/>
    <player chips="71,885" dealer="0" reg_code="" seat="10" name="AlphaPVP"/>
   </players>
  </general>
  <round no="0">
   <action player="quadrober" sum="€200" no="1" type="15"/>
   <action player="krizh1985" sum="€200" no="2" type="15"/>
   <action player="PikiRice" sum="€200" no="3" type="15"/>
   <action player="AlphaPVP" sum="€200" no="4" type="15"/>
   <action player="woxix" sum="€200" no="5" type="15"/>
   <action player="CreepOnlyFarm" sum="€200" no="6" type="15"/>
   <action player="Gfs1505" sum="€200" no="7" type="15"/>
   <action player="macsbigmac" sum="€200" no="8" type="15"/>
   <action player="quadrober" sum="€700" no="9" type="1"/>
   <action player="krizh1985" sum="€1,400" no="10" type="2"/>
  </round>
 </game>
 <game gamecode="11587281665">
  <general>
   <players>
    <player chips="172,252" dealer="0" reg_code="" seat="1" name="woxix"/>
    <player chips="46,762" dealer="0" reg_code="" seat="2" name="CreepOnlyFarm"/>
    <player chips="117,983" dealer="0" reg_code="8411035941" seat="4" name="Gfs1505"/>
    <player chips="229,902" dealer="0" reg_code="" seat="5" name="macsbigmac"/>
    <player chips="349,985" dealer="1" reg_code="" seat="6" name="quadrober"/>
    <player chips="134,974" dealer="0" reg_code="" seat="7" name="krizh1985"/>
    <player chips="139,330" dealer="0" reg_code="" seat="9" name="PikiRice"/>
    <player chips="71,685" dealer="0" reg_code="" seat="10" name="AlphaPVP"/>
   </players>
  </general>
  <round no="0">
   <action player="krizh1985" sum="€200" no="1" type="15"/>
   <action player="PikiRice" sum="€200" no="2" type="15"/>
   <action player="AlphaPVP" sum="€200" no="3" type="15"/>
   <action player="woxix" sum="€200" no="4" type="15"/>
   <action player="CreepOnlyFarm" sum="€200" no="5" type="15"/>
   <action player="Gfs1505" sum="€200" no="6" type="15"/>
   <action player="macsbigmac" sum="€200" no="7" type="15"/>
   <action player="quadrober" sum="€200" no="8" type="15"/>
   <action player="krizh1985" sum="€700" no="9" type="1"/>
   <action player="PikiRice" sum="€1,400" no="10" type="2"/>
  </round>
 </game>
 <game gamecode="11587281706">
  <general>
   <players>
    <player chips="172,052" dealer="0" reg_code="" seat="1" name="woxix"/>
    <player chips="96,824" dealer="0" reg_code="" seat="2" name="CreepOnlyFarm"/>
    <player chips="71,221" dealer="0" reg_code="8411035941" seat="4" name="Gfs1505"/>
    <player chips="229,702" dealer="0" reg_code="" seat="5" name="macsbigmac"/>
    <player chips="349,785" dealer="0" reg_code="" seat="6" name="quadrober"/>
    <player chips="137,730" dealer="0" reg_code="" seat="9" name="PikiRice"/>
    <player chips="71,485" dealer="0" reg_code="" seat="10" name="AlphaPVP"/>
   </players>
  </general>
  <round no="0">
   <action player="PikiRice" sum="€200" no="1" type="15"/>
   <action player="AlphaPVP" sum="€200" no="2" type="15"/>
   <action player="woxix" sum="€200" no="3" type="15"/>
   <action player="CreepOnlyFarm" sum="€200" no="4" type="15"/>
   <action player="Gfs1505" sum="€200" no="5" type="15"/>
   <action player="macsbigmac" sum="€200" no="6" type="15"/>
   <action player="quadrober" sum="€200" no="7" type="15"/>
   <action player="PikiRice" sum="€700" no="8" type="1"/>
   <action player="AlphaPVP" sum="€1,400" no="9" type="2"/>
  </round>
 </game>
 <game gamecode="11587281737">
  <general>
   <players>
    <player chips="171,852" dealer="0" reg_code="" seat="1" name="woxix"/>
    <player chips="96,624" dealer="0" reg_code="" seat="2" name="CreepOnlyFarm"/>
    <player chips="71,021" dealer="0" reg_code="8411035941" seat="4" name="Gfs1505"/>
    <player chips="242,802" dealer="0" reg_code="" seat="5" name="macsbigmac"/>
    <player chips="339,785" dealer="0" reg_code="" seat="6" name="quadrober"/>
    <player chips="82,111" dealer="0" reg_code="" seat="7" name="Alyrio98"/>
    <player chips="136,830" dealer="1" reg_code="" seat="9" name="PikiRice"/>
    <player chips="69,885" dealer="0" reg_code="" seat="10" name="AlphaPVP"/>
   </players>
  </general>
  <round no="0">
   <action player="AlphaPVP" sum="€200" no="1" type="15"/>
   <action player="woxix" sum="€200" no="2" type="15"/>
   <action player="CreepOnlyFarm" sum="€200" no="3" type="15"/>
   <action player="Gfs1505" sum="€200" no="4" type="15"/>
   <action player="macsbigmac" sum="€200" no="5" type="15"/>
   <action player="quadrober" sum="€200" no="6" type="15"/>
   <action player="Alyrio98" sum="€200" no="7" type="15"/>
   <action player="PikiRice" sum="€200" no="8" type="15"/>
   <action player="AlphaPVP" sum="€700" no="9" type="1"/>
   <action player="woxix" sum="€1,400" no="10" type="2"/>
  </round>
 </game>
 <game gamecode="11587281829">
  <general>
   <players>
    <player chips="168,852" dealer="0" reg_code="" seat="1" name="woxix"/>
    <player chips="96,424" dealer="0" reg_code="" seat="2" name="CreepOnlyFarm"/>
    <player chips="70,821" dealer="0" reg_code="8411035941" seat="4" name="Gfs1505"/>
    <player chips="242,602" dealer="0" reg_code="" seat="5" name="macsbigmac"/>
    <player chips="374,155" dealer="0" reg_code="" seat="6" name="quadrober"/>
    <player chips="81,911" dealer="0" reg_code="" seat="7" name="Alyrio98"/>
    <player chips="136,630" dealer="0" reg_code="" seat="9" name="PikiRice"/>
    <player chips="39,515" dealer="1" reg_code="" seat="10" name="AlphaPVP"/>
   </players>
  </general>
  <round no="0">
   <action player="woxix" sum="€200" no="1" type="15"/>
   <action player="CreepOnlyFarm" sum="€200" no="2" type="15"/>
   <action player="Gfs1505" sum="€200" no="3" type="15"/>
   <action player="macsbigmac" sum="€200" no="4" type="15"/>
   <action player="quadrober" sum="€200" no="5" type="15"/>
   <action player="Alyrio98" sum="€200" no="6" type="15"/>
   <action player="PikiRice" sum="€200" no="7" type="15"/>
   <action player="AlphaPVP" sum="€200" no="8" type="15"/>
   <action player="woxix" sum="€700" no="9" type="1"/>
   <action player="CreepOnlyFarm" sum="€1,400" no="10" type="2"/>
  </round>
 </game>
 <game gamecode="11587281892">
  <general>
   <players>
    <player chips="167,252" dealer="1" reg_code="" seat="1" name="woxix"/>
    <player chips="90,624" dealer="0" reg_code="" seat="2" name="CreepOnlyFarm"/>
    <player chips="70,621" dealer="0" reg_code="8411035941" seat="4" name="Gfs1505"/>
    <player chips="251,002" dealer="0" reg_code="" seat="5" name="macsbigmac"/>
    <player chips="373,955" dealer="0" reg_code="" seat="6" name="quadrober"/>
    <player chips="81,711" dealer="0" reg_code="" seat="7" name="Alyrio98"/>
    <player chips="136,430" dealer="0" reg_code="" seat="9" name="PikiRice"/>
    <player chips="39,315" dealer="0" reg_code="" seat="10" name="AlphaPVP"/>
   </players>
  </general>
  <round no="0">
   <action player="CreepOnlyFarm" sum="€200" no="1" type="15"/>
   <action player="Gfs1505" sum="€200" no="2" type="15"/>
   <action player="macsbigmac" sum="€200" no="3" type="15"/>
   <action player="quadrober" sum="€200" no="4" type="15"/>
   <action player="Alyrio98" sum="€200" no="5" type="15"/>
   <action player="PikiRice" sum="€200" no="6" type="15"/>
   <action player="AlphaPVP" sum="€200" no="7" type="15"/>
   <action player="woxix" sum="€200" no="8" type="15"/>
   <action player="CreepOnlyFarm" sum="€700" no="9" type="1"/>
   <action player="Gfs1505" sum="€1,400" no="10" type="2"/>
  </round>
 </game>
 <game gamecode="11587281960">
  <general>
   <players>
    <player chips="167,052" dealer="0" reg_code="" seat="1" name="woxix"/>
    <player chips="89,724" dealer="1" reg_code="" seat="2" name="CreepOnlyFarm"/>
    <player chips="69,021" dealer="0" reg_code="8411035941" seat="4" name="Gfs1505"/>
    <player chips="250,802" dealer="0" reg_code="" seat="5" name="macsbigmac"/>
    <player chips="373,755" dealer="0" reg_code="" seat="6" name="quadrober"/>
    <player chips="71,711" dealer="0" reg_code="" seat="7" name="Alyrio98"/>
    <player chips="149,730" dealer="0" reg_code="" seat="9" name="PikiRice"/>
    <player chips="39,115" dealer="0" reg_code="" seat="10" name="AlphaPVP"/>
   </players>
  </general>
  <round no="0">
   <action player="Gfs1505" sum="€200" no="1" type="15"/>
   <action player="macsbigmac" sum="€200" no="2" type="15"/>
   <action player="quadrober" sum="€200" no="3" type="15"/>
   <action player="Alyrio98" sum="€200" no="4" type="15"/>
   <action player="PikiRice" sum="€200" no="5" type="15"/>
   <action player="AlphaPVP" sum="€200" no="6" type="15"/>
   <action player="woxix" sum="€200" no="7" type="15"/>
   <action player="CreepOnlyFarm" sum="€200" no="8" type="15"/>
   <action player="Gfs1505" sum="€700" no="9" type="1"/>
   <action player="macsbigmac" sum="€1,400" no="10" type="2"/>
  </round>
 </game>
 <game gamecode="11587302538">
  <general>
   <players>
    <player chips="166,852" dealer="0" reg_code="" seat="1" name="woxix"/>
    <player chips="89,524" dealer="0" reg_code="" seat="2" name="CreepOnlyFarm"/>
    <player chips="140,642" dealer="1" reg_code="8411035941" seat="4" name="Gfs1505"/>
    <player chips="249,202" dealer="0" reg_code="" seat="5" name="macsbigmac"/>
    <player chips="373,555" dealer="0" reg_code="" seat="6" name="quadrober"/>
    <player chips="71,511" dealer="0" reg_code="" seat="7" name="Alyrio98"/>
    <player chips="80,709" dealer="0" reg_code="" seat="9" name="PikiRice"/>
    <player chips="38,915" dealer="0" reg_code="" seat="10" name="AlphaPVP"/>
   </players>
  </general>
  <round no="0">
   <action player="macsbigmac" sum="€250" no="1" type="15"/>
   <action player="quadrober" sum="€250" no="2" type="15"/>
   <action player="Alyrio98" sum="€250" no="3" type="15"/>
   <action player="PikiRice" sum="€250" no="4" type="15"/>
   <action player="AlphaPVP" sum="€250" no="5" type="15"/>
   <action player="woxix" sum="€250" no="6" type="15"/>
   <action player="CreepOnlyFarm" sum="€250" no="7" type="15"/>
   <action player="Gfs1505" sum="€250" no="8" type="15"/>
   <action player="macsbigmac" sum="€800" no="9" type="1"/>
   <action player="quadrober" sum="€1,600" no="10" type="2"/>
  </round>
 </game>
 <game gamecode="11587302610">
  <general>
   <players>
    <player chips="166,602" dealer="0" reg_code="" seat="1" name="woxix"/>
    <player chips="89,274" dealer="0" reg_code="" seat="2" name="CreepOnlyFarm"/>
    <player chips="165,804" dealer="0" reg_code="8411035941" seat="4" name="Gfs1505"/>
    <player chips="248,152" dealer="1" reg_code="" seat="5" name="macsbigmac"/>
    <player chips="350,693" dealer="0" reg_code="" seat="6" name="quadrober"/>
    <player chips="71,261" dealer="0" reg_code="" seat="7" name="Alyrio98"/>
    <player chips="80,459" dealer="0" reg_code="" seat="9" name="PikiRice"/>
    <player chips="38,665" dealer="0" reg_code="" seat="10" name="AlphaPVP"/>
   </players>
  </general>
  <round no="0">
   <action player="quadrober" sum="€250" no="1" type="15"/>
   <action player="Alyrio98" sum="€250" no="2" type="15"/>
   <action player="PikiRice" sum="€250" no="3" type="15"/>
   <action player="AlphaPVP" sum="€250" no="4" type="15"/>
   <action player="woxix" sum="€250" no="5" type="15"/>
   <action player="CreepOnlyFarm" sum="€250" no="6" type="15"/>
   <action player="Gfs1505" sum="€250" no="7" type="15"/>
   <action player="macsbigmac" sum="€250" no="8" type="15"/>
   <action player="quadrober" sum="€800" no="9" type="1"/>
   <action player="Alyrio98" sum="€1,600" no="10" type="2"/>
  </round>
 </game>
 <game gamecode="11587302699">
  <general>
   <players>
    <player chips="166,352" dealer="0" reg_code="" seat="1" name="woxix"/>
    <player chips="89,024" dealer="0" reg_code="" seat="2" name="CreepOnlyFarm"/>
    <player chips="151,754" dealer="0" reg_code="8411035941" seat="4" name="Gfs1505"/>
    <player chips="247,902" dealer="0" reg_code="" seat="5" name="macsbigmac"/>
    <player chips="369,443" dealer="1" reg_code="" seat="6" name="quadrober"/>
    <player chips="67,811" dealer="0" reg_code="" seat="7" name="Alyrio98"/>
    <player chips="80,209" dealer="0" reg_code="" seat="9" name="PikiRice"/>
    <player chips="38,415" dealer="0" reg_code="" seat="10" name="AlphaPVP"/>
   </players>
  </general>
  <round no="0">
   <action player="Alyrio98" sum="€250" no="1" type="15"/>
   <action player="PikiRice" sum="€250" no="2" type="15"/>
   <action player="AlphaPVP" sum="€250" no="3" type="15"/>
   <action player="woxix" sum="€250" no="4" type="15"/>
   <action player="CreepOnlyFarm" sum="€250" no="5" type="15"/>
   <action player="Gfs1505" sum="€250" no="6" type="15"/>
   <action player="macsbigmac" sum="€250" no="7" type="15"/>
   <action player="quadrober" sum="€250" no="8" type="15"/>
   <action player="Alyrio98" sum="€800" no="9" type="1"/>
   <action player="PikiRice" sum="€1,600" no="10" type="2"/>
  </round>
 </game>
 <game gamecode="11587302727">
  <general>
   <players>
    <player chips="166,102" dealer="0" reg_code="" seat="1" name="woxix"/>
    <player chips="88,774" dealer="0" reg_code="" seat="2" name="CreepOnlyFarm"/>
    <player chips="155,904" dealer="0" reg_code="8411035941" seat="4" name="Gfs1505"/>
    <player chips="247,652" dealer="0" reg_code="" seat="5" name="macsbigmac"/>
    <player chips="369,193" dealer="0" reg_code="" seat="6" name="quadrober"/>
    <player chips="66,761" dealer="1" reg_code="" seat="7" name="Alyrio98"/>
    <player chips="78,359" dealer="0" reg_code="" seat="9" name="PikiRice"/>
    <player chips="38,165" dealer="0" reg_code="" seat="10" name="AlphaPVP"/>
   </players>
  </general>
  <round no="0">
   <action player="PikiRice" sum="€250" no="1" type="15"/>
   <action player="AlphaPVP" sum="€250" no="2" type="15"/>
   <action player="woxix" sum="€250" no="3" type="15"/>
   <action player="CreepOnlyFarm" sum="€250" no="4" type="15"/>
   <action player="Gfs1505" sum="€250" no="5" type="15"/>
   <action player="macsbigmac" sum="€250" no="6" type="15"/>
   <action player="quadrober" sum="€250" no="7" type="15"/>
   <action player="Alyrio98" sum="€250" no="8" type="15"/>
   <action player="PikiRice" sum="€800" no="9" type="1"/>
   <action player="AlphaPVP" sum="€1,600" no="10" type="2"/>
  </round>
 </game>
 <game gamecode="11587302782">
  <general>
   <players>
    <player chips="165,852" dealer="0" reg_code="" seat="1" name="woxix"/>
    <player chips="88,524" dealer="0" reg_code="" seat="2" name="CreepOnlyFarm"/>
    <player chips="155,654" dealer="0" reg_code="8411035941" seat="4" name="Gfs1505"/>
    <player chips="247,402" dealer="0" reg_code="" seat="5" name="macsbigmac"/>
    <player chips="357,743" dealer="0" reg_code="" seat="6" name="quadrober"/>
    <player chips="66,511" dealer="0" reg_code="" seat="7" name="Alyrio98"/>
    <player chips="92,909" dealer="1" reg_code="" seat="9" name="PikiRice"/>
    <player chips="36,315" dealer="0" reg_code="" seat="10" name="AlphaPVP"/>
   </players>
  </general>
  <round no="0">
   <action player="AlphaPVP" sum="€250" no="1" type="15"/>
   <action player="woxix" sum="€250" no="2" type="15"/>
   <action player="CreepOnlyFarm" sum="€250" no="3" type="15"/>
   <action player="Gfs1505" sum="€250" no="4" type="15"/>
   <action player="macsbigmac" sum="€250" no="5" type="15"/>
   <action player="quadrober" sum="€250" no="6" type="15"/>
   <action player="Alyrio98" sum="€250" no="7" type="15"/>
   <action player="PikiRice" sum="€250" no="8" type="15"/>
   <action player="AlphaPVP" sum="€800" no="9" type="1"/>
   <action player="woxix" sum="€1,600" no="10" type="2"/>
  </round>
 </game>
 <game gamecode="11587302841">
  <general>
   <players>
    <player chips="162,402" dealer="0" reg_code="" seat="1" name="woxix"/>
    <player chips="88,274" dealer="0" reg_code="" seat="2" name="CreepOnlyFarm"/>
    <player chips="152,204" dealer="0" reg_code="8411035941" seat="4" name="Gfs1505"/>
    <player chips="256,352" dealer="0" reg_code="" seat="5" name="macsbigmac"/>
    <player chips="357,493" dealer="0" reg_code="" seat="6" name="quadrober"/>
    <player chips="66,261" dealer="0" reg_code="" seat="7" name="Alyrio98"/>
    <player chips="92,659" dealer="0" reg_code="" seat="9" name="PikiRice"/>
    <player chips="35,265" dealer="1" reg_code="" seat="10" name="AlphaPVP"/>
   </players>
  </general>
  <round no="0">
   <action player="woxix" sum="€250" no="1" type="15"/>
   <action player="CreepOnlyFarm" sum="€250" no="2" type="15"/>
   <action player="Gfs1505" sum="€250" no="3" type="15"/>
   <action player="macsbigmac" sum="€250" no="4" type="15"/>
   <action player="quadrober" sum="€250" no="5" type="15"/>
   <action player="Alyrio98" sum="€250" no="6" type="15"/>
   <action player="PikiRice" sum="€250" no="7" type="15"/>
   <action player="AlphaPVP" sum="€250" no="8" type="15"/>
   <action player="woxix" sum="€800" no="9" type="1"/>
   <action player="CreepOnlyFarm" sum="€1,600" no="10" type="2"/>
  </round>
 </game>
 <game gamecode="11587302904">
  <general>
   <players>
    <player chips="161,352" dealer="1" reg_code="" seat="1" name="woxix"/>
    <player chips="220,263" dealer="0" reg_code="" seat="2" name="CreepOnlyFarm"/>
    <player chips="63,930" dealer="0" reg_code="8411035941" seat="4" name="Gfs1505"/>
    <player chips="256,102" dealer="0" reg_code="" seat="5" name="macsbigmac"/>
    <player chips="354,043" dealer="0" reg_code="" seat="6" name="quadrober"/>
    <player chips="66,011" dealer="0" reg_code="" seat="7" name="Alyrio98"/>
    <player chips="89,209" dealer="0" reg_code="" seat="9" name="PikiRice"/>
   </players>
  </general>
  <round no="0">
   <action player="CreepOnlyFarm" sum="€250" no="1" type="15"/>
   <action player="Gfs1505" sum="€250" no="2" type="15"/>
   <action player="macsbigmac" sum="€250" no="3" type="15"/>
   <action player="quadrober" sum="€250" no="4" type="15"/>
   <action player="Alyrio98" sum="€250" no="5" type="15"/>
   <action player="PikiRice" sum="€250" no="6" type="15"/>
   <action player="woxix" sum="€250" no="7" type="15"/>
   <action player="CreepOnlyFarm" sum="€800" no="8" type="1"/>
   <action player="Gfs1505" sum="€1,600" no="9" type="2"/>
  </round>
 </game>
 <game gamecode="11587302931">
  <general>
   <players>
    <player chips="161,102" dealer="0" reg_code="" seat="1" name="woxix"/>
    <player chips="219,213" dealer="1" reg_code="" seat="2" name="CreepOnlyFarm"/>
    <player chips="69,430" dealer="0" reg_code="8411035941" seat="4" name="Gfs1505"/>
    <player chips="255,852" dealer="0" reg_code="" seat="5" name="macsbigmac"/>
    <player chips="353,793" dealer="0" reg_code="" seat="6" name="quadrober"/>
    <player chips="65,761" dealer="0" reg_code="" seat="7" name="Alyrio98"/>
    <player chips="85,759" dealer="0" reg_code="" seat="9" name="PikiRice"/>
   </players>
  </general>
  <round no="0">
   <action player="Gfs1505" sum="€250" no="1" type="15"/>
   <action player="macsbigmac" sum="€250" no="2" type="15"/>
   <action player="quadrober" sum="€250" no="3" type="15"/>
   <action player="Alyrio98" sum="€250" no="4" type="15"/>
   <action player="PikiRice" sum="€250" no="5" type="15"/>
   <action player="woxix" sum="€250" no="6" type="15"/>
   <action player="CreepOnlyFarm" sum="€250" no="7" type="15"/>
   <action player="Gfs1505" sum="€800" no="8" type="1"/>
   <action player="macsbigmac" sum="€1,600" no="9" type="2"/>
  </round>
 </game>
 <game gamecode="11587325909">
  <general>
   <players>
    <player chips="160,852" dealer="0" reg_code="" seat="1" name="woxix"/>
    <player chips="218,963" dealer="0" reg_code="" seat="2" name="CreepOnlyFarm"/>
    <player chips="68,380" dealer="1" reg_code="8411035941" seat="4" name="Gfs1505"/>
    <player chips="278,952" dealer="0" reg_code="" seat="5" name="macsbigmac"/>
    <player chips="332,743" dealer="0" reg_code="" seat="6" name="quadrober"/>
    <player chips="65,511" dealer="0" reg_code="" seat="7" name="Alyrio98"/>
    <player chips="85,509" dealer="0" reg_code="" seat="9" name="PikiRice"/>
    <player chips="100,000" dealer="0" reg_code="" seat="10" name="Davideriksso"/>
   </players>
  </general>
  <round no="0">
   <action player="macsbigmac" sum="€250" no="1" type="15"/>
   <action player="quadrober" sum="€250" no="2" type="15"/>
   <action player="Alyrio98" sum="€250" no="3" type="15"/>
   <action player="PikiRice" sum="€250" no="4" type="15"/>
   <action player="Davideriksso" sum="€250" no="5" type="15"/>
   <action player="woxix" sum="€250" no="6" type="15"/>
   <action player="CreepOnlyFarm" sum="€250" no="7" type="15"/>
   <action player="Gfs1505" sum="€250" no="8" type="15"/>
   <action player="macsbigmac" sum="€800" no="9" type="1"/>
   <action player="quadrober" sum="€1,600" no="10" type="2"/>
  </round>
 </game>
 <game gamecode="11587325972">
  <general>
   <players>
    <player chips="160,602" dealer="0" reg_code="" seat="1" name="woxix"/>
    <player chips="215,513" dealer="0" reg_code="" seat="2" name="CreepOnlyFarm"/>
    <player chips="68,130" dealer="0" reg_code="8411035941" seat="4" name="Gfs1505"/>
    <player chips="325,201" dealer="0" reg_code="" seat="6" name="quadrober"/>
    <player chips="65,261" dealer="0" reg_code="" seat="7" name="Alyrio98"/>
    <player chips="98,551" dealer="0" reg_code="" seat="9" name="PikiRice"/>
    <player chips="99,750" dealer="0" reg_code="" seat="10" name="Davideriksso"/>
   </players>
  </general>
  <round no="0">
   <action player="quadrober" sum="€250" no="1" type="15"/>
   <action player="Alyrio98" sum="€250" no="2" type="15"/>
   <action player="PikiRice" sum="€250" no="3" type="15"/>
   <action player="Davideriksso" sum="€250" no="4" type="15"/>
   <action player="woxix" sum="€250" no="5" type="15"/>
   <action player="CreepOnlyFarm" sum="€250" no="6" type="15"/>
   <action player="Gfs1505" sum="€250" no="7" type="15"/>
   <action player="quadrober" sum="€800" no="8" type="1"/>
   <action player="Alyrio98" sum="€1,600" no="9" type="2"/>
  </round>
 </game>
 <game gamecode="11587326058">
  <general>
   <players>
    <player chips="160,352" dealer="0" reg_code="" seat="1" name="woxix"/>
    <player chips="215,263" dealer="0" reg_code="" seat="2" name="CreepOnlyFarm"/>
    <player chips="67,880" dealer="0" reg_code="8411035941" seat="4" name="Gfs1505"/>
    <player chips="86,116" dealer="0" reg_code="" seat="5" name="pugpower"/>
    <player chips="349,901" dealer="1" reg_code="" seat="6" name="quadrober"/>
    <player chips="41,811" dealer="0" reg_code="" seat="7" name="Alyrio98"/>
    <player chips="98,301" dealer="0" reg_code="" seat="9" name="PikiRice"/>
    <player chips="99,500" dealer="0" reg_code="" seat="10" name="Davideriksso"/>
   </players>
  </general>
  <round no="0">
   <action player="Alyrio98" sum="€250" no="1" type="15"/>
   <action player="PikiRice" sum="€250" no="2" type="15"/>
   <action player="Davideriksso" sum="€250" no="3" type="15"/>
   <action player="woxix" sum="€250" no="4" type="15"/>
   <action player="CreepOnlyFarm" sum="€250" no="5" type="15"/>
   <action player="Gfs1505" sum="€250" no="6" type="15"/>
   <action player="pugpower" sum="€250" no="7" type="15"/>
   <action player="quadrober" sum="€250" no="8" type="15"/>
   <action player="Alyrio98" sum="€800" no="9" type="1"/>
   <action player="PikiRice" sum="€1,600" no="10" type="2"/>
  </round>
 </game>
 <game gamecode="11587326104">
  <general>
   <players>
    <player chips="160,102" dealer="0" reg_code="" seat="1" name="woxix"/>
    <player chips="215,013" dealer="0" reg_code="" seat="2" name="CreepOnlyFarm"/>
    <player chips="67,630" dealer="0" reg_code="8411035941" seat="4" name="Gfs1505"/>
    <player chips="79,626" dealer="0" reg_code="" seat="5" name="pugpower"/>
    <player chips="349,651" dealer="0" reg_code="" seat="6" name="quadrober"/>
    <player chips="40,761" dealer="1" reg_code="" seat="7" name="Alyrio98"/>
    <player chips="107,091" dealer="0" reg_code="" seat="9" name="PikiRice"/>
    <player chips="99,250" dealer="0" reg_code="" seat="10" name="Davideriksso"/>
   </players>
  </general>
  <round no="0">
   <action player="PikiRice" sum="€250" no="1" type="15"/>
   <action player="Davideriksso" sum="€250" no="2" type="15"/>
   <action player="woxix" sum="€250" no="3" type="15"/>
   <action player="CreepOnlyFarm" sum="€250" no="4" type="15"/>
   <action player="Gfs1505" sum="€250" no="5" type="15"/>
   <action player="pugpower" sum="€250" no="6" type="15"/>
   <action player="quadrober" sum="€250" no="7" type="15"/>
   <action player="Alyrio98" sum="€250" no="8" type="15"/>
   <action player="PikiRice" sum="€800" no="9" type="1"/>
   <action player="Davideriksso" sum="€1,600" no="10" type="2"/>
  </round>
 </game>
 <game gamecode="11587326146">
  <general>
   <players>
    <player chips="159,852" dealer="0" reg_code="" seat="1" name="woxix"/>
    <player chips="214,763" dealer="0" reg_code="" seat="2" name="CreepOnlyFarm"/>
    <player chips="76,176" dealer="0" reg_code="" seat="5" name="pugpower"/>
    <player chips="349,401" dealer="0" reg_code="" seat="6" name="quadrober"/>
    <player chips="40,511" dealer="0" reg_code="" seat="7" name="Alyrio98"/>
    <player chips="181,021" dealer="1" reg_code="" seat="9" name="PikiRice"/>
    <player chips="97,400" dealer="0" reg_code="" seat="10" name="Davideriksso"/>
   </players>
  </general>
  <round no="0">
   <action player="Davideriksso" sum="€250" no="1" type="15"/>
   <action player="woxix" sum="€250" no="2" type="15"/>
   <action player="CreepOnlyFarm" sum="€250" no="3" type="15"/>
   <action player="pugpower" sum="€250" no="4" type="15"/>
   <action player="quadrober" sum="€250" no="5" type="15"/>
   <action player="Alyrio98" sum="€250" no="6" type="15"/>
   <action player="PikiRice" sum="€250" no="7" type="15"/>
   <action player="Davideriksso" sum="€800" no="8" type="1"/>
   <action player="woxix" sum="€1,600" no="9" type="2"/>
  </round>
 </game>
</session>
